Workbook

Sheet 生產管理報表(週) 
A1: 長家廠生產管理報表
A3: 月別 | B3: 3 | C3: 週別 | D3: W4 | E3: 工廠 | F3: 長家廠
A4: （１）收支狀況 | E4: ※單位：千元 | G4: （２）ＫＰＩ達成進度
A5: 項目 | B5: 當週 | C5: 前週 | D5: 差異 | E5: 累計 | G5: 項目 | H5: KPI | I5: 當週 | J5: 前週 | K5: 累計 | L5: ※補充
A6: 業績金額 | B6: 17930.76 | C6: 18647 | D6: =B6-C6 -> -716.24 | E6: ='（１）收支狀況'!H5/1000 -> 82375.817 | G6: 人時性(個/月均) | H6: 126.9 | I6: 116.1 | J6: 111.7 | K6: 113.6 | L6: 個／MH
A7: 訂單數量 | B7: 386754 | C7: 398848 | D7: =B7-C7 -> -12094 | E7: ='（１）收支狀況'!K5 -> 1781527 | G7: 人時達成率(%/月均) | H7: 0.8 | I7: =I6/H6 -> 0.91489362 | J7: =J6/H6 -> 0.88022065 | K7: =K6/H6 -> 0.89519307 | L7: 達成率
A8: 材料費 | B8: 11336.93 | C8: 11775.45 | D8: =B8-C8 -> -438.52 | E8: 52023.518 | G8: 半成品-報廢(%) | H8: 0.0025 | I8: 0.0019 | J8: 0.0042 | K8: 0.0031 | L8: 報廢率
A9: 材料費率 | B9: =B8/B6 -> 0.63226154 | C9: =C8/C6 -> 0.631493 | D9: =B9-C9 -> 0.00076854229 | E9: =E8/E6 -> 0.63153872 | G9: 半成品-超用(%) | H9: 0.0025 | I9: 0.0019 | J9: 0.0026 | K9: 0.0021 | L9: 超用率
A10: 勞務成本 | D10: =B10-C10 -> 0 | G10: 固定產線-導入率(%) | H10: 1 | I10: 0.2857 | J10: 0.2857 | K10: 0.2857 | L10: 導入率
A11: 勞務費率 | D11: =B11-C11 -> 0 | G11: 教育訓練-實施率(%) | H11: 1 | I11: 0.928 | J11: 0.88 | K11: 0.807 | L11: 實施率
A13: （３）業績構成比 | G13: （４）訂單數量構成比
B14: 當週 | C14: 比例 | D14: 前週 | E14: 差異 | H14: 當週 | I14: 比例 | J14: 前週 | K14: 差異
A15: 熱食義麵(122,123,124,126) | B15: 16014.995 | C15: =B15/B6 -> 0.89315762 | D15: 0.8987 | E15: =IFERROR(C15-D15,"") -> -0.0055423759 | G15: 熱食義麵(122,123,124,126) | H15: 316604 | I15: =IFERROR(H15/$B$7,"") -> 0.81861855 | J15: 0.827 | K15: =IFERROR(I15-J15,"") -> -0.0083814466
A16: 季節調理麵(111,112) | C16: =IFERROR(B16/$B$6,"") -> 0 | D16: 0 | E16: =IFERROR(C16-D16,"") -> 0 | G16: 季節調理麵(111,112) | I16: =IFERROR(H16/$B$7,"") -> 0 | J16: 0 | K16: =IFERROR(I16-J16,"") -> 0
A17: 微波小吃(153,154,155) | B17: 1915.767 | C17: =B17/B6 -> 0.10684249 | D17: 0.1014 | E17: =IFERROR(C17-D17,"") -> 0.0054424874 | G17: 微波小吃(153,154,155) | H17: 70150 | I17: =IFERROR(H17/$B$7,"") -> 0.18138145 | J17: 0.173 | K17: =IFERROR(I17-J17,"") -> 0.0083814466
C18: =SUM(C15:C17) -> 1.0000001 | D18: =SUM(D15:D17) -> 1.0001 | I18: =SUM(I15:I17) -> 1 | J18: =SUM(J15:J17) -> 1
A20: （５）品群別人時生產性
A21: 品群 | B21: 當週 | C21: 前週 | D21: 差異 | E21: 累計
A22: 熱食義麵(122,123,124,126) | B22: 112.6 | C22: 110.7 | D22: =B22-C22 -> 1.9 | E22: 109.6
A23: 季節調理麵(111,112) | D23: =B23-C23 -> 0
A24: 微波小吃(153,154,155) | B24: 121.9 | C24: 114.6 | D24: =B24-C24 -> 7.3 | E24: 120

Sheet （１）收支狀況
B2: （１）收支狀況
B3: 資料繳交日 | C3: 月份 | D3: 日期 | F3: 營業額(元) | I3: 訂單數量(個) | L3: 材料費(元) | O3: 材料費率（材料費／營業額） | R3: 勞務成本（全廠人事成本） | U3: 勞務費率（勞務成本／營業額）
F4: 日 | G4: 週累積 | H4: 月累積 | I4: 日 | J4: 週累積 | K4: 月累積 | L4: 日 | M4: 週累積 | N4: 月累積 | O4: 日 | P4: 週累積 | Q4: 月累積 | R4: 日 | S4: 週累積 | T4: 月累積 | U4: 日 | V4: 週累積 | W4: 月累積
C5: 三 | D5: 46082 | E5: 日 | F5: 2884541 | H5: =SUM(F5:F35) -> 82375817 | I5: 61259 | K5: =SUM(I5:I35) -> 1781527 | L5: 1818960.8 | N5: =SUM(L5:L35) -> 52023518 | O5: =L5/F5 -> 0.63058935 | Q5: =N5/H5 -> 0.63153872 | T5: 0 | U5: =R5/F5 -> 0 | W5: =T5/H5 -> 0
D6: 46083 | E6: 一 | F6: 2709898.6 | I6: 57720 | L6: 1712236.1 | O6: =L6/F6 -> 0.63184509 | U6: =R6/F6 -> 0 | V6: =S6/M6 -> #DIV/0!
B7: 46092 | D7: 46084 | E7: 二 | F7: 3337838.2 | G7: =SUM(F7:F13) -> 19804480 | I7: 73597 | J7: =SUM(I7:I13) -> 433192 | L7: 2108838.1 | M7: =SUM(L7:L13) -> 12499922 | O7: =L7/F7 -> 0.63179757 | P7: =M7/G7 -> 0.6311664 | U7: =R7/F7 -> 0
D8: 46085 | E8: 三 | F8: 2776992.8 | I8: 60633 | L8: 1752505.5 | O8: =L8/F8 -> 0.63108031 | U8: =R8/F8 -> 0
D9: 46086 | E9: 四 | F9: 2540968.6 | I9: 55438 | L9: 1603810.2 | O9: =L9/F9 -> 0.63118065 | U9: =R9/F9 -> 0
D10: 46087 | E10: 五 | F10: 2368939.6 | I10: 51832 | L10: 1496032 | O10: =L10/F10 -> 0.63151967 | S10: =SUM(R10:R16) -> 0 | U10: =R10/F10 -> 0
D11: 46088 | E11: 六 | F11: 2565603.7 | I11: 55948 | L11: 1617830.4 | O11: =L11/F11 -> 0.63058466 | U11: =R11/F11 -> 0
D12: 46089 | E12: 日 | F12: 3233667.1 | I12: 70541 | L12: 2041210.3 | O12: =L12/F12 -> 0.63123699 | U12: =R12/F12 -> 0
D13: 46090 | E13: 一 | F13: 2980469.7 | I13: 65203 | L13: 1879695.9 | O13: =L13/F13 -> 0.63067104 | U13: =R13/F13 -> 0 | V13: =S13/M13 -> #DIV/0!
B14: 46099 | D14: 46091 | E14: 二 | F14: 2748349.5 | G14: =SUM(F14:F20) -> 17944672 | I14: 59799 | J14: =SUM(I14:I20) -> 390398 | L14: 1735460.2 | M14: =SUM(L14:L20) -> 11328143 | O14: =L14/F14 -> 0.63145542 | P14: =M14/G14 -> 0.63128172 | U14: =R14/F14 -> 0
D15: 46092 | E15: 三 | F15: 2487921.2 | I15: 53821 | L15: 1570390.3 | O15: =L15/F15 -> 0.63120583 | U15: =R15/F15 -> 0
D16: 46093 | E16: 四 | F16: 2263445.3 | I16: 49504 | L16: 1428970.5 | O16: =L16/F16 -> 0.63132541 | U16: =R16/F16 -> 0
D17: 46094 | E17: 五 | F17: 2289733.2 | I17: 49829 | L17: 1445531.9 | O17: =L17/F17 -> 0.6313102 | S17: =SUM(R17:R23) -> 0 | U17: =R17/F17 -> 0
D18: 46095 | E18: 六 | F18: 2363381 | I18: 51404 | L18: 1490930 | O18: =L18/F18 -> 0.63084625 | U18: =R18/F18 -> 0
D19: 46096 | E19: 日 | F19: 2928861.1 | I19: 63491 | L19: 1849182.5 | O19: =L19/F19 -> 0.63136572 | U19: =R19/F19 -> 0
D20: 46097 | E20: 一 | F20: 2862980.4 | I20: 62550 | L20: 1807677.7 | O20: =L20/F20 -> 0.63139715 | U20: =R20/F20 -> 0 | V20: =S20/M20 -> #DIV/0!
B21: 46106 | D21: 46098 | E21: 二 | F21: 3035263.9 | G21: =SUM(F21:F27) -> 18647709 | I21: 64275 | J21: =SUM(I21:I27) -> 398848 | L21: 1917616.3 | M21: =SUM(L21:L27) -> 11775457 | O21: =L21/F21 -> 0.63177909 | P21: =M21/G21 -> 0.63146935 | U21: =R21/F21 -> 0
D22: 46099 | E22: 三 | F22: 2618616 | I22: 56324 | L22: 1653728.1 | O22: =L22/F22 -> 0.63152752 | U22: =R22/F22 -> 0
D23: 46100 | E23: 四 | F23: 2451921.8 | I23: 52529 | L23: 1547710.7 | O23: =L23/F23 -> 0.63122353 | U23: =R23/F23 -> 0
D24: 46101 | E24: 五 | F24: 2235775.4 | I24: 47947 | L24: 1412538.5 | O24: =L24/F24 -> 0.63178909 | S24: =SUM(R24:R30) -> 0 | U24: =R24/F24 -> 0
D25: 46102 | E25: 六 | F25: 2420850.6 | I25: 51828 | L25: 1528135.9 | O25: =L25/F25 -> 0.63123923 | U25: =R25/F25 -> 0
D26: 46103 | E26: 日 | F26: 3043824.1 | I26: 64946 | L26: 1922609.2 | O26: =L26/F26 -> 0.63164267 | U26: =R26/F26 -> 0
D27: 46104 | E27: 一 | F27: 2841457.1 | I27: 60999 | L27: 1793118 | O27: =L27/F27 -> 0.6310558 | U27: =R27/F27 -> 0 | V27: =S27/M27 -> #DIV/0!
B28: 46113 | D28: 46105 | E28: 二 | F28: 2669131.3 | G28: =SUM(F28:F34) -> 17930762 | I28: 57426 | J28: =SUM(I28:I34) -> 386754 | L28: 1689006.1 | M28: =SUM(L28:L34) -> 11336934 | O28: =L28/F28 -> 0.63279244 | P28: =M28/G28 -> 0.63226167 | U28: =R28/F28 -> 0
D29: 46106 | E29: 三 | F29: 2480475.9 | I29: 53463 | L29: 1567699.8 | O29: =L29/F29 -> 0.63201574 | U29: =R29/F29 -> 0
D30: 46107 | E30: 四 | F30: 2391314.5 | I30: 51604 | L30: 1511528.2 | O30: =L30/F30 -> 0.6320909 | U30: =R30/F30 -> 0
D31: 46108 | E31: 五 | F31: 2289329.2 | I31: 49468 | L31: 1448277.4 | O31: =L31/F31 -> 0.63262086 | S31: =SUM(R31:R37) -> 0 | U31: =R31/F31 -> 0
D32: 46109 | E32: 六 | F32: 2435638.2 | I32: 52737 | L32: 1539552.1 | O32: =L32/F32 -> 0.63209391 | U32: =R32/F32 -> 0
D33: 46110 | E33: 日 | F33: 2895859.1 | I33: 62601 | L33: 1830391.2 | O33: =L33/F33 -> 0.63207192 | U33: =R33/F33 -> 0
D34: 46111 | E34: 一 | F34: 2769014.1 | I34: 59455 | L34: 1750478.9 | O34: =L34/F34 -> 0.63216684 | U34: =R34/F34 -> 0
D35: 46112 | E35: 二 | F35: 2453754.9 | I35: 53356 | L35: 1551865.6 | O35: =L35/F35 -> 0.63244523 | U35: =R35/F35 -> 0
V37: =SUM(U37:U43) -> 0

Sheet （２）ＫＰＩ達成進度
D1: 126.9
B2: （２）ＫＰＩ達成進度
B3: 資料繳交日 | C3: 月份 | D3: 日期 | F3: 人時生產性(個/人) | I3: 人時生產性達成率(%) | L3: 半成品報廢(%) | O3: 半成品超用(%) | R3: 固定產線-導入率(固定產線數/總產線數) | U3: 教育訓練-實施率(進度/計畫)
F4: 日 | G4: 週平均 | H4: 月平均 | I4: 日 | J4: 週平均 | K4: 月平均 | L4: 日 | M4: 週平均 | N4: 月平均 | O4: 日 | P4: 週平均 | Q4: 月平均 | R4: 日 | S4: 週平均 | T4: 月平均 | U4: 日 | V4: 週平均 | W4: 月平均
C5: 三 | D5: 46082 | E5: 日 | F5: 107.6 | H5: =AVERAGE(F5:F35) -> 113.56333 | I5: =F5/$D$1 -> 0.84791174 | K5: =AVERAGE(I5:I35) -> 0.86603625 | L5: 0.0019247429 | N5: =AVERAGE(L5:L35) -> 0.0031016587 | O5: 0.00044235807 | Q5: =AVERAGE(O5:O35) -> 0.0020506641 | R5: 0.2857 | T5: =AVERAGE(R5:R34) -> 0.2857 | U5: 0.7 | W5: =AVERAGE(U5:U34) -> 0.80677333
D6: 46083 | E6: 一 | F6: 109.4 | I6: =F6/$D$1 -> 0.86209614 | L6: 0.0053906077 | O6: 0.002698625 | R6: 0.2857 | U6: 0.7
B7: 46092 | D7: 46084 | E7: 二 | F7: 110.9 | G7: =AVERAGE(F7:F13) -> 111.87143 | I7: =F7/$D$1 -> 0.87391647 | J7: =AVERAGE(I7:I13) -> 0.88157154 | L7: 0.0030909227 | M7: =AVERAGE(L7:L13) -> 0.0033344489 | O7: 0.001666348 | P7: =AVERAGE(O7:O13) -> 0.0015562027 | R7: 0.2857 | S7: =AVERAGE(R7:R13) -> 0.2857 | U7: 0.7 | V7: =AVERAGE(U7:U13) -> 0.7
D8: 46085 | E8: 三 | F8: 108.4 | I8: =F8/$D$1 -> 0.85421592 | L8: 0.0024144823 | O8: 0.00070075802 | R8: 0.2857 | U8: 0.7
D9: 46086 | E9: 四 | F9: 108.7 | I9: =F9/$D$1 -> 0.85657998 | L9: 0.0037367639 | O9: 0.0016123772 | R9: 0.2857 | U9: 0.7
D10: 46087 | E10: 五 | F10: 112.3 | I10: =F10/$D$1 -> 0.88494878 | L10: 0.00076912048 | O10: 0.0022795009 | R10: 0.2857 | U10: 0.7
D11: 46088 | E11: 六 | F11: 111.6 | I11: =F11/$D$1 -> 0.87943262 | L11: 0.0023557808 | O11: 0.0012488289 | R11: 0.2857 | U11: 0.7
D12: 46089 | E12: 日 | F12: 113.2 | I12: =F12/$D$1 -> 0.89204098 | L12: 0.010525821 | O12: 0.0025209769 | R12: 0.2857 | U12: 0.7
D13: 46090 | E13: 一 | F13: 118 | I13: =F13/$D$1 -> 0.92986604 | L13: 0.00044825149 | O13: 0.00086462881 | R13: 0.2857 | U13: 0.7
B14: 46099 | D14: 46091 | E14: 二 | F14: 116.4 | G14: =AVERAGE(F14:F20) -> 115.98571 | I14: =F14/$D$1 -> 0.91725768 | J14: =AVERAGE(I14:I20) -> 0.91399302 | L14: 0.0027631129 | M14: =AVERAGE(L14:L20) -> 0.0030380967 | O14: 0.0023275788 | P14: =AVERAGE(O14:O20) -> 0.0022638894 | R14: 0.2857 | S14: =AVERAGE(R14:R20) -> 0.2857 | U14: 0.75 | V14: =AVERAGE(U14:U20) -> 0.75
D15: 46092 | E15: 三 | F15: 114 | I15: =F15/$D$1 -> 0.89834515 | L15: 0.0029675378 | O15: 0.0012854105 | R15: 0.2857 | U15: 0.75
D16: 46093 | E16: 四 | F16: 113.8 | I16: =F16/$D$1 -> 0.89676911 | L16: 0.0052225694 | O16: 0.00044843143 | R16: 0.2857 | U16: 0.75
D17: 46094 | E17: 五 | F17: 113.8 | I17: =F17/$D$1 -> 0.89676911 | L17: 0.0020596286 | O17: 0.0013944856 | R17: 0.2857 | U17: 0.75
D18: 46095 | E18: 六 | F18: 118.6 | I18: =F18/$D$1 -> 0.93459417 | L18: 0.003829683 | O18: 0.0052793011 | R18: 0.2857 | U18: 0.75
D19: 46096 | E19: 日 | F19: 118.6 | I19: =F19/$D$1 -> 0.93459417 | L19: 0.0023794232 | O19: 0.0024497577 | R19: 0.2857 | U19: 0.75
D20: 46097 | E20: 一 | F20: 116.7 | I20: =F20/$D$1 -> 0.91962175 | L20: 0.0020447223 | O20: 0.0026622606 | R20: 0.2857 | U20: 0.75
B21: 46106 | D21: 46098 | E21: 二 | F21: 108.1 | G21: =AVERAGE(F21:F27) -> 111.71429 | I21: =F21/$D$1 -> 0.85185185 | J21: =AVERAGE(I21:I27) -> 0.88033322 | L21: 0.0043175817 | M21: =AVERAGE(L21:L27) -> 0.0041674387 | O21: 0.002415276 | P21: =AVERAGE(O21:O27) -> 0.0025760167 | R21: 0.2857 | S21: =AVERAGE(R21:R27) -> 0.2857 | U21: 0.88 | V21: =AVERAGE(U21:U27) -> 0.88
D22: 46099 | E22: 三 | F22: 108.6 | I22: =F22/$D$1 -> 0.85579196 | L22: 0.010036218 | O22: 0.0037748949 | R22: 0.2857 | U22: 0.88
D23: 46100 | E23: 四 | F23: 112.3 | I23: =F23/$D$1 -> 0.88494878 | L23: 0.0047195633 | O23: 0.0028793741 | R23: 0.2857 | U23: 0.88
D24: 46101 | E24: 五 | F24: 109.8 | I24: =F24/$D$1 -> 0.86524823 | L24: 0.0041784162 | O24: 0.0039189984 | R24: 0.2857 | U24: 0.88
D25: 46102 | E25: 六 | F25: 114.6 | I25: =F25/$D$1 -> 0.90307329 | L25: 0.0024892077 | O25: 0.0025553002 | R25: 0.2857 | U25: 0.88
D26: 46103 | E26: 日 | F26: 116.3 | I26: =F26/$D$1 -> 0.91646966 | L26: 0.0018269781 | O26: 0.0020244271 | R26: 0.2857 | U26: 0.88
D27: 46104 | E27: 一 | F27: 112.3 | I27: =F27/$D$1 -> 0.88494878 | L27: 0.0016041065 | O27: 0.00046384652 | R27: 0.2857 | U27: 0.88
B28: 46113 | D28: 46105 | E28: 二 | F28: 116.2 | G28: =AVERAGE(F28:F34) -> 116.12857 | I28: =F28/$D$1 -> 0.91568164 | J28: =AVERAGE(I28:I34) -> 0.91511877 | L28: 0.00098421536 | M28: =AVERAGE(L28:L34) -> 0.0019191096 | O28: 0.0014532818 | P28: =AVERAGE(O28:O34) -> 0.001931096 | R28: 0.2857 | S28: =AVERAGE(R28:R34) -> 0.2857 | U28: 0.9276 | V28: =AVERAGE(U28:U34) -> 0.9276
D29: 46106 | E29: 三 | F29: 116.6 | I29: =F29/$D$1 -> 0.91883373 | L29: 0.00053820317 | O29: 0.0016706471 | R29: 0.2857 | U29: 0.9276
D30: 46107 | E30: 四 | F30: 113 | I30: =F30/$D$1 -> 0.89046493 | L30: 0.00083426917 | O30: 0.00073892412 | R30: 0.2857 | U30: 0.9276
D31: 46108 | E31: 五 | F31: 115.5 | I31: =F31/$D$1 -> 0.91016548 | L31: 0.0039885045 | O31: 0.0018979359 | R31: 0.2857 | U31: 0.9276
D32: 46109 | E32: 六 | F32: 115.5 | I32: =F32/$D$1 -> 0.91016548 | L32: 0.0021567242 | O32: 0.0011742302 | R32: 0.2857 | U32: 0.9276
D33: 46110 | E33: 日 | F33: 119.9 | I33: =F33/$D$1 -> 0.94483846 | L33: 0.0023937629 | O33: 0.0034967171 | R33: 0.2857 | U33: 0.9276
D34: 46111 | E34: 一 | F34: 116.2 | I34: =F34/$D$1 -> 0.91568164 | L34: 0.0025380875 | O34: 0.0030859359 | R34: 0.2857 | U34: 0.9276
D35: 46112 | E35: 二 | I35: =F35/$D$1 -> 0 | L35: 0.0016224115 | O35: 0.0021391705 | R35: 0.2857 | U35: 0.9276

Sheet （３）業績構成比
B2: （3）業績構成比
B3: 資料繳交日 | C3: 月份 | D3: 日期 | F3: 營業額 | I3: 品類業績
I4: 熱食義麵 | K4: 季節調理麵 | M4: 微波小吃
F5: 日 | G5: 週累積 | H5: 月累積 | I5: 一配 | K5: 一配 | M5: 一配
I6: 業績(元) | J6: 比例(%) | K6: 業績(元) | L6: 比例(%) | M6: 業績(元) | N6: 比例(%)
C7: 三 | D7: 46082 | E7: 日 | F7: =I7+M7 -> 3086432.2 | H7: =SUM(F7:F37) -> 82783016 | I7: 2884541 | J7: =I7/F7 -> 0.93458752 | L7: =K7/F7 -> 0 | M7: 201891.18 | N7: =M7/F7 -> 0.065412478
D8: 46083 | E8: 一 | F8: =I8+M8 -> 2915206.3 | I8: 2709898.6 | J8: =I8/F8 -> 0.92957351 | L8: =K8/F8 -> 0 | M8: 205307.76 | N8: =M8/F8 -> 0.070426494
B9: 46092 | D9: 46084 | E9: 二 | F9: =I9+M9 -> 3337838.2 | G9: =SUM(F9:F15) -> 19804480 | I9: 2883186 | J9: =I9/F9 -> 0.86378844 | L9: =K9/F9 -> 0 | M9: 454652.16 | N9: =M9/F9 -> 0.13621156
D10: 46085 | E10: 三 | F10: =I10+M10 -> 2776992.8 | I10: 2448732.8 | J10: =I10/F10 -> 0.881793 | L10: =K10/F10 -> 0 | M10: 328259.99 | N10: =M10/F10 -> 0.118207
D11: 46086 | E11: 四 | F11: =I11+M11 -> 2540968.6 | I11: 2229621.1 | J11: =I11/F11 -> 0.87746895 | L11: =K11/F11 -> 0 | M11: 311347.56 | N11: =M11/F11 -> 0.12253105
D12: 46087 | E12: 五 | F12: =I12+M12 -> 2368939.6 | I12: 2090737 | J12: =I12/F12 -> 0.88256239 | L12: =K12/F12 -> 0 | M12: 278202.61 | N12: =M12/F12 -> 0.11743761
D13: 46088 | E13: 六 | F13: =I13+M13 -> 2565603.7 | I13: 2265447.1 | J13: =I13/F13 -> 0.88300742 | L13: =K13/F13 -> 0 | M13: 300156.59 | N13: =M13/F13 -> 0.11699258
D14: 46089 | E14: 日 | F14: =I14+M14 -> 3233667.1 | I14: 2856007.3 | J14: =I14/F14 -> 0.88321006 | L14: =K14/F14 -> 0 | M14: 377659.8 | N14: =M14/F14 -> 0.11678994
D15: 46090 | E15: 一 | F15: =I15+M15 -> 2980469.7 | I15: 2631141.6 | J15: =I15/F15 -> 0.88279426 | L15: =K15/F15 -> 0 | M15: 349328.17 | N15: =M15/F15 -> 0.11720574
B16: 46099 | D16: 46091 | E16: 二 | F16: =I16+M16 -> 2748349.5 | G16: =SUM(F16:F22) -> 17944672 | I16: 2450009.4 | J16: =I16/F16 -> 0.89144753 | L16: =K16/F16 -> 0 | M16: 298340.13 | N16: =M16/F16 -> 0.10855247
D17: 46092 | E17: 三 | F17: =I17+M17 -> 2487921.2 | I17: 2219603.3 | J17: =I17/F17 -> 0.89215178 | L17: =K17/F17 -> 0 | M17: 268317.86 | N17: =M17/F17 -> 0.10784822
D18: 46093 | E18: 四 | F18: =I18+M18 -> 2263445.3 | I18: 1980864.8 | J18: =I18/F18 -> 0.87515472 | L18: =K18/F18 -> 0 | M18: 282580.45 | N18: =M18/F18 -> 0.12484528
D19: 46094 | E19: 五 | F19: =I19+M19 -> 2289733.2 | I19: 2018904.3 | J19: =I19/F19 -> 0.88172033 | L19: =K19/F19 -> 0 | M19: 270828.89 | N19: =M19/F19 -> 0.11827967
D20: 46095 | E20: 六 | F20: =I20+M20 -> 2363381 | I20: 2088211.2 | J20: =I20/F20 -> 0.88356943 | L20: =K20/F20 -> 0 | M20: 275169.8 | N20: =M20/F20 -> 0.11643057
D21: 46096 | E21: 日 | F21: =I21+M21 -> 2928861.1 | I21: 2610805.8 | J21: =I21/F21 -> 0.8914065 | L21: =K21/F21 -> 0 | M21: 318055.29 | N21: =M21/F21 -> 0.1085935
D22: 46097 | E22: 一 | F22: =I22+M22 -> 2862980.4 | I22: 2518150.8 | J22: =I22/F22 -> 0.87955571 | L22: =K22/F22 -> 0 | M22: 344829.65 | N22: =M22/F22 -> 0.12044429
B23: 46106 | D23: 46098 | E23: 二 | F23: =I23+M23 -> 3035263.9 | G23: =SUM(F23:F29) -> 18647709 | I23: 2753961.8 | J23: =I23/F23 -> 0.90732203 | L23: =K23/F23 -> 0 | M23: 281302.1 | N23: =M23/F23 -> 0.09267797
D24: 46099 | E24: 三 | F24: =I24+M24 -> 2618616 | I24: 2333905.2 | J24: =I24/F24 -> 0.89127435 | L24: =K24/F24 -> 0 | M24: 284710.73 | N24: =M24/F24 -> 0.10872565
D25: 46100 | E25: 四 | F25: =I25+M25 -> 2451921.8 | I25: 2193250 | J25: =I25/F25 -> 0.89450243 | L25: =K25/F25 -> 0 | M25: 258671.8 | N25: =M25/F25 -> 0.10549757
D26: 46101 | E26: 五 | F26: =I26+M26 -> 2235775.4 | I26: 2001389.9 | J26: =I26/F26 -> 0.89516592 | L26: =K26/F26 -> 0 | M26: 234385.46 | N26: =M26/F26 -> 0.10483408
D27: 46102 | E27: 六 | F27: =I27+M27 -> 2420850.6 | I27: 2172423.4 | J27: =I27/F27 -> 0.89738021 | L27: =K27/F27 -> 0 | M27: 248427.19 | N27: =M27/F27 -> 0.10261979
D28: 46103 | E28: 日 | F28: =I28+M28 -> 3043824.1 | I28: 2751015.2 | J28: =I28/F28 -> 0.90380229 | L28: =K28/F28 -> 0 | M28: 292808.92 | N28: =M28/F28 -> 0.096197712
D29: 46104 | E29: 一 | F29: =I29+M29 -> 2841457.1 | I29: 2551752.5 | J29: =I29/F29 -> 0.89804362 | L29: =K29/F29 -> 0 | M29: 289704.69 | N29: =M29/F29 -> 0.10195638
B30: 46113 | D30: 46105 | E30: 二 | F30: =I30+M30 -> 2669131.3 | G30: =SUM(F30:F36) -> 17930762 | I30: 2392839.5 | J30: =I30/F30 -> 0.89648625 | L30: =K30/F30 -> 0 | M30: 276291.78 | N30: =M30/F30 -> 0.10351375
D31: 46106 | E31: 三 | F31: =I31+M31 -> 2480475.9 | I31: 2217252.8 | J31: =I31/F31 -> 0.89388199 | L31: =K31/F31 -> 0 | M31: 263223.17 | N31: =M31/F31 -> 0.10611801
D32: 46107 | E32: 四 | F32: =I32+M32 -> 2391314.5 | I32: 2129349.6 | J32: =I32/F32 -> 0.89045151 | L32: =K32/F32 -> 0 | M32: 261964.89 | N32: =M32/F32 -> 0.10954849
D33: 46108 | E33: 五 | F33: =I33+M33 -> 2289329.2 | I33: 2033931.6 | J33: =I33/F33 -> 0.88843997 | L33: =K33/F33 -> 0 | M33: 255397.63 | N33: =M33/F33 -> 0.11156003
D34: 46109 | E34: 六 | F34: =I34+M34 -> 2435638.2 | I34: 2159571.6 | J34: =I34/F34 -> 0.88665532 | L34: =K34/F34 -> 0 | M34: 276066.63 | N34: =M34/F34 -> 0.11334468
D35: 46110 | E35: 日 | F35: =I35+M35 -> 2895859.1 | I35: 2586954.4 | J35: =I35/F35 -> 0.89332884 | L35: =K35/F35 -> 0 | M35: 308904.64 | N35: =M35/F35 -> 0.10667116
D36: 46111 | E36: 一 | F36: =I36+M36 -> 2769014.1 | I36: 2495095.6 | J36: =I36/F36 -> 0.90107727 | L36: =K36/F36 -> 0 | M36: 273918.42 | N36: =M36/F36 -> 0.098922726
D37: 46112 | E37: 二 | F37: =I37+M37 -> 2453754.9 | I37: 2193208.1 | J37: =I37/F37 -> 0.89381712 | L37: =K37/F37 -> 0 | M37: 260546.75 | N37: =M37/F37 -> 0.10618288
J38: =I38/F38 -> #DIV/0! | N38: =M38/F38 -> #DIV/0!
J39: =I39/F39 -> #DIV/0! | N39: =M39/F39 -> #DIV/0!

Sheet （４）訂單數量構成比
B2: （4）訂單數量構成比
B3: 資料繳交日 | C3: 月份 | D3: 日期 | F3: 訂單量 | I3: 品類訂單量
I4: 熱食義麵 | K4: 季節調理麵 | M4: 微波小吃
F5: 日 | G5: 週累積 | H5: 月累積 | I5: 一配 | K5: 一配 | M5: 一配
I6: 訂單數 | J6: 比例(%) | K6: 訂單數 | L6: 比例(%) | M6: 訂單數 | N6: 比例(%)
C7: 三 | D7: 46082 | E7: 日 | F7: =SUM(I7,K7,M7) -> 61259 | H7: =SUM(F7:F37) -> 1728171 | I7: 53927 | J7: =I7/F7 -> 0.88031146 | L7: =K7/F7 -> 0 | M7: 7332 | N7: =M7/F7 -> 0.11968854
D8: 46083 | E8: 一 | F8: =SUM(I8,K8,M8) -> 57720 | I8: 50276 | J8: =I8/F8 -> 0.87103257 | L8: =K8/F8 -> 0 | M8: 7444 | N8: =M8/F8 -> 0.12896743
B9: 46092 | D9: 46084 | E9: 二 | F9: =SUM(I9,K9,M9) -> 73597 | G9: =SUM(F9:F15) -> 433192 | I9: 56901 | J9: =I9/F9 -> 0.77314293 | L9: =K9/F9 -> 0 | M9: 16696 | N9: =M9/F9 -> 0.22685707
D10: 46085 | E10: 三 | F10: =SUM(I10,K10,M10) -> 60633 | I10: 48627 | J10: =I10/F10 -> 0.80198902 | L10: =K10/F10 -> 0 | M10: 12006 | N10: =M10/F10 -> 0.19801098
D11: 46086 | E11: 四 | F11: =SUM(I11,K11,M11) -> 55438 | I11: 44046 | J11: =I11/F11 -> 0.79450918 | L11: =K11/F11 -> 0 | M11: 11392 | N11: =M11/F11 -> 0.20549082
D12: 46087 | E12: 五 | F12: =SUM(I12,K12,M12) -> 51832 | I12: 41655 | J12: =I12/F12 -> 0.80365411 | L12: =K12/F12 -> 0 | M12: 10177 | N12: =M12/F12 -> 0.19634589
D13: 46088 | E13: 六 | F13: =SUM(I13,K13,M13) -> 55948 | I13: 44973 | J13: =I13/F13 -> 0.8038357 | L13: =K13/F13 -> 0 | M13: 10975 | N13: =M13/F13 -> 0.1961643
D14: 46089 | E14: 日 | F14: =SUM(I14,K14,M14) -> 70541 | I14: 56690 | J14: =I14/F14 -> 0.80364611 | L14: =K14/F14 -> 0 | M14: 13851 | N14: =M14/F14 -> 0.19635389
D15: 46090 | E15: 一 | F15: =SUM(I15,K15,M15) -> 65203 | I15: 52413 | J15: =I15/F15 -> 0.80384338 | L15: =K15/F15 -> 0 | M15: 12790 | N15: =M15/F15 -> 0.19615662
B16: 46099 | D16: 46091 | E16: 二 | F16: =SUM(I16,K16,M16) -> 59799 | G16: =SUM(F16:F22) -> 390398 | I16: 48894 | J16: =I16/F16 -> 0.81763909 | L16: =K16/F16 -> 0 | M16: 10905 | N16: =M16/F16 -> 0.18236091
D17: 46092 | E17: 三 | F17: =SUM(I17,K17,M17) -> 53821 | I17: 44022 | J17: =I17/F17 -> 0.81793352 | L17: =K17/F17 -> 0 | M17: 9799 | N17: =M17/F17 -> 0.18206648
D18: 46093 | E18: 四 | F18: =SUM(I18,K18,M18) -> 49504 | I18: 39176 | J18: =I18/F18 -> 0.79137039 | L18: =K18/F18 -> 0 | M18: 10328 | N18: =M18/F18 -> 0.20862961
D19: 46094 | E19: 五 | F19: =SUM(I19,K19,M19) -> 49829 | I19: 39928 | J19: =I19/F19 -> 0.80130045 | L19: =K19/F19 -> 0 | M19: 9901 | N19: =M19/F19 -> 0.19869955
D20: 46095 | E20: 六 | F20: =SUM(I20,K20,M20) -> 51404 | I20: 41352 | J20: =I20/F20 -> 0.80445102 | L20: =K20/F20 -> 0 | M20: 10052 | N20: =M20/F20 -> 0.19554898
D21: 46096 | E21: 日 | F21: =SUM(I21,K21,M21) -> 63491 | I21: 51847 | J21: =I21/F21 -> 0.81660393 | L21: =K21/F21 -> 0 | M21: 11644 | N21: =M21/F21 -> 0.18339607
D22: 46097 | E22: 一 | F22: =SUM(I22,K22,M22) -> 62550 | I22: 49921 | J22: =I22/F22 -> 0.79809752 | L22: =K22/F22 -> 0 | M22: 12629 | N22: =M22/F22 -> 0.20190248
B23: 46106 | D23: 46098 | E23: 二 | F23: =SUM(I23,K23,M23) -> 64275 | G23: =SUM(F23:F29) -> 398848 | I23: 53993 | J23: =I23/F23 -> 0.84003112 | L23: =K23/F23 -> 0 | M23: 10282 | N23: =M23/F23 -> 0.15996888
D24: 46099 | E24: 三 | F24: =SUM(I24,K24,M24) -> 56324 | I24: 45906 | J24: =I24/F24 -> 0.81503444 | L24: =K24/F24 -> 0 | M24: 10418 | N24: =M24/F24 -> 0.18496556
D25: 46100 | E25: 四 | F25: =SUM(I25,K25,M25) -> 52529 | I25: 43074 | J25: =I25/F25 -> 0.82000419 | L25: =K25/F25 -> 0 | M25: 9455 | N25: =M25/F25 -> 0.17999581
D26: 46101 | E26: 五 | F26: =SUM(I26,K26,M26) -> 47947 | I26: 39471 | J26: =I26/F26 -> 0.82322147 | L26: =K26/F26 -> 0 | M26: 8476 | N26: =M26/F26 -> 0.17677853
D27: 46102 | E27: 六 | F27: =SUM(I27,K27,M27) -> 51828 | I27: 42756 | J27: =I27/F27 -> 0.82495948 | L27: =K27/F27 -> 0 | M27: 9072 | N27: =M27/F27 -> 0.17504052
D28: 46103 | E28: 日 | F28: =SUM(I28,K28,M28) -> 64946 | I28: 54226 | J28: =I28/F28 -> 0.8349398 | L28: =K28/F28 -> 0 | M28: 10720 | N28: =M28/F28 -> 0.1650602
D29: 46104 | E29: 一 | F29: =SUM(I29,K29,M29) -> 60999 | I29: 50405 | J29: =I29/F29 -> 0.82632502 | L29: =K29/F29 -> 0 | M29: 10594 | N29: =M29/F29 -> 0.17367498
B30: 46113 | D30: 46105 | E30: 二 | F30: =SUM(I30,K30,M30) -> 57426 | G30: =SUM(F30:F36) -> 386754 | I30: 47323 | J30: =I30/F30 -> 0.82406924 | L30: =K30/F30 -> 0 | M30: 10103 | N30: =M30/F30 -> 0.17593076
D31: 46106 | E31: 三 | F31: =SUM(I31,K31,M31) -> 53463 | I31: 43833 | J31: =I31/F31 -> 0.81987543 | L31: =K31/F31 -> 0 | M31: 9630 | N31: =M31/F31 -> 0.18012457
D32: 46107 | E32: 四 | F32: =SUM(I32,K32,M32) -> 51604 | I32: 42017 | J32: =I32/F32 -> 0.81421983 | L32: =K32/F32 -> 0 | M32: 9587 | N32: =M32/F32 -> 0.18578017
D33: 46108 | E33: 五 | F33: =SUM(I33,K33,M33) -> 49468 | I33: 40119 | J33: =I33/F33 -> 0.81100914 | L33: =K33/F33 -> 0 | M33: 9349 | N33: =M33/F33 -> 0.18899086
D34: 46109 | E34: 六 | F34: =SUM(I34,K34,M34) -> 52737 | I34: 42639 | J34: =I34/F34 -> 0.80852153 | L34: =K34/F34 -> 0 | M34: 10098 | N34: =M34/F34 -> 0.19147847
D35: 46110 | E35: 日 | F35: =SUM(I35,K35,M35) -> 62601 | I35: 51283 | J35: =I35/F35 -> 0.81920417 | L35: =K35/F35 -> 0 | M35: 11318 | N35: =M35/F35 -> 0.18079583
D36: 46111 | E36: 一 | F36: =SUM(I36,K36,M36) -> 59455 | I36: 49390 | J36: =I36/F36 -> 0.8307123 | L36: =K36/F36 -> 0 | M36: 10065 | N36: =M36/F36 -> 0.1692877
D37: 46112 | E37: 二 | I37: 43782 | J37: =I37/F37 -> #DIV/0! | L37: =K37/F37 -> #DIV/0! | M37: 9574 | N37: =M37/F37 -> #DIV/0!
J38: =I38/F38 -> #DIV/0! | N38: =M38/F38 -> #DIV/0!
J39: =I39/F39 -> #DIV/0! | N39: =M39/F39 -> #DIV/0!

Sheet （５-1）品群別人時生產性（熱食義麵）
B1: 月平均人時性 | C1: =AVERAGE(L7,L30,L53,L76,L99,L122) -> 109.92454
B2: 產線配置圖－每週更新 | N2: 資料繳交 | O2: 日期 | AO2: 46082 | AT2: 46083
P3: 二 | U3: 三 | Z3: 四 | AE3: 五 | AJ3: 六 | AO3: 日 | AT3: 一
B4: 品群 | C4: 商品名稱 | E4: 計畫 | H4: 平均人時性 | I4: 實績 | L4: 平均人時性 | M4: 排名 | O4: 日報 | P4: 實際 | T4: 平均人時性 | U4: 實際 | Y4: 平均人時性 | Z4: 實際 | AD4: 平均人時性 | AE4: 實際 | AI4: 平均人時性 | AJ4: 實際 | AN4: 平均人時性 | AO4: 實際 | AS4: 平均人時性 | AT4: 實際 | AX4: 平均人時性
E5: 產線配置圖 | I5: 產線配置圖 | P5: 生產實績 | U5: 生產實績 | Z5: 生產實績 | AE5: 生產實績 | AJ5: 生產實績 | AO5: 生產實績 | AT5: 生產實績
E6: 人數 | F6: 產能／時 | G6: 人時性 | I6: 人數 | J6: 產能／時 | K6: 人時性 | P6: 人數 | Q6: 產能／時 | R6: 人時性 | S6: 排名 | U6: 人數 | V6: 產能／時 | W6: 人時性 | X6: 排名 | Z6: 人數 | AA6: 產能／時 | AB6: 人時性 | AC6: 排名 | AE6: 人數 | AF6: 產能／時 | AG6: 人時性 | AH6: 排名 | AJ6: 人數 | AK6: 產能／時 | AL6: 人時性 | AM6: 排名 | AO6: 人數 | AP6: 產能／時 | AQ6: 人時性 | AR6: 排名 | AT6: 人數 | AU6: 產能／時 | AV6: 人時性 | AW6: 排名
B7: 熱食義麵 | C7: 1 | D7: 義式蕃茄起司義大利麵 | E7: =VLOOKUP(D7,'12產線配置圖'!$A$2:$C$25,2,0) -> 11 | F7: =VLOOKUP(D7,'12產線配置圖'!$A$2:$C$25,3,0) -> 2118 | G7: =F7/E7 -> 192.54545 | H7: =AVERAGE(G7:G24) -> #N/A | I7: =AVERAGE(P7,U7,Z7,AE7,AJ7,AO7,AT7) -> 13 | J7: =AVERAGE(Q7,V7,AA7,AF7,AK7,AP7,AU7) -> 1993.5 | K7: =AVERAGE(AQ7,AV7) -> 155.36061 | L7: =IFERROR(AVERAGE(K7:K24),"-") -> 106.91084 | M7: =RANK(K7,$K$7:$K$22) -> 1 | R7: =Q7/P7 -> #DIV/0! | S7: =RANK(R7,R$7:R$22) -> #DIV/0! | T7: =AVERAGE(R7:R24) -> #DIV/0! | W7: =V7/U7 -> #DIV/0! | X7: =RANK(W7,W$7:W$22) -> #DIV/0! | Y7: =AVERAGE(W7:W24) -> #DIV/0! | AB7: =AA7/Z7 -> #DIV/0! | AC7: =RANK(AB7,AB$7:AB$22) -> #DIV/0! | AD7: =AVERAGE(AB7:AB24) -> #DIV/0! | AG7: =AF7/AE7 -> #DIV/0! | AH7: =RANK(AG7,AG$7:AG$22) -> #DIV/0! | AI7: =AVERAGE(AG7:AG24) -> #DIV/0! | AL7: =AK7/AJ7 -> #DIV/0! | AM7: =RANK(AL7,AL$7:AL$22) -> #DIV/0! | AN7: =AVERAGE(AL7:AL24) -> #DIV/0! | AO7: 15 | AP7: 2134 | AQ7: =AP7/AO7 -> 142.26667 | AR7: =RANK(AQ7,$AQ$99:$AQ$116) -> #N/A | AS7: =AVERAGE(AQ7:AQ24) -> 105.78078 | AT7: 11 | AU7: 1853 | AV7: =AU7/AT7 -> 168.45455 | AW7: =RANK(AV7,$AV$99:$AV$116) -> #N/A | AX7: =AVERAGE(AV7:AV24) -> 108.0409
C8: 2 | D8: 奶油培根義大利麵 | E8: =VLOOKUP(D8,'12產線配置圖'!$A$2:$C$25,2,0) -> 13 | F8: =VLOOKUP(D8,'12產線配置圖'!$A$2:$C$25,3,0) -> 2118 | G8: =F8/E8 -> 162.92308 | I8: =AVERAGE(P8,U8,Z8,AE8,AJ8,AO8,AT8) -> 14.5 | J8: =AVERAGE(Q8,V8,AA8,AF8,AK8,AP8,AU8) -> 1941.5 | K8: =AVERAGE(AQ8,AV8) -> 133.76905 | M8: =RANK(K8,$K$7:$K$22) -> 4 | R8: =Q8/P8 -> #DIV/0! | S8: =RANK(R8,R$7:R$22) -> #DIV/0! | W8: =V8/U8 -> #DIV/0! | X8: =RANK(W8,W$7:W$22) -> #DIV/0! | AB8: =AA8/Z8 -> #DIV/0! | AC8: =RANK(AB8,AB$7:AB$22) -> #DIV/0! | AG8: =AF8/AE8 -> #DIV/0! | AH8: =RANK(AG8,AG$7:AG$22) -> #DIV/0! | AL8: =AK8/AJ8 -> #DIV/0! | AM8: =RANK(AL8,AL$7:AL$22) -> #DIV/0! | AO8: 15 | AP8: 2062 | AQ8: =AP8/AO8 -> 137.46667 | AR8: =RANK(AQ8,$AQ$99:$AQ$116) -> #N/A | AT8: 14 | AU8: 1821 | AV8: =AU8/AT8 -> 130.07143 | AW8: =RANK(AV8,$AV$99:$AV$116) -> #N/A
C9: 3 | D9: 青醬蛤蜊義大利麵 | E9: =VLOOKUP(D9,'12產線配置圖'!$A$2:$C$25,2,0) -> 12 | F9: =VLOOKUP(D9,'12產線配置圖'!$A$2:$C$25,3,0) -> 2118 | G9: =F9/E9 -> 176.5 | I9: =AVERAGE(P9,U9,Z9,AE9,AJ9,AO9,AT9) -> 14.5 | J9: =AVERAGE(Q9,V9,AA9,AF9,AK9,AP9,AU9) -> 2011 | K9: =AVERAGE(AQ9,AV9) -> 138.47619 | M9: =RANK(K9,$K$7:$K$22) -> 3 | R9: =Q9/P9 -> #DIV/0! | S9: =RANK(R9,R$7:R$22) -> #DIV/0! | W9: =V9/U9 -> #DIV/0! | X9: =RANK(W9,W$7:W$22) -> #DIV/0! | AB9: =AA9/Z9 -> #DIV/0! | AC9: =RANK(AB9,AB$7:AB$22) -> #DIV/0! | AG9: =AF9/AE9 -> #DIV/0! | AH9: =RANK(AG9,AG$7:AG$22) -> #DIV/0! | AL9: =AK9/AJ9 -> #DIV/0! | AM9: =RANK(AL9,AL$7:AL$22) -> #DIV/0! | AO9: 15 | AP9: 2170 | AQ9: =AP9/AO9 -> 144.66667 | AR9: =RANK(AQ9,$AQ$99:$AQ$116) -> #N/A | AT9: 14 | AU9: 1852 | AV9: =AU9/AT9 -> 132.28571 | AW9: =RANK(AV9,$AV$99:$AV$116) -> #N/A
C10: 4 | D10: 焗烤起司雙饗筆尖麵 | E10: =VLOOKUP(D10,'12產線配置圖'!$A$2:$C$25,2,0) -> 16 | F10: =VLOOKUP(D10,'12產線配置圖'!$A$2:$C$25,3,0) -> 1800 | G10: =F10/E10 -> 112.5 | I10: =AVERAGE(P10,U10,Z10,AE10,AJ10,AO10,AT10) -> 16 | J10: =AVERAGE(Q10,V10,AA10,AF10,AK10,AP10,AU10) -> 1685.5 | K10: =AVERAGE(AQ10,AV10) -> 105.34375 | M10: =RANK(K10,$K$7:$K$22) -> 6 | R10: =Q10/P10 -> #DIV/0! | S10: =RANK(R10,R$7:R$22) -> #DIV/0! | W10: =V10/U10 -> #DIV/0! | X10: =RANK(W10,W$7:W$22) -> #DIV/0! | AB10: =AA10/Z10 -> #DIV/0! | AC10: =RANK(AB10,AB$7:AB$22) -> #DIV/0! | AG10: =AF10/AE10 -> #DIV/0! | AH10: =RANK(AG10,AG$7:AG$22) -> #DIV/0! | AL10: =AK10/AJ10 -> #DIV/0! | AM10: =RANK(AL10,AL$7:AL$22) -> #DIV/0! | AO10: 16 | AP10: 1697 | AQ10: =AP10/AO10 -> 106.0625 | AR10: =RANK(AQ10,$AQ$99:$AQ$116) -> #N/A | AT10: 16 | AU10: 1674 | AV10: =AU10/AT10 -> 104.625 | AW10: =RANK(AV10,$AV$99:$AV$116) -> #N/A
C11: 5 | D11: 白酒蛤蜊義大利麵 | E11: =VLOOKUP(D11,'12產線配置圖'!$A$2:$C$25,2,0) -> #N/A | F11: =VLOOKUP(D11,'12產線配置圖'!$A$2:$C$25,3,0) -> #N/A | G11: =F11/E11 -> #N/A | I11: =AVERAGE(P11,U11,Z11,AE11,AJ11,AO11,AT11) -> 15.5 | J11: =AVERAGE(Q11,V11,AA11,AF11,AK11,AP11,AU11) -> 2167.5 | K11: =AVERAGE(AQ11,AV11) -> 139.77708 | M11: =RANK(K11,$K$7:$K$22) -> 2 | R11: =Q11/P11 -> #DIV/0! | S11: =RANK(R11,R$7:R$22) -> #DIV/0! | W11: =V11/U11 -> #DIV/0! | X11: =RANK(W11,W$7:W$22) -> #DIV/0! | AB11: =AA11/Z11 -> #DIV/0! | AC11: =RANK(AB11,AB$7:AB$22) -> #DIV/0! | AG11: =AF11/AE11 -> #DIV/0! | AH11: =RANK(AG11,AG$7:AG$22) -> #DIV/0! | AL11: =AK11/AJ11 -> #DIV/0! | AM11: =RANK(AL11,AL$7:AL$22) -> #DIV/0! | AO11: 16 | AP11: 2267 | AQ11: =AP11/AO11 -> 141.6875 | AR11: =RANK(AQ11,$AQ$99:$AQ$116) -> #N/A | AT11: 15 | AU11: 2068 | AV11: =AU11/AT11 -> 137.86667 | AW11: =RANK(AV11,$AV$99:$AV$116) -> #N/A
C12: 6 | D12: 青花椒麻雞肉拌麵 | E12: =VLOOKUP(D12,'12產線配置圖'!$A$2:$C$25,2,0) -> 15 | F12: =VLOOKUP(D12,'12產線配置圖'!$A$2:$C$25,3,0) -> 1714 | G12: =F12/E12 -> 114.26667 | I12: 15 | J12: 1420 | K12: 94.666667 | M12: =RANK(K12,$K$7:$K$22) -> 10 | R12: =Q12/P12 -> #DIV/0! | S12: =RANK(R12,R$7:R$22) -> #DIV/0! | W12: =V12/U12 -> #DIV/0! | X12: =RANK(W12,W$7:W$22) -> #DIV/0! | AB12: =AA12/Z12 -> #DIV/0! | AC12: =RANK(AB12,AB$7:AB$22) -> #DIV/0! | AG12: =AF12/AE12 -> #DIV/0! | AH12: =RANK(AG12,AG$7:AG$22) -> #DIV/0! | AL12: =AK12/AJ12 -> #DIV/0! | AM12: =RANK(AL12,AL$7:AL$22) -> #DIV/0! | AO12: 15 | AP12: 1439 | AQ12: 95.933333 | AR12: 9 | AT12: 15 | AU12: 1401 | AV12: 93.4 | AW12: 10
C13: 7 | D13: 剝皮辣椒雞奶油扁麵 | E13: =VLOOKUP(D13,'12產線配置圖'!$A$2:$C$25,2,0) -> 17 | F13: =VLOOKUP(D13,'12產線配置圖'!$A$2:$C$25,3,0) -> 1714 | G13: =F13/E13 -> 100.82353 | I13: 17.5 | J13: 1258.5 | K13: 72.222039 | M13: =RANK(K13,$K$7:$K$22) -> 13 | R13: =Q13/P13 -> #DIV/0! | S13: =RANK(R13,R$7:R$22) -> #DIV/0! | W13: =V13/U12 -> #DIV/0! | X13: =RANK(W13,W$7:W$22) -> #DIV/0! | AB13: =AA13/Z13 -> #DIV/0! | AC13: =RANK(AB13,AB$7:AB$22) -> #DIV/0! | AG13: =AF13/AE13 -> #DIV/0! | AH13: =RANK(AG13,AG$7:AG$22) -> #DIV/0! | AL13: =AK13/AJ13 -> #DIV/0! | AM13: =RANK(AL13,AL$7:AL$22) -> #DIV/0! | AO13: 19 | AP13: 1304 | AQ13: 68.631579 | AR13: 14 | AT13: 16 | AU13: 1213 | AV13: 75.8125 | AW13: 13
C14: 8 | D14: 濃拿坡里義大利麵 | E14: =VLOOKUP(D14,'12產線配置圖'!$A$2:$C$25,2,0) -> 16 | F14: =VLOOKUP(D14,'12產線配置圖'!$A$2:$C$25,3,0) -> 1406 | G14: =F14/E14 -> 87.875 | I14: 13.5 | J14: 976 | K14: 72.1 | M14: =RANK(K14,$K$7:$K$22) -> 14 | R14: =Q14/P14 -> #DIV/0! | S14: =RANK(R14,R$7:R$22) -> #DIV/0! | W14: =V14/U14 -> #DIV/0! | X14: =RANK(W14,W$7:W$22) -> #DIV/0! | AB14: =AA14/Z14 -> #DIV/0! | AC14: =RANK(AB14,AB$7:AB$22) -> #DIV/0! | AG14: =AF14/AE14 -> #DIV/0! | AH14: =RANK(AG14,AG$7:AG$22) -> #DIV/0! | AL14: =AK14/AJ14 -> #DIV/0! | AM14: =RANK(AL14,AL$7:AL$22) -> #DIV/0! | AO14: 15 | AP14: 1108 | AQ14: 73.866667 | AR14: 13 | AT14: 12 | AU14: 844 | AV14: 70.333333 | AW14: 14
C15: 9 | D15: 奶油起司蝦仁通心粉 | E15: =VLOOKUP(D15,'12產線配置圖'!$A$2:$C$25,2,0) -> #N/A | F15: =VLOOKUP(D15,'12產線配置圖'!$A$2:$C$25,3,0) -> #N/A | G15: =F15/E15 -> #N/A | I15: 16.5 | J15: 1653 | K15: 100.14154 | M15: =RANK(K15,$K$7:$K$22) -> 9 | R15: =Q15/P15 -> #DIV/0! | S15: =RANK(R15,R$7:R$22) -> #DIV/0! | W15: =V15/U15 -> #DIV/0! | X15: =RANK(W15,W$7:W$22) -> #DIV/0! | AB15: =AA15/Z15 -> #DIV/0! | AC15: =RANK(AB15,AB$7:AB$22) -> #DIV/0! | AG15: =AF15/AE15 -> #DIV/0! | AH15: =RANK(AG15,AG$7:AG$22) -> #DIV/0! | AL15: =AK15/AJ15 -> #DIV/0! | AM15: =RANK(AL15,AL$7:AL$22) -> #DIV/0! | AO15: 17 | AP15: 1725 | AQ15: 101.47059 | AR15: 7 | AT15: 16 | AU15: 1581 | AV15: 98.8125 | AW15: 9
C16: 10 | D16: 惡魔乳酪生義大利麵 | E16: =VLOOKUP(D16,'12產線配置圖'!$A$2:$C$25,2,0) -> #N/A | F16: =VLOOKUP(D16,'12產線配置圖'!$A$2:$C$25,3,0) -> #N/A | G16: =F16/E16 -> #N/A | I16: 14.5 | J16: 1489 | K16: 102.82619 | M16: =RANK(K16,$K$7:$K$22) -> 7 | R16: =Q16/P16 -> #DIV/0! | S16: =RANK(R16,R$7:R$22) -> #DIV/0! | W16: =V16/U16 -> #DIV/0! | X16: =RANK(W16,W$7:W$22) -> #DIV/0! | AB16: =AA16/Z16 -> #DIV/0! | AC16: =RANK(AB16,AB$7:AB$22) -> #DIV/0! | AG16: =AF16/AE16 -> #DIV/0! | AH16: =RANK(AG16,AG$7:AG$22) -> #DIV/0! | AL16: =AK16/AJ16 -> #DIV/0! | AM16: =RANK(AL16,AL$7:AL$22) -> #DIV/0! | AO16: 15 | AP16: 1483 | AQ16: 98.866667 | AR16: 8 | AT16: 14 | AU16: 1495 | AV16: 106.78571 | AW16: 7
C17: 11 | D17: 沙茶豬肉炒麵 | E17: =VLOOKUP(D17,'12產線配置圖'!$A$2:$C$25,2,0) -> 17 | F17: =VLOOKUP(D17,'12產線配置圖'!$A$2:$C$25,3,0) -> 1440 | G17: =F17/E17 -> 84.705882 | I17: 15.5 | J17: 1301 | K17: 83.908333 | M17: =RANK(K17,$K$7:$K$22) -> 11 | R17: =Q17/P17 -> #DIV/0! | S17: =RANK(R17,R$7:R$22) -> #DIV/0! | W17: =V17/U17 -> #DIV/0! | X17: =RANK(W17,W$7:W$22) -> #DIV/0! | AB17: =AA17/Z17 -> #DIV/0! | AC17: =RANK(AB17,AB$7:AB$22) -> #DIV/0! | AG17: =AF17/AE17 -> #DIV/0! | AH17: =RANK(AG17,AG$7:AG$22) -> #DIV/0! | AL17: =AK17/AJ17 -> #DIV/0! | AM17: =RANK(AL17,AL$7:AL$22) -> #DIV/0! | AO17: 16 | AP17: 1356 | AQ17: 84.75 | AR17: 11 | AT17: 15 | AU17: 1246 | AV17: 83.066667 | AW17: 12
C18: 12 | D18: 府城鹽水意麵 | E18: =VLOOKUP(D18,'12產線配置圖'!$A$2:$C$25,2,0) -> 17 | F18: =VLOOKUP(D18,'12產線配置圖'!$A$2:$C$25,3,0) -> 1565 | G18: =F18/E18 -> 92.058824 | I18: 17 | J18: 1422.5 | K18: 83.676471 | M18: =RANK(K18,$K$7:$K$22) -> 12 | R18: =Q18/P18 -> #DIV/0! | S18: =RANK(R18,R$7:R$22) -> #DIV/0! | W18: =V18/U18 -> #DIV/0! | X18: =RANK(W18,W$7:W$22) -> #DIV/0! | AB18: =AA18/Z18 -> #DIV/0! | AC18: =RANK(AB18,AB$7:AB$22) -> #DIV/0! | AG18: =AF18/AE18 -> #DIV/0! | AH18: =RANK(AG18,AG$7:AG$22) -> #DIV/0! | AL18: =AK18/AJ18 -> #DIV/0! | AM18: =RANK(AL18,AL$7:AL$22) -> #DIV/0! | AO18: 17 | AP18: 1409 | AQ18: 82.882353 | AR18: 12 | AT18: 17 | AU18: 1436 | AV18: 84.470588 | AW18: 11
C19: 13 | D19: 焗烤起司肉醬筆尖麵 | E19: =VLOOKUP(D19,'12產線配置圖'!$A$2:$C$25,2,0) -> 13 | F19: =VLOOKUP(D19,'12產線配置圖'!$A$2:$C$25,3,0) -> 1440 | G19: =F19/E19 -> 110.76923 | I19: 11 | J19: 1118.5 | K19: 101.68182 | M19: =RANK(K19,$K$7:$K$22) -> 8 | R19: =Q19/P19 -> #DIV/0! | S19: =RANK(R19,R$7:R$22) -> #DIV/0! | W19: =V19/U19 -> #DIV/0! | X19: =RANK(W19,W$7:W$22) -> #DIV/0! | AB19: =AA19/Z19 -> #DIV/0! | AC19: =RANK(AB19,AB$7:AB$22) -> #DIV/0! | AG19: =AF19/AE19 -> #DIV/0! | AH19: =RANK(AG19,AG$7:AG$22) -> #DIV/0! | AL19: =AK19/AJ19 -> #DIV/0! | AM19: =RANK(AL19,AL$7:AL$22) -> #DIV/0! | AO19: 11 | AP19: 1044 | AQ19: 94.909091 | AR19: 10 | AT19: 11 | AU19: 1193 | AV19: 108.45455 | AW19: 6
C20: 14 | D20: 辣味香菜雞肉義大利麵 | E20: =VLOOKUP(D20,'12產線配置圖'!$A$2:$C$25,2,0) -> 15 | F20: =VLOOKUP(D20,'12產線配置圖'!$A$2:$C$25,3,0) -> 1800 | G20: =F20/E20 -> 120 | I20: 16 | J20: 1799.5 | K20: 112.80196 | M20: =RANK(K20,$K$7:$K$22) -> 5 | R20: =Q20/P20 -> #DIV/0! | S20: =RANK(R20,R$7:R$22) -> #DIV/0! | W20: =V20/U20 -> #DIV/0! | X20: =RANK(W20,W$7:W$22) -> #DIV/0! | AB20: =AA20/Z20 -> #DIV/0! | AC20: =RANK(AB20,AB$7:AB$22) -> #DIV/0! | AG20: =AF20/AE20 -> #DIV/0! | AH20: =RANK(AG20,AG$7:AG$22) -> #DIV/0! | AL20: =AK20/AJ20 -> #DIV/0! | AM20: =RANK(AL20,AL$7:AL$22) -> #DIV/0! | AO20: 17 | AP20: 1827 | AQ20: 107.47059 | AR20: 5 | AT20: 15 | AU20: 1772 | AV20: 118.13333 | AW20: 5
C21: 15 | R21: =Q21/P21 -> #DIV/0! | S21: =RANK(R21,R$7:R$22) -> #DIV/0! | W21: =V21/U21 -> #DIV/0! | X21: =RANK(W21,W$7:W$22) -> #DIV/0! | AB21: =AA21/Z21 -> #DIV/0! | AC21: =RANK(AB21,AB$7:AB$22) -> #DIV/0! | AG21: =AF21/AE21 -> #DIV/0! | AH21: =RANK(AG21,AG$7:AG$22) -> #DIV/0! | AL21: =AK21/AJ21 -> #DIV/0! | AM21: =RANK(AL21,AL$7:AL$22) -> #DIV/0!
C22: 16 | R22: =Q22/P22 -> #DIV/0! | S22: =RANK(R22,R$7:R$22) -> #DIV/0! | W22: =V22/U22 -> #DIV/0! | X22: =RANK(W22,W$7:W$22) -> #DIV/0! | AB22: =AA22/Z22 -> #DIV/0! | AC22: =RANK(AB22,AB$7:AB$22) -> #DIV/0! | AG22: =AF22/AE22 -> #DIV/0! | AH22: =RANK(AG22,AG$7:AG$22) -> #DIV/0! | AL22: =AK22/AJ22 -> #DIV/0! | AM22: =RANK(AL22,AL$7:AL$22) -> #DIV/0!
C23: 17
C24: 18
B25: 產線配置圖－每週更新 | N25: 資料繳交 | O25: 日期 | P25: 46084 | U25: 46085 | Z25: 46086 | AE25: 46087 | AJ25: 46088 | AO25: 46089 | AT25: 46090
P26: 二 | U26: 三 | Z26: 四 | AE26: 五 | AJ26: 六 | AO26: 日 | AT26: 一
B27: 品群 | C27: 商品名稱 | E27: 計畫 | H27: 平均人時性 | I27: 實績 | L27: 平均人時性 | M27: 排名 | O27: 日報 | P27: 實際 | T27: 平均人時性 | U27: 實際 | Y27: 平均人時性 | Z27: 實際 | AD27: 平均人時性 | AE27: 實際 | AI27: 平均人時性 | AJ27: 實際 | AN27: 平均人時性 | AO27: 實際 | AS27: 平均人時性 | AT27: 實際 | AX27: 平均人時性
E28: 產線配置圖 | I28: 產線配置圖 | P28: 生產實績 | U28: 生產實績 | Z28: 生產實績 | AE28: 生產實績 | AJ28: 生產實績 | AO28: 生產實績 | AT28: 生產實績
E29: 人數 | F29: 產能／時 | G29: 人時性 | I29: 人數 | J29: 產能／時 | K29: 人時性 | P29: 人數 | Q29: 產能／時 | R29: 人時性 | S29: 排名 | U29: 人數 | V29: 產能／時 | W29: 人時性 | X29: 排名 | Z29: 人數 | AA29: 產能／時 | AB29: 人時性 | AC29: 排名 | AE29: 人數 | AF29: 產能／時 | AG29: 人時性 | AH29: 排名 | AJ29: 人數 | AK29: 產能／時 | AL29: 人時性 | AM29: 排名 | AO29: 人數 | AP29: 產能／時 | AQ29: 人時性 | AR29: 排名 | AT29: 人數 | AU29: 產能／時 | AV29: 人時性 | AW29: 排名
B30: 熱食義麵 | C30: 1 | D30: 義式蕃茄起司義大利麵 | E30: =VLOOKUP(D30,'12產線配置圖'!$A$2:$C$25,2,0) -> 11 | F30: =VLOOKUP(D30,'12產線配置圖'!$A$2:$C$25,3,0) -> 2118 | G30: =F30/E30 -> 192.54545 | H30: =AVERAGE(G30:G47) -> #N/A | I30: =AVERAGE(P30,U30,Z30,AE30,AJ30,AO30,AT30) -> 11.428571 | J30: =AVERAGE(Q30,V30,AA30,AF30,AK30,AP30,AU30) -> 1840 | K30: =AVERAGE(R30,W30,AB30,AG30,AL30,AQ30,AV30) -> 161.13395 | L30: =IFERROR(AVERAGE(K30:K47),"-") -> 107.18173 | M30: =RANK(K30, K$30:$K$47) -> 1 | P30: 12 | Q30: 1871 | R30: =Q30/P30 -> 155.91667 | S30: =RANK(R30,$R$30:$R$47) -> 1 | T30: =AVERAGE(R30:R47) -> 107.0214 | U30: 11 | V30: 1667 | W30: =V30/U30 -> 151.54545 | X30: =RANK(W30, $W$30:$W$47) -> 2 | Y30: =AVERAGE(W30:W47) -> 103.58431 | Z30: 11 | AA30: 1679 | AB30: =AA30/Z30 -> 152.63636 | AC30: =RANK(AB30, $AB$30:$AB$47) -> 2 | AD30: =AVERAGE(AB30:AB47) -> 104.38408 | AE30: 13 | AF30: 2059 | AG30: =AF30/AE30 -> 158.38462 | AH30: =RANK(AG30, $AG$30:$AG$47) -> 1 | AI30: =AVERAGE(AG30:AG47) -> 105.42782 | AJ30: 11 | AK30: 1757 | AL30: =AK30/AJ30 -> 159.72727 | AM30: =RANK(AL30, $AL$30:$AL$47) -> 2 | AN30: =AVERAGE(AL30:AL47) -> 108.86491 | AO30: 11 | AP30: 1882 | AQ30: =AP30/AO30 -> 171.09091 | AR30: =RANK(AQ30,$AQ$30:$AQ$47) -> 1 | AS30: =AVERAGE(AQ30:AQ47) -> 109.90538 | AT30: 11 | AU30: 1965 | AV30: =AU30/AT30 -> 178.63636 | AW30: =RANK(AV30, $AV$30:$AV$47) -> 1 | AX30: =AVERAGE(AV30:AV47) -> 111.08418
C31: 2 | D31: 奶油培根義大利麵 | E31: =VLOOKUP(D31,'12產線配置圖'!$A$2:$C$25,2,0) -> 13 | F31: =VLOOKUP(D31,'12產線配置圖'!$A$2:$C$25,3,0) -> 2118 | G31: =F31/E31 -> 162.92308 | I31: =AVERAGE(P31,U31,Z31,AE31,AJ31,AO31,AT31) -> 13.428571 | J31: =AVERAGE(Q31,V31,AA31,AF31,AK31,AP31,AU31) -> 1853.1429 | K31: =AVERAGE(R31,W31,AB31,AG31,AL31,AQ31,AV31) -> 138.18168 | M31: =RANK(K31, K$30:$K$47) -> 4 | P31: 14 | Q31: 1848 | R31: =Q31/P31 -> 132 | S31: =RANK(R31,$R$30:$R$47) -> 4 | U31: 13 | V31: 1730 | W31: =V31/U31 -> 133.07692 | X31: =RANK(W31, $W$30:$W$47) -> 4 | Z31: 13 | AA31: 1665 | AB31: =AA31/Z31 -> 128.07692 | AC31: =RANK(AB31, $AB$30:$AB$47) -> 4 | AE31: 15 | AF31: 1991 | AG31: =AF31/AE31 -> 132.73333 | AH31: =RANK(AG31, $AG$30:$AG$47) -> 4 | AJ31: 13 | AK31: 1923 | AL31: =AK31/AJ31 -> 147.92308 | AM31: =RANK(AL31, $AL$30:$AL$47) -> 4 | AO31: 13 | AP31: 1926 | AQ31: =AP31/AO31 -> 148.15385 | AR31: =RANK(AQ31,$AQ$30:$AQ$47) -> 4 | AT31: 13 | AU31: 1889 | AV31: =AU31/AT31 -> 145.30769 | AW31: =RANK(AV31, $AV$30:$AV$47) -> 4
C32: 3 | D32: 青醬蛤蜊義大利麵 | E32: =VLOOKUP(D32,'12產線配置圖'!$A$2:$C$25,2,0) -> 12 | F32: =VLOOKUP(D32,'12產線配置圖'!$A$2:$C$25,3,0) -> 2118 | G32: =F32/E32 -> 176.5 | I32: =AVERAGE(P32,U32,Z32,AE32,AJ32,AO32,AT32) -> 12.571429 | J32: =AVERAGE(Q32,V32,AA32,AF32,AK32,AP32,AU32) -> 1947.8571 | K32: =AVERAGE(R32,W32,AB32,AG32,AL32,AQ32,AV32) -> 154.88535 | M32: =RANK(K32, K$30:$K$47) -> 2 | P32: 15 | Q32: 2327 | R32: =Q32/P32 -> 155.13333 | S32: =RANK(R32,$R$30:$R$47) -> 3 | U32: 13 | V32: 2070 | W32: =V32/U32 -> 159.23077 | X32: =RANK(W32, $W$30:$W$47) -> 1 | Z32: 12 | AA32: 1643 | AB32: =AA32/Z32 -> 136.91667 | AC32: =RANK(AB32, $AB$30:$AB$47) -> 3 | AE32: 12 | AF32: 1702 | AG32: =AF32/AE32 -> 141.83333 | AH32: =RANK(AG32, $AG$30:$AG$47) -> 3 | AJ32: 12 | AK32: 1984 | AL32: =AK32/AJ32 -> 165.33333 | AM32: =RANK(AL32, $AL$30:$AL$47) -> 1 | AO32: 12 | AP32: 1956 | AQ32: =AP32/AO32 -> 163 | AR32: =RANK(AQ32,$AQ$30:$AQ$47) -> 2 | AT32: 12 | AU32: 1953 | AV32: =AU32/AT32 -> 162.75 | AW32: =RANK(AV32, $AV$30:$AV$47) -> 3
C33: 4 | D33: 焗烤起司雙饗筆尖麵 | E33: =VLOOKUP(D33,'12產線配置圖'!$A$2:$C$25,2,0) -> 16 | F33: =VLOOKUP(D33,'12產線配置圖'!$A$2:$C$25,3,0) -> 1800 | G33: =F33/E33 -> 112.5 | I33: =AVERAGE(P33,U33,Z33,AE33,AJ33,AO33,AT33) -> 16.428571 | J33: =AVERAGE(Q33,V33,AA33,AF33,AK33,AP33,AU33) -> 1641.1429 | K33: =AVERAGE(R33,W33,AB33,AG33,AL33,AQ33,AV33) -> 99.928571 | M33: =RANK(K33, K$30:$K$47) -> 7 | P33: 16 | Q33: 1639 | R33: =Q33/P33 -> 102.4375 | S33: =RANK(R33,$R$30:$R$47) -> 7 | U33: 17 | V33: 1686 | W33: =V33/U33 -> 99.176471 | X33: =RANK(W33, $W$30:$W$47) -> 7 | Z33: 16 | AA33: 1555 | AB33: =AA33/Z33 -> 97.1875 | AC33: =RANK(AB33, $AB$30:$AB$47) -> 6 | AE33: 17 | AF33: 1687 | AG33: =AF33/AE33 -> 99.235294 | AH33: =RANK(AG33, $AG$30:$AG$47) -> 7 | AJ33: 16 | AK33: 1632 | AL33: =AK33/AJ33 -> 102 | AM33: =RANK(AL33, $AL$30:$AL$47) -> 6 | AO33: 16 | AP33: 1630 | AQ33: =AP33/AO33 -> 101.875 | AR33: =RANK(AQ33,$AQ$30:$AQ$47) -> 7 | AT33: 17 | AU33: 1659 | AV33: =AU33/AT33 -> 97.588235 | AW33: =RANK(AV33, $AV$30:$AV$47) -> 10
C34: 5 | D34: 白酒蛤蜊義大利麵 | E34: =VLOOKUP(D34,'12產線配置圖'!$A$2:$C$25,2,0) -> #N/A | F34: =VLOOKUP(D34,'12產線配置圖'!$A$2:$C$25,3,0) -> #N/A | G34: =F34/E34 -> #N/A | I34: =AVERAGE(P34,U34,Z34,AE34,AJ34,AO34,AT34) -> 12.428571 | J34: =AVERAGE(Q34,V34,AA34,AF34,AK34,AP34,AU34) -> 1922.7143 | K34: =AVERAGE(R34,W34,AB34,AG34,AL34,AQ34,AV34) -> 154.85191 | M34: =RANK(K34, K$30:$K$47) -> 3 | P34: 14 | Q34: 2179 | R34: =Q34/P34 -> 155.64286 | S34: =RANK(R34,$R$30:$R$47) -> 2 | U34: 13 | V34: 1822 | W34: =V34/U34 -> 140.15385 | X34: =RANK(W34, $W$30:$W$47) -> 3 | Z34: 12 | AA34: 1856 | AB34: =AA34/Z34 -> 154.66667 | AC34: =RANK(AB34, $AB$30:$AB$47) -> 1 | AE34: 12 | AF34: 1884 | AG34: =AF34/AE34 -> 157 | AH34: =RANK(AG34, $AG$30:$AG$47) -> 2 | AJ34: 12 | AK34: 1832 | AL34: =AK34/AJ34 -> 152.66667 | AM34: =RANK(AL34, $AL$30:$AL$47) -> 3 | AO34: 12 | AP34: 1921 | AQ34: =AP34/AO34 -> 160.08333 | AR34: =RANK(AQ34,$AQ$30:$AQ$47) -> 3 | AT34: 12 | AU34: 1965 | AV34: =AU34/AT34 -> 163.75 | AW34: =RANK(AV34, $AV$30:$AV$47) -> 2
C35: 6 | D35: 青花椒麻雞肉拌麵 | E35: =VLOOKUP(D35,'12產線配置圖'!$A$2:$C$25,2,0) -> 15 | F35: =VLOOKUP(D35,'12產線配置圖'!$A$2:$C$25,3,0) -> 1714 | G35: =F35/E35 -> 114.26667 | I35: =AVERAGE(P35,U35,Z35,AE35,AJ35,AO35,AT35) -> 16.142857 | J35: =AVERAGE(Q35,V35,AA35,AF35,AK35,AP35,AU35) -> 1508.4286 | K35: =AVERAGE(R35,W35,AB35,AG35,AL35,AQ35,AV35) -> 93.435924 | M35: =RANK(K35, K$30:$K$47) -> 10 | P35: 16 | Q35: 1620 | R35: =Q35/P35 -> 101.25 | S35: =RANK(R35,$R$30:$R$47) -> 9 | U35: 17 | V35: 1450 | W35: =V35/U35 -> 85.294118 | X35: =RANK(W35, $W$30:$W$47) -> 11 | Z35: 15 | AA35: 1350 | AB35: =AA35/Z35 -> 90 | AC35: =RANK(AB35, $AB$30:$AB$47) -> 11 | AE35: 16 | AF35: 1551 | AG35: =AF35/AE35 -> 96.9375 | AH35: =RANK(AG35, $AG$30:$AG$47) -> 9 | AJ35: 16 | AK35: 1435 | AL35: =AK35/AJ35 -> 89.6875 | AM35: =RANK(AL35, $AL$30:$AL$47) -> 11 | AO35: 16 | AP35: 1472 | AQ35: =AP35/AO35 -> 92 | AR35: =RANK(AQ35,$AQ$30:$AQ$47) -> 10 | AT35: 17 | AU35: 1681 | AV35: =AU35/AT35 -> 98.882353 | AW35: =RANK(AV35, $AV$30:$AV$47) -> 7
C36: 7 | D36: 剝皮辣椒雞奶油扁麵 | E36: =VLOOKUP(D36,'12產線配置圖'!$A$2:$C$25,2,0) -> 17 | F36: =VLOOKUP(D36,'12產線配置圖'!$A$2:$C$25,3,0) -> 1714 | G36: =F36/E36 -> 100.82353 | I36: =AVERAGE(P36,U36,Z36,AE36,AJ36,AO36,AT36) -> 16.857143 | J36: =AVERAGE(Q36,V36,AA36,AF36,AK36,AP36,AU36) -> 1230.1429 | K36: =AVERAGE(R36,W36,AB36,AG36,AL36,AQ36,AV36) -> 73.226457 | M36: =RANK(K36, K$30:$K$47) -> 15 | P36: 19 | Q36: 1273 | R36: =Q36/P36 -> 67 | S36: =RANK(R36,$R$30:$R$47) -> 15 | U36: 16 | V36: 1218 | W36: =V36/U36 -> 76.125 | X36: =RANK(W36, $W$30:$W$47) -> 13 | Z36: 17 | AA36: 1142 | AB36: =AA36/Z36 -> 67.176471 | AC36: =RANK(AB36, $AB$30:$AB$47) -> 15 | AE36: 18 | AF36: 1309 | AG36: =AF36/AE36 -> 72.722222 | AH36: =RANK(AG36, $AG$30:$AG$47) -> 14 | AJ36: 14 | AK36: 1067 | AL36: =AK36/AJ36 -> 76.214286 | AM36: =RANK(AL36, $AL$30:$AL$47) -> 15 | AO36: 18 | AP36: 1336 | AQ36: =AP36/AO36 -> 74.222222 | AR36: =RANK(AQ36,$AQ$30:$AQ$47) -> 15 | AT36: 16 | AU36: 1266 | AV36: =AU36/AT36 -> 79.125 | AW36: =RANK(AV36, $AV$30:$AV$47) -> 14
C37: 8 | D37: 濃拿坡里義大利麵 | E37: =VLOOKUP(D37,'12產線配置圖'!$A$2:$C$25,2,0) -> 16 | F37: =VLOOKUP(D37,'12產線配置圖'!$A$2:$C$25,3,0) -> 1406 | G37: =F37/E37 -> 87.875 | I37: =AVERAGE(P37,U37,Z37,AE37,AJ37,AO37,AT37) -> 13.285714 | J37: =AVERAGE(Q37,V37,AA37,AF37,AK37,AP37,AU37) -> 1046.5714 | K37: =AVERAGE(R37,W37,AB37,AG37,AL37,AQ37,AV37) -> 78.760106 | M37: =RANK(K37, K$30:$K$47) -> 13 | P37: 14 | Q37: 1021 | R37: =Q37/P37 -> 72.928571 | S37: =RANK(R37,$R$30:$R$47) -> 14 | U37: 14 | V37: 1207 | W37: =V37/U37 -> 86.214286 | X37: =RANK(W37, $W$30:$W$47) -> 10 | Z37: 12 | AA37: 997 | AB37: =AA37/Z37 -> 83.083333 | AC37: =RANK(AB37, $AB$30:$AB$47) -> 13 | AE37: 16 | AF37: 1257 | AG37: =AF37/AE37 -> 78.5625 | AH37: =RANK(AG37, $AG$30:$AG$47) -> 12 | AJ37: 12 | AK37: 974 | AL37: =AK37/AJ37 -> 81.166667 | AM37: =RANK(AL37, $AL$30:$AL$47) -> 12 | AO37: 13 | AP37: 1009 | AQ37: =AP37/AO37 -> 77.615385 | AR37: =RANK(AQ37,$AQ$30:$AQ$47) -> 14 | AT37: 12 | AU37: 861 | AV37: =AU37/AT37 -> 71.75 | AW37: =RANK(AV37, $AV$30:$AV$47) -> 15
C38: 9 | D38: 奶油起司蝦仁通心粉 | E38: =VLOOKUP(D38,'12產線配置圖'!$A$2:$C$25,2,0) -> #N/A | F38: =VLOOKUP(D38,'12產線配置圖'!$A$2:$C$25,3,0) -> #N/A | G38: =F38/E38 -> #N/A | I38: =AVERAGE(P38,U38,Z38,AE38,AJ38,AO38,AT38) -> 16.142857 | J38: =AVERAGE(Q38,V38,AA38,AF38,AK38,AP38,AU38) -> 1508.5714 | K38: =AVERAGE(R38,W38,AB38,AG38,AL38,AQ38,AV38) -> 93.413866 | M38: =RANK(K38, K$30:$K$47) -> 11 | P38: 17 | Q38: 1660 | R38: =Q38/P38 -> 97.647059 | S38: =RANK(R38,$R$30:$R$47) -> 10 | U38: 16 | V38: 1007 | W38: =V38/U38 -> 62.9375 | X38: =RANK(W38, $W$30:$W$47) -> 15 | Z38: 16 | AA38: 1555 | AB38: =AA38/Z38 -> 97.1875 | AC38: =RANK(AB38, $AB$30:$AB$47) -> 6 | AE38: 16 | AF38: 1551 | AG38: =AF38/AE38 -> 96.9375 | AH38: =RANK(AG38, $AG$30:$AG$47) -> 9 | AJ38: 16 | AK38: 1616 | AL38: =AK38/AJ38 -> 101 | AM38: =RANK(AL38, $AL$30:$AL$47) -> 8 | AO38: 16 | AP38: 1612 | AQ38: =AP38/AO38 -> 100.75 | AR38: =RANK(AQ38,$AQ$30:$AQ$47) -> 8 | AT38: 16 | AU38: 1559 | AV38: =AU38/AT38 -> 97.4375 | AW38: =RANK(AV38, $AV$30:$AV$47) -> 11
C39: 10 | D39: 惡魔乳酪生義大利麵 | E39: =VLOOKUP(D39,'12產線配置圖'!$A$2:$C$25,2,0) -> #N/A | F39: =VLOOKUP(D39,'12產線配置圖'!$A$2:$C$25,3,0) -> #N/A | G39: =F39/E39 -> #N/A | I39: =AVERAGE(P39,U39,Z39,AE39,AJ39,AO39,AT39) -> 15.857143 | J39: =AVERAGE(Q39,V39,AA39,AF39,AK39,AP39,AU39) -> 1575 | K39: =AVERAGE(R39,W39,AB39,AG39,AL39,AQ39,AV39) -> 99.128196 | M39: =RANK(K39, K$30:$K$47) -> 8 | P39: 17 | Q39: 1738 | R39: =Q39/P39 -> 102.23529 | S39: =RANK(R39,$R$30:$R$47) -> 8 | U39: 16 | V39: 1709 | W39: =V39/U39 -> 106.8125 | X39: =RANK(W39, $W$30:$W$47) -> 6 | Z39: 14 | AA39: 1277 | AB39: =AA39/Z39 -> 91.214286 | AC39: =RANK(AB39, $AB$30:$AB$47) -> 10 | AE39: 16 | AF39: 1574 | AG39: =AF39/AE39 -> 98.375 | AH39: =RANK(AG39, $AG$30:$AG$47) -> 8 | AJ39: 17 | AK39: 1721 | AL39: =AK39/AJ39 -> 101.23529 | AM39: =RANK(AL39, $AL$30:$AL$47) -> 7 | AO39: 16 | AP39: 1530 | AQ39: =AP39/AO39 -> 95.625 | AR39: =RANK(AQ39,$AQ$30:$AQ$47) -> 9 | AT39: 15 | AU39: 1476 | AV39: =AU39/AT39 -> 98.4 | AW39: =RANK(AV39, $AV$30:$AV$47) -> 8
C40: 11 | D40: 沙茶豬肉炒麵 | E40: =VLOOKUP(D40,'12產線配置圖'!$A$2:$C$25,2,0) -> 17 | F40: =VLOOKUP(D40,'12產線配置圖'!$A$2:$C$25,3,0) -> 1440 | G40: =F40/E40 -> 84.705882 | I40: =AVERAGE(P40,U40,Z40,AE40,AJ40,AO40,AT40) -> 15.857143 | J40: =AVERAGE(Q40,V40,AA40,AF40,AK40,AP40,AU40) -> 1223.1429 | K40: =AVERAGE(R40,W40,AB40,AG40,AL40,AQ40,AV40) -> 77.381874 | M40: =RANK(K40, K$30:$K$47) -> 14 | P40: 16 | Q40: 1235 | R40: =Q40/P40 -> 77.1875 | S40: =RANK(R40,$R$30:$R$47) -> 13 | U40: 17 | V40: 1200 | W40: =V40/U40 -> 70.588235 | X40: =RANK(W40, $W$30:$W$47) -> 14 | Z40: 15 | AA40: 1237 | AB40: =AA40/Z40 -> 82.466667 | AC40: =RANK(AB40, $AB$30:$AB$47) -> 14 | AE40: 17 | AF40: 1226 | AG40: =AF40/AE40 -> 72.117647 | AH40: =RANK(AG40, $AG$30:$AG$47) -> 15 | AJ40: 17 | AK40: 1318 | AL40: =AK40/AJ40 -> 77.529412 | AM40: =RANK(AL40, $AL$30:$AL$47) -> 14 | AO40: 16 | AP40: 1295 | AQ40: =AP40/AO40 -> 80.9375 | AR40: =RANK(AQ40,$AQ$30:$AQ$47) -> 12 | AT40: 13 | AU40: 1051 | AV40: =AU40/AT40 -> 80.846154 | AW40: =RANK(AV40, $AV$30:$AV$47) -> 13
C41: 12 | D41: 府城鹽水意麵 | E41: =VLOOKUP(D41,'12產線配置圖'!$A$2:$C$25,2,0) -> 17 | F41: =VLOOKUP(D41,'12產線配置圖'!$A$2:$C$25,3,0) -> 1565 | G41: =F41/E41 -> 92.058824 | I41: =AVERAGE(P41,U41,Z41,AE41,AJ41,AO41,AT41) -> 16.857143 | J41: =AVERAGE(Q41,V41,AA41,AF41,AK41,AP41,AU41) -> 1359.5714 | K41: =AVERAGE(R41,W41,AB41,AG41,AL41,AQ41,AV41) -> 80.627101 | M41: =RANK(K41, K$30:$K$47) -> 12 | P41: 17 | Q41: 1408 | R41: =Q41/P41 -> 82.823529 | S41: =RANK(R41,$R$30:$R$47) -> 12 | U41: 17 | V41: 1405 | W41: =V41/U41 -> 82.647059 | X41: =RANK(W41, $W$30:$W$47) -> 12 | Z41: 17 | AA41: 1435 | AB41: =AA41/Z41 -> 84.411765 | AC41: =RANK(AB41, $AB$30:$AB$47) -> 12 | AE41: 17 | AF41: 1281 | AG41: =AF41/AE41 -> 75.352941 | AH41: =RANK(AG41, $AG$30:$AG$47) -> 13 | AJ41: 16 | AK41: 1242 | AL41: =AK41/AJ41 -> 77.625 | AM41: =RANK(AL41, $AL$30:$AL$47) -> 13 | AO41: 17 | AP41: 1348 | AQ41: =AP41/AO41 -> 79.294118 | AR41: =RANK(AQ41,$AQ$30:$AQ$47) -> 13 | AT41: 17 | AU41: 1398 | AV41: =AU41/AT41 -> 82.235294 | AW41: =RANK(AV41, $AV$30:$AV$47) -> 12
C42: 13 | D42: 焗烤起司肉醬筆尖麵 | E42: =VLOOKUP(D42,'12產線配置圖'!$A$2:$C$25,2,0) -> 13 | F42: =VLOOKUP(D42,'12產線配置圖'!$A$2:$C$25,3,0) -> 1440 | G42: =F42/E42 -> 110.76923 | I42: =AVERAGE(P42,U42,Z42,AE42,AJ42,AO42,AT42) -> 10.857143 | J42: =AVERAGE(Q42,V42,AA42,AF42,AK42,AP42,AU42) -> 1122.7143 | K42: =AVERAGE(R42,W42,AB42,AG42,AL42,AQ42,AV42) -> 103.62706 | M42: =RANK(K42, K$30:$K$47) -> 6 | P42: 11 | Q42: 1134 | R42: =Q42/P42 -> 103.09091 | S42: =RANK(R42,$R$30:$R$47) -> 5 | U42: 12 | V42: 1139 | W42: =V42/U42 -> 94.916667 | X42: =RANK(W42, $W$30:$W$47) -> 8 | Z42: 11 | AA42: 1194 | AB42: =AA42/Z42 -> 108.54545 | AC42: =RANK(AB42, $AB$30:$AB$47) -> 5 | AE42: 11 | AF42: 1215 | AG42: =AF42/AE42 -> 110.45455 | AH42: =RANK(AG42, $AG$30:$AG$47) -> 5 | AJ42: 11 | AK42: 1025 | AL42: =AK42/AJ42 -> 93.181818 | AM42: =RANK(AL42, $AL$30:$AL$47) -> 9 | AO42: 10 | AP42: 1064 | AQ42: =AP42/AO42 -> 106.4 | AR42: =RANK(AQ42,$AQ$30:$AQ$47) -> 6 | AT42: 10 | AU42: 1088 | AV42: =AU42/AT42 -> 108.8 | AW42: =RANK(AV42, $AV$30:$AV$47) -> 5
... C44: 15 | D44: 燻火腿貓耳朵麵 | E44: =VLOOKUP(D44,'12產線配置圖'!$A$2:$C$25,2,0) -> 16 | F44: =VLOOKUP(D44,'12產線配置圖'!$A$2:$C$25,3,0) -> 1714 | G44: =F44/E44 -> 107.125 | I44: =AVERAGE(P44,U44,Z44,AE44,AJ44,AO44,AT44) -> 16 | J44: =AVERAGE(Q44,V44,AA44,AF44,AK44,AP44,AU44) -> 1496.1429 | K44: =AVERAGE(R44,W44,AB44,AG44,AL44,AQ44,AV44) -> 93.508929 | M44: =RANK(K44, K$30:$K$47) -> 9 | P44: 16 | Q44: 1556 | R44: =Q44/P44 -> 97.25 | S44: =RANK(R44,$R$30:$R$47) -> 11 | U44: 16 | V44: 1509 | W44: =V44/U44 -> 94.3125 | X44: =RANK(W44, $W$30:$W$47) -> 9 | Z44: 16 | AA44: 1538 | AB44: =AA44/Z44 -> 96.125 | AC44: =RANK(AB44, $AB$30:$AB$47) -> 8 | AE44: 16 | AF44: 1447 | AG44: =AF44/AE44 -> 90.4375 | AH44: =RANK(AG44, $AG$30:$AG$47) -> 11 | AJ44: 16 | AK44: 1468 | AL44: =AK44/AJ44 -> 91.75 | AM44: =RANK(AL44, $AL$30:$AL$47) -> 10 | AO44: 16 | AP44: 1392 | AQ44: =AP44/AO44 -> 87 | AR44: =RANK(AQ44,$AQ$30:$AQ$47) -> 11 | AT44: 16 | AU44: 1563 | AV44: =AU44/AT44 -> 97.6875 | AW44: =RANK(AV44, $AV$30:$AV$47) -> 9
C45: 16
C46: 17
C47: 18
B48: 產線配置圖－每週更新 | N48: 資料繳交 | O48: 日期 | P48: 46091 | U48: 46092 | Z48: 46093 | AE48: 46094 | AJ48: 46095 | AO48: 46096 | AT48: 46097
P49: 二 | U49: 三 | Z49: 四 | AE49: 五 | AJ49: 六 | AO49: 日 | AT49: 一
B50: 品群 | C50: 商品名稱 | E50: 計畫 | H50: 平均人時性 | I50: 實績 | L50: 平均人時性 | M50: 排名 | O50: 日報 | P50: 實際 | T50: 平均人時性 | U50: 實際 | Y50: 平均人時性 | Z50: 實際 | AD50: 平均人時性 | AE50: 實際 | AI50: 平均人時性 | AJ50: 實際 | AN50: 平均人時性 | AO50: 實際 | AS50: 平均人時性 | AT50: 實際 | AX50: 平均人時性
E51: 產線配置圖 | I51: 產線配置圖 | P51: 生產實績 | U51: 生產實績 | Z51: 生產實績 | AE51: 生產實績 | AJ51: 生產實績 | AO51: 生產實績 | AT51: 生產實績
E52: 人數 | F52: 產能／時 | G52: 人時性 | I52: 人數 | J52: 產能／時 | K52: 人時性 | P52: 人數 | Q52: 產能／時 | R52: 人時性 | S52: 排名 | U52: 人數 | V52: 產能／時 | W52: 人時性 | X52: 排名 | Z52: 人數 | AA52: 產能／時 | AB52: 人時性 | AC52: 排名 | AE52: 人數 | AF52: 產能／時 | AG52: 人時性 | AH52: 排名 | AJ52: 人數 | AK52: 產能／時 | AL52: 人時性 | AM52: 排名 | AO52: 人數 | AP52: 產能／時 | AQ52: 人時性 | AR52: 排名 | AT52: 人數 | AU52: 產能／時 | AV52: 人時性 | AW52: 排名
B53: 熱食義麵 | C53: 1 | D53: 義式蕃茄起司義大利麵 | E53: =VLOOKUP(D53,'12產線配置圖'!$A$2:$C$25,2,0) -> 11 | F53: =VLOOKUP(D53,'12產線配置圖'!$A$2:$C$25,3,0) -> 2118 | G53: =F53/E53 -> 192.54545 | H53: =AVERAGE(G53:G70) -> #N/A | I53: =AVERAGE(P53,U53,Z53,AE53,AJ53,AO53,AT53) -> 11 | J53: =AVERAGE(Q53,V53,AA53,AF53,AK53,AP53,AU53) -> 1952.2857 | K53: =AVERAGE(R53,W53,AB53,AG53,AL53,AQ53,AV53) -> 177.48052 | L53: =IFERROR(AVERAGE(K53:K70),"-") -> 110.81282 | M53: =RANK(K53, K$53:$K$70) -> 1 | P53: 11 | Q53: 1914 | R53: =Q53/P53 -> 174 | S53: =RANK(R53, $R$53:$R$70) -> 1 | T53: =AVERAGE(R53:R70) -> 112.56874 | U53: 11 | V53: 1953 | W53: =V53/U53 -> 177.54545 | X53: =RANK(W53,$W$53:$W$70) -> 1 | Y53: =AVERAGE(W53:W70) -> 110.11838 | Z53: 11 | AA53: 1892 | AB53: =AA53/Z53 -> 172 | AC53: =RANK(AB53, $AB$53:$AB$70) -> 1 | AD53: =AVERAGE(AB53:AB70) -> 109.03678 | AE53: 11 | AF53: 1881 | AG53: =AF53/AE53 -> 171 | AH53: =RANK(AG53, $AG$53:$AG$70) -> #DIV/0! | AI53: =AVERAGE(AG53:AG70) -> #DIV/0! | AJ53: 11 | AK53: 1989 | AL53: =AK53/AJ53 -> 180.81818 | AM53: =RANK(AL53,$AL$53:$AL$70) -> 1 | AN53: =AVERAGE(AL53:AL70) -> 113.62969 | AO53: 11 | AP53: 1966 | AQ53: =AP53/AO53 -> 178.72727 | AR53: =RANK(AQ53,$AQ$53:$AQ$70) -> 1 | AS53: =AVERAGE(AQ53:AQ70) -> 111.96268 | AT53: 11 | AU53: 2071 | AV53: =AU53/AT53 -> 188.27273 | AW53: =RANK(AV53,$AV$53:$AV$70) -> #DIV/0! | AX53: =AVERAGE(AV53:AV70) -> #DIV/0!
C54: 2 | D54: 奶油培根義大利麵 | E54: =VLOOKUP(D54,'12產線配置圖'!$A$2:$C$25,2,0) -> 13 | F54: =VLOOKUP(D54,'12產線配置圖'!$A$2:$C$25,3,0) -> 2118 | G54: =F54/E54 -> 162.92308 | I54: =AVERAGE(P54,U54,Z54,AE54,AJ54,AO54,AT54) -> 13 | J54: =AVERAGE(Q54,V54,AA54,AF54,AK54,AP54,AU54) -> 1936.8571 | K54: =AVERAGE(R54,W54,AB54,AG54,AL54,AQ54,AV54) -> 148.98901 | M54: =RANK(K54, K$53:$K$70) -> 4 | P54: 13 | Q54: 1938 | R54: =Q54/P54 -> 149.07692 | S54: =RANK(R54, $R$53:$R$70) -> 4 | U54: 13 | V54: 1822 | W54: =V54/U54 -> 140.15385 | X54: =RANK(W54,$W$53:$W$70) -> 4 | Z54: 13 | AA54: 1928 | AB54: =AA54/Z54 -> 148.30769 | AC54: =RANK(AB54, $AB$53:$AB$70) -> 4 | AE54: 13 | AF54: 1953 | AG54: =AF54/AE54 -> 150.23077 | AH54: =RANK(AG54, $AG$53:$AG$70) -> #DIV/0! | AJ54: 13 | AK54: 1963 | AL54: =AK54/AJ54 -> 151 | AM54: =RANK(AL54,$AL$53:$AL$70) -> 4 | AO54: 13 | AP54: 1964 | AQ54: =AP54/AO54 -> 151.07692 | AR54: =RANK(AQ54,$AQ$53:$AQ$70) -> 4 | AT54: 13 | AU54: 1990 | AV54: =AU54/AT54 -> 153.07692 | AW54: =RANK(AV54,$AV$53:$AV$70) -> #DIV/0!
C55: 3 | D55: 青醬蛤蜊義大利麵 | E55: =VLOOKUP(D55,'12產線配置圖'!$A$2:$C$25,2,0) -> 12 | F55: =VLOOKUP(D55,'12產線配置圖'!$A$2:$C$25,3,0) -> 2118 | G55: =F55/E55 -> 176.5 | I55: =AVERAGE(P55,U55,Z55,AE55,AJ55,AO55,AT55) -> 12 | J55: =AVERAGE(Q55,V55,AA55,AF55,AK55,AP55,AU55) -> 1912.8571 | K55: =AVERAGE(R55,W55,AB55,AG55,AL55,AQ55,AV55) -> 159.40476 | M55: =RANK(K55, K$53:$K$70) -> 3 | P55: 12 | Q55: 1964 | R55: =Q55/P55 -> 163.66667 | S55: =RANK(R55, $R$53:$R$70) -> 3 | U55: 12 | V55: 1905 | W55: =V55/U55 -> 158.75 | X55: =RANK(W55,$W$53:$W$70) -> 3 | Z55: 12 | AA55: 1850 | AB55: =AA55/Z55 -> 154.16667 | AC55: =RANK(AB55, $AB$53:$AB$70) -> 3 | AE55: 12 | AF55: 1794 | AG55: =AF55/AE55 -> 149.5 | AH55: =RANK(AG55, $AG$53:$AG$70) -> #DIV/0! | AJ55: 12 | AK55: 1970 | AL55: =AK55/AJ55 -> 164.16667 | AM55: =RANK(AL55,$AL$53:$AL$70) -> 2 | AO55: 12 | AP55: 1841 | AQ55: =AP55/AO55 -> 153.41667 | AR55: =RANK(AQ55,$AQ$53:$AQ$70) -> 3 | AT55: 12 | AU55: 2066 | AV55: =AU55/AT55 -> 172.16667 | AW55: =RANK(AV55,$AV$53:$AV$70) -> #DIV/0!
C56: 4 | D56: 焗烤起司雙饗筆尖麵 | E56: =VLOOKUP(D56,'12產線配置圖'!$A$2:$C$25,2,0) -> 16 | F56: =VLOOKUP(D56,'12產線配置圖'!$A$2:$C$25,3,0) -> 1800 | G56: =F56/E56 -> 112.5 | I56: =AVERAGE(P56,U56,Z56,AE56,AJ56,AO56,AT56) -> 16.142857 | J56: =AVERAGE(Q56,V56,AA56,AF56,AK56,AP56,AU56) -> 1602.1429 | K56: =AVERAGE(R56,W56,AB56,AG56,AL56,AQ56,AV56) -> 99.227416 | M56: =RANK(K56, K$53:$K$70) -> 9 | P56: 16 | Q56: 1583 | R56: =Q56/P56 -> 98.9375 | S56: =RANK(R56, $R$53:$R$70) -> 9 | U56: 16 | V56: 1606 | W56: =V56/U56 -> 100.375 | X56: =RANK(W56,$W$53:$W$70) -> 6 | Z56: 16 | AA56: 1503 | AB56: =AA56/Z56 -> 93.9375 | AC56: =RANK(AB56, $AB$53:$AB$70) -> 8 | AE56: 17 | AF56: 1726 | AG56: =AF56/AE56 -> 101.52941 | AH56: =RANK(AG56, $AG$53:$AG$70) -> #DIV/0! | AJ56: 16 | AK56: 1582 | AL56: =AK56/AJ56 -> 98.875 | AM56: =RANK(AL56,$AL$53:$AL$70) -> 9 | AO56: 16 | AP56: 1540 | AQ56: =AP56/AO56 -> 96.25 | AR56: =RANK(AQ56,$AQ$53:$AQ$70) -> 9 | AT56: 16 | AU56: 1675 | AV56: =AU56/AT56 -> 104.6875 | AW56: =RANK(AV56,$AV$53:$AV$70) -> #DIV/0!
C57: 5 | D57: 白酒蛤蜊義大利麵 | E57: =VLOOKUP(D57,'12產線配置圖'!$A$2:$C$25,2,0) -> #N/A | F57: =VLOOKUP(D57,'12產線配置圖'!$A$2:$C$25,3,0) -> #N/A | G57: =F57/E57 -> #N/A | I57: =AVERAGE(P57,U57,Z57,AE57,AJ57,AO57,AT57) -> 12 | J57: =AVERAGE(Q57,V57,AA57,AF57,AK57,AP57,AU57) -> 1969.4286 | K57: =AVERAGE(R57,W57,AB57,AG57,AL57,AQ57,AV57) -> 164.11905 | M57: =RANK(K57, K$53:$K$70) -> 2 | P57: 12 | Q57: 2071 | R57: =Q57/P57 -> 172.58333 | S57: =RANK(R57, $R$53:$R$70) -> 2 | U57: 12 | V57: 1972 | W57: =V57/U57 -> 164.33333 | X57: =RANK(W57,$W$53:$W$70) -> 2 | Z57: 12 | AA57: 2028 | AB57: =AA57/Z57 -> 169 | AC57: =RANK(AB57, $AB$53:$AB$70) -> 2 | AE57: 12 | AF57: 1782 | AG57: =AF57/AE57 -> 148.5 | AH57: =RANK(AG57, $AG$53:$AG$70) -> #DIV/0! | AJ57: 12 | AK57: 1911 | AL57: =AK57/AJ57 -> 159.25 | AM57: =RANK(AL57,$AL$53:$AL$70) -> 3 | AO57: 12 | AP57: 2022 | AQ57: =AP57/AO57 -> 168.5 | AR57: =RANK(AQ57,$AQ$53:$AQ$70) -> 2 | AT57: 12 | AU57: 2000 | AV57: =AU57/AT57 -> 166.66667 | AW57: =RANK(AV57,$AV$53:$AV$70) -> #DIV/0!
C58: 6 | D58: 青花椒麻雞肉拌麵 | E58: =VLOOKUP(D58,'12產線配置圖'!$A$2:$C$25,2,0) -> 15 | F58: =VLOOKUP(D58,'12產線配置圖'!$A$2:$C$25,3,0) -> 1714 | G58: =F58/E58 -> 114.26667 | I58: =AVERAGE(P58,U58,Z58,AE58,AJ58,AO58,AT58) -> 15.428571 | J58: =AVERAGE(Q58,V58,AA58,AF58,AK58,AP58,AU58) -> 1497 | K58: =AVERAGE(R58,W58,AB58,AG58,AL58,AQ58,AV58) -> 97.104587 | M58: =RANK(K58, K$53:$K$70) -> 10 | P58: 15 | Q58: 1446 | R58: =Q58/P58 -> 96.4 | S58: =RANK(R58, $R$53:$R$70) -> 10 | U58: 16 | V58: 1413 | W58: =V58/U58 -> 88.3125 | X58: =RANK(W58,$W$53:$W$70) -> 10 | Z58: 15 | AA58: 1294 | AB58: =AA58/Z58 -> 86.266667 | AC58: =RANK(AB58, $AB$53:$AB$70) -> 10 | AE58: 17 | AF58: 1655 | AG58: =AF58/AE58 -> 97.352941 | AH58: =RANK(AG58, $AG$53:$AG$70) -> #DIV/0! | AJ58: 15 | AK58: 1554 | AL58: =AK58/AJ58 -> 103.6 | AM58: =RANK(AL58,$AL$53:$AL$70) -> 7 | AO58: 15 | AP58: 1552 | AQ58: =AP58/AO58 -> 103.46667 | AR58: =RANK(AQ58,$AQ$53:$AQ$70) -> 7 | AT58: 15 | AU58: 1565 | AV58: =AU58/AT58 -> 104.33333 | AW58: =RANK(AV58,$AV$53:$AV$70) -> #DIV/0!
C59: 7 | D59: 剝皮辣椒雞奶油扁麵 | E59: =VLOOKUP(D59,'12產線配置圖'!$A$2:$C$25,2,0) -> 17 | F59: =VLOOKUP(D59,'12產線配置圖'!$A$2:$C$25,3,0) -> 1714 | G59: =F59/E59 -> 100.82353 | I59: =AVERAGE(P59,U59,Z59,AE59,AJ59,AO59,AT59) -> 16.714286 | J59: =AVERAGE(Q59,V59,AA59,AF59,AK59,AP59,AU59) -> 1331.4286 | K59: =AVERAGE(R59,W59,AB59,AG59,AL59,AQ59,AV59) -> 79.688585 | M59: =RANK(K59, K$53:$K$70) -> 13 | P59: 18 | Q59: 1408 | R59: =Q59/P59 -> 78.222222 | S59: =RANK(R59, $R$53:$R$70) -> 14 | U59: 16 | V59: 1289 | W59: =V59/U59 -> 80.5625 | X59: =RANK(W59,$W$53:$W$70) -> 11 | Z59: 17 | AA59: 1357 | AB59: =AA59/Z59 -> 79.823529 | AC59: =RANK(AB59, $AB$53:$AB$70) -> 12 | AE59: 16 | AF59: 1197 | AG59: =AF59/AE59 -> 74.8125 | AH59: =RANK(AG59, $AG$53:$AG$70) -> #DIV/0! | AJ59: 15 | AK59: 1218 | AL59: =AK59/AJ59 -> 81.2 | AM59: =RANK(AL59,$AL$53:$AL$70) -> 13 | AO59: 18 | AP59: 1379 | AQ59: =AP59/AO59 -> 76.611111 | AR59: =RANK(AQ59,$AQ$53:$AQ$70) -> 13 | AT59: 17 | AU59: 1472 | AV59: =AU59/AT59 -> 86.588235 | AW59: =RANK(AV59,$AV$53:$AV$70) -> #DIV/0!
C60: 8 | D60: 濃拿坡里義大利麵 | E60: =VLOOKUP(D60,'12產線配置圖'!$A$2:$C$25,2,0) -> 16 | F60: =VLOOKUP(D60,'12產線配置圖'!$A$2:$C$25,3,0) -> 1406 | G60: =F60/E60 -> 87.875 | I60: =AVERAGE(P60,U60,Z60,AE60,AJ60,AO60,AT60) -> 14.285714 | J60: =AVERAGE(Q60,V60,AA60,AF60,AK60,AP60,AU60) -> 977.28571 | K60: =AVERAGE(R60,W60,AB60,AG60,AL60,AQ60,AV60) -> 68.73109 | M60: =RANK(K60, K$53:$K$70) -> 15 | P60: 14 | Q60: 1060 | R60: =Q60/P60 -> 75.714286 | S60: =RANK(R60, $R$53:$R$70) -> 15 | U60: 14 | V60: 1035 | W60: =V60/U60 -> 73.928571 | X60: =RANK(W60,$W$53:$W$70) -> 14 | Z60: 15 | AA60: 1114 | AB60: =AA60/Z60 -> 74.266667 | AC60: =RANK(AB60, $AB$53:$AB$70) -> 13 | AE60: 14 | AF60: 1090 | AG60: =AF60/AE60 -> 77.857143 | AH60: =RANK(AG60, $AG$53:$AG$70) -> #DIV/0! | AJ60: 14 | AK60: 1022 | AL60: =AK60/AJ60 -> 73 | AM60: =RANK(AL60,$AL$53:$AL$70) -> 14 | AO60: 13 | AP60: 787 | AQ60: =AP60/AO60 -> 60.538462 | AR60: =RANK(AQ60,$AQ$53:$AQ$70) -> 14 | AT60: 16 | AU60: 733 | AV60: =AU60/AT60 -> 45.8125 | AW60: =RANK(AV60,$AV$53:$AV$70) -> #DIV/0!
C61: 9 | D61: 奶油起司蝦仁通心粉 | E61: =VLOOKUP(D61,'12產線配置圖'!$A$2:$C$25,2,0) -> #N/A | F61: =VLOOKUP(D61,'12產線配置圖'!$A$2:$C$25,3,0) -> #N/A | G61: =F61/E61 -> #N/A | I61: =AVERAGE(P61,U61,Z61,AE61,AJ61,AO61,AT61) -> 16 | J61: =AVERAGE(Q61,V61,AA61,AF61,AK61,AP61,AU61) -> 1619 | K61: =AVERAGE(R61,W61,AB61,AG61,AL61,AQ61,AV61) -> 101.1875 | M61: =RANK(K61, K$53:$K$70) -> 7 | P61: 16 | Q61: 1619 | R61: =Q61/P61 -> 101.1875 | S61: =RANK(R61, $R$53:$R$70) -> 7
C62: 10 | D62: 惡魔乳酪生義大利麵 | E62: =VLOOKUP(D62,'12產線配置圖'!$A$2:$C$25,2,0) -> #N/A | F62: =VLOOKUP(D62,'12產線配置圖'!$A$2:$C$25,3,0) -> #N/A | G62: =F62/E62 -> #N/A | I62: =AVERAGE(P62,U62,Z62,AE62,AJ62,AO62,AT62) -> 15.142857 | J62: =AVERAGE(Q62,V62,AA62,AF62,AK62,AP62,AU62) -> 1536.4286 | K62: =AVERAGE(R62,W62,AB62,AG62,AL62,AQ62,AV62) -> 101.72562 | M62: =RANK(K62, K$53:$K$70) -> 6 | P62: 14 | Q62: 1459 | R62: =Q62/P62 -> 104.21429 | S62: =RANK(R62, $R$53:$R$70) -> 6 | U62: 17 | V62: 1644 | W62: =V62/U62 -> 96.705882 | X62: =RANK(W62,$W$53:$W$70) -> 8 | Z62: 16 | AA62: 1473 | AB62: =AA62/Z62 -> 92.0625 | AC62: =RANK(AB62, $AB$53:$AB$70) -> 9 | AE62: 17 | AF62: 1766 | AG62: =AF62/AE62 -> 103.88235 | AH62: =RANK(AG62, $AG$53:$AG$70) -> #DIV/0! | AJ62: 14 | AK62: 1392 | AL62: =AK62/AJ62 -> 99.428571 | AM62: =RANK(AL62,$AL$53:$AL$70) -> 8 | AO62: 14 | AP62: 1440 | AQ62: =AP62/AO62 -> 102.85714 | AR62: =RANK(AQ62,$AQ$53:$AQ$70) -> 8 | AT62: 14 | AU62: 1581 | AV62: =AU62/AT62 -> 112.92857 | AW62: =RANK(AV62,$AV$53:$AV$70) -> #DIV/0!
C63: 11 | D63: 沙茶豬肉炒麵 | E63: =VLOOKUP(D63,'12產線配置圖'!$A$2:$C$25,2,0) -> 17 | F63: =VLOOKUP(D63,'12產線配置圖'!$A$2:$C$25,3,0) -> 1440 | G63: =F63/E63 -> 84.705882 | I63: =AVERAGE(P63,U63,Z63,AE63,AJ63,AO63,AT63) -> 16.285714 | J63: =AVERAGE(Q63,V63,AA63,AF63,AK63,AP63,AU63) -> 1275.4286 | K63: =AVERAGE(R63,W63,AB63,AG63,AL63,AQ63,AV63) -> 78.225735 | M63: =RANK(K63, K$53:$K$70) -> 14 | P63: 17 | Q63: 1427 | R63: =Q63/P63 -> 83.941176 | S63: =RANK(R63, $R$53:$R$70) -> 12 | U63: 16 | V63: 1203 | W63: =V63/U63 -> 75.1875 | X63: =RANK(W63,$W$53:$W$70) -> 13 | Z63: 16 | AA63: 1177 | AB63: =AA63/Z63 -> 73.5625 | AC63: =RANK(AB63, $AB$53:$AB$70) -> 14 | AE63: 16 | AF63: 1237 | AG63: =AF63/AE63 -> 77.3125 | AH63: =RANK(AG63, $AG$53:$AG$70) -> #DIV/0! | AJ63: 17 | AK63: 1402 | AL63: =AK63/AJ63 -> 82.470588 | AM63: =RANK(AL63,$AL$53:$AL$70) -> 12 | AO63: 15 | AP63: 1161 | AQ63: =AP63/AO63 -> 77.4 | AR63: =RANK(AQ63,$AQ$53:$AQ$70) -> 12 | AT63: 17 | AU63: 1321 | AV63: =AU63/AT63 -> 77.705882 | AW63: =RANK(AV63,$AV$53:$AV$70) -> #DIV/0!
C64: 12 | D64: 府城鹽水意麵 | E64: =VLOOKUP(D64,'12產線配置圖'!$A$2:$C$25,2,0) -> 17 | F64: =VLOOKUP(D64,'12產線配置圖'!$A$2:$C$25,3,0) -> 1565 | G64: =F64/E64 -> 92.058824 | I64: =AVERAGE(P64,U64,Z64,AE64,AJ64,AO64,AT64) -> 16.857143 | J64: =AVERAGE(Q64,V64,AA64,AF64,AK64,AP64,AU64) -> 1370.7143 | K64: =AVERAGE(R64,W64,AB64,AG64,AL64,AQ64,AV64) -> 81.327731 | M64: =RANK(K64, K$53:$K$70) -> 12 | P64: 17 | Q64: 1419 | R64: =Q64/P64 -> 83.470588 | S64: =RANK(R64, $R$53:$R$70) -> 13 | U64: 17 | V64: 1300 | W64: =V64/U64 -> 76.470588 | X64: =RANK(W64,$W$53:$W$70) -> 12 | Z64: 17 | AA64: 1380 | AB64: =AA64/Z64 -> 81.176471 | AC64: =RANK(AB64, $AB$53:$AB$70) -> 11 | AE64: 17 | AF64: 1336 | AG64: =AF64/AE64 -> 78.588235 | AH64: =RANK(AG64, $AG$53:$AG$70) -> #DIV/0! | AJ64: 17 | AK64: 1433 | AL64: =AK64/AJ64 -> 84.294118 | AM64: =RANK(AL64,$AL$53:$AL$70) -> 11 | AO64: 16 | AP64: 1328 | AQ64: =AP64/AO64 -> 83 | AR64: =RANK(AQ64,$AQ$53:$AQ$70) -> 11 | AT64: 17 | AU64: 1399 | AV64: =AU64/AT64 -> 82.294118 | AW64: =RANK(AV64,$AV$53:$AV$70) -> #DIV/0!
C65: 13 | D65: 焗烤起司肉醬筆尖麵 | E65: =VLOOKUP(D65,'12產線配置圖'!$A$2:$C$25,2,0) -> 13 | F65: =VLOOKUP(D65,'12產線配置圖'!$A$2:$C$25,3,0) -> 1440 | G65: =F65/E65 -> 110.76923 | I65: =AVERAGE(P65,U65,Z65,AE65,AJ65,AO65,AT65) -> 10.857143 | J65: =AVERAGE(Q65,V65,AA65,AF65,AK65,AP65,AU65) -> 1085.5714 | K65: =AVERAGE(R65,W65,AB65,AG65,AL65,AQ65,AV65) -> 100.39848 | M65: =RANK(K65, K$53:$K$70) -> 8 | P65: 12 | Q65: 1214 | R65: =Q65/P65 -> 101.16667 | S65: =RANK(R65, $R$53:$R$70) -> 8 | U65: 11 | V65: 1074 | W65: =V65/U65 -> 97.636364 | X65: =RANK(W65,$W$53:$W$70) -> 7 | Z65: 11 | AA65: 1140 | AB65: =AA65/Z65 -> 103.63636 | AC65: =RANK(AB65, $AB$53:$AB$70) -> 5 | AE65: 10 | AF65: 998 | AG65: =AF65/AE65 -> 99.8 | AH65: =RANK(AG65, $AG$53:$AG$70) -> #DIV/0! | AJ65: 10 | AK65: 1109 | AL65: =AK65/AJ65 -> 110.9 | AM65: =RANK(AL65,$AL$53:$AL$70) -> 5 | AO65: 10 | AP65: 1059 | AQ65: =AP65/AO65 -> 105.9 | AR65: =RANK(AQ65,$AQ$53:$AQ$70) -> 6 | AT65: 12 | AU65: 1005 | AV65: =AU65/AT65 -> 83.75 | AW65: =RANK(AV65,$AV$53:$AV$70) -> #DIV/0!
C66: 14 | D66: 辣味香菜雞肉義大利麵 | E66: =VLOOKUP(D66,'12產線配置圖'!$A$2:$C$25,2,0) -> 15 | F66: =VLOOKUP(D66,'12產線配置圖'!$A$2:$C$25,3,0) -> 1800 | G66: =F66/E66 -> 120 | I66: =AVERAGE(P66,U66,Z66,AE66,AJ66,AO66,AT66) -> 15 | J66: =AVERAGE(Q66,V66,AA66,AF66,AK66,AP66,AU66) -> 1645 | K66: =AVERAGE(R66,W66,AB66,AG66,AL66,AQ66,AV66) -> 109.66667 | M66: =RANK(K66, K$53:$K$70) -> 5 | P66: 15 | Q66: 1683 | R66: =Q66/P66 -> 112.2 | S66: =RANK(R66, $R$53:$R$70) -> 5 | U66: 15 | V66: 1727 | W66: =V66/U66 -> 115.13333 | X66: =RANK(W66,$W$53:$W$70) -> 5 | Z66: 15 | AA66: 1544 | AB66: =AA66/Z66 -> 102.93333 | AC66: =RANK(AB66, $AB$53:$AB$70) -> 6 | AE66: 15 | AF66: 1485 | AG66: =AF66/AE66 -> 99 | AH66: =RANK(AG66, $AG$53:$AG$70) -> #DIV/0! | AJ66: 15 | AK66: 1560 | AL66: =AK66/AJ66 -> 104 | AM66: =RANK(AL66,$AL$53:$AL$70) -> 6 | AO66: 15 | AP66: 1773 | AQ66: =AP66/AO66 -> 118.2 | AR66: =RANK(AQ66,$AQ$53:$AQ$70) -> 5 | AT66: 15 | AU66: 1743 | AV66: =AU66/AT66 -> 116.2 | AW66: =RANK(AV66,$AV$53:$AV$70) -> #DIV/0!
C67: 15 | D67: 燻火腿貓耳朵麵 | E67: =VLOOKUP(D67,'12產線配置圖'!$A$2:$C$25,2,0) -> 16 | F67: =VLOOKUP(D67,'12產線配置圖'!$A$2:$C$25,3,0) -> 1714 | G67: =F67/E67 -> 107.125 | I67: =AVERAGE(P67,U67,Z67,AE67,AJ67,AO67,AT67) -> 15.857143 | J67: =AVERAGE(Q67,V67,AA67,AF67,AK67,AP67,AU67) -> 1505.5714 | K67: =AVERAGE(R67,W67,AB67,AG67,AL67,AQ67,AV67) -> 94.915476 | M67: =RANK(K67, K$53:$K$70) -> 11 | P67: 16 | Q67: 1500 | R67: =Q67/P67 -> 93.75 | S67: =RANK(R67, $R$53:$R$70) -> 11 | U67: 16 | V67: 1545 | W67: =V67/U67 -> 96.5625 | X67: =RANK(W67,$W$53:$W$70) -> 9 | Z67: 16 | AA67: 1526 | AB67: =AA67/Z67 -> 95.375 | AC67: =RANK(AB67, $AB$53:$AB$70) -> 7 | AE67: 16 | AF67: 1475 | AG67: =AF67/AE67 -> 92.1875 | AH67: =RANK(AG67, $AG$53:$AG$70) -> #DIV/0! | AJ67: 16 | AK67: 1565 | AL67: =AK67/AJ67 -> 97.8125 | AM67: =RANK(AL67,$AL$53:$AL$70) -> 10 | AO67: 15 | AP67: 1373 | AQ67: =AP67/AO67 -> 91.533333 | AR67: =RANK(AQ67,$AQ$53:$AQ$70) -> 10 | AT67: 16 | AU67: 1555 | AV67: =AU67/AT67 -> 97.1875 | AW67: =RANK(AV67,$AV$53:$AV$70) -> #DIV/0!
C68: 16 | AG68: =AF68/AE68 -> #DIV/0! | AH68: =RANK(AG68, $AG$53:$AG$70) -> #DIV/0! | AV68: =AU68/AT68 -> #DIV/0! | AW68: =RANK(AV68,$AV$53:$AV$70) -> #DIV/0!
C69: 17
C70: 18
B71: 產線配置圖－每週更新 | N71: 資料繳交 | O71: 日期 | P71: 46098 | U71: 46099 | Z71: 46100 | AE71: 46101 | AJ71: 46102 | AO71: 46103 | AT71: 46104
P72: 二 | U72: 三 | Z72: 四 | AE72: 五 | AJ72: 六 | AO72: 日 | AT72: 一
B73: 品群 | C73: 商品名稱 | E73: 計畫 | H73: 平均人時性 | I73: 實績 | L73: 平均人時性 | M73: 排名 | O73: 日報 | P73: 實際 | T73: 平均人時性 | U73: 實際 | Y73: 平均人時性 | Z73: 實際 | AD73: 平均人時性 | AE73: 實際 | AI73: 平均人時性 | AJ73: 實際 | AN73: 平均人時性 | AO73: 實際 | AS73: 平均人時性 | AT73: 實際 | AX73: 平均人時性
E74: 產線配置圖 | I74: 產線配置圖 | P74: 生產實績 | U74: 生產實績 | Z74: 生產實績 | AE74: 生產實績 | AJ74: 生產實績 | AO74: 生產實績 | AT74: 生產實績
E75: 人數 | F75: 產能／時 | G75: 人時性 | I75: 人數 | J75: 產能／時 | K75: 人時性 | P75: 人數 | Q75: 產能／時 | R75: 人時性 | S75: 排名 | U75: 人數 | V75: 產能／時 | W75: 人時性 | X75: 排名 | Z75: 人數 | AA75: 產能／時 | AB75: 人時性 | AC75: 排名 | AE75: 人數 | AF75: 產能／時 | AG75: 人時性 | AH75: 排名 | AJ75: 人數 | AK75: 產能／時 | AL75: 人時性 | AM75: 排名 | AO75: 人數 | AP75: 產能／時 | AQ75: 人時性 | AR75: 排名 | AT75: 人數 | AU75: 產能／時 | AV75: 人時性 | AW75: 排名
B76: 熱食義麵 | C76: 1 | D76: 義式蕃茄起司義大利麵 | E76: =VLOOKUP(D76,'12產線配置圖'!$A$2:$C$25,2,0) -> 11 | F76: =VLOOKUP(D76,'12產線配置圖'!$A$2:$C$25,3,0) -> 2118 | G76: =F76/E76 -> 192.54545 | H76: =AVERAGE(G76:G90) -> 119.77244 | I76: =AVERAGE(P76,U76,Z76,AE76,AJ76,AO76,AT76) -> 11.142857 | J76: =AVERAGE(Q76,V76,AA76,AF76,AK76,AP76,AU76) -> 1917.1429 | K76: =AVERAGE(R76,W76,AB76,AG76,AL76,AQ76,AV76) -> 172.16991 | L76: =IFERROR(AVERAGE(K76:K93),"-") -> 110.74219 | M76: =RANK(K76, $K$76:$K$93) -> 1 | P76: 11 | Q76: 1830 | R76: =Q76/P76 -> 166.36364 | S76: =RANK(R76, $R$76:$R$93) -> 2 | T76: =AVERAGE(R76:R93) -> 107.08017 | U76: 12 | V76: 1955 | W76: =V76/U76 -> 162.91667 | X76: =RANK(W76, $W$76:$W$93) -> 1 | Y76: =AVERAGE(W76:W93) -> 107.70409 | Z76: 11 | AA76: 1934 | AB76: =AA76/Z76 -> 175.81818 | AC76: =RANK(AB76, $AB$76:$AB$93) -> 1 | AD76: =AVERAGE(AB76:AB93) -> 109.86778 | AE76: 11 | AF76: 1783 | AG76: =AF76/AE76 -> 162.09091 | AH76: =RANK(AG76, $AG$76:$AG$93) -> 2 | AI76: =AVERAGE(AG76:AG93) -> 112.50916 | AJ76: 11 | AK76: 1967 | AL76: =AK76/AJ76 -> 178.81818 | AM76: =RANK(AL76, $AL$76:$AL$93) -> 1 | AN76: =AVERAGE(AL76:AL93) -> 112.68494 | AO76: 11 | AP76: 2039 | AQ76: =AP76/AO76 -> 185.36364 | AR76: =RANK(AQ76, $AQ$76:$AQ$93) -> 1 | AS76: =AVERAGE(AQ76:AQ93) -> 114.04961 | AT76: 11 | AU76: 1912 | AV76: =AU76/AT76 -> 173.81818 | AW76: =RANK(AV76, $AV$76:$AV$93) -> 1 | AX76: =AVERAGE(AV76:AV93) -> 111.29958
C77: 2 | D77: 奶油培根義大利麵 | E77: =VLOOKUP(D77,'12產線配置圖'!$A$2:$C$25,2,0) -> 13 | F77: =VLOOKUP(D77,'12產線配置圖'!$A$2:$C$25,3,0) -> 2118 | G77: =F77/E77 -> 162.92308 | I77: =AVERAGE(P77,U77,Z77,AE77,AJ77,AO77,AT77) -> 13 | J77: =AVERAGE(Q77,V77,AA77,AF77,AK77,AP77,AU77) -> 1897 | K77: =AVERAGE(R77,W77,AB77,AG77,AL77,AQ77,AV77) -> 145.92308 | M77: =RANK(K77, $K$76:$K$93) -> 3 | P77: 13 | Q77: 1836 | R77: =Q77/P77 -> 141.23077 | S77: =RANK(R77, $R$76:$R$93) -> 3 | U77: 13 | V77: 1817 | W77: =V77/U77 -> 139.76923 | X77: =RANK(W77, $W$76:$W$93) -> 2 | Z77: 13 | AA77: 1796 | AB77: =AA77/Z77 -> 138.15385 | AC77: =RANK(AB77, $AB$76:$AB$93) -> 3 | AE77: 13 | AF77: 1900 | AG77: =AF77/AE77 -> 146.15385 | AH77: =RANK(AG77, $AG$76:$AG$93) -> 3 | AJ77: 13 | AK77: 2069 | AL77: =AK77/AJ77 -> 159.15385 | AM77: =RANK(AL77, $AL$76:$AL$93) -> 3 | AO77: 13 | AP77: 1942 | AQ77: =AP77/AO77 -> 149.38462 | AR77: =RANK(AQ77, $AQ$76:$AQ$93) -> 3 | AT77: 13 | AU77: 1919 | AV77: =AU77/AT77 -> 147.61538 | AW77: =RANK(AV77, $AV$76:$AV$93) -> 3
C78: 3 | D78: 青醬蛤蜊義大利麵 | E78: =VLOOKUP(D78,'12產線配置圖'!$A$2:$C$25,2,0) -> 12 | F78: =VLOOKUP(D78,'12產線配置圖'!$A$2:$C$25,3,0) -> 2118 | G78: =F78/E78 -> 176.5 | I78: =AVERAGE(P78,U78,Z78,AE78,AJ78,AO78,AT78) -> 12 | J78: =AVERAGE(Q78,V78,AA78,AF78,AK78,AP78,AU78) -> 2001.1429 | K78: =AVERAGE(R78,W78,AB78,AG78,AL78,AQ78,AV78) -> 166.7619 | M78: =RANK(K78, $K$76:$K$93) -> 2 | P78: 12 | Q78: 2107 | R78: =Q78/P78 -> 175.58333 | S78: =RANK(R78, $R$76:$R$93) -> 1 | U78: 12 | V78: 1525 | W78: =V78/U78 -> 127.08333 | X78: =RANK(W78, $W$76:$W$93) -> 4 | Z78: 12 | AA78: 2064 | AB78: =AA78/Z78 -> 172 | AC78: =RANK(AB78, $AB$76:$AB$93) -> 2 | AE78: 12 | AF78: 2021 | AG78: =AF78/AE78 -> 168.41667 | AH78: =RANK(AG78, $AG$76:$AG$93) -> 1 | AJ78: 12 | AK78: 2108 | AL78: =AK78/AJ78 -> 175.66667 | AM78: =RANK(AL78, $AL$76:$AL$93) -> 2 | AO78: 12 | AP78: 2099 | AQ78: =AP78/AO78 -> 174.91667 | AR78: =RANK(AQ78, $AQ$76:$AQ$93) -> 2 | AT78: 12 | AU78: 2084 | AV78: =AU78/AT78 -> 173.66667 | AW78: =RANK(AV78, $AV$76:$AV$93) -> 2
C79: 4 | D79: 焗烤起司雙饗筆尖麵 | E79: =VLOOKUP(D79,'12產線配置圖'!$A$2:$C$25,2,0) -> 16 | F79: =VLOOKUP(D79,'12產線配置圖'!$A$2:$C$25,3,0) -> 1800 | G79: =F79/E79 -> 112.5 | I79: =AVERAGE(P79,U79,Z79,AE79,AJ79,AO79,AT79) -> 15.857143 | J79: =AVERAGE(Q79,V79,AA79,AF79,AK79,AP79,AU79) -> 1604.8571 | K79: =AVERAGE(R79,W79,AB79,AG79,AL79,AQ79,AV79) -> 101.20298 | M79: =RANK(K79, $K$76:$K$93) -> 9 | P79: 15 | Q79: 1511 | R79: =Q79/P79 -> 100.73333 | S79: =RANK(R79, $R$76:$R$93) -> 6 | U79: 16 | V79: 1595 | W79: =V79/U79 -> 99.6875 | X79: =RANK(W79, $W$76:$W$93) -> 10 | Z79: 16 | AA79: 1495 | AB79: =AA79/Z79 -> 93.4375 | AC79: =RANK(AB79, $AB$76:$AB$93) -> 9 | AE79: 16 | AF79: 1628 | AG79: =AF79/AE79 -> 101.75 | AH79: =RANK(AG79, $AG$76:$AG$93) -> 10 | AJ79: 16 | AK79: 1619 | AL79: =AK79/AJ79 -> 101.1875 | AM79: =RANK(AL79, $AL$76:$AL$93) -> 9 | AO79: 16 | AP79: 1658 | AQ79: =AP79/AO79 -> 103.625 | AR79: =RANK(AQ79, $AQ$76:$AQ$93) -> 7 | AT79: 16 | AU79: 1728 | AV79: =AU79/AT79 -> 108 | AW79: =RANK(AV79, $AV$76:$AV$93) -> 5
C80: 5 | D80: 白酒蛤蜊義大利麵-手 | E80: =VLOOKUP(D80,'12產線配置圖'!$A$2:$C$25,2,0) -> 15 | F80: =VLOOKUP(D80,'12產線配置圖'!$A$2:$C$25,3,0) -> 1636 | G80: =F80/E80 -> 109.06667 | I80: =AVERAGE(P80,U80,Z80,AE80,AJ80,AO80,AT80) -> 15 | J80: =AVERAGE(Q80,V80,AA80,AF80,AK80,AP80,AU80) -> 1458.8571 | K80: =AVERAGE(R80,W80,AB80,AG80,AL80,AQ80,AV80) -> 97.257143 | M80: =RANK(K80, $K$76:$K$93) -> 10 | P80: 15 | Q80: 1303 | R80: =Q80/P80 -> 86.866667 | S80: =RANK(R80, $R$76:$R$93) -> 11 | U80: 15 | V80: 1514 | W80: =V80/U80 -> 100.93333 | X80: =RANK(W80, $W$76:$W$93) -> 9 | Z80: 15 | AA80: 1479 | AB80: =AA80/Z80 -> 98.6 | AC80: =RANK(AB80, $AB$76:$AB$93) -> 8 | AE80: 15 | AF80: 1625 | AG80: =AF80/AE80 -> 108.33333 | AH80: =RANK(AG80, $AG$76:$AG$93) -> 6 | AJ80: 15 | AK80: 1392 | AL80: =AK80/AJ80 -> 92.8 | AM80: =RANK(AL80, $AL$76:$AL$93) -> 11 | AO80: 15 | AP80: 1503 | AQ80: =AP80/AO80 -> 100.2 | AR80: =RANK(AQ80, $AQ$76:$AQ$93) -> 8 | AT80: 15 | AU80: 1396 | AV80: =AU80/AT80 -> 93.066667 | AW80: =RANK(AV80, $AV$76:$AV$93) -> 10
C81: 6 | D81: 青花椒麻雞肉拌麵 | E81: =VLOOKUP(D81,'12產線配置圖'!$A$2:$C$25,2,0) -> 15 | F81: =VLOOKUP(D81,'12產線配置圖'!$A$2:$C$25,3,0) -> 1714 | G81: =F81/E81 -> 114.26667 | I81: =AVERAGE(P81,U81,Z81,AE81,AJ81,AO81,AT81) -> 14.857143 | J81: =AVERAGE(Q81,V81,AA81,AF81,AK81,AP81,AU81) -> 1515 | K81: =AVERAGE(R81,W81,AB81,AG81,AL81,AQ81,AV81) -> 102.06463 | P81: 15 | Q81: 1403 | R81: =Q81/P81 -> 93.533333 | S81: =RANK(R81, $R$76:$R$93) -> 9 | U81: 15 | V81: 1560 | W81: =V81/U81 -> 104 | X81: =RANK(W81, $W$76:$W$93) -> 6 | Z81: 14 | AA81: 1565 | AB81: =AA81/Z81 -> 111.78571 | AC81: =RANK(AB81, $AB$76:$AB$93) -> 5 | AE81: 15 | AF81: 1534 | AG81: =AF81/AE81 -> 102.26667 | AH81: =RANK(AG81, $AG$76:$AG$93) -> 9 | AJ81: 15 | AK81: 1533 | AL81: =AK81/AJ81 -> 102.2 | AM81: =RANK(AL81, $AL$76:$AL$93) -> 8 | AO81: 15 | AP81: 1484 | AQ81: =AP81/AO81 -> 98.933333 | AR81: =RANK(AQ81, $AQ$76:$AQ$93) -> 9 | AT81: 15 | AU81: 1526 | AV81: =AU81/AT81 -> 101.73333 | AW81: =RANK(AV81, $AV$76:$AV$93) -> 8
C82: 7 | D82: 剝皮辣椒雞奶油扁麵 | E82: =VLOOKUP(D82,'12產線配置圖'!$A$2:$C$25,2,0) -> 17 | F82: =VLOOKUP(D82,'12產線配置圖'!$A$2:$C$25,3,0) -> 1714 | G82: =F82/E82 -> 100.82353 | I82: =AVERAGE(P82,U82,Z82,AE82,AJ82,AO82,AT82) -> 16.714286 | J82: =AVERAGE(Q82,V82,AA82,AF82,AK82,AP82,AU82) -> 1547.4286 | K82: =AVERAGE(R82,W82,AB82,AG82,AL82,AQ82,AV82) -> 92.504727 | M82: =RANK(K82, $K$76:$K$93) -> 11 | P82: 17 | Q82: 1606 | R82: =Q82/P82 -> 94.470588 | S82: =RANK(R82, $R$76:$R$93) -> 8 | U82: 17 | V82: 1608 | W82: =V82/U82 -> 94.588235 | X82: =RANK(W82, $W$76:$W$93) -> 11 | Z82: 16 | AA82: 1358 | AB82: =AA82/Z82 -> 84.875 | AC82: =RANK(AB82, $AB$76:$AB$93) -> 11 | AE82: 17 | AF82: 1673 | AG82: =AF82/AE82 -> 98.411765 | AH82: =RANK(AG82, $AG$76:$AG$93) -> 11 | AJ82: 17 | AK82: 1585 | AL82: =AK82/AJ82 -> 93.235294 | AM82: =RANK(AL82, $AL$76:$AL$93) -> 10 | AO82: 16 | AP82: 1459 | AQ82: =AP82/AO82 -> 91.1875 | AR82: =RANK(AQ82, $AQ$76:$AQ$93) -> 11 | AT82: 17 | AU82: 1543 | AV82: =AU82/AT82 -> 90.764706 | AW82: =RANK(AV82, $AV$76:$AV$93) -> 11
C83: 8 | D83: 濃拿坡里義大利麵 | E83: =VLOOKUP(D83,'12產線配置圖'!$A$2:$C$25,2,0) -> 16 | F83: =VLOOKUP(D83,'12產線配置圖'!$A$2:$C$25,3,0) -> 1406 | G83: =F83/E83 -> 87.875 | I83: =AVERAGE(P83,U83,Z83,AE83,AJ83,AO83,AT83) -> 13.142857 | J83: =AVERAGE(Q83,V83,AA83,AF83,AK83,AP83,AU83) -> 894.42857 | K83: =AVERAGE(R83,W83,AB83,AG83,AL83,AQ83,AV83) -> 68.295264 | M83: =RANK(K83, $K$76:$K$93) -> 14 | P83: 12 | Q83: 915 | R83: =Q83/P83 -> 76.25 | S83: =RANK(R83, $R$76:$R$93) -> 14 | U83: 13 | V83: 903 | W83: =V83/U83 -> 69.461538 | X83: =RANK(W83, $W$76:$W$93) -> 14 | Z83: 13 | AA83: 966 | AB83: =AA83/Z83 -> 74.307692 | AC83: =RANK(AB83, $AB$76:$AB$93) -> 14 | AE83: 14 | AF83: 1023 | AG83: =AF83/AE83 -> 73.071429 | AH83: =RANK(AG83, $AG$76:$AG$93) -> 14 | AJ83: 14 | AK83: 771 | AL83: =AK83/AJ83 -> 55.071429 | AM83: =RANK(AL83, $AL$76:$AL$93) -> 14 | AO83: 14 | AP83: 869 | AQ83: =AP83/AO83 -> 62.071429 | AR83: =RANK(AQ83, $AQ$76:$AQ$93) -> 14 | AT83: 12 | AU83: 814 | AV83: =AU83/AT83 -> 67.833333 | AW83: =RANK(AV83, $AV$76:$AV$93) -> 14
C84: 9 | D84: 奶油起司蝦仁通心粉
C85: 10 | D85: 惡魔乳酪生義大利麵
C86: 11 | D86: 沙茶豬肉炒麵 | E86: =VLOOKUP(D86,'12產線配置圖'!$A$2:$C$25,2,0) -> 17 | F86: =VLOOKUP(D86,'12產線配置圖'!$A$2:$C$25,3,0) -> 1440 | G86: =F86/E86 -> 84.705882 | I86: =AVERAGE(P86,U86,Z86,AE86,AJ86,AO86,AT86) -> 15.857143 | J86: =AVERAGE(Q86,V86,AA86,AF86,AK86,AP86,AU86) -> 1264.1429 | K86: =AVERAGE(R86,W86,AB86,AG86,AL86,AQ86,AV86) -> 79.753887 | M86: =RANK(K86, $K$76:$K$93) -> 13 | P86: 17 | Q86: 1305 | R86: =Q86/P86 -> 76.764706 | S86: =RANK(R86, $R$76:$R$93) -> 13 | U86: 16 | V86: 1248 | W86: =V86/U86 -> 78 | X86: =RANK(W86, $W$76:$W$93) -> 13 | Z86: 15 | AA86: 1159 | AB86: =AA86/Z86 -> 77.266667 | AC86: =RANK(AB86, $AB$76:$AB$93) -> 13 | AE86: 16 | AF86: 1316 | AG86: =AF86/AE86 -> 82.25 | AH86: =RANK(AG86, $AG$76:$AG$93) -> 12 | AJ86: 15 | AK86: 1244 | AL86: =AK86/AJ86 -> 82.933333 | AM86: =RANK(AL86, $AL$76:$AL$93) -> 13 | AO86: 16 | AP86: 1307 | AQ86: =AP86/AO86 -> 81.6875 | AR86: =RANK(AQ86, $AQ$76:$AQ$93) -> 13 | AT86: 16 | AU86: 1270 | AV86: =AU86/AT86 -> 79.375 | AW86: =RANK(AV86, $AV$76:$AV$93) -> 13
C87: 12 | D87: 府城鹽水意麵 | E87: =VLOOKUP(D87,'12產線配置圖'!$A$2:$C$25,2,0) -> 17 | F87: =VLOOKUP(D87,'12產線配置圖'!$A$2:$C$25,3,0) -> 1565 | G87: =F87/E87 -> 92.058824 | I87: =AVERAGE(P87,U87,Z87,AE87,AJ87,AO87,AT87) -> 16.857143 | J87: =AVERAGE(Q87,V87,AA87,AF87,AK87,AP87,AU87) -> 1407.7143 | K87: =AVERAGE(R87,W87,AB87,AG87,AL87,AQ87,AV87) -> 83.461134 | M87: =RANK(K87, $K$76:$K$93) -> 12 | P87: 17 | Q87: 1350 | R87: =Q87/P87 -> 79.411765 | S87: =RANK(R87, $R$76:$R$93) -> 12 | U87: 17 | V87: 1407 | W87: =V87/U87 -> 82.764706 | X87: =RANK(W87, $W$76:$W$93) -> 12 | Z87: 17 | AA87: 1362 | AB87: =AA87/Z87 -> 80.117647 | AC87: =RANK(AB87, $AB$76:$AB$93) -> 12 | AE87: 16 | AF87: 1246 | AG87: =AF87/AE87 -> 77.875 | AH87: =RANK(AG87, $AG$76:$AG$93) -> 13 | AJ87: 17 | AK87: 1470 | AL87: =AK87/AJ87 -> 86.470588 | AM87: =RANK(AL87, $AL$76:$AL$93) -> 12 | AO87: 17 | AP87: 1523 | AQ87: =AP87/AO87 -> 89.588235 | AR87: =RANK(AQ87, $AQ$76:$AQ$93) -> 12 | AT87: 17 | AU87: 1496 | AV87: =AU87/AT87 -> 88 | AW87: =RANK(AV87, $AV$76:$AV$93) -> 12
C88: 13 | D88: 焗烤起司肉醬筆尖麵 | E88: =VLOOKUP(D88,'12產線配置圖'!$A$2:$C$25,2,0) -> 13 | F88: =VLOOKUP(D88,'12產線配置圖'!$A$2:$C$25,3,0) -> 1440 | G88: =F88/E88 -> 110.76923 | I88: =AVERAGE(P88,U88,Z88,AE88,AJ88,AO88,AT88) -> 12.857143 | J88: =AVERAGE(Q88,V88,AA88,AF88,AK88,AP88,AU88) -> 1328.1429 | K88: =AVERAGE(R88,W88,AB88,AG88,AL88,AQ88,AV88) -> 103.19492 | M88: =RANK(K88, $K$76:$K$93) -> 7 | P88: 12 | Q88: 1179 | R88: =Q88/P88 -> 98.25 | S88: =RANK(R88, $R$76:$R$93) -> 7 | U88: 13 | V88: 1333 | W88: =V88/U88 -> 102.53846 | X88: =RANK(W88, $W$76:$W$93) -> 7 | Z88: 13 | AA88: 1385 | AB88: =AA88/Z88 -> 106.53846 | AC88: =RANK(AB88, $AB$76:$AB$93) -> 6 | AE88: 13 | AF88: 1376 | AG88: =AF88/AE88 -> 105.84615 | AH88: =RANK(AG88, $AG$76:$AG$93) -> 7 | AJ88: 14 | AK88: 1511 | AL88: =AK88/AJ88 -> 107.92857 | AM88: =RANK(AL88, $AL$76:$AL$93) -> 5 | AO88: 13 | AP88: 1272 | AQ88: =AP88/AO88 -> 97.846154 | AR88: =RANK(AQ88, $AQ$76:$AQ$93) -> 10 | AT88: 12 | AU88: 1241 | AV88: =AU88/AT88 -> 103.41667 | AW88: =RANK(AV88, $AV$76:$AV$93) -> 7
C89: 14 | D89: 辣味香菜雞肉義大利麵 | E89: 17 | F89: =VLOOKUP(D89,'12產線配置圖'!$A$2:$C$25,3,0) -> 1800 | G89: =F89/E89 -> 105.88235 | I89: =AVERAGE(P89,U89,Z89,AE89,AJ89,AO89,AT89) -> 15 | J89: =AVERAGE(Q89,V89,AA89,AF89,AK89,AP89,AU89) -> 1559.2857 | K89: =AVERAGE(R89,W89,AB89,AG89,AL89,AQ89,AV89) -> 103.95238 | M89: =RANK(K89, $K$76:$K$93) -> 6 | P89: 15 | Q89: 1398 | R89: =Q89/P89 -> 93.2 | S89: =RANK(R89, $R$76:$R$93) -> 10 | U89: 15 | V89: 1524 | W89: =V89/U89 -> 101.6 | X89: =RANK(W89, $W$76:$W$93) -> 8 | Z89: 15 | AA89: 1371 | AB89: =AA89/Z89 -> 91.4 | AC89: =RANK(AB89, $AB$76:$AB$93) -> 10 | AE89: 15 | AF89: 1710 | AG89: =AF89/AE89 -> 114 | AH89: =RANK(AG89, $AG$76:$AG$93) -> 5 | AJ89: 15 | AK89: 1569 | AL89: =AK89/AJ89 -> 104.6 | AM89: =RANK(AL89, $AL$76:$AL$93) -> 7 | AO89: 15 | AP89: 1748 | AQ89: =AP89/AO89 -> 116.53333 | AR89: =RANK(AQ89, $AQ$76:$AQ$93) -> 5 | AT89: 15 | AU89: 1595 | AV89: =AU89/AT89 -> 106.33333 | AW89: =RANK(AV89, $AV$76:$AV$93) -> 6
C90: 15 | D90: 燻火腿貓耳朵麵 | E90: =VLOOKUP(D90,'12產線配置圖'!$A$2:$C$25,2,0) -> 16 | F90: =VLOOKUP(D90,'12產線配置圖'!$A$2:$C$25,3,0) -> 1714 | G90: =F90/E90 -> 107.125 | I90: =AVERAGE(P90,U90,Z90,AE90,AJ90,AO90,AT90) -> 14.714286 | J90: =AVERAGE(Q90,V90,AA90,AF90,AK90,AP90,AU90) -> 1570.2857 | K90: =AVERAGE(R90,W90,AB90,AG90,AL90,AQ90,AV90) -> 107.1926 | M90: =RANK(K90, $K$76:$K$93) -> 5 | P90: 14 | Q90: 1599 | R90: =Q90/P90 -> 114.21429 | S90: =RANK(R90, $R$76:$R$93) -> 4 | U90: 14 | V90: 1606 | W90: =V90/U90 -> 114.71429 | X90: =RANK(W90, $W$76:$W$93) -> 5 | Z90: 16 | AA90: 1617 | AB90: =AA90/Z90 -> 101.0625 | AC90: =RANK(AB90, $AB$76:$AB$93) -> 7 | AE90: 16 | AF90: 1649 | AG90: =AF90/AE90 -> 103.0625 | AH90: =RANK(AG90, $AG$76:$AG$93) -> 8 | AJ90: 14 | AK90: 1496 | AL90: =AK90/AJ90 -> 106.85714 | AM90: =RANK(AL90, $AL$76:$AL$93) -> 6 | AO90: 13 | AP90: 1482 | AQ90: =AP90/AO90 -> 114 | AR90: =RANK(AQ90, $AQ$76:$AQ$93) -> 6 | AT90: 16 | AU90: 1543 | AV90: =AU90/AT90 -> 96.4375 | AW90: =RANK(AV90, $AV$76:$AV$93) -> 9
C91: 16 | D91: 蒜香奶油蝦蝦義大利麵 | E91: =VLOOKUP(D91,'12產線配置圖'!$A$2:$C$25,2,0) -> 14 | F91: =VLOOKUP(D91,'12產線配置圖'!$A$2:$C$25,3,0) -> 2100 | G91: =F91/E91 -> 150 | I91: =AVERAGE(P91,U91,Z91,AE91,AJ91,AO91,AT91) -> 14.857143 | J91: =AVERAGE(Q91,V91,AA91,AF91,AK91,AP91,AU91) -> 1876.7143 | K91: =AVERAGE(R91,W91,AB91,AG91,AL91,AQ91,AV91) -> 126.65612 | M91: =RANK(K91, $K$76:$K$93) -> 4 | P91: 16 | Q91: 1636 | R91: =Q91/P91 -> 102.25 | S91: =RANK(R91, $R$76:$R$93) -> 5 | U91: 15 | V91: 1947 | W91: =V91/U91 -> 129.8 | X91: =RANK(W91, $W$76:$W$93) -> 3 | Z91: 14 | AA91: 1859 | AB91: =AA91/Z91 -> 132.78571 | AC91: =RANK(AB91, $AB$76:$AB$93) -> 4 | AE91: 15 | AF91: 1974 | AG91: =AF91/AE91 -> 131.6 | AH91: =RANK(AG91, $AG$76:$AG$93) -> 4 | AJ91: 15 | AK91: 1960 | AL91: =AK91/AJ91 -> 130.66667 | AM91: =RANK(AL91, $AL$76:$AL$93) -> 4 | AO91: 14 | AP91: 1839 | AQ91: =AP91/AO91 -> 131.35714 | AR91: =RANK(AQ91, $AQ$76:$AQ$93) -> 4 | AT91: 15 | AU91: 1922 | AV91: =AU91/AT91 -> 128.13333 | AW91: =RANK(AV91, $AV$76:$AV$93) -> 4
C92: 17
C93: 18
B94: 產線配置圖－每週更新 | N94: 資料繳交 | O94: 日期 | P94: 46105 | U94: 46106 | Z94: 46107 | AE94: 46108 | AJ94: 46109 | AO94: 46110 | AT94: 46111
P95: 二 | U95: 三 | Z95: 四 | AE95: 五 | AJ95: 六 | AO95: 日 | AT95: 一
B96: 品群 | C96: 商品名稱 | E96: 計畫 | H96: 平均人時性 | I96: 實績 | L96: 平均人時性 | M96: 排名 | O96: 日報 | P96: 實際 | T96: 平均人時性 | U96: 實際 | Y96: 平均人時性 | Z96: 實際 | AD96: 平均人時性 | AE96: 實際 | AI96: 平均人時性 | AJ96: 實際 | AN96: 平均人時性 | AO96: 實際 | AS96: 平均人時性 | AT96: 實際 | AX96: 平均人時性
E97: 產線配置圖 | I97: 產線配置圖 | P97: 生產實績 | U97: 生產實績 | Z97: 生產實績 | AE97: 生產實績 | AJ97: 生產實績 | AO97: 生產實績 | AT97: 生產實績
E98: 人數 | F98: 產能／時 | G98: 人時性 | I98: 人數 | J98: 產能／時 | K98: 人時性 | P98: 人數 | Q98: 產能／時 | R98: 人時性 | S98: 排名 | U98: 人數 | V98: 產能／時 | W98: 人時性 | X98: 排名 | Z98: 人數 | AA98: 產能／時 | AB98: 人時性 | AC98: 排名 | AE98: 人數 | AF98: 產能／時 | AG98: 人時性 | AH98: 排名 | AJ98: 人數 | AK98: 產能／時 | AL98: 人時性 | AM98: 排名 | AO98: 人數 | AP98: 產能／時 | AQ98: 人時性 | AR98: 排名 | AT98: 人數 | AU98: 產能／時 | AV98: 人時性 | AW98: 排名
B99: 熱食義麵 | C99: 1 | D99: 義式蕃茄起司義大利麵 | E99: =VLOOKUP(D99,'12產線配置圖'!$A$2:$C$25,2,0) -> 11 | F99: =VLOOKUP(D99,'12產線配置圖'!$A$2:$C$25,3,0) -> 2118 | G99: =F99/E99 -> 192.54545 | H99: =AVERAGE(G99:G113) -> 122.93995 | I99: =AVERAGE(P99,U99,Z99,AE99,AJ99,AO99,AT99) -> 11 | J99: =AVERAGE(Q99,V99,AA99,AF99,AK99,AP99,AU99) -> 2005.4286 | K99: =AVERAGE(R99,W99,AB99,AG99,AL99,AQ99,AV99) -> 182.31169 | L99: =IFERROR(AVERAGE(K99:K116),"-") -> 113.97512 | M99: =RANK(K99, K$99:$K$116) -> 1 | P99: 11 | Q99: 2041 | R99: =Q99/P99 -> 185.54545 | S99: =RANK(R99,$R$99:$R$116) -> 1 | T99: =AVERAGE(R99:R116) -> 115.73105 | U99: 11 | V99: 1934 | W99: =V99/U99 -> 175.81818 | X99: =RANK(W99,$W$99:$W$116) -> 1 | Y99: =AVERAGE(W99:W116) -> 114.52491 | Z99: 11 | AA99: 2038 | AB99: =AA99/Z99 -> 185.27273 | AC99: =RANK(AB99, $AB$99:$AB$116) -> 1 | AD99: =AVERAGE(AB99:AB116) -> 114.21507 | AE99: 11 | AF99: 1960 | AG99: =AF99/AE99 -> 178.18182 | AH99: =RANK(AG99,$AG$99:$AG$116) -> 1 | AI99: =AVERAGE(AG99:AG116) -> 110.1367 | AJ99: 11 | AK99: 2072 | AL99: =AK99/AJ99 -> 188.36364 | AM99: =RANK(AL99,$AL$99:$AL$116) -> 1 | AN99: =AVERAGE(AL99:AL116) -> 115.87285 | AO99: 11 | AP99: 2095 | AQ99: =AP99/AO99 -> 190.45455 | AR99: =RANK(AQ99,$AQ$99:$AQ$116) -> 1 | AS99: =AVERAGE(AQ99:AQ116) -> 116.52854 | AT99: 11 | AU99: 1898 | AV99: =AU99/AT99 -> 172.54545 | AW99: =RANK(AV99,$AV$99:$AV$116) -> 2 | AX99: =AVERAGE(AV99:AV116) -> 114.5674
C100: 2 | D100: 奶油培根義大利麵 | E100: =VLOOKUP(D100,'12產線配置圖'!$A$2:$C$25,2,0) -> 13 | F100: =VLOOKUP(D100,'12產線配置圖'!$A$2:$C$25,3,0) -> 2118 | G100: =F100/E100 -> 162.92308 | I100: =AVERAGE(P100,U100,Z100,AE100,AJ100,AO100,AT100) -> 13 | J100: =AVERAGE(Q100,V100,AA100,AF100,AK100,AP100,AU100) -> 1991.2857 | K100: =AVERAGE(R100,W100,AB100,AG100,AL100,AQ100,AV100) -> 153.17582 | M100: =RANK(K100, K$99:$K$116) -> 3 | P100: 13 | Q100: 1903 | R100: =Q100/P100 -> 146.38462 | S100: =RANK(R100,$R$99:$R$116) -> 4 | U100: 13 | V100: 2039 | W100: =V100/U100 -> 156.84615 | X100: =RANK(W100,$W$99:$W$116) -> 3 | Z100: 13 | AA100: 2052 | AB100: =AA100/Z100 -> 157.84615 | AC100: =RANK(AB100, $AB$99:$AB$116) -> 3 | AE100: 13 | AF100: 1814 | AG100: =AF100/AE100 -> 139.53846 | AH100: =RANK(AG100,$AG$99:$AG$116) -> 4 | AJ100: 13 | AK100: 2085 | AL100: =AK100/AJ100 -> 160.38462 | AM100: =RANK(AL100,$AL$99:$AL$116) -> 3 | AO100: 13 | AP100: 2100 | AQ100: =AP100/AO100 -> 161.53846 | AR100: =RANK(AQ100,$AQ$99:$AQ$116) -> 3 | AT100: 13 | AU100: 1946 | AV100: =AU100/AT100 -> 149.69231 | AW100: =RANK(AV100,$AV$99:$AV$116) -> 3
C101: 3 | D101: 青醬蛤蜊義大利麵 | E101: =VLOOKUP(D101,'12產線配置圖'!$A$2:$C$25,2,0) -> 12 | F101: =VLOOKUP(D101,'12產線配置圖'!$A$2:$C$25,3,0) -> 2118 | G101: =F101/E101 -> 176.5 | I101: =AVERAGE(P101,U101,Z101,AE101,AJ101,AO101,AT101) -> 12 | J101: =AVERAGE(Q101,V101,AA101,AF101,AK101,AP101,AU101) -> 2040.4286 | K101: =AVERAGE(R101,W101,AB101,AG101,AL101,AQ101,AV101) -> 170.03571 | M101: =RANK(K101, K$99:$K$116) -> 2 | P101: 12 | Q101: 2093 | R101: =Q101/P101 -> 174.41667 | S101: =RANK(R101,$R$99:$R$116) -> 2 | U101: 12 | V101: 2098 | W101: =V101/U101 -> 174.83333 | X101: =RANK(W101,$W$99:$W$116) -> 2 | Z101: 12 | AA101: 2075 | AB101: =AA101/Z101 -> 172.91667 | AC101: =RANK(AB101, $AB$99:$AB$116) -> 2 | AE101: 12 | AF101: 1895 | AG101: =AF101/AE101 -> 157.91667 | AH101: =RANK(AG101,$AG$99:$AG$116) -> 2 | AJ101: 12 | AK101: 2084 | AL101: =AK101/AJ101 -> 173.66667 | AM101: =RANK(AL101,$AL$99:$AL$116) -> 2 | AO101: 12 | AP101: 1955 | AQ101: =AP101/AO101 -> 162.91667 | AR101: =RANK(AQ101,$AQ$99:$AQ$116) -> 2 | AT101: 12 | AU101: 2083 | AV101: =AU101/AT101 -> 173.58333 | AW101: =RANK(AV101,$AV$99:$AV$116) -> 1
...

Sheet （５-2）品群別人時生產性(季節調理麵) 
B1: 月平均人時性 | C1: =AVERAGE(L7,L27,L47,L67,L87) -> #DIV/0!
B2: 產線配置圖－每週更新 | N2: 資料繳交 | O2: 日期 | AE2: 45870 | AJ2: 45871 | AO2: 45872 | AT2: 45873
P3: 二 | U3: 三 | Z3: 四 | AE3: 五 | AJ3: 六 | AO3: 日 | AT3: 一
B4: 品群 | C4: 商品名稱 | E4: 計畫 | H4: 平均人時性 | I4: 實績 | L4: 平均人時性 | M4: 排名 | O4: 日報 | P4: 實際 | T4: 平均人時性 | U4: 實際 | Y4: 平均人時性 | Z4: 實際 | AD4: 平均人時性 | AE4: 實際 | AI4: 平均人時性 | AJ4: 實際 | AN4: 平均人時性 | AO4: 實際 | AS4: 平均人時性 | AT4: 實際 | AX4: 平均人時性
E5: 產線配置圖 | I5: 產線配置圖 | P5: 生產實績 | U5: 生產實績 | Z5: 生產實績 | AE5: 生產實績 | AJ5: 生產實績 | AO5: 生產實績 | AT5: 生產實績
E6: 人數 | F6: 產能／時 | G6: 人時性 | I6: 人數 | J6: 產能／時 | K6: 人時性 | P6: 人數 | Q6: 產能／時 | R6: 人時性 | S6: 排名 | U6: 人數 | V6: 產能／時 | W6: 人時性 | X6: 排名 | Z6: 人數 | AA6: 產能／時 | AB6: 人時性 | AC6: 排名 | AE6: 人數 | AF6: 產能／時 | AG6: 人時性 | AH6: 排名 | AJ6: 人數 | AK6: 產能／時 | AL6: 人時性 | AM6: 排名 | AO6: 人數 | AP6: 產能／時 | AQ6: 人時性 | AR6: 排名 | AT6: 人數 | AU6: 產能／時 | AV6: 人時性 | AW6: 排名
B7: 熱食調理麵 | C7: 1 | H7: =AVERAGE(G7:G21) -> #DIV/0! | I7: =AVERAGE(P7,U7,Z7,AE7,AJ7,AO7,AT7) -> #DIV/0! | J7: =AVERAGE(Q7,V7,AA7,AF7,AK7,AP7,AU7) -> #DIV/0! | K7: =AVERAGE(R7,W7,AB7,AG7,AL7,AQ7,AV7) -> #DIV/0! | L7: =AVERAGE(K7:K21) -> #DIV/0! | M7: =RANK(K7, K$7:$K$21) -> #DIV/0! | S7: =RANK(R7, R$7:R$21) -> #N/A | T7: =AVERAGE(R7:R21) -> #DIV/0! | X7: =RANK(W7, W$7:W$21) -> #N/A | Y7: =AVERAGE(W7:W21) -> #DIV/0! | AC7: =RANK(AB7, AB$7:AB$21) -> #N/A | AD7: =AVERAGE(AB7:AB21) -> #DIV/0! | AH7: =RANK(AG7, AG$7:AG$21) -> #N/A | AI7: =AVERAGE(AG7:AG21) -> #DIV/0! | AM7: =RANK(AL7, AL$7:AL$21) -> #N/A | AN7: =AVERAGE(AL7:AL21) -> #DIV/0! | AR7: =RANK(AQ7, AQ$7:AQ$21) -> #N/A | AS7: =AVERAGE(AQ7:AQ21) -> #DIV/0! | AW7: =RANK(AV7, AV$7:AV$21) -> #N/A | AX7: =AVERAGE(AV7:AV21) -> #DIV/0!
C8: 2 | I8: =AVERAGE(P8,U8,Z8,AE8,AJ8,AO8,AT8) -> #DIV/0! | J8: =AVERAGE(Q8,V8,AA8,AF8,AK8,AP8,AU8) -> #DIV/0! | K8: =AVERAGE(R8,W8,AB8,AG8,AL8,AQ8,AV8) -> #DIV/0! | M8: =RANK(K8, K$7:$K$21) -> #DIV/0! | S8: =RANK(R8, R$7:R$21) -> #N/A | X8: =RANK(W8, W$7:W$21) -> #N/A | AC8: =RANK(AB8, AB$7:AB$21) -> #N/A | AH8: =RANK(AG8, AG$7:AG$21) -> #N/A | AM8: =RANK(AL8, AL$7:AL$21) -> #N/A | AR8: =RANK(AQ8, AQ$7:AQ$21) -> #N/A | AW8: =RANK(AV8, AV$7:AV$21) -> #N/A
C9: 3 | I9: =AVERAGE(P9,U9,Z9,AE9,AJ9,AO9,AT9) -> #DIV/0! | J9: =AVERAGE(Q9,V9,AA9,AF9,AK9,AP9,AU9) -> #DIV/0! | K9: =AVERAGE(R9,W9,AB9,AG9,AL9,AQ9,AV9) -> #DIV/0! | M9: =RANK(K9, K$7:$K$21) -> #DIV/0! | S9: =RANK(R9, R$7:R$21) -> #N/A | X9: =RANK(W9, W$7:W$21) -> #N/A | AC9: =RANK(AB9, AB$7:AB$21) -> #N/A | AH9: =RANK(AG9, AG$7:AG$21) -> #N/A | AM9: =RANK(AL9, AL$7:AL$21) -> #N/A | AR9: =RANK(AQ9, AQ$7:AQ$21) -> #N/A | AW9: =RANK(AV9, AV$7:AV$21) -> #N/A
C10: 4 | I10: =AVERAGE(P10,U10,Z10,AE10,AJ10,AO10,AT10) -> #DIV/0! | J10: =AVERAGE(Q10,V10,AA10,AF10,AK10,AP10,AU10) -> #DIV/0! | K10: =AVERAGE(R10,W10,AB10,AG10,AL10,AQ10,AV10) -> #DIV/0! | M10: =RANK(K10, K$7:$K$21) -> #DIV/0! | S10: =RANK(R10, R$7:R$21) -> #N/A | X10: =RANK(W10, W$7:W$21) -> #N/A | AC10: =RANK(AB10, AB$7:AB$21) -> #N/A | AH10: =RANK(AG10, AG$7:AG$21) -> #N/A | AM10: =RANK(AL10, AL$7:AL$21) -> #N/A | AR10: =RANK(AQ10, AQ$7:AQ$21) -> #N/A | AW10: =RANK(AV10, AV$7:AV$21) -> #N/A
C11: 5 | I11: =AVERAGE(P11,U11,Z11,AE11,AJ11,AO11,AT11) -> #DIV/0! | J11: =AVERAGE(Q11,V11,AA11,AF11,AK11,AP11,AU11) -> #DIV/0! | K11: =AVERAGE(R11,W11,AB11,AG11,AL11,AQ11,AV11) -> #DIV/0! | M11: =RANK(K11, K$7:$K$21) -> #DIV/0! | S11: =RANK(R11, R$7:R$21) -> #N/A | X11: =RANK(W11, W$7:W$21) -> #N/A | AC11: =RANK(AB11, AB$7:AB$21) -> #N/A | AH11: =RANK(AG11, AG$7:AG$21) -> #N/A | AM11: =RANK(AL11, AL$7:AL$21) -> #N/A | AR11: =RANK(AQ11, AQ$7:AQ$21) -> #N/A | AW11: =RANK(AV11, AV$7:AV$21) -> #N/A
C12: 6 | I12: =AVERAGE(P12,U12,Z12,AE12,AJ12,AO12,AT12) -> #DIV/0! | J12: =AVERAGE(Q12,V12,AA12,AF12,AK12,AP12,AU12) -> #DIV/0! | K12: =AVERAGE(R12,W12,AB12,AG12,AL12,AQ12,AV12) -> #DIV/0! | M12: =RANK(K12, K$7:$K$21) -> #DIV/0! | S12: =RANK(R12, R$7:R$21) -> #N/A | X12: =RANK(W12, W$7:W$21) -> #N/A | AC12: =RANK(AB12, AB$7:AB$21) -> #N/A | AH12: =RANK(AG12, AG$7:AG$21) -> #N/A | AM12: =RANK(AL12, AL$7:AL$21) -> #N/A | AR12: =RANK(AQ12, AQ$7:AQ$21) -> #N/A | AW12: =RANK(AV12, AV$7:AV$21) -> #N/A
C13: 7 | I13: =AVERAGE(P13,U13,Z13,AE13,AJ13,AO13,AT13) -> #DIV/0! | J13: =AVERAGE(Q13,V13,AA13,AF13,AK13,AP13,AU13) -> #DIV/0! | K13: =AVERAGE(R13,W13,AB13,AG13,AL13,AQ13,AV13) -> #DIV/0! | M13: =RANK(K13, K$7:$K$21) -> #DIV/0! | S13: =RANK(R13, R$7:R$21) -> #N/A | X13: =RANK(W13, W$7:W$21) -> #N/A | AC13: =RANK(AB13, AB$7:AB$21) -> #N/A | AH13: =RANK(AG13, AG$7:AG$21) -> #N/A | AM13: =RANK(AL13, AL$7:AL$21) -> #N/A | AR13: =RANK(AQ13, AQ$7:AQ$21) -> #N/A | AW13: =RANK(AV13, AV$7:AV$21) -> #N/A
C14: 8 | I14: =AVERAGE(P14,U14,Z14,AE14,AJ14,AO14,AT14) -> #DIV/0! | J14: =AVERAGE(Q14,V14,AA14,AF14,AK14,AP14,AU14) -> #DIV/0! | K14: =AVERAGE(R14,W14,AB14,AG14,AL14,AQ14,AV14) -> #DIV/0! | M14: =RANK(K14, K$7:$K$21) -> #DIV/0! | S14: =RANK(R14, R$7:R$21) -> #N/A | X14: =RANK(W14, W$7:W$21) -> #N/A | AC14: =RANK(AB14, AB$7:AB$21) -> #N/A | AH14: =RANK(AG14, AG$7:AG$21) -> #N/A | AM14: =RANK(AL14, AL$7:AL$21) -> #N/A | AR14: =RANK(AQ14, AQ$7:AQ$21) -> #N/A | AW14: =RANK(AV14, AV$7:AV$21) -> #N/A
C15: 9 | I15: =AVERAGE(P15,U15,Z15,AE15,AJ15,AO15,AT15) -> #DIV/0! | J15: =AVERAGE(Q15,V15,AA15,AF15,AK15,AP15,AU15) -> #DIV/0! | K15: =AVERAGE(R15,W15,AB15,AG15,AL15,AQ15,AV15) -> #DIV/0! | M15: =RANK(K15, K$7:$K$21) -> #DIV/0! | S15: =RANK(R15, R$7:R$21) -> #N/A | X15: =RANK(W15, W$7:W$21) -> #N/A | AC15: =RANK(AB15, AB$7:AB$21) -> #N/A | AH15: =RANK(AG15, AG$7:AG$21) -> #N/A | AM15: =RANK(AL15, AL$7:AL$21) -> #N/A | AR15: =RANK(AQ15, AQ$7:AQ$21) -> #N/A | AW15: =RANK(AV15, AV$7:AV$21) -> #N/A
C16: 10 | I16: =AVERAGE(P16,U16,Z16,AE16,AJ16,AO16,AT16) -> #DIV/0! | J16: =AVERAGE(Q16,V16,AA16,AF16,AK16,AP16,AU16) -> #DIV/0! | K16: =AVERAGE(R16,W16,AB16,AG16,AL16,AQ16,AV16) -> #DIV/0! | M16: =RANK(K16, K$7:$K$21) -> #DIV/0! | S16: =RANK(R16, R$7:R$21) -> #N/A | X16: =RANK(W16, W$7:W$21) -> #N/A | AC16: =RANK(AB16, AB$7:AB$21) -> #N/A | AH16: =RANK(AG16, AG$7:AG$21) -> #N/A | AM16: =RANK(AL16, AL$7:AL$21) -> #N/A | AR16: =RANK(AQ16, AQ$7:AQ$21) -> #N/A | AW16: =RANK(AV16, AV$7:AV$21) -> #N/A
C17: 11 | M17: =RANK(K17, K$7:$K$21) -> #DIV/0! | S17: =RANK(R17, R$7:R$21) -> #N/A | X17: =RANK(W17, W$7:W$21) -> #N/A | AC17: =RANK(AB17, AB$7:AB$21) -> #N/A | AH17: =RANK(AG17, AG$7:AG$21) -> #N/A | AM17: =RANK(AL17, AL$7:AL$21) -> #N/A | AR17: =RANK(AQ17, AQ$7:AQ$21) -> #N/A | AW17: =RANK(AV17, AV$7:AV$21) -> #N/A
C18: 12 | M18: =RANK(K18, K$7:$K$21) -> #DIV/0! | S18: =RANK(R18, R$7:R$21) -> #N/A | X18: =RANK(W18, W$7:W$21) -> #N/A | AC18: =RANK(AB18, AB$7:AB$21) -> #N/A | AH18: =RANK(AG18, AG$7:AG$21) -> #N/A | AM18: =RANK(AL18, AL$7:AL$21) -> #N/A | AR18: =RANK(AQ18, AQ$7:AQ$21) -> #N/A | AW18: =RANK(AV18, AV$7:AV$21) -> #N/A
C19: 13 | M19: =RANK(K19, K$7:$K$21) -> #DIV/0! | S19: =RANK(R19, R$7:R$21) -> #N/A | X19: =RANK(W19, W$7:W$21) -> #N/A | AC19: =RANK(AB19, AB$7:AB$21) -> #N/A | AH19: =RANK(AG19, AG$7:AG$21) -> #N/A | AM19: =RANK(AL19, AL$7:AL$21) -> #N/A | AR19: =RANK(AQ19, AQ$7:AQ$21) -> #N/A | AW19: =RANK(AV19, AV$7:AV$21) -> #N/A
C20: 14 | M20: =RANK(K20, K$7:$K$21) -> #DIV/0! | S20: =RANK(R20, R$7:R$21) -> #N/A | X20: =RANK(W20, W$7:W$21) -> #N/A | AC20: =RANK(AB20, AB$7:AB$21) -> #N/A | AH20: =RANK(AG20, AG$7:AG$21) -> #N/A | AM20: =RANK(AL20, AL$7:AL$21) -> #N/A | AR20: =RANK(AQ20, AQ$7:AQ$21) -> #N/A | AW20: =RANK(AV20, AV$7:AV$21) -> #N/A
C21: 15 | M21: =RANK(K21, K$7:$K$21) -> #DIV/0! | S21: =RANK(R21, R$7:R$21) -> #N/A | X21: =RANK(W21, W$7:W$21) -> #N/A | AC21: =RANK(AB21, AB$7:AB$21) -> #N/A | AH21: =RANK(AG21, AG$7:AG$21) -> #N/A | AM21: =RANK(AL21, AL$7:AL$21) -> #N/A | AR21: =RANK(AQ21, AQ$7:AQ$21) -> #N/A | AW21: =RANK(AV21, AV$7:AV$21) -> #N/A
B22: 產線配置圖－每週更新 | N22: 資料繳交 | O22: 日期 | P22: 45874 | U22: 45875 | Z22: 45876 | AE22: 45877 | AJ22: 45878 | AO22: 45879 | AT22: 45880
P23: 二 | U23: 三 | Z23: 四 | AE23: 五 | AJ23: 六 | AO23: 日 | AT23: 一
B24: 品群 | C24: 商品名稱 | E24: 計畫 | H24: 平均人時性 | I24: 實績 | L24: 平均人時性 | M24: 排名 | O24: 日報 | P24: 實際 | T24: 平均人時性 | U24: 實際 | Y24: 平均人時性 | Z24: 實際 | AD24: 平均人時性 | AE24: 實際 | AI24: 平均人時性 | AJ24: 實際 | AN24: 平均人時性 | AO24: 實際 | AS24: 平均人時性 | AT24: 實際 | AX24: 平均人時性
E25: 產線配置圖 | I25: 產線配置圖 | P25: 生產實績 | U25: 生產實績 | Z25: 生產實績 | AE25: 生產實績 | AJ25: 生產實績 | AO25: 生產實績 | AT25: 生產實績
E26: 人數 | F26: 產能／時 | G26: 人時性 | I26: 人數 | J26: 產能／時 | K26: 人時性 | P26: 人數 | Q26: 產能／時 | R26: 人時性 | S26: 排名 | U26: 人數 | V26: 產能／時 | W26: 人時性 | X26: 排名 | Z26: 人數 | AA26: 產能／時 | AB26: 人時性 | AC26: 排名 | AE26: 人數 | AF26: 產能／時 | AG26: 人時性 | AH26: 排名 | AJ26: 人數 | AK26: 產能／時 | AL26: 人時性 | AM26: 排名 | AO26: 人數 | AP26: 產能／時 | AQ26: 人時性 | AR26: 排名 | AT26: 人數 | AU26: 產能／時 | AV26: 人時性 | AW26: 排名
B27: 季節調理麵 | C27: 1 | H27: =AVERAGE(G27:G41) -> #DIV/0! | I27: =AVERAGE(P27,U27,Z27,AE27,AJ27,AO27,AT27) -> #DIV/0! | J27: =AVERAGE(Q27,V27,AA27,AF27,AK27,AP27,AU27) -> #DIV/0! | K27: =AVERAGE(R27,W27,AB27,AG27,AL27,AQ27,AV27) -> #DIV/0! | L27: =AVERAGE(K27:K41) -> #DIV/0! | M27: =RANK(K27, K$27:$K$41) -> #DIV/0! | T27: =AVERAGE(R27:R41) -> #DIV/0! | Y27: =AVERAGE(W27:W41) -> #DIV/0! | AD27: =AVERAGE(AB27:AB41) -> #DIV/0! | AI27: =AVERAGE(AG27:AG41) -> #DIV/0! | AN27: =AVERAGE(AL27:AL41) -> #DIV/0! | AS27: =AVERAGE(AQ27:AQ41) -> #DIV/0! | AX27: =AVERAGE(AV27:AV41) -> #DIV/0!
C28: 2 | I28: =AVERAGE(P28,U28,Z28,AE28,AJ28,AO28,AT28) -> #DIV/0! | J28: =AVERAGE(Q28,V28,AA28,AF28,AK28,AP28,AU28) -> #DIV/0! | K28: =AVERAGE(R28,W28,AB28,AG28,AL28,AQ28,AV28) -> #DIV/0! | M28: =RANK(K28, K$27:$K$41) -> #DIV/0!
C29: 3 | I29: =AVERAGE(P29,U29,Z29,AE29,AJ29,AO29,AT29) -> #DIV/0! | J29: =AVERAGE(Q29,V29,AA29,AF29,AK29,AP29,AU29) -> #DIV/0! | K29: =AVERAGE(R29,W29,AB29,AG29,AL29,AQ29,AV29) -> #DIV/0! | M29: =RANK(K29, K$27:$K$41) -> #DIV/0!
C30: 4 | I30: =AVERAGE(P30,U30,Z30,AE30,AJ30,AO30,AT30) -> #DIV/0! | J30: =AVERAGE(Q30,V30,AA30,AF30,AK30,AP30,AU30) -> #DIV/0! | K30: =AVERAGE(R30,W30,AB30,AG30,AL30,AQ30,AV30) -> #DIV/0! | M30: =RANK(K30, K$27:$K$41) -> #DIV/0!
C31: 5 | I31: =AVERAGE(P31,U31,Z31,AE31,AJ31,AO31,AT31) -> #DIV/0! | J31: =AVERAGE(Q31,V31,AA31,AF31,AK31,AP31,AU31) -> #DIV/0! | K31: =AVERAGE(R31,W31,AB31,AG31,AL31,AQ31,AV31) -> #DIV/0! | M31: =RANK(K31, K$27:$K$41) -> #DIV/0!
C32: 6 | I32: =AVERAGE(P32,U32,Z32,AE32,AJ32,AO32,AT32) -> #DIV/0! | J32: =AVERAGE(Q32,V32,AA32,AF32,AK32,AP32,AU32) -> #DIV/0! | K32: =AVERAGE(R32,W32,AB32,AG32,AL32,AQ32,AV32) -> #DIV/0! | M32: =RANK(K32, K$27:$K$41) -> #DIV/0!
C33: 7 | I33: =AVERAGE(P33,U33,Z33,AE33,AJ33,AO33,AT33) -> #DIV/0! | J33: =AVERAGE(Q33,V33,AA33,AF33,AK33,AP33,AU33) -> #DIV/0! | K33: =AVERAGE(R33,W33,AB33,AG33,AL33,AQ33,AV33) -> #DIV/0! | M33: =RANK(K33, K$27:$K$41) -> #DIV/0!
C34: 8 | I34: =AVERAGE(P34,U34,Z34,AE34,AJ34,AO34,AT34) -> #DIV/0! | J34: =AVERAGE(Q34,V34,AA34,AF34,AK34,AP34,AU34) -> #DIV/0! | K34: =AVERAGE(R34,W34,AB34,AG34,AL34,AQ34,AV34) -> #DIV/0! | M34: =RANK(K34, K$27:$K$41) -> #DIV/0!
C35: 9 | I35: =AVERAGE(P35,U35,Z35,AE35,AJ35,AO35,AT35) -> #DIV/0! | J35: =AVERAGE(Q35,V35,AA35,AF35,AK35,AP35,AU35) -> #DIV/0! | K35: =AVERAGE(R35,W35,AB35,AG35,AL35,AQ35,AV35) -> #DIV/0! | M35: =RANK(K35, K$27:$K$41) -> #DIV/0!
C36: 10 | I36: =AVERAGE(P36,U36,Z36,AE36,AJ36,AO36,AT36) -> #DIV/0! | J36: =AVERAGE(Q36,V36,AA36,AF36,AK36,AP36,AU36) -> #DIV/0! | K36: =AVERAGE(R36,W36,AB36,AG36,AL36,AQ36,AV36) -> #DIV/0! | M36: =RANK(K36, K$27:$K$41) -> #DIV/0!
C37: 11 | M37: =RANK(K37, K$27:$K$41) -> #DIV/0!
C38: 12 | M38: =RANK(K38, K$27:$K$41) -> #DIV/0!
C39: 13 | M39: =RANK(K39, K$27:$K$41) -> #DIV/0!
C40: 14 | M40: =RANK(K40, K$27:$K$41) -> #DIV/0!
C41: 15 | M41: =RANK(K41, K$27:$K$41) -> #DIV/0!
B42: 產線配置圖－每週更新 | N42: 資料繳交 | O42: 日期 | P42: 45881 | U42: 45882 | Z42: 45883 | AE42: 45884 | AJ42: 45885 | AO42: 45886 | AT42: 45887
P43: 二 | U43: 三 | Z43: 四 | AE43: 五 | AJ43: 六 | AO43: 日 | AT43: 一
B44: 品群 | C44: 商品名稱 | E44: 計畫 | H44: 平均人時性 | I44: 實績 | L44: 平均人時性 | M44: 排名 | O44: 日報 | P44: 實際 | T44: 平均人時性 | U44: 實際 | Y44: 平均人時性 | Z44: 實際 | AD44: 平均人時性 | AE44: 實際 | AI44: 平均人時性 | AJ44: 實際 | AN44: 平均人時性 | AO44: 實際 | AS44: 平均人時性 | AT44: 實際 | AX44: 平均人時性
E45: 產線配置圖 | I45: 產線配置圖 | P45: 生產實績 | U45: 生產實績 | Z45: 生產實績 | AE45: 生產實績 | AJ45: 生產實績 | AO45: 生產實績 | AT45: 生產實績
E46: 人數 | F46: 產能／時 | G46: 人時性 | I46: 人數 | J46: 產能／時 | K46: 人時性 | P46: 人數 | Q46: 產能／時 | R46: 人時性 | S46: 排名 | U46: 人數 | V46: 產能／時 | W46: 人時性 | X46: 排名 | Z46: 人數 | AA46: 產能／時 | AB46: 人時性 | AC46: 排名 | AE46: 人數 | AF46: 產能／時 | AG46: 人時性 | AH46: 排名 | AJ46: 人數 | AK46: 產能／時 | AL46: 人時性 | AM46: 排名 | AO46: 人數 | AP46: 產能／時 | AQ46: 人時性 | AR46: 排名 | AT46: 人數 | AU46: 產能／時 | AV46: 人時性 | AW46: 排名
B47: 季節調理麵 | C47: 1 | H47: =AVERAGE(G47:G61) -> #DIV/0! | I47: =AVERAGE(P47,U47,Z47,AE47,AJ47,AO47,AT47) -> #DIV/0! | J47: =AVERAGE(Q47,V47,AA47,AF47,AK47,AP47,AU47) -> #DIV/0! | K47: =AVERAGE(R47,W47,AB47,AG47,AL47,AQ47,AV47) -> #DIV/0! | L47: =AVERAGE(K47:K61) -> #DIV/0! | M47: =RANK(K47, K$47:$K$61) -> #DIV/0! | T47: =AVERAGE(R47:R61) -> #DIV/0! | Y47: =AVERAGE(W47:W61) -> #DIV/0! | AD47: =AVERAGE(AB47:AB61) -> #DIV/0! | AI47: =AVERAGE(AG47:AG61) -> #DIV/0! | AN47: =AVERAGE(AL47:AL61) -> #DIV/0! | AS47: =AVERAGE(AQ47:AQ61) -> #DIV/0! | AX47: =AVERAGE(AV47:AV61) -> #DIV/0!
C48: 2 | I48: =AVERAGE(P48,U48,Z48,AE48,AJ48,AO48,AT48) -> #DIV/0! | J48: =AVERAGE(Q48,V48,AA48,AF48,AK48,AP48,AU48) -> #DIV/0! | K48: =AVERAGE(R48,W48,AB48,AG48,AL48,AQ48,AV48) -> #DIV/0! | M48: =RANK(K48, K$47:$K$61) -> #DIV/0!
C49: 3 | I49: =AVERAGE(P49,U49,Z49,AE49,AJ49,AO49,AT49) -> #DIV/0! | J49: =AVERAGE(Q49,V49,AA49,AF49,AK49,AP49,AU49) -> #DIV/0! | K49: =AVERAGE(R49,W49,AB49,AG49,AL49,AQ49,AV49) -> #DIV/0! | M49: =RANK(K49, K$47:$K$61) -> #DIV/0!
C50: 4 | I50: =AVERAGE(P50,U50,Z50,AE50,AJ50,AO50,AT50) -> #DIV/0! | J50: =AVERAGE(Q50,V50,AA50,AF50,AK50,AP50,AU50) -> #DIV/0! | K50: =AVERAGE(R50,W50,AB50,AG50,AL50,AQ50,AV50) -> #DIV/0! | M50: =RANK(K50, K$47:$K$61) -> #DIV/0!
C51: 5 | I51: =AVERAGE(P51,U51,Z51,AE51,AJ51,AO51,AT51) -> #DIV/0! | J51: =AVERAGE(Q51,V51,AA51,AF51,AK51,AP51,AU51) -> #DIV/0! | K51: =AVERAGE(R51,W51,AB51,AG51,AL51,AQ51,AV51) -> #DIV/0! | M51: =RANK(K51, K$47:$K$61) -> #DIV/0!
C52: 6 | I52: =AVERAGE(P52,U52,Z52,AE52,AJ52,AO52,AT52) -> #DIV/0! | J52: =AVERAGE(Q52,V52,AA52,AF52,AK52,AP52,AU52) -> #DIV/0! | K52: =AVERAGE(R52,W52,AB52,AG52,AL52,AQ52,AV52) -> #DIV/0! | M52: =RANK(K52, K$47:$K$61) -> #DIV/0!
C53: 7 | I53: =AVERAGE(P53,U53,Z53,AE53,AJ53,AO53,AT53) -> #DIV/0! | J53: =AVERAGE(Q53,V53,AA53,AF53,AK53,AP53,AU53) -> #DIV/0! | K53: =AVERAGE(R53,W53,AB53,AG53,AL53,AQ53,AV53) -> #DIV/0! | M53: =RANK(K53, K$47:$K$61) -> #DIV/0!
C54: 8 | I54: =AVERAGE(P54,U54,Z54,AE54,AJ54,AO54,AT54) -> #DIV/0! | J54: =AVERAGE(Q54,V54,AA54,AF54,AK54,AP54,AU54) -> #DIV/0! | K54: =AVERAGE(R54,W54,AB54,AG54,AL54,AQ54,AV54) -> #DIV/0! | M54: =RANK(K54, K$47:$K$61) -> #DIV/0!
C55: 9 | I55: =AVERAGE(P55,U55,Z55,AE55,AJ55,AO55,AT55) -> #DIV/0! | J55: =AVERAGE(Q55,V55,AA55,AF55,AK55,AP55,AU55) -> #DIV/0! | K55: =AVERAGE(R55,W55,AB55,AG55,AL55,AQ55,AV55) -> #DIV/0! | M55: =RANK(K55, K$47:$K$61) -> #DIV/0!
C56: 10 | I56: =AVERAGE(P56,U56,Z56,AE56,AJ56,AO56,AT56) -> #DIV/0! | J56: =AVERAGE(Q56,V56,AA56,AF56,AK56,AP56,AU56) -> #DIV/0! | K56: =AVERAGE(R56,W56,AB56,AG56,AL56,AQ56,AV56) -> #DIV/0! | M56: =RANK(K56, K$47:$K$61) -> #DIV/0!
C57: 11 | M57: =RANK(K57, K$47:$K$61) -> #DIV/0!
C58: 12 | M58: =RANK(K58, K$47:$K$61) -> #DIV/0!
C59: 13 | M59: =RANK(K59, K$47:$K$61) -> #DIV/0!
C60: 14 | M60: =RANK(K60, K$47:$K$61) -> #DIV/0!
C61: 15 | M61: =RANK(K61, K$47:$K$61) -> #DIV/0!
B62: 產線配置圖－每週更新 | N62: 資料繳交 | O62: 日期 | P62: 45888 | U62: 45889 | Z62: 45890 | AE62: 45891 | AJ62: 45892 | AO62: 45893 | AT62: 45894
P63: 二 | U63: 三 | Z63: 四 | AE63: 五 | AJ63: 六 | AO63: 日 | AT63: 一
B64: 品群 | C64: 商品名稱 | E64: 計畫 | H64: 平均人時性 | I64: 實績 | L64: 平均人時性 | M64: 排名 | O64: 日報 | P64: 實際 | T64: 平均人時性 | U64: 實際 | Y64: 平均人時性 | Z64: 實際 | AD64: 平均人時性 | AE64: 實際 | AI64: 平均人時性 | AJ64: 實際 | AN64: 平均人時性 | AO64: 實際 | AS64: 平均人時性 | AT64: 實際 | AX64: 平均人時性
E65: 產線配置圖 | I65: 產線配置圖 | P65: 生產實績 | U65: 生產實績 | Z65: 生產實績 | AE65: 生產實績 | AJ65: 生產實績 | AO65: 生產實績 | AT65: 生產實績
E66: 人數 | F66: 產能／時 | G66: 人時性 | I66: 人數 | J66: 產能／時 | K66: 人時性 | P66: 人數 | Q66: 產能／時 | R66: 人時性 | S66: 排名 | U66: 人數 | V66: 產能／時 | W66: 人時性 | X66: 排名 | Z66: 人數 | AA66: 產能／時 | AB66: 人時性 | AC66: 排名 | AE66: 人數 | AF66: 產能／時 | AG66: 人時性 | AH66: 排名 | AJ66: 人數 | AK66: 產能／時 | AL66: 人時性 | AM66: 排名 | AO66: 人數 | AP66: 產能／時 | AQ66: 人時性 | AR66: 排名 | AT66: 人數 | AU66: 產能／時 | AV66: 人時性 | AW66: 排名
B67: 季節調理麵 | C67: 1 | H67: =AVERAGE(G67:G81) -> #DIV/0! | I67: =AVERAGE(P67,U67,Z67,AE67,AJ67,AO67,AT67) -> #DIV/0! | J67: =AVERAGE(Q67,V67,AA67,AF67,AK67,AP67,AU67) -> #DIV/0! | K67: =AVERAGE(R67,W67,AB67,AG67,AL67,AQ67,AV67) -> #DIV/0! | L67: =AVERAGE(K67:K81) -> #DIV/0! | M67: =RANK(K67, K$67:$K$81) -> #DIV/0! | T67: =AVERAGE(R67:R81) -> #DIV/0! | Y67: =AVERAGE(W67:W81) -> #DIV/0! | AD67: =AVERAGE(AB67:AB81) -> #DIV/0! | AI67: =AVERAGE(AG67:AG81) -> #DIV/0! | AN67: =AVERAGE(AL67:AL81) -> #DIV/0! | AS67: =AVERAGE(AQ67:AQ81) -> #DIV/0! | AX67: =AVERAGE(AV67:AV81) -> #DIV/0!
C68: 2 | I68: =AVERAGE(P68,U68,Z68,AE68,AJ68,AO68,AT68) -> #DIV/0! | J68: =AVERAGE(Q68,V68,AA68,AF68,AK68,AP68,AU68) -> #DIV/0! | K68: =AVERAGE(R68,W68,AB68,AG68,AL68,AQ68,AV68) -> #DIV/0! | M68: =RANK(K68, K$67:$K$81) -> #DIV/0!
C69: 3 | I69: =AVERAGE(P69,U69,Z69,AE69,AJ69,AO69,AT69) -> #DIV/0! | J69: =AVERAGE(Q69,V69,AA69,AF69,AK69,AP69,AU69) -> #DIV/0! | K69: =AVERAGE(R69,W69,AB69,AG69,AL69,AQ69,AV69) -> #DIV/0! | M69: =RANK(K69, K$67:$K$81) -> #DIV/0!
C70: 4 | I70: =AVERAGE(P70,U70,Z70,AE70,AJ70,AO70,AT70) -> #DIV/0! | J70: =AVERAGE(Q70,V70,AA70,AF70,AK70,AP70,AU70) -> #DIV/0! | K70: =AVERAGE(R70,W70,AB70,AG70,AL70,AQ70,AV70) -> #DIV/0! | M70: =RANK(K70, K$67:$K$81) -> #DIV/0!
C71: 5 | I71: =AVERAGE(P71,U71,Z71,AE71,AJ71,AO71,AT71) -> #DIV/0! | J71: =AVERAGE(Q71,V71,AA71,AF71,AK71,AP71,AU71) -> #DIV/0! | K71: =AVERAGE(R71,W71,AB71,AG71,AL71,AQ71,AV71) -> #DIV/0! | M71: =RANK(K71, K$67:$K$81) -> #DIV/0!
C72: 6 | I72: =AVERAGE(P72,U72,Z72,AE72,AJ72,AO72,AT72) -> #DIV/0! | J72: =AVERAGE(Q72,V72,AA72,AF72,AK72,AP72,AU72) -> #DIV/0! | K72: =AVERAGE(R72,W72,AB72,AG72,AL72,AQ72,AV72) -> #DIV/0! | M72: =RANK(K72, K$67:$K$81) -> #DIV/0!
C73: 7 | I73: =AVERAGE(P73,U73,Z73,AE73,AJ73,AO73,AT73) -> #DIV/0! | J73: =AVERAGE(Q73,V73,AA73,AF73,AK73,AP73,AU73) -> #DIV/0! | K73: =AVERAGE(R73,W73,AB73,AG73,AL73,AQ73,AV73) -> #DIV/0! | M73: =RANK(K73, K$67:$K$81) -> #DIV/0!
C74: 8 | I74: =AVERAGE(P74,U74,Z74,AE74,AJ74,AO74,AT74) -> #DIV/0! | J74: =AVERAGE(Q74,V74,AA74,AF74,AK74,AP74,AU74) -> #DIV/0! | K74: =AVERAGE(R74,W74,AB74,AG74,AL74,AQ74,AV74) -> #DIV/0! | M74: =RANK(K74, K$67:$K$81) -> #DIV/0!
C75: 9 | I75: =AVERAGE(P75,U75,Z75,AE75,AJ75,AO75,AT75) -> #DIV/0! | J75: =AVERAGE(Q75,V75,AA75,AF75,AK75,AP75,AU75) -> #DIV/0! | K75: =AVERAGE(R75,W75,AB75,AG75,AL75,AQ75,AV75) -> #DIV/0! | M75: =RANK(K75, K$67:$K$81) -> #DIV/0!
C76: 10 | I76: =AVERAGE(P76,U76,Z76,AE76,AJ76,AO76,AT76) -> #DIV/0! | J76: =AVERAGE(Q76,V76,AA76,AF76,AK76,AP76,AU76) -> #DIV/0! | K76: =AVERAGE(R76,W76,AB76,AG76,AL76,AQ76,AV76) -> #DIV/0! | M76: =RANK(K76, K$67:$K$81) -> #DIV/0!
C77: 11 | I77: =AVERAGE(P77,U77,Z77,AE77,AJ77,AO77,AT77) -> #DIV/0! | J77: =AVERAGE(Q77,V77,AA77,AF77,AK77,AP77,AU77) -> #DIV/0! | K77: =AVERAGE(R77,W77,AB77,AG77,AL77,AQ77,AV77) -> #DIV/0! | M77: =RANK(K77, K$67:$K$81) -> #DIV/0!
C78: 12 | I78: =AVERAGE(P78,U78,Z78,AE78,AJ78,AO78,AT78) -> #DIV/0! | J78: =AVERAGE(Q78,V78,AA78,AF78,AK78,AP78,AU78) -> #DIV/0! | K78: =AVERAGE(R78,W78,AB78,AG78,AL78,AQ78,AV78) -> #DIV/0! | M78: =RANK(K78, K$67:$K$81) -> #DIV/0!
C79: 13 | I79: =AVERAGE(P79,U79,Z79,AE79,AJ79,AO79,AT79) -> #DIV/0! | J79: =AVERAGE(Q79,V79,AA79,AF79,AK79,AP79,AU79) -> #DIV/0! | K79: =AVERAGE(R79,W79,AB79,AG79,AL79,AQ79,AV79) -> #DIV/0! | M79: =RANK(K79, K$67:$K$81) -> #DIV/0!
C80: 14 | I80: =AVERAGE(P80,U80,Z80,AE80,AJ80,AO80,AT80) -> #DIV/0! | J80: =AVERAGE(Q80,V80,AA80,AF80,AK80,AP80,AU80) -> #DIV/0! | K80: =AVERAGE(R80,W80,AB80,AG80,AL80,AQ80,AV80) -> #DIV/0! | M80: =RANK(K80, K$67:$K$81) -> #DIV/0!
C81: 15 | M81: =RANK(K81, K$67:$K$81) -> #DIV/0!
B82: 產線配置圖－每週更新 | N82: 資料繳交 | O82: 日期 | P82: 45895 | U82: 45896 | Z82: 45897 | AE82: 45898 | AJ82: 45899 | AO82: 45900
P83: 二 | U83: 三 | Z83: 四 | AE83: 五 | AJ83: 六 | AO83: 日 | AT83: 一
B84: 品群 | C84: 商品名稱 | E84: 計畫 | H84: 平均人時性 | I84: 實績 | L84: 平均人時性 | M84: 排名 | O84: 日報 | P84: 實際 | T84: 平均人時性 | U84: 實際 | Y84: 平均人時性 | Z84: 實際 | AD84: 平均人時性 | AE84: 實際 | AI84: 平均人時性 | AJ84: 實際 | AN84: 平均人時性 | AO84: 實際 | AS84: 平均人時性 | AT84: 實際 | AX84: 平均人時性
E85: 產線配置圖 | I85: 產線配置圖 | P85: 生產實績 | U85: 生產實績 | Z85: 生產實績 | AE85: 生產實績 | AJ85: 生產實績 | AO85: 生產實績 | AT85: 生產實績
E86: 人數 | F86: 產能／時 | G86: 人時性 | I86: 人數 | J86: 產能／時 | K86: 人時性 | P86: 人數 | Q86: 產能／時 | R86: 人時性 | S86: 排名 | U86: 人數 | V86: 產能／時 | W86: 人時性 | X86: 排名 | Z86: 人數 | AA86: 產能／時 | AB86: 人時性 | AC86: 排名 | AE86: 人數 | AF86: 產能／時 | AG86: 人時性 | AH86: 排名 | AJ86: 人數 | AK86: 產能／時 | AL86: 人時性 | AM86: 排名 | AO86: 人數 | AP86: 產能／時 | AQ86: 人時性 | AR86: 排名 | AT86: 人數 | AU86: 產能／時 | AV86: 人時性 | AW86: 排名
B87: 季節調理麵 | C87: 1 | H87: =AVERAGE(G87:G101) -> #DIV/0! | I87: =AVERAGE(P87,U87,Z87,AE87,AJ87,AO87,AT87) -> #DIV/0! | J87: =AVERAGE(Q87,V87,AA87,AF87,AK87,AP87,AU87) -> #DIV/0! | K87: =AVERAGE(R87,W87,AB87,AG87,AL87,AQ87,AV87) -> #DIV/0! | L87: =AVERAGE(K87:K101) -> #DIV/0! | M87: =RANK(K87, K$87:$K$101) -> #DIV/0! | T87: =AVERAGE(R87:R101) -> #DIV/0! | Y87: =AVERAGE(W87:W101) -> #DIV/0! | AD87: =AVERAGE(AB87:AB101) -> #DIV/0! | AI87: =AVERAGE(AG87:AG101) -> #DIV/0! | AN87: =AVERAGE(AL87:AL101) -> #DIV/0! | AS87: =AVERAGE(AQ87:AQ101) -> #DIV/0! | AX87: =AVERAGE(AV87:AV101) -> #DIV/0!
C88: 2 | I88: =AVERAGE(P88,U88,Z88,AE88,AJ88,AO88,AT88) -> #DIV/0! | J88: =AVERAGE(Q88,V88,AA88,AF88,AK88,AP88,AU88) -> #DIV/0! | K88: =AVERAGE(R88,W88,AB88,AG88,AL88,AQ88,AV88) -> #DIV/0! | M88: =RANK(K88, K$87:$K$101) -> #DIV/0!
C89: 3 | I89: =AVERAGE(P89,U89,Z89,AE89,AJ89,AO89,AT89) -> #DIV/0! | J89: =AVERAGE(Q89,V89,AA89,AF89,AK89,AP89,AU89) -> #DIV/0! | K89: =AVERAGE(R89,W89,AB89,AG89,AL89,AQ89,AV89) -> #DIV/0! | M89: =RANK(K89, K$87:$K$101) -> #DIV/0!
C90: 4 | I90: =AVERAGE(P90,U90,Z90,AE90,AJ90,AO90,AT90) -> #DIV/0! | J90: =AVERAGE(Q90,V90,AA90,AF90,AK90,AP90,AU90) -> #DIV/0! | K90: =AVERAGE(R90,W90,AB90,AG90,AL90,AQ90,AV90) -> #DIV/0! | M90: =RANK(K90, K$87:$K$101) -> #DIV/0!
C91: 5 | I91: =AVERAGE(P91,U91,Z91,AE91,AJ91,AO91,AT91) -> #DIV/0! | J91: =AVERAGE(Q91,V91,AA91,AF91,AK91,AP91,AU91) -> #DIV/0! | K91: =AVERAGE(R91,W91,AB91,AG91,AL91,AQ91,AV91) -> #DIV/0! | M91: =RANK(K91, K$87:$K$101) -> #DIV/0!
C92: 6 | I92: =AVERAGE(P92,U92,Z92,AE92,AJ92,AO92,AT92) -> #DIV/0! | J92: =AVERAGE(Q92,V92,AA92,AF92,AK92,AP92,AU92) -> #DIV/0! | K92: =AVERAGE(R92,W92,AB92,AG92,AL92,AQ92,AV92) -> #DIV/0! | M92: =RANK(K92, K$87:$K$101) -> #DIV/0!
C93: 7 | I93: =AVERAGE(P93,U93,Z93,AE93,AJ93,AO93,AT93) -> #DIV/0! | J93: =AVERAGE(Q93,V93,AA93,AF93,AK93,AP93,AU93) -> #DIV/0! | K93: =AVERAGE(R93,W93,AB93,AG93,AL93,AQ93,AV93) -> #DIV/0! | M93: =RANK(K93, K$87:$K$101) -> #DIV/0!
C94: 8 | I94: =AVERAGE(P94,U94,Z94,AE94,AJ94,AO94,AT94) -> #DIV/0! | J94: =AVERAGE(Q94,V94,AA94,AF94,AK94,AP94,AU94) -> #DIV/0! | K94: =AVERAGE(R94,W94,AB94,AG94,AL94,AQ94,AV94) -> #DIV/0! | M94: =RANK(K94, K$87:$K$101) -> #DIV/0!
C95: 9 | I95: =AVERAGE(P95,U95,Z95,AE95,AJ95,AO95,AT95) -> #DIV/0! | J95: =AVERAGE(Q95,V95,AA95,AF95,AK95,AP95,AU95) -> #DIV/0! | K95: =AVERAGE(R95,W95,AB95,AG95,AL95,AQ95,AV95) -> #DIV/0! | M95: =RANK(K95, K$87:$K$101) -> #DIV/0!
C96: 10 | I96: =AVERAGE(P96,U96,Z96,AE96,AJ96,AO96,AT96) -> #DIV/0! | J96: =AVERAGE(Q96,V96,AA96,AF96,AK96,AP96,AU96) -> #DIV/0! | K96: =AVERAGE(R96,W96,AB96,AG96,AL96,AQ96,AV96) -> #DIV/0! | M96: =RANK(K96, K$87:$K$101) -> #DIV/0!
C97: 11 | M97: =RANK(K97, K$87:$K$101) -> #DIV/0!
C98: 12 | M98: =RANK(K98, K$87:$K$101) -> #DIV/0!
C99: 13 | M99: =RANK(K99, K$87:$K$101) -> #DIV/0!
C100: 14 | M100: =RANK(K100, K$87:$K$101) -> #DIV/0!
...

Sheet （５-3）品群別人時生產性(微波小吃)
B1: 月平均人時性 | C1: =AVERAGE(L7,L27,L47,L67,L87,L107) -> 120.02125
B2: 產線配置圖－每週更新 | N2: 資料繳交 | O2: 日期 | AO2: 46082 | AT2: 46083
P3: 二 | U3: 三 | Z3: 四 | AE3: 五 | AJ3: 六 | AO3: 日 | AT3: 一
B4: 品群 | C4: 商品名稱 | E4: 計畫 | H4: 平均人時性 | I4: 實績 | L4: 平均人時性 | M4: 排名 | O4: 日報 | P4: 實際 | T4: 平均人時性 | U4: 實際 | Y4: 平均人時性 | Z4: 實際 | AD4: 平均人時性 | AE4: 實際 | AI4: 平均人時性 | AJ4: 實際 | AN4: 平均人時性 | AO4: 實際 | AS4: 平均人時性 | AT4: 實際 | AX4: 平均人時性
E5: 產線配置圖 | I5: 產線配置圖 | P5: 生產實績 | U5: 生產實績 | Z5: 生產實績 | AE5: 生產實績 | AJ5: 生產實績 | AO5: 生產實績 | AT5: 生產實績
E6: 人數 | F6: 產能／時 | G6: 人時性 | I6: 人數 | J6: 產能／時 | K6: 人時性 | P6: 人數 | Q6: 產能／時 | R6: 人時性 | S6: 排名 | U6: 人數 | V6: 產能／時 | W6: 人時性 | X6: 排名 | Z6: 人數 | AA6: 產能／時 | AB6: 人時性 | AC6: 排名 | AE6: 人數 | AF6: 產能／時 | AG6: 人時性 | AH6: 排名 | AJ6: 人數 | AK6: 產能／時 | AL6: 人時性 | AM6: 排名 | AO6: 人數 | AP6: 產能／時 | AQ6: 人時性 | AR6: 排名 | AT6: 人數 | AU6: 產能／時 | AV6: 人時性 | AW6: 排名
B7: 微波小吃 | C7: 1 | D7: 小滷青蔬 | E7: =VLOOKUP(D7,'12產線配置圖'!$A$2:$C$30,2,0) -> 13 | F7: =VLOOKUP(D7,'12產線配置圖'!$A$2:$C$30,3,0) -> 1565 | G7: =F7/E7 -> 120.38462 | H7: =AVERAGE(G7:G21) -> 127.07265 | I7: =AVERAGE(P7,U7,Z7,AE7,AJ7,AO7,AT7) -> 13.5 | J7: =AVERAGE(Q7,V7,AA7,AF7,AK7,AP7,AU7) -> 1555 | K7: =AVERAGE(AQ7,AV7) -> 115.30769 | L7: =IFERROR(AVERAGE(K7:K21),"-") -> 112.12622 | M7: =RANK(K7,$K$7:$K$21) -> 2 | R7: =Q7/P7 -> #DIV/0! | S7: =RANK(R7, R$7:R$21) -> #DIV/0! | T7: =AVERAGE(R7:R21) -> #DIV/0! | W7: =V7/U7 -> #DIV/0! | X7: =RANK(W7,W$107:W$109) -> #DIV/0! | Y7: =AVERAGE(W7:W21) -> #DIV/0! | AB7: =AA7/Z7 -> #DIV/0! | AC7: =RANK(AB7,AB$7:AB$9) -> #DIV/0! | AD7: =AVERAGE(AB7:AB21) -> #DIV/0! | AG7: =AF7/AE7 -> #DIV/0! | AH7: =RANK(AG7,AG$7:AG$9) -> #DIV/0! | AI7: =AVERAGE(AG7:AG21) -> #DIV/0! | AL7: =AK7/AJ7 -> #DIV/0! | AM7: =RANK(AL7,AL$7:AL$9) -> #DIV/0! | AN7: =AVERAGE(AL7:AL21) -> #DIV/0! | AO7: 14 | AP7: 1568 | AQ7: =AP7/AO7 -> 112 | AR7: =RANK(AQ7,AQ$7:AQ$9) -> 2 | AS7: =AVERAGE(AQ7:AQ21) -> 112.32937 | AT7: 13 | AU7: 1542 | AV7: =AU7/AT7 -> 118.61538 | AW7: =RANK(AV7,AV$7:AV$9) -> 2 | AX7: =AVERAGE(AV7:AV21) -> 111.92308
C8: 2 | D8: 起司馬鈴薯 | E8: =VLOOKUP(D8,'12產線配置圖'!$A$2:$C$30,2,0) -> 12 | F8: =VLOOKUP(D8,'12產線配置圖'!$A$2:$C$30,3,0) -> 1565 | G8: =F8/E8 -> 130.41667 | I8: =AVERAGE(P8,U8,Z8,AE8,AJ8,AO8,AT8) -> 13.5 | J8: =AVERAGE(Q8,V8,AA8,AF8,AK8,AP8,AU8) -> 1631 | K8: =AVERAGE(AQ8,AV8) -> 120.97802 | M8: =RANK(K8,$K$7:$K$21) -> 1 | R8: =Q8/P8 -> #DIV/0! | S8: =RANK(R8, R$7:R$21) -> #DIV/0! | W8: =V8/U8 -> #DIV/0! | X8: =RANK(W8,W$107:W$109) -> #DIV/0! | AB8: =AA8/Z8 -> #DIV/0! | AC8: =RANK(AB8,AB$7:AB$9) -> #DIV/0! | AG8: =AF8/AE8 -> #DIV/0! | AH8: =RANK(AG8,AG$7:AG$9) -> #DIV/0! | AL8: =AK8/AJ8 -> #DIV/0! | AM8: =RANK(AL8,AL$7:AL$9) -> #DIV/0! | AO8: 14 | AP8: 1632 | AQ8: =AP8/AO8 -> 116.57143 | AR8: =RANK(AQ8,AQ$7:AQ$9) -> 1 | AT8: 13 | AU8: 1630 | AV8: =AU8/AT8 -> 125.38462 | AW8: =RANK(AV8,AV$7:AV$9) -> 1
C9: 3 | D9: 三杯菇菇米血 | E9: =VLOOKUP(D9,'12產線配置圖'!$A$2:$C$30,2,0) -> 12 | F9: =VLOOKUP(D9,'12產線配置圖'!$A$2:$C$30,3,0) -> 1565 | G9: =F9/E9 -> 130.41667 | I9: =AVERAGE(P9,U9,Z9,AE9,AJ9,AO9,AT9) -> 12.5 | J9: =AVERAGE(Q9,V9,AA9,AF9,AK9,AP9,AU9) -> 1247 | K9: =AVERAGE(AQ9,AV9) -> 100.09295 | M9: =RANK(K9,$K$7:$K$21) -> 3 | R9: =Q9/P9 -> #DIV/0! | S9: =RANK(R9, R$7:R$21) -> #DIV/0! | W9: =V9/U9 -> #DIV/0! | X9: =RANK(W9,W$107:W$109) -> #DIV/0! | AB9: =AA9/Z9 -> #DIV/0! | AC9: =RANK(AB9,AB$7:AB$9) -> #DIV/0! | AG9: =AF9/AE9 -> #DIV/0! | AH9: =RANK(AG9,AG$7:AG$9) -> #DIV/0! | AL9: =AK9/AJ9 -> #DIV/0! | AM9: =RANK(AL9,AL$7:AL$9) -> #DIV/0! | AO9: 12 | AP9: 1301 | AQ9: =AP9/AO9 -> 108.41667 | AR9: =RANK(AQ9,AQ$7:AQ$9) -> 3 | AT9: 13 | AU9: 1193 | AV9: =AU9/AT9 -> 91.769231 | AW9: =RANK(AV9,AV$7:AV$9) -> 3
C10: 4
C11: 5
C12: 6
C13: 7
C14: 8
C15: 9
C16: 10
C17: 11
C18: 12
C19: 13
C20: 14
C21: 15
B22: 產線配置圖－每週更新 | N22: 資料繳交 | O22: 日期 | P22: 46084 | U22: 46085 | Z22: 46086 | AE22: 46087 | AJ22: 46088 | AO22: 46089 | AT22: 46090
P23: 二 | U23: 三 | Z23: 四 | AE23: 五 | AJ23: 六 | AO23: 日 | AT23: 一
B24: 品群 | C24: 商品名稱 | E24: 計畫 | H24: 平均人時性 | I24: 實績 | L24: 平均人時性 | M24: 排名 | O24: 日報 | P24: 實際 | T24: 平均人時性 | U24: 實際 | Y24: 平均人時性 | Z24: 實際 | AD24: 平均人時性 | AE24: 實際 | AI24: 平均人時性 | AJ24: 實際 | AN24: 平均人時性 | AO24: 實際 | AS24: 平均人時性 | AT24: 實際 | AX24: 平均人時性
E25: 產線配置圖 | I25: 產線配置圖 | P25: 生產實績 | U25: 生產實績 | Z25: 生產實績 | AE25: 生產實績 | AJ25: 生產實績 | AO25: 生產實績 | AT25: 生產實績
E26: 人數 | F26: 產能／時 | G26: 人時性 | I26: 人數 | J26: 產能／時 | K26: 人時性 | P26: 人數 | Q26: 產能／時 | R26: 人時性 | S26: 排名 | U26: 人數 | V26: 產能／時 | W26: 人時性 | X26: 排名 | Z26: 人數 | AA26: 產能／時 | AB26: 人時性 | AC26: 排名 | AE26: 人數 | AF26: 產能／時 | AG26: 人時性 | AH26: 排名 | AJ26: 人數 | AK26: 產能／時 | AL26: 人時性 | AM26: 排名 | AO26: 人數 | AP26: 產能／時 | AQ26: 人時性 | AR26: 排名 | AT26: 人數 | AU26: 產能／時 | AV26: 人時性 | AW26: 排名
B27: 微波小吃 | C27: 1 | D27: 小滷青蔬 | E27: =VLOOKUP(D27,'12產線配置圖'!$A$2:$C$30,2,0) -> 13 | F27: =VLOOKUP(D27,'12產線配置圖'!$A$2:$C$30,3,0) -> 1565 | G27: =F27/E27 -> 120.38462 | H27: =AVERAGE(G27:G41) -> 140.74893 | I27: =AVERAGE(P27,U27,Z27,AE27,AJ27,AO27,AT27) -> 13.285714 | J27: =AVERAGE(Q27,V27,AA27,AF27,AK27,AP27,AU27) -> 1508.4286 | K27: =AVERAGE(R27,W27,AB27,AG27,AL27,AQ27,AV27) -> 113.4584 | L27: =IFERROR(AVERAGE(K27:K41),"-") -> 124.31407 | M27: =RANK(K27, K$27:$K$41) -> 3 | P27: 13 | Q27: 1547 | R27: =Q27/P27 -> 119 | S27: =RANK(R27, $R$27:$R$41) -> 3 | T27: =AVERAGE(R27:R41) -> 126.05235 | U27: 14 | V27: 1604 | W27: =V27/U27 -> 114.57143 | X27: =RANK(W27, $W$27:$W$41) -> 3 | Y27: =AVERAGE(W27:W41) -> 124.11433 | Z27: 14 | AA27: 1676 | AB27: =AA27/Z27 -> 119.71429 | AC27: =RANK(AB27,$AB$27:$AB$41) -> 2 | AD27: =AVERAGE(AB27:AB41) -> 117.12996 | AE27: 13 | AF27: 1258 | AG27: =AF27/AE27 -> 96.769231 | AH27: =RANK(AG27, $AG$27:$AG$41) -> 4 | AI27: =AVERAGE(AG27:AG41) -> 115.24534 | AJ27: 13 | AK27: 1543 | AL27: =AK27/AJ27 -> 118.69231 | AM27: =RANK(AL27, $AL$27:$AL$41) -> 3 | AN27: =AVERAGE(AL27:AL41) -> 129.43002 | AO27: 13 | AP27: 1411 | AQ27: =AP27/AO27 -> 108.53846 | AR27: =RANK(AQ27, $AQ$27:$AQ$41) -> 3 | AS27: =AVERAGE(AQ27:AQ41) -> 126.48878 | AT27: 13 | AU27: 1520 | AV27: =AU27/AT27 -> 116.92308 | AW27: =RANK(AV27, $AV$27:$AV$41) -> 4 | AX27: =AVERAGE(AV27:AV41) -> 131.73771
C28: 2 | D28: 起司馬鈴薯 | E28: =VLOOKUP(D28,'12產線配置圖'!$A$2:$C$30,2,0) -> 12 | F28: =VLOOKUP(D28,'12產線配置圖'!$A$2:$C$30,3,0) -> 1565 | G28: =F28/E28 -> 130.41667 | I28: =AVERAGE(P28,U28,Z28,AE28,AJ28,AO28,AT28) -> 12.142857 | J28: =AVERAGE(Q28,V28,AA28,AF28,AK28,AP28,AU28) -> 1493.4286 | K28: =AVERAGE(R28,W28,AB28,AG28,AL28,AQ28,AV28) -> 122.96703 | M28: =RANK(K28, K$27:$K$41) -> 2 | P28: 12 | Q28: 1522 | R28: =Q28/P28 -> 126.83333 | S28: =RANK(R28, $R$27:$R$41) -> 2 | U28: 13 | V28: 1622 | W28: =V28/U28 -> 124.76923 | X28: =RANK(W28, $W$27:$W$41) -> 2 | Z28: 12 | AA28: 1393 | AB28: =AA28/Z28 -> 116.08333 | AC28: =RANK(AB28,$AB$27:$AB$41) -> 3 | AE28: 12 | AF28: 1316 | AG28: =AF28/AE28 -> 109.66667 | AH28: =RANK(AG28, $AG$27:$AG$41) -> 2 | AJ28: 12 | AK28: 1515 | AL28: =AK28/AJ28 -> 126.25 | AM28: =RANK(AL28, $AL$27:$AL$41) -> 2 | AO28: 12 | AP28: 1559 | AQ28: =AP28/AO28 -> 129.91667 | AR28: =RANK(AQ28, $AQ$27:$AQ$41) -> 2 | AT28: 12 | AU28: 1527 | AV28: =AU28/AT28 -> 127.25 | AW28: =RANK(AV28, $AV$27:$AV$41) -> 2
C29: 3 | D29: 三杯菇菇米血 | E29: =VLOOKUP(D29,'12產線配置圖'!$A$2:$C$30,2,0) -> 12 | F29: =VLOOKUP(D29,'12產線配置圖'!$A$2:$C$30,3,0) -> 1565 | G29: =F29/E29 -> 130.41667 | I29: =AVERAGE(P29,U29,Z29,AE29,AJ29,AO29,AT29) -> 11.571429 | J29: =AVERAGE(Q29,V29,AA29,AF29,AK29,AP29,AU29) -> 1193.1429 | K29: =AVERAGE(R29,W29,AB29,AG29,AL29,AQ29,AV29) -> 103.27847 | M29: =RANK(K29, K$27:$K$41) -> 4 | P29: 13 | Q29: 1380 | R29: =Q29/P29 -> 106.15385 | S29: =RANK(R29, $R$27:$R$41) -> 4 | U29: 12 | V29: 1121 | W29: =V29/U29 -> 93.416667 | X29: =RANK(W29, $W$27:$W$41) -> 4 | Z29: 12 | AA29: 946 | AB29: =AA29/Z29 -> 78.833333 | AC29: =RANK(AB29,$AB$27:$AB$41) -> 4 | AE29: 11 | AF29: 1161 | AG29: =AF29/AE29 -> 105.54545 | AH29: =RANK(AG29, $AG$27:$AG$41) -> 3 | AJ29: 12 | AK29: 1312 | AL29: =AK29/AJ29 -> 109.33333 | AM29: =RANK(AL29, $AL$27:$AL$41) -> 4 | AO29: 9 | AP29: 972 | AQ29: =AP29/AO29 -> 108 | AR29: =RANK(AQ29, $AQ$27:$AQ$41) -> 4 | AT29: 12 | AU29: 1460 | AV29: =AU29/AT29 -> 121.66667 | AW29: =RANK(AV29, $AV$27:$AV$41) -> 3
C30: 4 | D30: 麻辣雞心 | E30: =VLOOKUP(D30,'12產線配置圖'!$A$2:$C$30,2,0) -> 9 | F30: =VLOOKUP(D30,'12產線配置圖'!$A$2:$C$30,3,0) -> 1636 | G30: =F30/E30 -> 181.77778 | I30: =AVERAGE(P30,U30,Z30,AE30,AJ30,AO30,AT30) -> 9 | J30: =AVERAGE(Q30,V30,AA30,AF30,AK30,AP30,AU30) -> 1418.5714 | K30: =AVERAGE(R30,W30,AB30,AG30,AL30,AQ30,AV30) -> 157.55238 | M30: =RANK(K30, K$27:$K$41) -> 1 | P30: 9 | Q30: 1370 | R30: =Q30/P30 -> 152.22222 | S30: =RANK(R30, $R$27:$R$41) -> 1 | U30: 10 | V30: 1637 | W30: =V30/U30 -> 163.7 | X30: =RANK(W30, $W$27:$W$41) -> 1 | Z30: 9 | AA30: 1385 | AB30: =AA30/Z30 -> 153.88889 | AC30: =RANK(AB30,$AB$27:$AB$41) -> 1 | AE30: 9 | AF30: 1341 | AG30: =AF30/AE30 -> 149 | AH30: =RANK(AG30, $AG$27:$AG$41) -> 1 | AJ30: 9 | AK30: 1471 | AL30: =AK30/AJ30 -> 163.44444 | AM30: =RANK(AL30, $AL$27:$AL$41) -> 1 | AO30: 8 | AP30: 1276 | AQ30: =AP30/AO30 -> 159.5 | AR30: =RANK(AQ30, $AQ$27:$AQ$41) -> 1 | AT30: 9 | AU30: 1450 | AV30: =AU30/AT30 -> 161.11111 | AW30: =RANK(AV30, $AV$27:$AV$41) -> 1
C31: 5
C32: 6
C33: 7
C34: 8
C35: 9
C36: 10
C37: 11
C38: 12
C39: 13
C40: 14
C41: 15
B42: 產線配置圖－每週更新 | N42: 資料繳交 | O42: 日期 | P42: 46091 | U42: 46092 | Z42: 46093 | AE42: 46094 | AJ42: 46095 | AO42: 46096 | AT42: 46097
P43: 二 | U43: 三 | Z43: 四 | AE43: 五 | AJ43: 六 | AO43: 日 | AT43: 一
B44: 品群 | C44: 商品名稱 | E44: 計畫 | H44: 平均人時性 | I44: 實績 | L44: 平均人時性 | M44: 排名 | O44: 日報 | P44: 實際 | T44: 平均人時性 | U44: 實際 | Y44: 平均人時性 | Z44: 實際 | AD44: 平均人時性 | AE44: 實際 | AI44: 平均人時性 | AJ44: 實際 | AN44: 平均人時性 | AO44: 實際 | AS44: 平均人時性 | AT44: 實際 | AX44: 平均人時性
E45: 產線配置圖 | I45: 產線配置圖 | P45: 生產實績 | U45: 生產實績 | Z45: 生產實績 | AE45: 生產實績 | AJ45: 生產實績 | AO45: 生產實績 | AT45: 生產實績
E46: 人數 | F46: 產能／時 | G46: 人時性 | I46: 人數 | J46: 產能／時 | K46: 人時性 | P46: 人數 | Q46: 產能／時 | R46: 人時性 | S46: 排名 | U46: 人數 | V46: 產能／時 | W46: 人時性 | X46: 排名 | Z46: 人數 | AA46: 產能／時 | AB46: 人時性 | AC46: 排名 | AE46: 人數 | AF46: 產能／時 | AG46: 人時性 | AH46: 排名 | AJ46: 人數 | AK46: 產能／時 | AL46: 人時性 | AM46: 排名 | AO46: 人數 | AP46: 產能／時 | AQ46: 人時性 | AR46: 排名 | AT46: 人數 | AU46: 產能／時 | AV46: 人時性 | AW46: 排名
B47: 微波小吃 | C47: 1 | D47: 小滷青蔬 | E47: =VLOOKUP(D47,'12產線配置圖'!$A$2:$C$30,2,0) -> 13 | F47: =VLOOKUP(D47,'12產線配置圖'!$A$2:$C$30,3,0) -> 1565 | G47: =F47/E47 -> 120.38462 | H47: =AVERAGE(G47:G61) -> 140.74893 | I47: =AVERAGE(P47,U47,Z47,AE47,AJ47,AO47,AT47) -> 13 | J47: =AVERAGE(Q47,V47,AA47,AF47,AK47,AP47,AU47) -> 1503 | K47: =AVERAGE(R47,W47,AB47,AG47,AL47,AQ47,AV47) -> 115.61538 | L47: =IFERROR(AVERAGE(K47:K61),"-") -> 127.10821 | M47: =RANK(K47, K$47:$K$61) -> 3 | P47: 13 | Q47: 1530 | R47: =Q47/P47 -> 117.69231 | S47: =RANK(R47,$R$47:$R$61) -> 4 | T47: =AVERAGE(R47:R61) -> 131.19391 | U47: 13 | V47: 1557 | W47: =V47/U47 -> 119.76923 | X47: =RANK(W47,$W$47:$W$61) -> 2 | Y47: =AVERAGE(W47:W61) -> 124.58814 | Z47: 13 | AA47: 1542 | AB47: =AA47/Z47 -> 118.61538 | AC47: =RANK(AB47,$AB$47:$AB$61) -> 3 | AD47: =AVERAGE(AB47:AB61) -> 127.03579 | AE47: 13 | AF47: 1545 | AG47: =AF47/AE47 -> 118.84615 | AH47: =RANK(AG47,$AG$47:$AG$61) -> 3 | AI47: =AVERAGE(AG47:AG61) -> 124.98237 | AJ47: 13 | AK47: 1553 | AL47: =AK47/AJ47 -> 119.46154 | AM47: =RANK(AL47, $AL$47:$AL$61) -> 3 | AN47: =AVERAGE(AL47:AL61) -> 129.07372 | AO47: 13 | AP47: 1446 | AQ47: =AP47/AO47 -> 111.23077 | AR47: =RANK(AQ47,$AQ$47:$AQ$61) -> 3 | AS47: =AVERAGE(AQ47:AQ61) -> 124.14103 | AT47: 13 | AU47: 1348 | AV47: =AU47/AT47 -> 103.69231 | AW47: =RANK(AV47,$AV$47:$AV$61) -> 4 | AX47: =AVERAGE(AV47:AV61) -> 128.74252
C48: 2 | D48: 起司馬鈴薯 | E48: =VLOOKUP(D48,'12產線配置圖'!$A$2:$C$30,2,0) -> 12 | F48: =VLOOKUP(D48,'12產線配置圖'!$A$2:$C$30,3,0) -> 1565 | G48: =F48/E48 -> 130.41667 | I48: =AVERAGE(P48,U48,Z48,AE48,AJ48,AO48,AT48) -> 12 | J48: =AVERAGE(Q48,V48,AA48,AF48,AK48,AP48,AU48) -> 1491.4286 | K48: =AVERAGE(R48,W48,AB48,AG48,AL48,AQ48,AV48) -> 124.28571 | M48: =RANK(K48, K$47:$K$61) -> 2 | P48: 12 | Q48: 1556 | R48: =Q48/P48 -> 129.66667 | S48: =RANK(R48,$R$47:$R$61) -> 2 | U48: 12 | V48: 1416 | W48: =V48/U48 -> 118 | X48: =RANK(W48,$W$47:$W$61) -> 3 | Z48: 12 | AA48: 1558 | AB48: =AA48/Z48 -> 129.83333 | AC48: =RANK(AB48,$AB$47:$AB$61) -> 2 | AE48: 12 | AF48: 1438 | AG48: =AF48/AE48 -> 119.83333 | AH48: =RANK(AG48,$AG$47:$AG$61) -> 2 | AJ48: 12 | AK48: 1451 | AL48: =AK48/AJ48 -> 120.91667 | AM48: =RANK(AL48, $AL$47:$AL$61) -> 2 | AO48: 12 | AP48: 1536 | AQ48: =AP48/AO48 -> 128 | AR48: =RANK(AQ48,$AQ$47:$AQ$61) -> 2 | AT48: 12 | AU48: 1485 | AV48: =AU48/AT48 -> 123.75 | AW48: =RANK(AV48,$AV$47:$AV$61) -> 2
C49: 3 | D49: 三杯菇菇米血 | E49: =VLOOKUP(D49,'12產線配置圖'!$A$2:$C$30,2,0) -> 12 | F49: =VLOOKUP(D49,'12產線配置圖'!$A$2:$C$30,3,0) -> 1565 | G49: =F49/E49 -> 130.41667 | I49: =AVERAGE(P49,U49,Z49,AE49,AJ49,AO49,AT49) -> 12 | J49: =AVERAGE(Q49,V49,AA49,AF49,AK49,AP49,AU49) -> 1376.8571 | K49: =AVERAGE(R49,W49,AB49,AG49,AL49,AQ49,AV49) -> 114.7381 | M49: =RANK(K49, K$47:$K$61) -> 4 | P49: 12 | Q49: 1501 | R49: =Q49/P49 -> 125.08333 | S49: =RANK(R49,$R$47:$R$61) -> 3 | U49: 12 | V49: 1347 | W49: =V49/U49 -> 112.25 | X49: =RANK(W49,$W$47:$W$61) -> 4 | Z49: 12 | AA49: 1303 | AB49: =AA49/Z49 -> 108.58333 | AC49: =RANK(AB49,$AB$47:$AB$61) -> 4 | AE49: 12 | AF49: 1295 | AG49: =AF49/AE49 -> 107.91667 | AH49: =RANK(AG49,$AG$47:$AG$61) -> 4 | AJ49: 12 | AK49: 1427 | AL49: =AK49/AJ49 -> 118.91667 | AM49: =RANK(AL49, $AL$47:$AL$61) -> 4 | AO49: 12 | AP49: 1332 | AQ49: =AP49/AO49 -> 111 | AR49: =RANK(AQ49,$AQ$47:$AQ$61) -> 4 | AT49: 12 | AU49: 1433 | AV49: =AU49/AT49 -> 119.41667 | AW49: =RANK(AV49,$AV$47:$AV$61) -> 3
C50: 4 | D50: 麻辣雞心 | E50: =VLOOKUP(D50,'12產線配置圖'!$A$2:$C$30,2,0) -> 9 | F50: =VLOOKUP(D50,'12產線配置圖'!$A$2:$C$30,3,0) -> 1636 | G50: =F50/E50 -> 181.77778 | I50: =AVERAGE(P50,U50,Z50,AE50,AJ50,AO50,AT50) -> 9 | J50: =AVERAGE(Q50,V50,AA50,AF50,AK50,AP50,AU50) -> 1384.1429 | K50: =AVERAGE(R50,W50,AB50,AG50,AL50,AQ50,AV50) -> 153.79365 | M50: =RANK(K50, K$47:$K$61) -> 1 | P50: 9 | Q50: 1371 | R50: =Q50/P50 -> 152.33333 | S50: =RANK(R50,$R$47:$R$61) -> 1 | U50: 9 | V50: 1335 | W50: =V50/U50 -> 148.33333 | X50: =RANK(W50,$W$47:$W$61) -> 1 | Z50: 9 | AA50: 1360 | AB50: =AA50/Z50 -> 151.11111 | AC50: =RANK(AB50,$AB$47:$AB$61) -> 1 | AE50: 9 | AF50: 1380 | AG50: =AF50/AE50 -> 153.33333 | AH50: =RANK(AG50,$AG$47:$AG$61) -> 1 | AJ50: 9 | AK50: 1413 | AL50: =AK50/AJ50 -> 157 | AM50: =RANK(AL50, $AL$47:$AL$61) -> 1 | AO50: 9 | AP50: 1317 | AQ50: =AP50/AO50 -> 146.33333 | AR50: =RANK(AQ50,$AQ$47:$AQ$61) -> 1 | AT50: 9 | AU50: 1513 | AV50: =AU50/AT50 -> 168.11111 | AW50: =RANK(AV50,$AV$47:$AV$61) -> 1
C51: 5
C52: 6
C53: 7
C54: 8
C55: 9
C56: 10
C57: 11
C58: 12
C59: 13
C60: 14
C61: 15
B62: 產線配置圖－每週更新 | N62: 資料繳交 | O62: 日期 | P62: 46098 | U62: 46099 | Z62: 46100 | AE62: 46101 | AJ62: 46102 | AO62: 46103 | AT62: 46104
P63: 二 | U63: 三 | Z63: 四 | AE63: 五 | AJ63: 六 | AO63: 日 | AT63: 一
B64: 品群 | C64: 商品名稱 | E64: 計畫 | H64: 平均人時性 | I64: 實績 | L64: 平均人時性 | M64: 排名 | O64: 日報 | P64: 實際 | T64: 平均人時性 | U64: 實際 | Y64: 平均人時性 | Z64: 實際 | AD64: 平均人時性 | AE64: 實際 | AI64: 平均人時性 | AJ64: 實際 | AN64: 平均人時性 | AO64: 實際 | AS64: 平均人時性 | AT64: 實際 | AX64: 平均人時性
E65: 產線配置圖 | I65: 產線配置圖 | P65: 生產實績 | U65: 生產實績 | Z65: 生產實績 | AE65: 生產實績 | AJ65: 生產實績 | AO65: 生產實績 | AT65: 生產實績
E66: 人數 | F66: 產能／時 | G66: 人時性 | I66: 人數 | J66: 產能／時 | K66: 人時性 | P66: 人數 | Q66: 產能／時 | R66: 人時性 | S66: 排名 | U66: 人數 | V66: 產能／時 | W66: 人時性 | X66: 排名 | Z66: 人數 | AA66: 產能／時 | AB66: 人時性 | AC66: 排名 | AE66: 人數 | AF66: 產能／時 | AG66: 人時性 | AH66: 排名 | AJ66: 人數 | AK66: 產能／時 | AL66: 人時性 | AM66: 排名 | AO66: 人數 | AP66: 產能／時 | AQ66: 人時性 | AR66: 排名 | AT66: 人數 | AU66: 產能／時 | AV66: 人時性 | AW66: 排名
B67: 微波小吃 | C67: 1 | D67: 小滷青蔬 | E67: =VLOOKUP(D67,'12產線配置圖'!$A$2:$C$30,2,0) -> 13 | F67: =VLOOKUP(D67,'12產線配置圖'!$A$2:$C$30,3,0) -> 1565 | G67: =F67/E67 -> 120.38462 | H67: =AVERAGE(G67:G81) -> #N/A | I67: =AVERAGE(P67,U67,Z66,AE67,AJ67,AO67,AT67) -> 13 | J67: =AVERAGE(Q67,V67,AA67,AF67,AK67,AP67,AU67) -> 1502.4286 | K67: =AVERAGE(R67,W67,AB67,AG67,AL67,AQ67,AV67) -> 115.57143 | L67: =IFERROR(AVERAGE(K67:K81),"-") -> 114.61275 | M67: =RANK(K67, K$67:$K$81) -> 3 | P67: 13 | Q67: 1434 | R67: =Q67/P67 -> 110.30769 | S67: =RANK(R67,$R$67:$R$81) -> 2 | T67: =AVERAGE(R67:R81) -> 111.65836 | U67: 13 | V67: 1533 | W67: =V67/U67 -> 117.92308 | X67: =RANK(W67,$W$67:$W$81) -> 2 | Y67: =AVERAGE(W67:W81) -> 113.28759 | Z67: 13 | AA67: 1540 | AB67: =AA67/Z67 -> 118.46154 | AC67: =RANK(AB67, $AB$67:$AB$81) -> 3 | AD67: =AVERAGE(AB67:AB81) -> 111.64455 | AE67: 13 | AF67: 1539 | AG67: =AF67/AE67 -> 118.38462 | AH67: =RANK(AG67, $AG$67:$AG$81) -> 1 | AI67: =AVERAGE(AG67:AG81) -> 105.32595 | AJ67: 13 | AK67: 1536 | AL67: =AK67/AJ67 -> 118.15385 | AM67: =RANK(AL67, $AL$67:$AL$81) -> 3 | AN67: =AVERAGE(AL67:AL81) -> 125.85096 | AO67: 13 | AP67: 1388 | AQ67: =AP67/AO67 -> 106.76923 | AR67: =RANK(AQ67, $AQ$67:$AQ$81) -> 4 | AS67: =AVERAGE(AQ67:AQ81) -> 118.74723 | AT67: 13 | AU67: 1547 | AV67: =AU67/AT67 -> 119 | AW67: =RANK(AV67, $AV$67:$AV$81) -> 3 | AX67: =AVERAGE(AV67:AV81) -> 115.77462
C68: 2 | D68: 起司馬鈴薯 | E68: =VLOOKUP(D68,'12產線配置圖'!$A$2:$C$30,2,0) -> 12 | F68: =VLOOKUP(D68,'12產線配置圖'!$A$2:$C$30,3,0) -> 1565 | G68: =F68/E68 -> 130.41667 | I68: =AVERAGE(P68,U68,Z67,AE68,AJ68,AO68,AT68) -> 12.142857 | J68: =AVERAGE(Q68,V68,AA68,AF68,AK68,AP68,AU68) -> 1408.5714 | K68: =AVERAGE(R68,W68,AB68,AG68,AL68,AQ68,AV68) -> 117.38095 | M68: =RANK(K68, K$67:$K$81) -> 2 | P68: 12 | Q68: 1285 | R68: =Q68/P68 -> 107.08333 | S68: =RANK(R68,$R$67:$R$81) -> 3 | U68: 12 | V68: 1384 | W68: =V68/U68 -> 115.33333 | X68: =RANK(W68,$W$67:$W$81) -> 3 | Z68: 12 | AA68: 1473 | AB68: =AA68/Z68 -> 122.75 | AC68: =RANK(AB68, $AB$67:$AB$81) -> 2 | AE68: 12 | AF68: 1288 | AG68: =AF68/AE68 -> 107.33333 | AH68: =RANK(AG68, $AG$67:$AG$81) -> 3 | AJ68: 12 | AK68: 1522 | AL68: =AK68/AJ68 -> 126.83333 | AM68: =RANK(AL68, $AL$67:$AL$81) -> 2 | AO68: 12 | AP68: 1363 | AQ68: =AP68/AO68 -> 113.58333 | AR68: =RANK(AQ68, $AQ$67:$AQ$81) -> 3 | AT68: 12 | AU68: 1545 | AV68: =AU68/AT68 -> 128.75 | AW68: =RANK(AV68, $AV$67:$AV$81) -> 1
C69: 3 | D69: 台式綜合甜不辣 | E69: =VLOOKUP(D69,'12產線配置圖'!$A$2:$C$30,2,0) -> #N/A | F69: =VLOOKUP(D69,'12產線配置圖'!$A$2:$C$30,3,0) -> #N/A | G69: =F69/E69 -> #N/A
C70: 4 | D70: 三杯菇菇米血 | E70: =VLOOKUP(D70,'12產線配置圖'!$A$2:$C$30,2,0) -> 12 | F70: =VLOOKUP(D70,'12產線配置圖'!$A$2:$C$30,3,0) -> 1565 | G70: =F70/E70 -> 130.41667 | I70: =AVERAGE(P70,U70,Z70,AE70,AJ70,AO70,AT70) -> 11.571429 | J70: =AVERAGE(Q70,V70,AA70,AF70,AK70,AP70,AU70) -> 1036.5714 | K70: =AVERAGE(R70,W70,AB70,AG70,AL70,AQ70,AV70) -> 89.138889 | M70: =RANK(K70, K$67:$K$81) -> 4 | P70: 12 | Q70: 1276 | R70: =Q70/P70 -> 106.33333 | S70: =RANK(R70,$R$67:$R$81) -> 4 | U70: 12 | V70: 962 | W70: =V70/U70 -> 80.166667 | X70: =RANK(W70,$W$67:$W$81) -> 4 | Z70: 12 | AA70: 740 | AB70: =AA70/Z70 -> 61.666667 | AC70: =RANK(AB70, $AB$67:$AB$81) -> 4 | AE70: 9 | AF70: 695 | AG70: =AF70/AE70 -> 77.222222 | AH70: =RANK(AG70, $AG$67:$AG$81) -> 4 | AJ70: 12 | AK70: 1097 | AL70: =AK70/AJ70 -> 91.416667 | AM70: =RANK(AL70, $AL$67:$AL$81) -> 4 | AO70: 12 | AP70: 1416 | AQ70: =AP70/AO70 -> 118 | AR70: =RANK(AQ70, $AQ$67:$AQ$81) -> 2 | AT70: 12 | AU70: 1070 | AV70: =AU70/AT70 -> 89.166667 | AW70: =RANK(AV70, $AV$67:$AV$81) -> 4
C71: 5 | D71: 麻辣雞心 | E71: =VLOOKUP(D71,'12產線配置圖'!$A$2:$C$30,2,0) -> 9 | F71: =VLOOKUP(D71,'12產線配置圖'!$A$2:$C$30,3,0) -> 1636 | G71: =F71/E71 -> 181.77778 | I71: =AVERAGE(P71,U71,Z71,AE71,AJ71,AO71,AT71) -> 10.857143 | J71: =AVERAGE(Q71,V71,AA71,AF71,AK71,AP71,AU71) -> 1479.4286 | K71: =AVERAGE(R71,W71,AB71,AG71,AL71,AQ71,AV71) -> 136.35974 | M71: =RANK(K71, K$67:$K$81) -> 1 | P71: 11 | Q71: 1352 | R71: =Q71/P71 -> 122.90909 | S71: =RANK(R71,$R$67:$R$81) -> 1 | U71: 11 | V71: 1537 | W71: =V71/U71 -> 139.72727 | X71: =RANK(W71,$W$67:$W$81) -> 1 | Z71: 10 | AA71: 1437 | AB71: =AA71/Z71 -> 143.7 | AC71: =RANK(AB71, $AB$67:$AB$81) -> 1 | AE71: 11 | AF71: 1302 | AG71: =AF71/AE71 -> 118.36364 | AH71: =RANK(AG71, $AG$67:$AG$81) -> 2 | AJ71: 11 | AK71: 1837 | AL71: =AK71/AJ71 -> 167 | AM71: =RANK(AL71, $AL$67:$AL$81) -> 1 | AO71: 11 | AP71: 1503 | AQ71: =AP71/AO71 -> 136.63636 | AR71: =RANK(AQ71, $AQ$67:$AQ$81) -> 1 | AT71: 11 | AU71: 1388 | AV71: =AU71/AT71 -> 126.18182 | AW71: =RANK(AV71, $AV$67:$AV$81) -> 2
C72: 6
C73: 7
C74: 8
C75: 9
C76: 10
C77: 11
C78: 12
C79: 13
C80: 14
C81: 15
B82: 產線配置圖－每週更新 | N82: 資料繳交 | O82: 日期 | P82: 46105 | U82: 46106 | Z82: 46107 | AE82: 46108 | AJ82: 46109 | AO82: 46110 | AT82: 46111
P83: 二 | U83: 三 | Z83: 四 | AE83: 五 | AJ83: 六 | AO83: 日 | AT83: 一
B84: 品群 | C84: 商品名稱 | E84: 計畫 | H84: 平均人時性 | I84: 實績 | L84: 平均人時性 | M84: 排名 | O84: 日報 | P84: 實際 | T84: 平均人時性 | U84: 實際 | Y84: 平均人時性 | Z84: 實際 | AD84: 平均人時性 | AE84: 實際 | AI84: 平均人時性 | AJ84: 實際 | AN84: 平均人時性 | AO84: 實際 | AS84: 平均人時性 | AT84: 實際 | AX84: 平均人時性
E85: 產線配置圖 | I85: 產線配置圖 | P85: 生產實績 | U85: 生產實績 | Z85: 生產實績 | AE85: 生產實績 | AJ85: 生產實績 | AO85: 生產實績 | AT85: 生產實績
E86: 人數 | F86: 產能／時 | G86: 人時性 | I86: 人數 | J86: 產能／時 | K86: 人時性 | P86: 人數 | Q86: 產能／時 | R86: 人時性 | S86: 排名 | U86: 人數 | V86: 產能／時 | W86: 人時性 | X86: 排名 | Z86: 人數 | AA86: 產能／時 | AB86: 人時性 | AC86: 排名 | AE86: 人數 | AF86: 產能／時 | AG86: 人時性 | AH86: 排名 | AJ86: 人數 | AK86: 產能／時 | AL86: 人時性 | AM86: 排名 | AO86: 人數 | AP86: 產能／時 | AQ86: 人時性 | AR86: 排名 | AT86: 人數 | AU86: 產能／時 | AV86: 人時性 | AW86: 排名
B87: 微波小吃 | C87: 1 | D87: 小滷青蔬 | E87: =VLOOKUP(D87,'12產線配置圖'!$A$2:$C$30,2,0) -> 13 | F87: =VLOOKUP(D87,'12產線配置圖'!$A$2:$C$30,3,0) -> 1565 | G87: =F87/E87 -> 120.38462 | H87: =AVERAGE(G87:G101) -> 140.74893 | I87: =AVERAGE(P87,U87,Z86,AE87,AJ87,AO87,AT87) -> 12.666667 | J87: =AVERAGE(Q87,V87,AA87,AF87,AK87,AP87,AU87) -> 1448.4286 | K87: =AVERAGE(R87,W87,AB87,AG87,AL87,AQ87,AV87) -> 113.91575 | L87: =IFERROR(AVERAGE(K87:K101),"-") -> 121.945 | M87: =RANK(K87,$K$87:$K$101) -> 3 | P87: 13 | Q87: 1430 | R87: =Q87/P87 -> 110 | S87: =RANK(R87,$R$87:$R$101) -> 3 | T87: =AVERAGE(R87:R101) -> 118.46131 | U87: 13 | V87: 1557 | W87: =V87/U87 -> 119.76923 | X87: =RANK(W87,$W$87:$W$101) -> 3 | Y87: =AVERAGE(W87:W101) -> 126.08435 | Z87: 13 | AA87: 1518 | AB87: =AA87/Z87 -> 116.76923 | AC87: =RANK(AB87,$AB$87:$AB$100) -> 3 | AD87: =AVERAGE(AB87:AB101) -> 117.98397 | AE87: 12 | AF87: 1372 | AG87: =AF87/AE87 -> 114.33333 | AH87: =RANK(AG87,$AG$87:$AG$101) -> 3 | AI87: =AVERAGE(AG87:AG101) -> 125.20139 | AJ87: 13 | AK87: 1393 | AL87: =AK87/AJ87 -> 107.15385 | AM87: =RANK(AL87,$AL$87:$AL$101) -> 3 | AN87: =AVERAGE(AL87:AL101) -> 115.62179 | AO87: 12 | AP87: 1356 | AQ87: =AP87/AO87 -> 113 | AR87: =RANK(AQ87,$AQ$87:$AQ$101) -> 3 | AS87: =AVERAGE(AQ87:AQ101) -> 123.15972 | AT87: 13 | AU87: 1513 | AV87: =AU87/AT87 -> 116.38462 | AW87: =RANK(AV87,$AV$87:$AV$101) -> 3 | AX87: =AVERAGE(AV87:AV101) -> 137.65598
C88: 2 | D88: 起司馬鈴薯 | E88: =VLOOKUP(D88,'12產線配置圖'!$A$2:$C$30,2,0) -> 12 | F88: =VLOOKUP(D88,'12產線配置圖'!$A$2:$C$30,3,0) -> 1565 | G88: =F88/E88 -> 130.41667 | I88: =AVERAGE(P88,U88,Z87,AE88,AJ88,AO88,AT88) -> 12.142857 | J88: =AVERAGE(Q88,V88,AA88,AF88,AK88,AP88,AU88) -> 1499.2857 | K88: =AVERAGE(R88,W88,AB88,AG88,AL88,AQ88,AV88) -> 124.94048 | M88: =RANK(K88,$K$87:$K$101) -> 2 | P88: 12 | Q88: 1556 | R88: =Q88/P88 -> 129.66667 | S88: =RANK(R88,$R$87:$R$101) -> 2 | U88: 12 | V88: 1515 | W88: =V88/U88 -> 126.25 | X88: =RANK(W88,$W$87:$W$101) -> 2 | Z88: 12 | AA88: 1516 | AB88: =AA88/Z88 -> 126.33333 | AC88: =RANK(AB88,$AB$87:$AB$100) -> 2 | AE88: 12 | AF88: 1512 | AG88: =AF88/AE88 -> 126 | AH88: =RANK(AG88,$AG$87:$AG$101) -> 2 | AJ88: 12 | AK88: 1403 | AL88: =AK88/AJ88 -> 116.91667 | AM88: =RANK(AL88,$AL$87:$AL$101) -> 2 | AO88: 12 | AP88: 1458 | AQ88: =AP88/AO88 -> 121.5 | AR88: =RANK(AQ88,$AQ$87:$AQ$101) -> 2 | AT88: 12 | AU88: 1535 | AV88: =AU88/AT88 -> 127.91667 | AW88: =RANK(AV88,$AV$87:$AV$101) -> 2
C89: 3 | D89: 三杯菇菇米血 | E89: =VLOOKUP(D89,'12產線配置圖'!$A$2:$C$30,2,0) -> 12 | F89: =VLOOKUP(D89,'12產線配置圖'!$A$2:$C$30,3,0) -> 1565 | G89: =F89/E89 -> 130.41667 | I89: =AVERAGE(P89,U89,Z88,AE89,AJ89,AO89,AT89) -> 11.833333 | J89: =AVERAGE(Q89,V89,AA89,AF89,AK89,AP89,AU89) -> 1126.3333 | K89: =AVERAGE(R89,W89,AB89,AG89,AL89,AQ89,AV89) -> 95.441919 | M89: =RANK(K89,$K$87:$K$101) -> 4 | P89: 12 | Q89: 1173 | R89: =Q89/P89 -> 97.75 | S89: =RANK(R89,$R$87:$R$101) -> 4 | U89: 11 | V89: 1252 | W89: =V89/U89 -> 113.81818 | X89: =RANK(W89,$W$87:$W$101) -> 4 | Z89: 12 | AA89: 854 | AB89: =AA89/Z89 -> 71.166667 | AC89: =RANK(AB89,$AB$87:$AB$100) -> 4 | AE89: 12 | AF89: 1311 | AG89: =AF89/AE89 -> 109.25 | AH89: =RANK(AG89,$AG$87:$AG$101) -> 4 | AJ89: 12 | AK89: 985 | AL89: =AK89/AJ89 -> 82.083333 | AM89: =RANK(AL89,$AL$87:$AL$101) -> 4 | AO89: 12 | AP89: 1183 | AQ89: =AP89/AO89 -> 98.583333 | AR89: =RANK(AQ89,$AQ$87:$AQ$101) -> 4
C90: 4 | D90: 麻辣雞心 | E90: =VLOOKUP(D90,'12產線配置圖'!$A$2:$C$30,2,0) -> 9 | F90: =VLOOKUP(D90,'12產線配置圖'!$A$2:$C$30,3,0) -> 1636 | G90: =F90/E90 -> 181.77778 | I90: =AVERAGE(P90,U90,Z90,AE90,AJ90,AO90,AT90) -> 8.5714286 | J90: =AVERAGE(Q90,V90,AA90,AF90,AK90,AP90,AU90) -> 1321.7143 | K90: =AVERAGE(R90,W90,AB90,AG90,AL90,AQ90,AV90) -> 153.48186 | M90: =RANK(K90,$K$87:$K$101) -> 1 | P90: 7 | Q90: 955 | R90: =Q90/P90 -> 136.42857 | S90: =RANK(R90,$R$87:$R$101) -> 1 | U90: 8 | V90: 1156 | W90: =V90/U90 -> 144.5 | X90: =RANK(W90,$W$87:$W$101) -> 1 | Z90: 9 | AA90: 1419 | AB90: =AA90/Z90 -> 157.66667 | AC90: =RANK(AB90,$AB$87:$AB$100) -> 1 | AE90: 9 | AF90: 1361 | AG90: =AF90/AE90 -> 151.22222 | AH90: =RANK(AG90,$AG$87:$AG$101) -> 1 | AJ90: 9 | AK90: 1407 | AL90: =AK90/AJ90 -> 156.33333 | AM90: =RANK(AL90,$AL$87:$AL$101) -> 1 | AO90: 9 | AP90: 1436 | AQ90: =AP90/AO90 -> 159.55556 | AR90: =RANK(AQ90,$AQ$87:$AQ$101) -> 1 | AT90: 9 | AU90: 1518 | AV90: =AU90/AT90 -> 168.66667 | AW90: =RANK(AV90,$AV$87:$AV$101) -> 1
C91: 5
C92: 6
C93: 7
C94: 8
C95: 9
C96: 10
C97: 11
C98: 12
C99: 13
C100: 14
...

Sheet 生產管理報表 6-1(週)
A1: 生產管理報表
A3: （６）人時生產性前幾名品項
A5: 品群 | B5: 1 | C5: 2 | D5: 3
B6: 熱食義麵 | C6: 季節調理麵 | D6: 微波小吃
A7: 品群 | C7: 排名 | D7: 商品名 | G7: 人數 | H7: 產能 | I7: 人時生產性 | J7: 前月比 | K7: 主要原因&對策
A8: 1 | B8: 熱食義麵 | C8: 1 | D8: 義式蕃茄起司義大利麵 | G8: 11 | H8: 2005.4286 | I8: 182.31169 | J8: 1.11 | K8: 新人教育訓練及貼標結束
C9: 2 | D9: 青醬蛤蜊義大利麵 | G9: 12 | H9: 2040.4286 | I9: 170.03571 | J9: 1.089
C10: 3 | D10: 奶油培根義大利麵 | G10: 13 | H10: 1991.2857 | I10: 153.17582 | J10: 1.068
C11: 4 | D11: 蒜香奶油蝦蝦義大利麵 | G11: 13.714286 | H11: 1988.8571 | I11: 144.95055 | K11: 新品
C12: 5 | D12: 辣味香菜雞肉義大利麵 | G12: 15 | H12: 1594.8571 | I12: 106.32381 | J12: 0.922 | K12: 產量減少
C13: ▼1 | D13: 濃拿坡里義大利麵 | G13: 13.285714 | H13: 1057.1429 | I13: 78.639248 | J13: 1.043
C14: ▼2 | D14: 沙茶豬肉炒麵 | G14: 15.142857 | H14: 1216.8571 | I14: 80.319243 | J14: 0.989
C15: ▼3 | D15: 府城鹽水意麵 | G15: 16.428571 | H15: 1374.2857 | I15: 83.654167 | J15: 1.04
C16: ▼4 | D16: 剝皮辣椒雞奶細扁麵 | G16: 14.8 | H16: 1330.4 | I16: 89.293312 | J16: 1.05
C17: ▼5 | D17: 青花椒麻雞肉拌麵 | G17: 15.142857 | H17: 1450.7143 | I17: 95.834524 | J17: 1.075
A18: 品群 | C18: 排名 | D18: 商品名 | G18: 人數 | H18: 產能 | I18: 人時生產性 | J18: 前月比 | K18: 主要原因&對策
A19: 2 | B19: 季節調理麵 | C19: 1
C20: 2
C21: 3
C22: 4
C23: 5
C24: ▼1
C25: ▼2
C26: ▼3
C27: ▼4
C28: ▼5
A29: 品群 | C29: 排名 | D29: 商品名 | G29: 人數 | H29: 產能 | I29: 人時生產性 | J29: 前月比 | K29: 主要原因&對策
A30: 3 | B30: 微波小吃 | C30: 1 | D30: 麻辣雞心 | G30: 8.5714286 | H30: 1321.7143 | I30: 153.48186
C31: 2 | D31: 起司馬鈴薯 | G31: 12.142857 | H31: 1499.2857 | I31: 124.94048 | J31: 1.03
C32: 3 | D32: 小滷青蔬 | G32: 12.666667 | H32: 1448.4286 | I32: 113.91575 | J32: 0.98
C33: 4 | D33: 三杯菇菇米血 | G33: 11.833333 | H33: 1126.3333 | I33: 95.441919 | J33: 0.873 | K33: 醬汁含薑絲,堵住注餡機→測試分切手法
C34: 5
C35: ▼1
C36: ▼2
C37: ▼3
C38: ▼4
C39: ▼5

Sheet 生產管理報表 7-1(週)
A1: 生產管理報表
A3: （７）原因別分析
A5: 業績金額 | B5: 17930762 | E5: 前20名原因分析
A6: 項目 | B6: 合計 | E6: 項目 | F6: 1 | H6: 2 | J6: 3 | L6: 4
F7: 展開量高於１０5％ | H7: 調理多產 | J7: 製程不穩 | L7: 取樣不穩
B8: 金額 | C8: 比例 | F8: 金額 | G8: 比例 | H8: 金額 | I8: 比例 | J8: 金額 | K8: 比例 | L8: 金額 | M8: 比例
A9: 報廢 | B9: 34031 | C9: =B9/$B$5 -> 0.0018979115 | E9: 報廢 | F9: ='報廢－原因別分析 (週)'!AB8 -> 0 | G9: ='報廢－原因別分析 (週)'!AB9 -> 0 | H9: ='報廢－原因別分析 (週)'!AC8 -> 253.8 | I9: ='報廢－原因別分析 (週)'!AC9 -> 0.076923077 | J9: ='報廢－原因別分析 (週)'!AD8 -> 0 | K9: ='報廢－原因別分析 (週)'!AD9 -> 0 | L9: ='報廢－原因別分析 (週)'!AE8 -> 2437.4 | M9: ='報廢－原因別分析 (週)'!AE9 -> 0.23076923
A10: 超用 | B10: 35666 | C10: =B10/$B$5 -> 0.0019890956 | E10: 超用 | F10: ='超用－原因別分析 (週) '!AB8 -> 0 | G10: ='超用－原因別分析 (週) '!AB9 -> 0 | H10: ='超用－原因別分析 (週) '!AC8 -> 0 | I10: ='超用－原因別分析 (週) '!AC9 -> 0 | J10: ='超用－原因別分析 (週) '!AD8 -> 0 | K10: ='超用－原因別分析 (週) '!AD9 -> 0 | L10: ='超用－原因別分析 (週) '!AE8 -> 34479.3 | M10: ='超用－原因別分析 (週) '!AE9 -> 0.95
E11: 項目 | F11: 5 | H11: 6 | J11: 7 | L11: 8
F12: 原物料規格 | H12: 研發設定 | J12: 其他原因 | L12: 步留不足
F13: 金額 | G13: 比例 | H13: 金額 | I13: 比例 | J13: 金額 | K13: 比例 | L13: 金額 | M13: 比例
E14: 報廢 | F14: ='報廢－原因別分析 (週)'!AF8 -> 0 | G14: ='報廢－原因別分析 (週)'!AF9 -> 0 | H14: ='報廢－原因別分析 (週)'!AG8 -> 194.5 | I14: ='報廢－原因別分析 (週)'!AG9 -> 0.076923077 | J14: ='報廢－原因別分析 (週)'!AH8 -> 12791.6 | K14: ='報廢－原因別分析 (週)'!AH9 -> 0.61538462 | L14: ='報廢－原因別分析 (週)'!AI8 -> 0 | M14: ='報廢－原因別分析 (週)'!AI9 -> 0
E15: 超用 | F15: ='超用－原因別分析 (週) '!AF8 -> 0 | G15: ='超用－原因別分析 (週) '!AF9 -> 0 | H15: ='超用－原因別分析 (週) '!AG8 -> 1158.4 | I15: ='超用－原因別分析 (週) '!AG9 -> 0.05 | J15: ='超用－原因別分析 (週) '!AH8 -> 0 | K15: ='超用－原因別分析 (週) '!AH9 -> 0 | L15: ='超用－原因別分析 (週) '!AI8 -> 0 | M15: ='超用－原因別分析 (週) '!AI9 -> 0

Sheet 生產管理報表 8-1(週報廢)
A1: 生產管理報表
A3: （８）報廢原因別前幾名品項
A5: 類型 | B5: 1 | D5: 2 | F5: 3 | H5: 4 | J5: 5 | L5: 6 | N5: 7 | P5: 8
B6: 展開量高於１０5％ | D6: 調理多產 | F6: 製程不穩 | H6: 取樣不穩 | J6: 原物料規格 | L6: 研發設定 | N6: 其他原因 | P6: 步留因素
A8: 類型 | C8: 排名 | D8: 商品名 | G8: 半成品名 | J8: 單價 | K8: 報廢率 | L8: 數量 | M8: 金額 | N8: 前週比 | O8: 主要原因&對策
A9: 1 | B9: 展開量高於１０5％ | C9: 1 | M9: =L9*J9 -> 0 | O9: 新品訂單下滑→調整預估量
C10: 2 | M10: =L10*J10 -> 0 | O10: 預估訂單>實際→夜間人員補齊
C11: 3 | M11: =L11*J11 -> 0 | O11: 預估訂單>實際→夜間人員補齊
C12: 4 | M12: =L12*J12 -> 0
C13: 5 | M13: =L13*J13 -> 0
J14: 前幾名合計比例 | K14: =M14/#REF! -> #REF! | L14: 前幾名合計金額 | M14: =SUM(M9:M13) -> 0
A16: 類型 | C16: 排名 | D16: 商品名 | G16: 半成品名 | J16: 單價 | K16: 報廢率 | L16: 數量 | M16: 金額 | N16: 前週比 | O16: 主要原因&對策
A17: 2 | B17: 調理多產 | C17: 1 | D17: 府城鹽水意麵 | G17: 蒸4切濾黃金豆腐 | J17: 1.8 | K17: 0.004 | L17: 141 | M17: =J17*L17 -> 253.8 | O17: 拆整盒餘數報廢
C18: 2 | M18: =J18*L18 -> 0
C19: 3 | M19: =J19*L19 -> 0
C20: 4 | M20: =J20*L20 -> 0
C21: 5 | M21: =J21*L21 -> 0
J22: 前幾名合計比例 | K22: =M22/#REF! -> #REF! | L22: 前幾名合計金額 | M22: =SUM(M17:M21) -> 253.8
A24: 類型 | C24: 排名 | D24: 商品名 | G24: 半成品名 | J24: 單價 | K24: 報廢率 | L24: 數量 | M24: 金額 | N24: 前月比 | O24: 主要原因&對策
A25: 3 | B25: 製程不穩 | C25: 1 | M25: =L25*J25 -> 0
C26: 2 | M26: =L26*J26 -> 0
C27: 3 | M27: =L27*J27 -> 0
C28: 4 | M28: =L28*J28 -> 0
C29: 5 | M29: =L29*J29 -> 0
J30: 前幾名合計比例 | K30: =M30/#REF! -> #REF! | L30: 前幾名合計金額 | M30: =SUM(M25:M29) -> 0

Sheet 生產管理報表 8-2(週報廢)
A1: 生產管理報表
A3: （８）報廢原因別前幾名品項
A5: 類型 | B5: 1 | D5: 2 | F5: 3 | H5: 4 | J5: 5 | L5: 6 | N5: 7 | P5: 8
B6: 展開量高於１０5％ | D6: 調理多產 | F6: 製程不穩 | H6: 取樣不穩 | J6: 原物料規格 | L6: 研發設定 | N6: 其他原因 | P6: 步留因素
A8: 類型 | C8: 排名 | D8: 商品名 | G8: 半成品名 | J8: 單價 | K8: 報廢率 | L8: 數量 | M8: 金額 | N8: 前週比 | O8: 主要原因&對策
A9: 4 | B9: 取樣不穩 | C9: 1 | D9: 小滷青蔬 | G9: 滷-切片高麗菜 | J9: 85 | K9: 0.007 | L9: 17 | M9: =L9*J9 -> 1445 | N9: 0.639 | O9: 包裝超用超補→加強教育訓練
C10: 2 | D10: 青醬蛤蜊義大利麵 | G10: 義麵-奶青醬(114年) | J10: 153.8 | K10: 0.002 | L10: 5.8 | M10: =L10*J10 -> 892.04 | O10: 包裝超用超補→加強教育訓練
C11: 3 | D11: 小滷青蔬 | G11: 滷味-湯凍 | J11: 39.2 | K11: 0.006 | L11: 2.4 | M11: =L11*J11 -> 94.08 | O11: 包裝超用超補→加強教育訓練
C12: 4 | M12: =L12*J12 -> 0
C13: 5 | M13: =L13*J13 -> 0
J14: 前幾名合計比例 | K14: =M14/#REF! -> #REF! | L14: 前幾名合計金額 | M14: 0
A16: 類型 | C16: 排名 | D16: 商品名 | G16: 半成品名 | J16: 單價 | K16: 報廢率 | L16: 數量 | M16: 金額 | N16: 前週比 | O16: 主要原因&對策
A17: 5 | B17: 原物料規格 | C17: 1 | M17: =L17*J17 -> 0
C18: 2 | M18: =L18*J18 -> 0
C19: 3 | M19: =L19*J19 -> 0
C20: 4 | M20: =L20*J20 -> 0
C21: 5 | M21: =L21*J21 -> 0
J22: 前幾名合計比例 | K22: =M22/#REF! -> #REF! | L22: 前幾名合計金額 | M22: 0
A24: 類型 | C24: 排名 | D24: 商品名 | G24: 半成品名 | J24: 單價 | K24: 報廢率 | L24: 數量 | M24: 金額 | N24: 前月比 | O24: 主要原因&對策
A25: 6 | B25: 研發設定 | C25: 1 | D25: 府城鹽水意麵 | G25: 切蒸前腿肉 | J25: 432.2 | K25: 0.001 | L25: 0.4 | M25: =L25*J25 -> 172.88 | N25: 0.5 | O25: 秤重物料需8G/份以上
C26: 2 | M26: =L26*J26 -> 0
C27: 3
C28: 4
C29: 5
J30: 前幾名合計比例 | K30: =M30/#REF! -> #REF! | L30: 前幾名合計金額 | M30: 0
A32: 類型 | C32: 排名 | D32: 商品名 | G32: 半成品名 | J32: 單價 | K32: 報廢率 | L32: 數量 | M32: 金額 | N32: 前月比 | O32: 主要原因&對策
A33: 7 | B33: 製程不穩 | C33: 1 | M33: 0
C34: 2 | M34: 0
C35: 3 | M35: 0
C36: 4 | M36: 0
C37: 5 | M37: 0
J38: 前幾名合計比例 | K38: =M38/#REF! -> #REF! | L38: 前幾名合計金額 | M38: 0

Sheet 生產管理報表 8-3(週超用)
A1: 生產管理報表
A3: （８）超用原因別前幾名品項
A5: 類型 | B5: 1 | D5: 2 | F5: 3 | H5: 4 | J5: 5 | L5: 6 | N5: 7 | P5: 8
B6: 展開量高於１０5％ | D6: 調理多產 | F6: 製程不穩 | H6: 取樣不穩 | J6: 原物料規格 | L6: 研發設定 | N6: 其他原因 | P6: 步留因素
A8: 類型 | C8: 排名 | D8: 商品名 | G8: 半成品名 | J8: 單價 | K8: 超用率 | L8: 數量 | M8: 金額 | N8: 前週比 | O8: 主要原因&對策
A9: 1 | B9: 展開量高於１０5％ | C9: 1 | M9: =L9*J9 -> 0
C10: 2 | M10: =L10*J10 -> 0
C11: 3 | M11: =L11*J11 -> 0
C12: 4 | M12: =L12*J12 -> 0
C13: 5 | M13: =L13*J13 -> 0
J14: 前幾名合計比例 | K14: =M14/#REF! -> #REF! | L14: 前幾名合計金額 | M14: =SUM(M9:M13) -> 0
A16: 類型 | C16: 排名 | D16: 商品名 | G16: 半成品名 | J16: 單價 | K16: 超用率 | L16: 數量 | M16: 金額 | N16: 前週比 | O16: 主要原因&對策
A17: 2 | B17: 調理多產 | C17: 1
C18: 2
C19: 3
C20: 4
C21: 5
J22: 前幾名合計比例 | K22: =M22/#REF! -> #REF! | L22: 前幾名合計金額 | M22: =SUM(M17:M21) -> 0
A24: 類型 | C24: 排名 | D24: 商品名 | G24: 半成品名 | J24: 單價 | K24: 超用率 | L24: 數量 | M24: 金額 | N24: 前月比 | O24: 主要原因&對策
A25: 3 | B25: 製程不穩 | C25: 1 | M25: =L25*J25 -> 0
C26: 2 | M26: =L26*J26 -> 0
C27: 3 | M27: =L27*J27 -> 0
C28: 4 | M28: =L28*J28 -> 0
C29: 5 | M29: =L29*J29 -> 0
J30: 前幾名合計比例 | K30: =M30/#REF! -> #REF! | L30: 前幾名合計金額 | M30: =SUM(M25:M29) -> 0

Sheet 生產管理報表 8-4(週超用)
A1: 生產管理報表
A3: （８）超用原因別前幾名品項
A5: 類型 | B5: 1 | D5: 2 | F5: 3 | H5: 4 | J5: 5 | L5: 6 | N5: 7 | P5: 8
B6: 展開量高於１０5％ | D6: 調理多產 | F6: 製程不穩 | H6: 取樣不穩 | J6: 原物料規格 | L6: 研發設定 | N6: 其他原因 | P6: 步留因素
A8: 類型 | C8: 排名 | D8: 商品名 | G8: 半成品名 | J8: 單價 | K8: 超用率 | L8: 數量 | M8: 金額 | N8: 前週比 | O8: 主要原因&對策
A9: 4 | B9: 取樣不穩 | C9: 1 | D9: 焗烤起司雙饗筆尖麵 | G9: 鮮食雙色起司絲 | J9: 200 | K9: 0.091909741 | L9: 83.5 | M9: =L9*J9 -> 16700 | N9: 2 | O9: 加強稽核及教育訓練
C10: 2 | D10: 義式蕃茄起司義大利麵 | G10: 鮮食雙色起司絲 | J10: 200 | K10: 0.050642479 | L10: 13.4 | M10: =L10*J10 -> 2680 | N10: 0.563 | O10: 加強稽核及教育訓練
C11: 3 | D11: 燻火腿貓耳朵麵 | G11: 鮮食雙色起司絲 | J11: 200 | K11: 0.089552239 | L11: 12 | M11: =L11*J11 -> 2400 | O11: 加強稽核及教育訓練
C12: 4 | D12: 青醬蛤蜊義大利麵 | G12: 義麵-奶青醬(114年) | J12: 153.8 | K12: 0.006 | L12: 14.3 | M12: =L12*J12 -> 2199.34 | O12: 加強稽核及教育訓練
C13: 5 | D13: 奶油培根義大利麵 | G13: 解凍黑胡椒燻豬腿肉(湖) | J13: 304.8 | K13: 0.03 | L13: 6.8 | M13: =L13*J13 -> 2072.64 | O13: 加強稽核及教育訓練
J14: 前幾名合計比例 | K14: =M14/#REF! -> #REF! | L14: 前幾名合計金額 | M14: 0
A16: 類型 | C16: 排名 | D16: 商品名 | G16: 半成品名 | J16: 單價 | K16: 超用率 | L16: 數量 | M16: 金額 | N16: 前週比 | O16: 主要原因&對策
A17: 5 | B17: 原物料規格 | C17: 1 | M17: =L17*J17 -> 0
C18: 2 | M18: =L18*J18 -> 0
C19: 3 | M19: =L19*J19 -> 0
C20: 4 | M20: =L20*J20 -> 0
C21: 5 | M21: =L21*J21 -> 0
J22: 前幾名合計比例 | K22: =M22/#REF! -> #REF! | L22: 前幾名合計金額 | M22: 0
A24: 類型 | C24: 排名 | D24: 商品名 | G24: 半成品名 | J24: 單價 | K24: 超用率 | L24: 數量 | M24: 金額 | N24: 前月比 | O24: 主要原因&對策
A25: 6 | B25: 研發設定 | C25: 1 | D25: 府城鹽水意麵 | G25: 切蒸前腿肉 | J25: 432.2 | K25: 0.009 | L25: 2.7 | M25: =L25*J25 -> 1166.94 | N25: 0.5869
C26: 2 | M26: =L26*J26 -> 0
C27: 3
C28: 4
C29: 5
J30: 前幾名合計比例 | K30: =M30/#REF! -> #REF! | L30: 前幾名合計金額 | M30: 0
A32: 類型 | C32: 排名 | D32: 商品名 | G32: 半成品名 | J32: 單價 | K32: 超用率 | L32: 數量 | M32: 金額 | N32: 前月比 | O32: 主要原因&對策
A33: 7 | B33: 製程不穩 | C33: 1 | M33: 0
C34: 2 | M34: 0
C35: 3 | M35: 0
C36: 4 | M36: 0
C37: 5 | M37: 0
J38: 前幾名合計比例 | K38: =M38/#REF! -> #REF! | L38: 前幾名合計金額 | M38: 0

Sheet 生產管理報表 9(週)
A1: 生產管理報表
A3: （9）步留因素
A5: 類型 | B5: 1 | D5: 2 | F5: 3 | H5: 4 | J5: 5 | L5: 6 | N5: 7 | P5: 8
B6: 展開量高於１０5％ | D6: 調理多產 | F6: 製程不穩 | H6: 取樣不穩 | J6: 原物料規格 | L6: 研發設定 | N6: 其他原因 | P6: 步留因素
A8: 類型 | B8: No. | C8: 商品名 | F8: 半成品名 | I8: 單價 | J8: 規格 | K8: 實績 | L8: 差異 | M8: 主要原因&對策
A9: 作業原因 | B9: 1 | L9: =K9-J9 -> 0
B10: 2 | L10: =K10-J10 -> 0
B11: 3 | L11: =K11-J11 -> 0
B12: 4 | L12: =K12-J12 -> 0
B13: 5 | L13: =K13-J13 -> 0
A15: 類型 | B15: No. | C15: 商品名 | F15: 半成品名 | I15: 單價 | J15: 規格 | K15: 實績 | L15: 差異 | M15: 主要原因&對策
A16: 原料原因 | B16: 1 | L16: =K16-J16 -> 0
B17: 2 | L17: =K17-J17 -> 0
B18: 3 | L18: =K18-J18 -> 0
B19: 4 | L19: =K19-J19 -> 0
B20: 5 | L20: =K20-J20 -> 0

Sheet 報廢－原因別分析 (週)
B2: 報廢前二十名紀錄表
B3: 週別 | D3: 明細展開 | G3: 生產資訊 | T3: 類別 | U3: 分析原因 | V3: 原因說明 | W3: 後續對策 | X3: 次數 | Y3: 備註-商品名稱 | AA3: 分析原因（件）
D4: 排序 | E4: 半成品 | G4: 生產端 | O4: 組合端
E5: 名稱 | F5: 報廢金額 | G5: 產出量 | O5: 報廢 | Q5: 超用
G6: 訂單需求 (kg) | H6: 實際產出 (kg) | I6: 實際產出占比 | J6: 補單 (kg) | K6: 補單占比 | L6: 單價 (元) | M6: 實際生產 (對比訂單需求) | N6: 差異 (元) | O6: kg | P6: 占比 | Q6: kg | R6: 占比 | S6: 金額 (元) | AA6: 總件數 | AB6: 展開量高於１０5％ | AC6: 調理多產 | AD6: 製程不穩 | AE6: 取樣不穩 | AF6: 原物料規格 | AG6: 研發設定 | AH6: 其他原因 | AI6: 步留因素
B7: 0324~0330 | D7: 1 | E7: 義麵-海鮮湯凍(113年) | F7: 3861.4 | G7: 1355.6 | H7: 1387.5 | I7: =H7/G7 -> 1.023532 | J7: 0 | K7: =J7/G7 -> 0 | L7: 140.6 | M7: =(H7+J7)/G7 -> 1.023532 | N7: 31.8 | O7: 27.5 | P7: =O7/G7 -> 0.02028622 | Q7: =((H7+J7)-G7)-O7 -> 4.4 | R7: =Q7/G7 -> 0.0032457952 | S7: 613.4 | T7: 生管預估 | U7: 其他原因 | V7: 預估量大於訂單量 | W7: 因夜間補料人員及主管缺員,為減少重工，故變更預估模式 | X7: 1 | Y7: 白酒蛤蜊義大利麵 | Z7: 週前二十 | AA7: 13 | AB7: =SUMIF($U$7:$U$26,TRIM(AB6),$X$7:$X$26) -> 0 | AC7: =SUMIF($U$7:$U$26,TRIM(AC6),$X$7:$X$26) -> 1 | AD7: =SUMIF($U$7:$U$9710,TRIM(AD6),$X$7:$X$26) -> 0 | AE7: =SUMIF($U$7:$U$9710,TRIM(AE6),$X$7:$X$26) -> 3 | AF7: =SUMIF($U$7:$U$9710,TRIM(AF6),$X$7:$X$26) -> 0 | AG7: =SUMIF($U$7:$U$9710,TRIM(AG6),$X$7:$X$26) -> 1 | AH7: =SUMIF($U$7:$U$9710,TRIM(AH6),$X$7:$X$26) -> 8 | AI7: =SUMIF($U$7:$U$9710,TRIM(AI6),$X$7:$X$26) -> 0
D8: 2 | E8: 義麵-蒜味蝦醬(115年) | F8: 3299.7 | G8: 1633.2 | H8: 1664.1 | I8: =H8/G8 -> 1.0189199 | J8: 0 | K8: =J8/G8 -> 0 | L8: 118.5 | M8: =(H8+J8)/G8 -> 1.0189199 | N8: 30.9 | O8: 27.8 | P8: =O8/G8 -> 0.017021798 | Q8: =((H8+J8)-G8)-O8 -> 3.1 | R8: =Q8/G8 -> 0.0018981141 | S8: 361.4 | T8: 生管預估 | U8: 其他原因 | V8: 預估量大於訂單量 | W8: 新品上巿→調整出料率 | X8: 1 | Y8: 蒜香奶油蝦蝦義大利麵 | AB8: =SUMIF($U$7:$U$26,TRIM(AB6),$F$7:$F$26) -> 0 | AC8: =SUMIF($U$7:$U$26,TRIM(AC6),$F$7:$F$26) -> 253.8 | AD8: =SUMIF($U$7:$U$176,TRIM(AD6),$F$7:$F$26) -> 0 | AE8: =SUMIF($U$7:$U$176,TRIM(AE6),$F$7:$F$26) -> 2437.4 | AF8: =SUMIF($U$7:$U$176,TRIM(AF6),$F$7:$F$26) -> 0 | AG8: =SUMIF($U$7:$U$176,TRIM(AG6),$F$7:$F$26) -> 194.5 | AH8: =SUMIF($U$7:$U$176,TRIM(AH6),$F$7:$F$26) -> 12791.6 | AI8: =SUMIF($U$7:$U$176,TRIM(AI6),$F$7:$F$26) -> 0
D9: 3 | E9: 煮意麵肉燥 | F9: 2018.9 | G9: 2506.6 | H9: 2527.3 | I9: =H9/G9 -> 1.0082582 | J9: 0 | K9: =J9/G9 -> 0 | L9: 125.6 | M9: =(H9+J9)/G9 -> 1.0082582 | N9: 20.8 | O9: 16.1 | P9: =O9/G9 -> 0.0064230432 | Q9: =((H9+J9)-G9)-O9 -> 4.6 | R9: =Q9/G9 -> 0.0018351552 | S9: 591.7 | T9: 生管預估 | U9: 其他原因 | V9: 預估量大於訂單量 | W9: 因夜間補料人員及主管缺員,為減少重工，故變更預估模式 | X9: 1 | Y9: 府城鹽水意麵 | AB9: =AB7/$AA$7 -> 0 | AC9: =AC7/$AA$7 -> 0.076923077 | AD9: =AD7/$AA$7 -> 0 | AE9: =AE7/$AA$7 -> 0.23076923 | AF9: =AF7/$AA$7 -> 0 | AG9: =AG7/$AA$7 -> 0.076923077 | AH9: =AH7/$AA$7 -> 0.61538462 | AI9: =AI7/$AA$7 -> 0
D10: 4 | E10: 義麵-貓耳朵白醬 | F10: 1975.9 | G10: 1108.1 | H10: 1139.5 | I10: =H10/G10 -> 1.0283368 | J10: 0 | K10: =J10/G10 -> 0 | L10: 66.5 | M10: =(H10+J10)/G10 -> 1.0283368 | N10: 31.4 | O10: 29.7 | P10: =O10/G10 -> 0.026802635 | Q10: =((H10+J10)-G10)-O10 -> 1.7 | R10: =Q10/G10 -> 0.0015341576 | S10: 112.4 | T10: 生管預估 | U10: 其他原因 | V10: 預估量大於訂單量 | W10: 因夜間補料人員及主管缺員,為減少重工，故變更預估模式 | X10: 1 | Y10: 燻火腿貓耳朵麵
D11: 5 | E11: 滷-切片高麗菜 | F11: 1445.8 | G11: 2299.7 | H11: 2321.9 | I11: =H11/G11 -> 1.0096534 | J11: 18.6 | K11: =J11/G11 -> 0.0080880115 | L11: 85 | M11: =(H11+J11)/G11 -> 1.0177414 | N11: 40.9 | O11: 17 | P11: =O11/G11 -> 0.0073922686 | Q11: =((H11+J11)-G11)-O11 -> 23.8 | R11: =Q11/G11 -> 0.010349176 | S11: 2028.1 | T11: 包裝 | U11: 取樣不穩 | V11: 超用超補 | W11: 加強人員教育訓練 | X11: 1 | Y11: 小滷青蔬
D12: 6 | E12: 義麵-奶青醬(114年) | F12: 899.5 | G12: 2427.3 | H12: 2437.6 | I12: =H12/G12 -> 1.0042434 | J12: 9.8 | K12: =J12/G12 -> 0.0040374078 | L12: 153.8 | M12: =(H12+J12)/G12 -> 1.0082808 | N12: 20.1 | O12: 5.8 | P12: =O12/G12 -> 0.0023894863 | Q12: =((H12+J12)-G12)-O12 -> 14.3 | R12: =Q12/G12 -> 0.0058913196 | S12: 2191.1 | T12: 包裝 | U12: 取樣不穩 | V12: 超用超補 | W12: 加強人員教育訓練 | X12: 1 | Y12: 青醬蛤蜊義大利麵
D13: 7 | E13: 油炒香菜 | F13: 705.4 | G13: 69.3 | H13: 71.5 | I13: =H13/G13 -> 1.031746 | J13: 0 | K13: =J13/G13 -> 0 | L13: 403.1 | M13: =(H13+J13)/G13 -> 1.031746 | N13: 2.2 | O13: 1.8 | P13: =O13/G13 -> 0.025974026 | Q13: =((H13+J13)-G13)-O13 -> 0.4 | R13: =Q13/G13 -> 0.0057720058 | S13: 168.5 | T13: 生管預估 | U13: 其他原因 | V13: 預估量大於訂單量 | W13: 因夜間補料人員及主管缺員,為減少重工，故變更預估模式 | X13: 1 | Y13: 辣味香菜雞肉義大利麵 | AB13: 1 | AC13: 展開量高於１０5％
D14: 8 | E14: 拿坡里義大利麵醬 | F14: 631.9 | G14: 829.2 | H14: 851.2 | I14: =H14/G14 -> 1.0265316 | J14: 0 | K14: =J14/G14 -> 0 | L14: 89 | M14: =(H14+J14)/G14 -> 1.0265316 | N14: 22 | O14: 7.1 | P14: =O14/G14 -> 0.0085624699 | Q14: =((H14+J14)-G14)-O14 -> 14.9 | R14: =Q14/G14 -> 0.017969127 | S14: 1330.6 | T14: 生管預估 | U14: 其他原因 | V14: 預估量大於訂單量 | W14: 因夜間補料人員及主管缺員,為減少重工，故變更預估模式 | X14: 1 | Y14: 濃拿波里義大利麵 | AB14: 2 | AC14: 調理多產
D15: 9 | E15: 蒸4切濾黃金豆腐 | F15: 253.8 | G15: 35808 | H15: 35970 | I15: =H15/G15 -> 1.0045241 | J15: 0 | K15: =J15/G15 -> 0 | L15: 1.8 | M15: =(H15+J15)/G15 -> 1.0045241 | N15: 162 | O15: 141 | P15: =O15/G15 -> 0.0039376676 | Q15: =((H15+J15)-G15)-O15 -> 21 | R15: =Q15/G15 -> 0.00058646113 | S15: 37.8 | T15: 調理 | U15: 調理多產 | V15: 拆整盒餘數報廢 | X15: 1 | Y15: 府城鹽水意麵 | AB15: 3 | AC15: 製程不穩
D16: 10 | E16: 切蒸前腿肉 | F16: 194.5 | G16: 286.5 | H16: 287.3 | I16: =H16/G16 -> 1.0027923 | J16: 2.3 | K16: =J16/G16 -> 0.0080279232 | L16: 432.2 | M16: =(H16+J16)/G16 -> 1.0108202 | N16: 3.1 | O16: 0.4 | P16: =O16/G16 -> 0.0013961606 | Q16: =((H16+J16)-G16)-O16 -> 2.7 | R16: =Q16/G16 -> 0.0094240838 | S16: 1158.4 | T16: 研發 | U16: 研發設定 | V16: 2片8G以上 | X16: 1 | Y16: 府城鹽水意麵 | AB16: 4 | AC16: 取樣不穩
D17: 11 | E17: 川燙洋蔥絲 | F17: 150.9 | G17: 58 | H17: 58.9 | I17: =H17/G17 -> 1.0155172 | J17: 0 | K17: =J17/G17 -> 0 | L17: 201.2 | M17: =(H17+J17)/G17 -> 1.0155172 | N17: 0.9 | O17: 0.8 | P17: =O17/G17 -> 0.013793103 | Q17: =((H17+J17)-G17)-O17 -> 0.1 | R17: =Q17/G17 -> 0.0017241379 | S17: 27.8 | T17: 生管預估 | U17: 其他原因 | V17: 預估量大於訂單量 | W17: 因夜間補料人員及主管缺員,為減少重工，故變更預估模式 | X17: 1 | Y17: 濃拿波里義大利麵 | AB17: 5 | AC17: 原物料規格
D18: 12 | E18: 川燙油菜 | F18: 147.5 | G18: 358.1 | H18: 361.6 | I18: =H18/G18 -> 1.0097738 | J18: 0 | K18: =J18/G18 -> 0 | L18: 140.4 | M18: =(H18+J18)/G18 -> 1.0097738 | N18: 3.6 | O18: 1 | P18: =O18/G18 -> 0.0027925161 | Q18: =((H18+J18)-G18)-O18 -> 2.5 | R18: =Q18/G18 -> 0.0069812901 | S18: 352.5 | T18: 生管預估 | U18: 其他原因 | V18: 預估量大於訂單量 | W18: 因夜間補料人員及主管缺員,為減少重工，故變更預估模式 | X18: 1 | Y18: 府城鹽水意麵 | AB18: 6 | AC18: 研發設定
D19: 13 | E19: 滷味-湯凍 | F19: 92.1 | G19: 638.8 | H19: 643.9 | I19: =H19/G19 -> 1.0079837 | J19: 3.8 | K19: =J19/G19 -> 0.0059486537 | L19: 39.2 | M19: =(H19+J19)/G19 -> 1.0139324 | N19: 9 | O19: 2.4 | P19: =O19/G19 -> 0.0037570445 | Q19: =((H19+J19)-G19)-O19 -> 6.5 | R19: =Q19/G19 -> 0.010175329 | S19: 258.7 | T19: 包裝 | U19: 取樣不穩 | V19: 超用超補 | W19: 加強人員教育訓練 | X19: 1 | Y19: 小滷青蔬 | AB19: 7 | AC19: 其他原因
D20: 14 | I20: =H20/G20 -> #DIV/0! | K20: =J20/G20 -> #DIV/0! | M20: =(H20+J20)/G20 -> #DIV/0! | P20: =O20/G20 -> #DIV/0! | Q20: =((H20+J20)-G20)-O20 -> 0 | R20: =Q20/G20 -> #DIV/0! | AB20: 8 | AC20: 步留因素
D21: 15 | I21: =H21/G21 -> #DIV/0! | K21: =J21/G21 -> #DIV/0! | M21: =(H21+J21)/G21 -> #DIV/0! | P21: =O21/G21 -> #DIV/0! | Q21: =((H21+J21)-G21)-O21 -> 0 | R21: =Q21/G21 -> #DIV/0!
D22: 16 | I22: =H22/G22 -> #DIV/0! | K22: =J22/G22 -> #DIV/0! | M22: =(H22+J22)/G22 -> #DIV/0! | P22: =O22/G22 -> #DIV/0! | Q22: =((H22+J22)-G22)-O22 -> 0 | R22: =Q22/G22 -> #DIV/0!
D23: 17 | I23: =H23/G23 -> #DIV/0! | K23: =J23/G23 -> #DIV/0! | M23: =(H23+J23)/G23 -> #DIV/0! | P23: =O23/G23 -> #DIV/0! | Q23: =((H23+J23)-G23)-O23 -> 0 | R23: =Q23/G23 -> #DIV/0! | AB23: 1 | AC23: 調理
D24: 18 | I24: =H24/G24 -> #DIV/0! | K24: =J24/G24 -> #DIV/0! | M24: =(H24+J24)/G24 -> #DIV/0! | P24: =O24/G24 -> #DIV/0! | Q24: =((H24+J24)-G24)-O24 -> 0 | R24: =Q24/G24 -> #DIV/0! | AB24: 2 | AC24: 包裝
D25: 19 | I25: =H25/G25 -> #DIV/0! | K25: =J25/G25 -> #DIV/0! | M25: =(H25+J25)/G25 -> #DIV/0! | P25: =O25/G25 -> #DIV/0! | Q25: =((H25+J25)-G25)-O25 -> 0 | R25: =Q25/G25 -> #DIV/0! | AB25: 3 | AC25: 研發
D26: 20 | AB26: 4 | AC26: 生管預估
AB27: 5 | AC27: 原物料
Z112: 占比
Z113: 金額

Sheet 超用－原因別分析 (週) 
B2: 超用前二十名紀錄表
B3: 週別 | D3: 明細展開 | G3: 生產資訊 | T3: 類別 | U3: 分析原因 | V3: 原因說明 | W3: 後續對策 | X3: 次數 | Y3: 備註-商品名稱 | AA3: 分析原因（件）
D4: 排序 | E4: 半成品 | G4: 生產端 | O4: 組合端
E5: 名稱 | F5: 報廢金額 | G5: 產出量 | O5: 報廢 | Q5: 超用
G6: 訂單需求 (kg) | H6: 實際產出 (kg) | I6: 實際產出占比 | J6: 補單 (kg) | K6: 補單占比 | L6: 單價 (元) | M6: 實際生產 (對比訂單需求) | N6: 差異 (元) | O6: kg | P6: 占比 | Q6: kg | R6: 占比 | S6: 金額 (元) | AA6: 總件數 | AB6: 展開量高於１０5％ | AC6: 調理多產 | AD6: 製程不穩 | AE6: 取樣不穩 | AF6: 原物料規格 | AG6: 研發設定 | AH6: 其他原因 | AI6: 步留因素
B7: 0324~0330 | D7: 1 | E7: 鮮食雙色起司絲 | F7: 0 | G7: 908.5 | H7: 992 | I7: =H7/G7 -> 1.0919097 | J7: 0 | K7: =J7/G7 -> 0 | L7: 200 | M7: =(H7+J7)/G7 -> 1.0919097 | N7: 83.5 | O7: 0 | P7: =O7/G7 -> 0 | Q7: =((H7+J7)-G7)-O7 -> 83.5 | R7: =Q7/G7 -> 0.091909741 | S7: 16708 | T7: 包裝 | U7: 取樣不穩 | V7: 超用 | W7: 加強教育訓練，抓樣範圍95%~103% | X7: 1 | Y7: 焗烤起司雙饗筆尖麵 | Z7: 週前二十 | AA7: 20 | AB7: =SUMIF($U$7:$U$26,TRIM(AB6),$X$7:$X$26) -> 0 | AC7: =SUMIF($U$7:$U$26,TRIM(AC6),$X$7:$X$26) -> 0 | AD7: =SUMIF($U$7:$U$9710,TRIM(AD6),$X$7:$X$26) -> 0 | AE7: =SUMIF($U$7:$U$9710,TRIM(AE6),$X$7:$X$26) -> 19 | AF7: =SUMIF($U$7:$U$9710,TRIM(AF6),$X$7:$X$26) -> 0 | AG7: =SUMIF($U$7:$U$9710,TRIM(AG6),$X$7:$X$26) -> 1 | AH7: =SUMIF($U$7:$U$9710,TRIM(AH6),$X$7:$X$26) -> 0 | AI7: =SUMIF($U$7:$U$9710,TRIM(AI6),$X$7:$X$26) -> 0
D8: 2 | E8: 鮮食雙色起司絲 | F8: 0 | G8: 264.6 | H8: 278 | I8: =H8/G8 -> 1.0506425 | J8: 0 | K8: =J8/G8 -> 0 | L8: 200 | M8: =(H8+J8)/G8 -> 1.0506425 | N8: 13.4 | O8: 0 | P8: =O8/G8 -> 0 | Q8: =((H8+J8)-G8)-O8 -> 13.4 | R8: =Q8/G8 -> 0.050642479 | S8: 2688 | T8: 包裝 | U8: 取樣不穩 | V8: 超用 | W8: 加強教育訓練，抓樣範圍95%~103% | X8: 1 | Y8: 義式蕃茄起司義大利麵 | AB8: =SUMIF($U$7:$U$26,TRIM(AB6),$S$7:$S$26) -> 0 | AC8: =SUMIF($U$7:$U$26,TRIM(AC6),$S$7:$S$26) -> 0 | AD8: =SUMIF($U$7:$U$26,TRIM(AD6),$S$7:$S$26) -> 0 | AE8: =SUMIF($U$7:$U$26,TRIM(AE6),$S$7:$S$26) -> 34479.3 | AF8: =SUMIF($U$7:$U$26,TRIM(AF6),$S$7:$S$26) -> 0 | AG8: =SUMIF($U$7:$U$26,TRIM(AG6),$S$7:$S$26) -> 1158.4 | AH8: =SUMIF($U$7:$U$26,TRIM(AH6),$S$7:$S$26) -> 0 | AI8: =SUMIF($U$7:$U$26,TRIM(AI6),$S$7:$S$26) -> 0
D9: 3 | E9: 鮮食雙色起司絲 | F9: 0 | G9: 134 | H9: 146 | I9: =H9/G9 -> 1.0895522 | J9: 0 | K9: =J9/G9 -> 0 | L9: 200 | M9: =(H9+J9)/G9 -> 1.0895522 | N9: 12 | O9: 0 | P9: =O9/G9 -> 0 | Q9: =((H9+J9)-G9)-O9 -> 12 | R9: =Q9/G9 -> 0.089552239 | S9: 2392 | T9: 包裝 | U9: 取樣不穩 | V9: 超用 | W9: 加強教育訓練，抓樣範圍95%~103% | X9: 1 | Y9: 燻火腿貓耳朵麵 | AB9: =AB7/$AA$7 -> 0 | AC9: =AC7/$AA$7 -> 0 | AD9: =AD7/$AA$7 -> 0 | AE9: =AE7/$AA$7 -> 0.95 | AF9: =AF7/$AA$7 -> 0 | AG9: =AG7/$AA$7 -> 0.05 | AH9: =AH7/$AA$7 -> 0 | AI9: =AI7/$AA$7 -> 0
D10: 4 | E10: 義麵-奶青醬(114年) | F10: 899.5 | G10: 2427.3 | H10: 2437.6 | I10: =H10/G10 -> 1.0042434 | J10: 9.8 | K10: =J10/G10 -> 0.0040374078 | L10: 153.8 | M10: =(H10+J10)/G10 -> 1.0082808 | N10: 20.1 | O10: 5.8 | P10: =O10/G10 -> 0.0023894863 | Q10: =((H10+J10)-G10)-O10 -> 14.3 | R10: =Q10/G10 -> 0.0058913196 | S10: 2191.1 | T10: 包裝 | U10: 取樣不穩 | V10: 超用 | W10: 加強教育訓練，抓樣範圍95%~103% | X10: 1 | Y10: 青醬蛤蜊義大利麵
D11: 5 | E11: 解凍黑胡椒燻豬腿肉(湖) | F11: 0 | G11: 224.5 | H11: 231.3 | I11: =H11/G11 -> 1.0302895 | J11: 0 | K11: =J11/G11 -> 0 | L11: 304.8 | M11: =(H11+J11)/G11 -> 1.0302895 | N11: 6.8 | O11: 0 | P11: =O11/G11 -> 0 | Q11: =((H11+J11)-G11)-O11 -> 6.8 | R11: =Q11/G11 -> 0.030289532 | S11: 2082.1 | T11: 包裝 | U11: 取樣不穩 | V11: 超用 | W11: 加強教育訓練，抓樣範圍95%~103% | X11: 1 | Y11: 奶油培根義大利麵
D12: 6 | E12: 滷-切片高麗菜 | F12: 1445.8 | G12: 2299.7 | H12: 2321.9 | I12: =H12/G12 -> 1.0096534 | J12: 18.6 | K12: =J12/G12 -> 0.0080880115 | L12: 85 | M12: =(H12+J12)/G12 -> 1.0177414 | N12: 40.9 | O12: 17 | P12: =O12/G12 -> 0.0073922686 | Q12: =((H12+J12)-G12)-O12 -> 23.8 | R12: =Q12/G12 -> 0.010349176 | S12: 2028.1 | T12: 包裝 | U12: 取樣不穩 | V12: 超用 | W12: 加強教育訓練，抓樣範圍95%~103% | X12: 1 | Y12: 小滷青蔬
D13: 7 | E13: 拿坡里義大利麵醬 | F13: 631.9 | G13: 829.2 | H13: 851.2 | I13: =H13/G13 -> 1.0265316 | J13: 0 | K13: =J13/G13 -> 0 | L13: 89 | M13: =(H13+J13)/G13 -> 1.0265316 | N13: 22 | O13: 7.1 | P13: =O13/G13 -> 0.0085624699 | Q13: =((H13+J13)-G13)-O13 -> 14.9 | R13: =Q13/G13 -> 0.017969127 | S13: 1330.6 | T13: 包裝 | U13: 取樣不穩 | V13: 超用 | W13: 加強教育訓練，抓樣範圍95%~103% | X13: 1 | Y13: 濃拿波里義大利麵 | AB13: 1 | AC13: 展開量高於１０5％
D14: 8 | E14: 川燙青花菜(N7) | F14: 0 | G14: 281.2 | H14: 282.6 | I14: =H14/G14 -> 1.0049787 | J14: 7 | K14: =J14/G14 -> 0.024893314 | L14: 155.7 | M14: =(H14+J14)/G14 -> 1.029872 | N14: 8.3 | O14: 0 | P14: =O14/G14 -> 0 | Q14: =((H14+J14)-G14)-O14 -> 8.4 | R14: =Q14/G14 -> 0.029871977 | S14: 1300 | T14: 包裝 | U14: 取樣不穩 | V14: 超用 | W14: 加強教育訓練，抓樣範圍95%~103% | X14: 1 | Y14: 青花椒麻雞肉拌麵 | AB14: 2 | AC14: 調理多產
D15: 9 | E15: 切蒸前腿肉 | F15: 194.5 | G15: 286.5 | H15: 287.3 | I15: =H15/G15 -> 1.0027923 | J15: 2.3 | K15: =J15/G15 -> 0.0080279232 | L15: 432.2 | M15: =(H15+J15)/G15 -> 1.0108202 | N15: 3.1 | O15: 0.4 | P15: =O15/G15 -> 0.0013961606 | Q15: =((H15+J15)-G15)-O15 -> 2.7 | R15: =Q15/G15 -> 0.0094240838 | S15: 1158.4 | T15: 研發 | U15: 研發設定 | V15: 2片/8G以上 | X15: 1 | Y15: 府城鹽水意麵 | AB15: 3 | AC15: 製程不穩
D16: 10 | E16: 紅切達起司絲 | F16: 0 | G16: 64.8 | H16: 68 | I16: =H16/G16 -> 1.0493827 | J16: 0 | K16: =J16/G16 -> 0 | L16: 235 | M16: =(H16+J16)/G16 -> 1.0493827 | N16: 3.2 | O16: 0 | P16: =O16/G16 -> 0 | Q16: =((H16+J16)-G16)-O16 -> 3.2 | R16: =Q16/G16 -> 0.049382716 | S16: 762.6 | T16: 包裝 | U16: 取樣不穩 | V16: 超用 | W16: 加強教育訓練，抓樣範圍95%~103% | X16: 1 | Y16: 奶油培根義大利麵 | AB16: 4 | AC16: 取樣不穩
D17: 11 | E17: 義麵-海鮮湯凍(113年) | F17: 3861.4 | G17: 1355.6 | H17: 1387.5 | I17: =H17/G17 -> 1.023532 | J17: 0 | K17: =J17/G17 -> 0 | L17: 140.6 | M17: =(H17+J17)/G17 -> 1.023532 | N17: 31.8 | O17: 27.5 | P17: =O17/G17 -> 0.02028622 | Q17: =((H17+J17)-G17)-O17 -> 4.4 | R17: =Q17/G17 -> 0.0032457952 | S17: 613.4 | T17: 包裝 | U17: 取樣不穩 | V17: 超用 | W17: 加強教育訓練，抓樣範圍95%~103% | X17: 1 | Y17: 白酒蛤蜊義大利麵 | AB17: 5 | AC17: 原物料規格
D18: 12 | E18: 煮意麵肉燥 | F18: 2018.9 | G18: 2506.6 | H18: 2527.3 | I18: =H18/G18 -> 1.0082582 | J18: 0 | K18: =J18/G18 -> 0 | L18: 125.6 | M18: =(H18+J18)/G18 -> 1.0082582 | N18: 20.8 | O18: 16.1 | P18: =O18/G18 -> 0.0064230432 | Q18: =((H18+J18)-G18)-O18 -> 4.6 | R18: =Q18/G18 -> 0.0018351552 | S18: 591.7 | T18: 包裝 | U18: 取樣不穩 | V18: 超用 | W18: 加強教育訓練，抓樣範圍95%~103% | X18: 1 | Y18: 府城鹽水意麵 | AB18: 6 | AC18: 研發設定
D19: 13 | E19: 鮮食雙色起司絲 | F19: 0 | G19: 29.2 | H19: 31 | I19: =H19/G19 -> 1.0616438 | J19: 0 | K19: =J19/G19 -> 0 | L19: 206 | M19: =(H19+J19)/G19 -> 1.0616438 | N19: 1.8 | O19: 0 | P19: =O19/G19 -> 0 | Q19: =((H19+J19)-G19)-O19 -> 1.8 | R19: =Q19/G19 -> 0.061643836 | S19: 367.9 | T19: 包裝 | U19: 取樣不穩 | V19: 超用 | W19: 加強教育訓練，抓樣範圍95%~103% | X19: 1 | Y19: 香濃起司馬鈴薯 | AB19: 7 | AC19: 其他原因
D20: 14 | E20: 義麵-蒜味蝦醬(115年) | F20: 3299.7 | G20: 1633.2 | H20: 1664.1 | I20: =H20/G20 -> 1.0189199 | J20: 0 | K20: =J20/G20 -> 0 | L20: 118.5 | M20: =(H20+J20)/G20 -> 1.0189199 | N20: 30.9 | O20: 27.8 | P20: =O20/G20 -> 0.017021798 | Q20: =((H20+J20)-G20)-O20 -> 3.1 | R20: =Q20/G20 -> 0.0018981141 | S20: 361.4 | T20: 包裝 | U20: 取樣不穩 | V20: 超用 | W20: 加強教育訓練，抓樣範圍95%~103% | X20: 1 | Y20: 蒜香奶油蝦蝦義大利麵 | AB20: 8 | AC20: 步留因素
D21: 15 | E21: 川燙油菜 | F21: 147.5 | G21: 358.1 | H21: 361.6 | I21: =H21/G21 -> 1.0097738 | J21: 0 | K21: =J21/G21 -> 0 | L21: 140.4 | M21: =(H21+J21)/G21 -> 1.0097738 | N21: 3.6 | O21: 1 | P21: =O21/G21 -> 0.0027925161 | Q21: =((H21+J21)-G21)-O21 -> 2.5 | R21: =Q21/G21 -> 0.0069812901 | S21: 352.5 | T21: 包裝 | U21: 取樣不穩 | V21: 超用 | W21: 加強教育訓練，抓樣範圍95%~103% | X21: 1 | Y21: 府城鹽水意麵
D22: 16 | E22: 滷味-湯凍 | F22: 92.1 | G22: 638.8 | H22: 643.9 | I22: =H22/G22 -> 1.0079837 | J22: 3.8 | K22: =J22/G22 -> 0.0059486537 | L22: 39.2 | M22: =(H22+J22)/G22 -> 1.0139324 | N22: 9 | O22: 2.4 | P22: =O22/G22 -> 0.0037570445 | Q22: =((H22+J22)-G22)-O22 -> 6.5 | R22: =Q22/G22 -> 0.010175329 | S22: 258.7 | T22: 包裝 | U22: 取樣不穩 | V22: 超用 | W22: 加強教育訓練，抓樣範圍95%~103% | X22: 1 | Y22: 小滷青蔬
D23: 17 | E23: 油炒香菜 | F23: 705.4 | G23: 69.3 | H23: 71.5 | I23: =H23/G23 -> 1.031746 | J23: 0 | K23: =J23/G23 -> 0 | L23: 403.1 | M23: =(H23+J23)/G23 -> 1.031746 | N23: 2.2 | O23: 1.8 | P23: =O23/G23 -> 0.025974026 | Q23: =((H23+J23)-G23)-O23 -> 0.4 | R23: =Q23/G23 -> 0.0057720058 | S23: 168.5 | T23: 包裝 | U23: 取樣不穩 | V23: 超用 | W23: 加強教育訓練，抓樣範圍95%~103% | X23: 1 | Y23: 辣味香菜雞肉義大利麵 | AB23: 1 | AC23: 調理
D24: 18 | E24: 瀝-玉米粒 | F24: 0 | G24: 27.8 | H24: 29.6 | I24: =H24/G24 -> 1.0647482 | J24: 0 | K24: =J24/G24 -> 0 | L24: 72 | M24: =(H24+J24)/G24 -> 1.0647482 | N24: 1.8 | O24: 0 | P24: =O24/G24 -> 0 | Q24: =((H24+J24)-G24)-O24 -> 1.8 | R24: =Q24/G24 -> 0.064748201 | S24: 132.5 | T24: 包裝 | U24: 取樣不穩 | V24: 超用 | W24: 加強教育訓練，抓樣範圍95%~103% | X24: 1 | Y24: 香濃起司馬鈴薯 | AB24: 2 | AC24: 包裝
D25: 19 | E25: 義麵-貓耳朵白醬 | F25: 1975.9 | G25: 1108.1 | H25: 1139.5 | I25: =H25/G25 -> 1.0283368 | J25: 0 | K25: =J25/G25 -> 0 | L25: 66.5 | M25: =(H25+J25)/G25 -> 1.0283368 | N25: 31.4 | O25: 29.7 | P25: =O25/G25 -> 0.026802635 | Q25: =((H25+J25)-G25)-O25 -> 1.7 | R25: =Q25/G25 -> 0.0015341576 | S25: 112.4 | T25: 包裝 | U25: 取樣不穩 | V25: 超用 | W25: 加強教育訓練，抓樣範圍95%~103% | X25: 1 | Y25: 燻火腿貓耳朵麵 | AB25: 3 | AC25: 研發
D26: 20 | E26: 蒸4切濾黃金豆腐 | F26: 253.8 | G26: 35808 | H26: 35970 | I26: =H26/G26 -> 1.0045241 | J26: 0 | K26: =J26/G26 -> 0 | L26: 1.8 | M26: =(H26+J26)/G26 -> 1.0045241 | N26: 162 | O26: 141 | P26: =O26/G26 -> 0.0039376676 | Q26: =((H26+J26)-G26)-O26 -> 21 | R26: =Q26/G26 -> 0.00058646113 | S26: 37.8 | T26: 包裝 | U26: 取樣不穩 | V26: 超用 | W26: 加強教育訓練，抓樣範圍95%~103% | X26: 1 | Y26: 府城鹽水意麵 | AB26: 4 | AC26: 生管預估
AB27: 5 | AC27: 原物料
Z112: 占比
Z113: 金額

Sheet 日別報廢率總表 
A1: 長家廠半成品管理日別總表
A2: 日期 | B2: 營業額 | C2: 報廢額 | D2: 報廢率 KPI 0.25% | E2: 超用額 | F2: 超用率 | G2: 廢棄前10名 | I2: 超用前10名 | K2: 共用類廢棄 | M2: 週累積
G3: 金額總計 | H3: 構成比 | I3: 金額總計 | J3: 構成比 | K3: 金額總計 | L3: 構成比 KPI 15% | M3: 營業額 | N3: 週報廢 | O3: 週超用
A4: 46082 | B4: 2884541 | C4: 5552 | D4: =C4/B4 -> 0.0019247429 | E4: 1276 | F4: =E4/B4 -> 0.00044235807 | G4: 5552 | H4: =G4/C4 -> 1 | I4: 1276 | J4: =I4/E4 -> 1 | K4: 0 | L4: =K4/C4 -> 0
A5: =A4+1 -> 46083 | B5: 2709898.6 | C5: 14608 | D5: =C5/B5 -> 0.0053906077 | E5: 7313 | F5: =E5/B5 -> 0.002698625 | G5: 14608 | H5: =G5/C5 -> 1 | I5: 7313 | J5: =I5/E5 -> 1 | K5: 0 | L5: =K5/C5 -> 0 | M5: =SUM(B5:B11) -> 19533909 | N5: =SUM(C5:C11) -> 83028 | O5: =SUM(E5:E11) -> 35674
A6: =A5+1 -> 46084 | B6: 3337838.2 | C6: 10317 | D6: =C6/B6 -> 0.0030909227 | E6: 5562 | F6: =E6/B6 -> 0.001666348 | G6: 10317 | H6: =G6/C6 -> 1 | I6: 5562 | J6: =I6/E6 -> 1 | K6: 0 | L6: =K6/C6 -> 0
A7: =A6+1 -> 46085 | B7: 2776992.8 | C7: 6705 | D7: =C7/B7 -> 0.0024144823 | E7: 1946 | F7: =E7/B7 -> 0.00070075802 | G7: 6705 | H7: =G7/C7 -> 1 | I7: 1946 | J7: =I7/E7 -> 1 | K7: 0 | L7: =K7/C7 -> 0
A8: =A7+1 -> 46086 | B8: 2540968.6 | C8: 9495 | D8: =C8/B8 -> 0.0037367639 | E8: 4097 | F8: =E8/B8 -> 0.0016123772 | G8: 9495 | H8: =G8/C8 -> 1 | I8: 4097 | J8: =I8/E8 -> 1 | K8: 0 | L8: =K8/C8 -> 0
A9: =A8+1 -> 46087 | B9: 2368939.6 | C9: 1822 | D9: =C9/B9 -> 0.00076912048 | E9: 5400 | F9: =E9/B9 -> 0.0022795009 | G9: 1822 | H9: =G9/C9 -> 1 | I9: 5400 | J9: =I9/E9 -> 1 | K9: 0 | L9: =K9/C9 -> 0
A10: =A9+1 -> 46088 | B10: 2565603.7 | C10: 6044 | D10: =C10/B10 -> 0.0023557808 | E10: 3204 | F10: =E10/B10 -> 0.0012488289 | G10: 6044 | H10: =G10/C10 -> 1 | I10: 3204 | J10: =I10/E10 -> 1 | K10: 0 | L10: =K10/C10 -> 0
A11: =A10+1 -> 46089 | B11: 3233667.1 | C11: 34037 | D11: =C11/B11 -> 0.010525821 | E11: 8152 | F11: =E11/B11 -> 0.0025209769 | G11: 34037 | H11: =G11/C11 -> 1 | I11: 8152 | J11: =I11/E11 -> 1 | K11: 0 | L11: =K11/C11 -> 0
A12: =A11+1 -> 46090 | B12: 2980469.7 | C12: 1336 | D12: =C12/B12 -> 0.00044825149 | E12: 2577 | F12: =E12/B12 -> 0.00086462881 | G12: 1336 | H12: =G12/C12 -> 1 | I12: 2577 | J12: =I12/E12 -> 1 | K12: 0 | L12: =K12/C12 -> 0 | M12: =SUM(B12:B18) -> 18062161 | N12: =SUM(C12:C18) -> 48870 | O12: =SUM(E12:E18) -> 36032
A13: =A12+1 -> 46091 | B13: 2748349.5 | C13: 7594 | D13: =C13/B13 -> 0.0027631129 | E13: 6397 | F13: =E13/B13 -> 0.0023275788 | G13: 7594 | H13: =G13/C13 -> 1 | I13: 6397 | J13: =I13/E13 -> 1 | K13: 0 | L13: =K13/C13 -> 0
A14: =A13+1 -> 46092 | B14: 2487921.2 | C14: 7383 | D14: =C14/B14 -> 0.0029675378 | E14: 3198 | F14: =E14/B14 -> 0.0012854105 | G14: 7383 | H14: =G14/C14 -> 1 | I14: 3198 | J14: =I14/E14 -> 1 | K14: 0 | L14: =K14/C14 -> 0
A15: =A14+1 -> 46093 | B15: 2263445.3 | C15: 11821 | D15: =C15/B15 -> 0.0052225694 | E15: 1015 | F15: =E15/B15 -> 0.00044843143 | G15: 11821 | H15: =G15/C15 -> 1 | I15: 1015 | J15: =I15/E15 -> 1 | K15: 0 | L15: =K15/C15 -> 0
A16: =A15+1 -> 46094 | B16: 2289733.2 | C16: 4716 | D16: =C16/B16 -> 0.0020596286 | E16: 3193 | F16: =E16/B16 -> 0.0013944856 | G16: 4716 | H16: =G16/C16 -> 1 | I16: 3193 | J16: =I16/E16 -> 1 | K16: 0 | L16: =K16/C16 -> 0
A17: =A16+1 -> 46095 | B17: 2363381 | C17: 9051 | D17: =C17/B17 -> 0.003829683 | E17: 12477 | F17: =E17/B17 -> 0.0052793011 | G17: 9051 | H17: =G17/C17 -> 1 | I17: 12477 | J17: =I17/E17 -> 1 | K17: 0 | L17: =K17/C17 -> 0
A18: =A17+1 -> 46096 | B18: 2928861.1 | C18: 6969 | D18: =C18/B18 -> 0.0023794232 | E18: 7175 | F18: =E18/B18 -> 0.0024497577 | G18: 6969 | H18: =G18/C18 -> 1 | I18: 7175 | J18: =I18/E18 -> 1 | K18: 0 | L18: =K18/C18 -> 0
A19: =A18+1 -> 46097 | B19: 2862980.4 | C19: 5854 | D19: =C19/B19 -> 0.0020447223 | E19: 7622 | F19: =E19/B19 -> 0.0026622606 | G19: 5854 | H19: =G19/C19 -> 1 | I19: 7622 | J19: =I19/E19 -> 1 | K19: 0 | L19: =K19/C19 -> 0 | M19: =SUM(B19:B25) -> 18669232 | N19: =SUM(C19:C25) -> 77741 | O19: =SUM(E19:E25) -> 53008
A20: =A19+1 -> 46098 | B20: 3035263.9 | C20: 13105 | D20: =C20/B20 -> 0.0043175817 | E20: 7331 | F20: =E20/B20 -> 0.002415276 | G20: 13105 | H20: =G20/C20 -> 1 | I20: 7331 | J20: =I20/E20 -> 1 | K20: 0 | L20: =K20/C20 -> 0
A21: =A20+1 -> 46099 | B21: 2618616 | C21: 26281 | D21: =C21/B21 -> 0.010036218 | E21: 9885 | F21: =E21/B21 -> 0.0037748949 | G21: 26281 | H21: =G21/C21 -> 1 | I21: 9885 | J21: =I21/E21 -> 1 | K21: 0 | L21: =K21/C21 -> 0
A22: =A21+1 -> 46100 | B22: 2451921.8 | C22: 11572 | D22: =C22/B22 -> 0.0047195633 | E22: 7060 | F22: =E22/B22 -> 0.0028793741 | G22: 11572 | H22: =G22/C22 -> 1 | I22: 7060 | J22: =I22/E22 -> 1 | K22: 0 | L22: =K22/C22 -> 0
A23: =A22+1 -> 46101 | B23: 2235775.4 | C23: 9342 | D23: =C23/B23 -> 0.0041784162 | E23: 8762 | F23: =E23/B23 -> 0.0039189984 | G23: 9342 | H23: =G23/C23 -> 1 | I23: 8762 | J23: =I23/E23 -> 1 | K23: 0 | L23: =K23/C23 -> 0
A24: =A23+1 -> 46102 | B24: 2420850.6 | C24: 6026 | D24: =C24/B24 -> 0.0024892077 | E24: 6186 | F24: =E24/B24 -> 0.0025553002 | G24: 6026 | H24: =G24/C24 -> 1 | I24: 6186 | J24: =I24/E24 -> 1 | K24: 0 | L24: =K24/C24 -> 0
A25: =A24+1 -> 46103 | B25: 3043824.1 | C25: 5561 | D25: =C25/B25 -> 0.0018269781 | E25: 6162 | F25: =E25/B25 -> 0.0020244271 | G25: 5561 | H25: =G25/C25 -> 1 | I25: 6162 | J25: =I25/E25 -> 1 | K25: 0 | L25: =K25/C25 -> 0
A26: =A25+1 -> 46104 | B26: 2841457.1 | C26: 4558 | D26: =C26/B26 -> 0.0016041065 | E26: 1318 | F26: =E26/B26 -> 0.00046384652 | G26: 4558 | H26: =G26/C26 -> 1 | I26: 1318 | J26: =I26/E26 -> 1 | K26: 0 | L26: =K26/C26 -> 0 | M26: =SUM(B26:B32) -> 18003205 | N26: =SUM(C26:C32) -> 31831 | O26: =SUM(E26:E32) -> 28439
A27: =A26+1 -> 46105 | B27: 2669131.3 | C27: 2627 | D27: =C27/B27 -> 0.00098421536 | E27: 3879 | F27: =E27/B27 -> 0.0014532818 | G27: 2627 | H27: =G27/C27 -> 1 | I27: 3879 | J27: =I27/E27 -> 1 | K27: 0 | L27: =K27/C27 -> 0
A28: =A27+1 -> 46106 | B28: 2480475.9 | C28: 1335 | D28: =C28/B28 -> 0.00053820317 | E28: 4144 | F28: =E28/B28 -> 0.0016706471 | G28: 1335 | H28: =G28/C28 -> 1 | I28: 4144 | J28: =I28/E28 -> 1 | K28: 0 | L28: =K28/C28 -> 0
A29: =A28+1 -> 46107 | B29: 2391314.5 | C29: 1995 | D29: =C29/B29 -> 0.00083426917 | E29: 1767 | F29: =E29/B29 -> 0.00073892412 | G29: 1995 | H29: =G29/C29 -> 1 | I29: 1767 | J29: =I29/E29 -> 1 | K29: 0 | L29: =K29/C29 -> 0
A30: =A29+1 -> 46108 | B30: 2289329.2 | C30: 9131 | D30: =C30/B30 -> 0.0039885045 | E30: 4345 | F30: =E30/B30 -> 0.0018979359 | G30: 9131 | H30: =G30/C30 -> 1 | I30: 4345 | J30: =I30/E30 -> 1 | K30: 0 | L30: =K30/C30 -> 0
A31: =A30+1 -> 46109 | B31: 2435638.2 | C31: 5253 | D31: =C31/B31 -> 0.0021567242 | E31: 2860 | F31: =E31/B31 -> 0.0011742302 | G31: 5253 | H31: =G31/C31 -> 1 | I31: 2860 | J31: =I31/E31 -> 1 | K31: 0 | L31: =K31/C31 -> 0
A32: =A31+1 -> 46110 | B32: 2895859.1 | C32: 6932 | D32: =C32/B32 -> 0.0023937629 | E32: 10126 | F32: =E32/B32 -> 0.0034967171 | G32: 6932 | H32: =G32/C32 -> 1 | I32: 10126 | J32: =I32/E32 -> 1 | K32: 0 | L32: =K32/C32 -> 0
A33: =A32+1 -> 46111 | B33: 2769014.1 | C33: 7028 | D33: =C33/B33 -> 0.0025380875 | E33: 8545 | F33: =E33/B33 -> 0.0030859359 | G33: 7028 | H33: =G33/C33 -> 1 | I33: 8545 | J33: =I33/E33 -> 1 | K33: 0 | L33: =K33/C33 -> 0
A34: =A33+1 -> 46112 | B34: 2453754.9 | C34: 3981 | D34: =C34/B34 -> 0.0016224115 | E34: 5249 | F34: =E34/B34 -> 0.0021391705 | G34: 3981 | H34: =G34/C34 -> 1 | I34: 5249 | J34: =I34/E34 -> 1 | K34: 0 | L34: =K34/C34 -> 0
A35: 平均 | B35: =AVERAGE(B4:B34) -> 2657284.4 | C35: =AVERAGE(C4:C34) -> 8323.5806 | D35: =C35/B35 -> 0.0031323635 | E35: =AVERAGE(E4:E34) -> 5426.5484 | F35: =E35/B35 -> 0.0020421406 | G35: =AVERAGE(G4:G34) -> 8323.5806 | H35: =G35/C35 -> 1 | I35: =AVERAGE(I4:I34) -> 5426.5484 | J35: =I35/E35 -> 1 | K35: =AVERAGE(K4:K34) -> 0 | L35: =K35/C35 -> 0
A36: 合計 | B36: =SUM(B4:B34) -> 82375817 | C36: =SUM(C4:C34) -> 258031 | D36: =C36/B36 -> 0.0031323635 | E36: =SUM(E4:E34) -> 168223 | F36: =E36/B36 -> 0.0020421406 | G36: =SUM(G4:G34) -> 258031 | H36: =G36/C36 -> 1 | I36: =SUM(I4:I34) -> 168223 | J36: =I36/E36 -> 1 | K36: =SUM(K4:K34) -> 0 | L36: =K36/C36 -> 0

Sheet 填寫舉例
A2: 7 | B2: 月別 | C2: 工廠名 | D2: ・・・・・・・・
A4: （１）收支狀況 | E4: ※單位：千元 | G4: （２）ＫＰＩ達成進度 | M4: （３）業績構成比 | S4: （４）訂單數量構成比
B5: 當月 | C5: 前月 | D5: 差異 | E5: 累計 | H5: KPI | I5: 當月 | J5: 前月 | K5: 累計 | L5: ※補充 | N5: 當月 | O5: 比例 | P5: 前月 | Q5: 差異 | T5: 當月 | U5: 比例 | V5: 前月 | W5: 差異
A6: 業績金額 | B6: 500000 | C6: 510000 | D6: =B6-C6 -> -10000 | E6: =B6+C6 -> 1010000 | G6: 人時生產性1 | H6: 110 | I6: 100 | J6: 90 | L6: 個／MH | M6: 飯糰 | N6: 150000 | O6: =IFERROR(N6/$B$6,"") -> 0.3 | P6: 0.4 | Q6: =IFERROR(O6-P6,"") -> -0.1 | S6: 飯糰 | T6: 35000 | U6: =IFERROR(T6/$B$7,"") -> 0.35 | V6: 0.3 | W6: =IFERROR(U6-V6,"") -> 0.05
A7: 訂單數量 | B7: 100000 | C7: 110000 | D7: =B7-C7 -> -10000 | E7: =B7+C7 -> 210000 | G7: 人時生產性2 | H7: 0.8 | I7: 0.85 | J7: 0.81 | K7: 0.84 | L7: 達成率 | M7: 大口飯糰 | N7: 100000 | O7: =IFERROR(N7/$B$6,"") -> 0.2 | P7: 0.15 | Q7: =IFERROR(O7-P7,"") -> 0.05 | S7: 大口飯糰 | T7: 30000 | U7: =IFERROR(T7/$B$7,"") -> 0.3 | V7: 0.15 | W7: =IFERROR(U7-V7,"") -> 0.15
A8: 材料費 | B8: 250000 | C8: 260000 | D8: =B8-C8 -> -10000 | E8: =B8+C8 -> 510000 | G8: 半成品報廢 | H8: 0.0025 | I8: 0.0024 | J8: 0.0023 | K8: 0.00235 | L8: 報廢率 | M8: 便當 | N8: 160000 | O8: =IFERROR(N8/$B$6,"") -> 0.32 | P8: 0.28 | Q8: =IFERROR(O8-P8,"") -> 0.04 | S8: 便當 | T8: 20000 | U8: =IFERROR(T8/$B$7,"") -> 0.2 | V8: 0.28 | W8: =IFERROR(U8-V8,"") -> -0.08
A9: 材料費率 | B9: =B8/B6 -> 0.5 | C9: =C8/C6 -> 0.50980392 | D9: =B9-C9 -> -0.0098039216 | E9: =(B9+C9)/2 -> 0.50490196 | G9: 半成品超用 | H9: 0.006 | I9: 0.009 | J9: 0.0095 | K9: 0.0092 | L9: 超用率 | M9: 調理麵 | N9: 90000 | O9: =IFERROR(N9/$B$6,"") -> 0.18 | P9: 0.17 | Q9: =IFERROR(O9-P9,"") -> 0.01 | S9: 調理麵 | T9: 15000 | U9: =IFERROR(T9/$B$7,"") -> 0.15 | V9: 0.27 | W9: =IFERROR(U9-V9,"") -> -0.12
A10: 勞務成本 | B10: 100000 | C10: 105000 | D10: =B10-C10 -> -5000 | E10: =B10+C10 -> 205000 | G10: 固定產線 | H10: 0.95 | I10: 0.9 | J10: 0.92 | K10: 0.91 | L10: 導入率 | M10: 調理麵包 | N10: - | O10: =IFERROR(N10/$B$6,"") | P10: -% | Q10: =IFERROR(O10-P10,"") | S10: 調理麵包 | T10: - | U10: =IFERROR(T10/$B$7,"") | V10: -% | W10: =IFERROR(U10-V10,"")
A11: 勞務費率 | B11: =B10/B6 -> 0.2 | C11: =C10/C6 -> 0.20588235 | D11: =B11-C11 -> -0.0058823529 | E11: =(B11+C11)/2 -> 0.20294118 | G11: 教育訓練 | H11: 0.8 | I11: 0.85 | J11: 1 | K11: 0.92 | L11: 實施率 | M11: 袋裝調理麵包 | N11: - | O11: =IFERROR(N11/$B$6,"") | P11: -% | Q11: =IFERROR(O11-P11,"") | S11: 袋裝調理麵包 | T11: - | U11: =IFERROR(T11/$B$7,"") | V11: -% | W11: =IFERROR(U11-V11,"")
M12: 義大利麵 | N12: - | O12: =IFERROR(N12/$B$6,"") | P12: -% | Q12: =IFERROR(O12-P12,"") | S12: 義大利麵 | T12: - | U12: =IFERROR(T12/$B$7,"") | V12: -% | W12: =IFERROR(U12-V12,"")
A13: （５）品群別人時生產性 | M13: 調理包 | N13: - | O13: =IFERROR(N13/$B$6,"") | P13: -% | Q13: =IFERROR(O13-P13,"") | S13: 調理包 | T13: - | U13: =IFERROR(T13/$B$7,"") | V13: -% | W13: =IFERROR(U13-V13,"")
B14: 當月 | C14: 前月 | D14: 差異 | E14: 累計 | H14: 當月 | I14: 前月 | J14: 差異 | K14: 累計 | O14: =SUM(O6:O13) -> 1 | P14: =SUM(P6:P13) -> 1 | U14: =SUM(U6:U13) -> 1 | V14: =SUM(V6:V13) -> 1
A15: 飯糰 | B15: 600 | C15: 660 | D15: =B15-C15 -> -60 | E15: =(B15+C15)/2 -> 630 | G15: 調理麵包 | J15: =H15-I15 -> 0 | M15: （７）原因別分析
A16: 大口飯糰 | B16: 800 | C16: 780 | D16: =B16-C16 -> 20 | E16: =(B16+C16)/2 -> 790 | G16: 袋裝調理麵包 | J16: =H16-I16 -> 0 | N16: 合計 | P16: 作業原因 | R16: 規格原因
A17: 便當 | B17: 130 | C17: 111 | D17: =B17-C17 -> 19 | E17: =(B17+C17)/2 -> 120.5 | G17: 義大利麵 | J17: =H17-I17 -> 0 | N17: 金額 | O17: 比例 | P17: 金額 | Q17: 比例 | R17: 金額 | S17: 比例
A18: 調理麵 | B18: 140 | C18: 165 | D18: =B18-C18 -> -25 | E18: =(B18+C18)/2 -> 152.5 | G18: 調理包 | J18: =H18-I18 -> 0 | M18: 半成品報廢 | N18: 1200 | O18: =N18/$B$6 -> 0.0024 | P18: 900 | Q18: =IFERROR(P18/$B$6,"") -> 0.0018 | R18: 300 | S18: =IFERROR(R18/$B$6,"") -> 0.0006
M19: 半成品超用 | N19: 4500 | O19: =N19/$B$6 -> 0.009 | P19: 3500 | Q19: =IFERROR(P19/$B$6,"") -> 0.007 | R19: 1000 | S19: =IFERROR(R19/$B$6,"") -> 0.002
A20: （６）人時生產性前幾名品項
B21: 排名 | C21: 商品名 | F21: 人數 | G21: 產能 | H21: 人時生產性 | I21: 前月比 | J21: 主要原因&對策 | M21: （８）報廢原因別前幾名品項
A22: 飯糰 | B22: 1 | C22: 手巻明太子 | F22: 3 | G22: 3000 | H22: 1000 | I22: 10 | J22: 減少暫時停止生產,人時UP | M22: 半成品報廢 | N22: 排名 | O22: 商品名 | R22: 半成品名 | U22: 單價 | V22: 報廢率 | W22: 數量 | X22: 金額 | Y22: 前月比 | Z22: 主要原因&對策
B23: 2 | M23: 作業原因 | N23: 1 | O23: 明太子海苔便當 | R23: 油炸白身魚 | U23: 10 | V23: 0.15 | W23: 10 | X23: =W23*U23 -> 100 | Y23: 80 | Z23: 油調過多報廢。變更條件。
B24: 3 | N24: 2 | X24: =W24*U24 -> 0
B25: 4 | N25: 3 | X25: =W25*U25 -> 0
B26: 5 | N26: 4 | X26: =W26*U26 -> 0
B27: ▼1 | C27: 手巻卵黄雞絞肉 | F27: 4 | G27: 2800 | H27: 700 | I27: 6/30新商品 | J27: 因組裝2食材,人員增加,產速減少 | N27: 5 | X27: =W27*U27 -> 0
B28: ▼2 | U28: 前幾名合計比例 | V28: =X28/N18 -> 0.083333333 | W28: 前幾名合計金額 | X28: =SUM(X23:X27) -> 100
B29: ▼3 | M29: 規格原因 | N29: 1 | O29: 海老炒飯 | R29: 川燙蝦子拌醬 | U29: 5.55 | V29: 0.21 | W29: 50 | X29: =W29*U29 -> 277.5 | Y29: 35 | Z29: 蝦子入數不足
B30: ▼4 | N30: 2 | X30: =W30*U30 -> 0
B31: ▼5 | N31: 3 | X31: =W31*U31 -> 0
N32: 4 | X32: =W32*U32 -> 0
B33: 排名 | C33: 商品名 | F33: 人數 | G33: 產能 | H33: 人時生產性 | I33: 前月比 | J33: 主要原因&對策 | N33: 5 | X33: =W33*U33 -> 0
A34: 大口飯糰 | B34: 1 | C34: 直巻明太子美奶茲 | F34: 3 | G34: 2500 | H34: 833.33 | I34: 20 | J34: 透由調整速度提升。 | U34: 前幾名合計比例 | V34: =X34/N18 -> 0.23125 | W34: 前幾名合計金額 | X34: =SUM(X29:X33) -> 277.5
B35: 2
B36: 3 | M36: 半成品超用 | N36: 排名 | O36: 商品名 | R36: 半成品名 | U36: 單價 | V36: 報廢率 | W36: 數量 | X36: 金額 | Y36: 前月比 | Z36: 主要原因&對策
B37: 4 | M37: 作業原因 | N37: 1 | O37: 特製醬汁炙燒牛五花便當 | R37: 牛五花醬汁 | U37: 25 | V37: 0.25 | W37: 10 | X37: =W37*U37 -> 250 | Y37: 150 | Z37: 難度有差異。調理指導。
B38: 5 | N38: 2 | X38: =W38*U38 -> 0
B39: ▼1 | C39: 大口飯糰燒肉美奶滋 | F39: 7 | G39: 2200 | H39: 314.29 | I39: -15 | J39: 因摺疊增員。實施教育訓練。 | N39: 3 | X39: =W39*U39 -> 0
B40: ▼2 | N40: 4 | X40: =W40*U40 -> 0
B41: ▼3 | N41: 5 | X41: =W41*U41 -> 0
B42: ▼4 | U42: 前幾名合計比例 | V42: =X42/N19 -> 0.055555556 | W42: 前幾名合計金額 | X42: =SUM(X37:X41) -> 250
B43: ▼5 | M43: 規格原因 | N43: 1 | O43: 特製醬汁炙燒牛五花便當 | R43: 牛五花燒成 | U43: 30 | V43: 0.1 | W43: 20 | X43: =W43*U43 -> 600 | Y43: 400 | Z43: 因原料變更。
N44: 2 | X44: =W44*U44 -> 0
B45: 排名 | C45: 商品名 | F45: 人數 | G45: 產能 | H45: 人時生產性 | I45: 前月比 | J45: 主要原因&對策 | N45: 3 | X45: =W45*U45 -> 0
A46: 便當 | B46: 1 | C46: 明太子海苔便當 | F46: 15 | G46: 1200 | H46: 80 | I46: 5 | J46: 指導鋪開炒柴魚片 | N46: 4 | X46: =W46*U46 -> 0
B47: 2 | N47: 5 | X47: =W47*U47 -> 0
B48: 3 | U48: 前幾名合計比例 | V48: =X48/N19 -> 0.13333333 | W48: 前幾名合計金額 | X48: =SUM(X43:X47) -> 600
B49: 4
B50: 5 | M50: （９）歩留
B51: ▼1 | C51: 特製醬汁炙燒牛五花便當 | F51: 18 | G51: 800 | H51: 44.44 | I51: -15 | J51: 肉狀態不良，已連動開發 | N51: No. | O51: 商品名 | R51: 半成品名 | U51: 單價 | V51: 規格 | W51: 實績 | X51: 差異 | Y51: 主要原因&對策
B52: ▼2 | M52: 作業原因 | N52: 1 | O52: 特製醬汁炙燒牛五花便當 | R52: 牛五花燒成 | U52: 30 | V52: 0.62 | W52: 0.58 | X52: =W52-V52 -> -0.04 | Y52: 燒成過多，調整調理條件。
B53: ▼3 | N53: 2 | X53: =W53-V53 -> 0
B54: ▼4 | M54: 規格原因 | N54: 1 | O54: 大口飯糰三種起司午餐肉 | R54: ３種起司燒成 | U54: 20 | V54: 0.9 | W54: 0.82 | X54: =W54-V54 -> -0.08 | Y54: 與燒成範本不同。
B55: ▼5 | N55: 2 | X55: =W55-V55 -> 0

Sheet 鮮食品群番
B2: 鮮食品群番
B3: 06 | C3: 飯糰 | E3: 10 | F3: 三明治
B4: 061 | C4: 飯糰一配 | E4: 106 | F4: 三明治４度Ｃ
B5: 063 | C5: 飯糰二配 | E5: 107 | F5: 調理麵包４度Ｃ
B6: 065 | C6: 飯糰４度Ｃ | E6: 11 | F6: 季節調理麵
B7: 07 | C7: 壽司、手卷 | E7: 111 | F7: 涼麵
B8: 071 | C8: 壽司一配 | E8: 112 | F8: 熱湯麵
B9: 072 | C9: 手卷一配 | E9: 12 | F9: 熱食義麵
B10: 075 | C10: 壽司二配 | E10: 122 | F10: 熱食麵
B11: 076 | C11: 手卷２配 | E11: 123 | F11: 熱湯麵
B12: 077 | C12: ４℃壽司手卷 | E12: 124 | F12: 義大利麵
B13: 08 | C13: 便當 | E13: 126 | F13: 冷凍調理麵
B14: 083 | C14: 便當４℃ | E14: 14 | F14: 沙拉
... B19: 094 | C19: 粥品 | E19: 155 | F19: 特色小吃
B20: 095 | C20: 其他飯類

Sheet 12產線配置圖
A1: 品項 | B1: 人數 | C1: 產能
A2: 義大利麵 | D2: ET-600
A3: 白酒蛤蜊義大利麵-自 | B3: 12 | C3: 2105 | D3: ET-55
A4: 白酒蛤蜊義大利麵-手 | B4: 15 | C4: 1636 | G4: =C4/B4 -> 109.06667
A5: 青醬蛤蜊義大利麵 | B5: 12 | C5: 2118 | G5: =C5/B5 -> 176.5
A6: 義式蕃茄起司義大利麵 | B6: 11 | C6: 2118 | G6: =C6/B6 -> 192.54545
A7: 焗烤起司雙饗筆尖麵 | B7: 16 | C7: 1800 | G7: =C7/B7 -> 112.5
A8: 奶油培根義大利麵 | B8: 13 | C8: 2118 | G8: =C8/B8 -> 162.92308
A9: 剝皮辣椒雞奶油扁麵 | B9: 17 | C9: 1714 | G9: =C9/B9 -> 100.82353
A10: 青花椒麻雞肉拌麵 | B10: 15 | C10: 1714 | G10: =C10/B10 -> 114.26667
A11: 濃拿坡里義大利麵 | B11: 16 | C11: 1406 | G11: =C11/B11 -> 87.875
A12: 蒜香奶油蝦蝦義大利麵 | B12: 14 | C12: 2100 | G12: =C12/B12 -> 150
A13: 剝皮辣椒雞奶油扁麵-降速生產(3線) | B13: 16 | C13: 1440
A14: 辣味香菜雞肉義大利麵 | B14: 15 | C14: 1800 | G14: =C14/B14 -> 120
A16: 沙茶豬肉炒麵 | B16: 17 | C16: 1440 | G16: =C16/B16 -> 84.705882
A17: 府城鹽水意麵 | B17: 17 | C17: 1565 | G17: =C17/B17 -> 92.058824
A18: 焗烤起司肉醬筆尖麵 | B18: 13 | C18: 1440 | G18: =C18/B18 -> 110.76923
A19: 燻火腿貓耳朵麵 | B19: 16 | C19: 1714 | G19: =C19/B19 -> 107.125
E23: 更新日期03/09
A24: 調理包
A25: 小滷青蔬 | B25: 13 | C25: 1565 | G25: =C25/B25 -> 120.38462
A26: 起司馬鈴薯 | B26: 12 | C26: 1565 | G26: =C26/B26 -> 130.41667
A28: 三杯菇菇米血 | B28: 12 | C28: 1565 | G28: =C28/B28 -> 130.41667
A29: 麻辣雞心 | B29: 9 | C29: 1636 | G29: =C29/B29 -> 181.77778
