Workbook

Sheet 生產管理報表(週) 
A1: 長家廠生產管理報表
A3: 月別 | B3: 12 | C3: 週別 | D3: W4 | E3: 工廠 | F3: 長家廠
A4: （１）收支狀況 | E4: ※單位：千元 | G4: （２）ＫＰＩ達成進度
A5: 項目 | B5: 當週 | C5: 前週 | D5: 差異 | E5: 累計 | G5: 項目 | H5: KPI | I5: 當週 | J5: 前週 | K5: 累計 | L5: ※補充
A6: 業績金額 | B6: 16420.35 | C6: 17357 | D6: =B6-C6 -> -936.65 | E6: 68791.95 | G6: 人時性(個/月均) | H6: 112.8 | I6: 100 | J6: 102.7 | K6: 101.2 | L6: 個／MH
A7: 訂單數量 | B7: 345306 | C7: 365761 | D7: =B7-C7 -> -20455 | E7: 1446739 | G7: 人時達成率(%/月均) | H7: 0.8 | I7: =I6/H6 -> 0.88652482 | J7: =J6/H6 -> 0.91046099 | K7: =K6/H6 -> 0.89716312 | L7: 達成率
A8: 材料費 | B8: 10366.82 | C8: 10959 | D8: =B8-C8 -> -592.18 | E8: 43425.21 | G8: 半成品-報廢(%) | H8: 0.0025 | I8: 0.0081 | J8: 0.0026 | K8: 0.0039 | L8: 報廢率
A9: 材料費率 | B9: =B8/B6 -> 0.63133977 | C9: =C8/C6 -> 0.63138791 | D9: =B9-C9 -> -4.814219e-05 | E9: =E8/E6 -> 0.63125424 | G9: 半成品-超用(%) | H9: 0.0025 | I9: 0.0028 | J9: 0.0032 | K9: 0.0026 | L9: 超用率
A10: 勞務成本 | D10: =B10-C10 -> 0 | G10: 固定產線-導入率(%) | H10: 1 | I10: 0.4 | J10: 0.4 | K10: 0.41 | L10: 導入率
A11: 勞務費率 | D11: =B11-C11 -> 0 | G11: 教育訓練-實施率(%) | H11: 1 | I11: 0.85 | J11: 0.85 | K11: 0.85 | L11: 實施率
A13: （３）業績構成比 | G13: （４）訂單數量構成比
B14: 當週 | C14: 比例 | D14: 前週 | E14: 差異 | H14: 當週 | I14: 比例 | J14: 前週 | K14: 差異
A15: 熱食義麵(122,123,124,126) | B15: 15194.21 | C15: =B15/B6 -> 0.92532802 | D15: 0.9202 | E15: =IFERROR(C15-D15,"") -> 0.0051280228 | G15: 熱食義麵(122,123,124,126) | H15: 300846 | I15: =IFERROR(H15/$B$7,"") -> 0.87124464 | J15: 0.8628 | K15: =IFERROR(I15-J15,"") -> 0.0084446352
A16: 季節調理麵(111,112) | C16: =IFERROR(B16/$B$6,"") -> 0 | D16: 0 | E16: =IFERROR(C16-D16,"") -> 0 | G16: 季節調理麵(111,112) | I16: =IFERROR(H16/$B$7,"") -> 0 | J16: 0 | K16: =IFERROR(I16-J16,"") -> 0
A17: 微波小吃(153,154,155) | B17: 1226.14 | C17: =B17/B6 -> 0.074671977 | D17: 0.0798 | E17: =IFERROR(C17-D17,"") -> -0.0051280228 | G17: 微波小吃(153,154,155) | H17: 44460 | I17: =IFERROR(H17/$B$7,"") -> 0.12875536 | J17: 0.1372 | K17: =IFERROR(I17-J17,"") -> -0.0084446352
C18: =SUM(C15:C17) -> 1 | D18: =SUM(D15:D17) -> 1 | I18: =SUM(I15:I17) -> 1 | J18: =SUM(J15:J17) -> 1
A20: （５）品群別人時生產性
A21: 品群 | B21: 當週 | C21: 前週 | D21: 差異 | E21: 累計
A22: 熱食義麵(122,123,124,126) | B22: 97.2 | C22: 96.6 | D22: =B22-C22 -> 0.6 | E22: 98.4
A23: 季節調理麵(111,112) | D23: =B23-C23 -> 0
A24: 微波小吃(153,154,155) | B24: 111.6 | C24: 112.8 | D24: =B24-C24 -> -1.2 | E24: 111.8

Sheet （１）收支狀況
B2: （１）收支狀況
B3: 資料繳交日 | C3: 月份 | D3: 日期 | F3: 營業額(元) | I3: 訂單數量(個) | L3: 材料費(元) | O3: 材料費率（材料費／營業額） | R3: 勞務成本（全廠人事成本） | U3: 勞務費率（勞務成本／營業額）
F4: 日 | G4: 週累積 | H4: 月累積 | I4: 日 | J4: 週累積 | K4: 月累積 | L4: 日 | M4: 週累積 | N4: 月累積 | O4: 日 | P4: 週累積 | Q4: 月累積 | R4: 日 | S4: 週累積 | T4: 月累積 | U4: 日 | V4: 週累積 | W4: 月累積
C5: 十二 | D5: 45992 | E5: 一 | F5: 2513777.5 | H5: =SUM(F5:F35) -> 68791952 | I5: 52776 | K5: =SUM(I5:I34) -> 1446739 | L5: 1585646 | N5: =SUM(L5:L34) -> 43425212 | O5: =L5/F5 -> 0.63078215 | Q5: =N5/H5 -> 0.63125425 | T5: =SUM(R5:R33) -> 0 | U5: =R5/F5 -> 0 | W5: =T5/H5 -> 0
B6: 46001 | D6: 45993 | E6: 二 | F6: 2335255 | G6: =SUM(F6:F12) -> 15371291 | I6: 49145 | J6: =SUM(I6:I12) -> 323563 | L6: 1471646 | M6: =SUM(L6:L12) -> 9688571 | O6: =L6/F6 -> 0.63018644 | P6: =M6/G6 -> 0.63030302 | S6: =SUM(R6:R12) -> 0 | U6: =R6/F6 -> 0 | V6: =S6/M6 -> 0
D7: 45994 | E7: 三 | F7: 2176837.3 | I7: 45862 | L7: 1371646 | O7: =L7/F7 -> 0.63010957 | U7: =R7/F7 -> 0
D8: 45995 | E8: 四 | F8: 2121444.9 | I8: 44569 | L8: 1335646 | O8: =L8/F8 -> 0.6295926 | U8: =R8/F8 -> 0
D9: 45996 | E9: 五 | F9: 1832380.4 | I9: 38620 | L9: 1156695 | O9: =L9/F9 -> 0.63125267 | U9: =R9/F9 -> 0
D10: 45997 | E10: 六 | F10: 1995581.1 | I10: 42013 | L10: 1257646 | O10: =L10/F10 -> 0.63021545 | U10: =R10/F10 -> 0
D11: 45998 | E11: 日 | F11: 2513995.6 | I11: 52933 | L11: 1583646 | O11: =L11/F11 -> 0.62993189 | U11: =R11/F11 -> 0
D12: 45999 | E12: 一 | F12: 2395796.6 | I12: 50421 | L12: 1511646 | O12: =L12/F12 -> 0.63095757 | U12: =R12/F12 -> 0
B13: 46008 | D13: 46000 | E13: 二 | F13: 3129368 | G13: =SUM(F13:F19) -> 17129534 | I13: 66936 | J13: =SUM(I13:I19) -> 359333 | L13: 1980646 | M13: =SUM(L13:L19) -> 10825571 | O13: =L13/F13 -> 0.63292204 | P13: =M13/G13 -> 0.6319828 | S13: =SUM(R13:R19) -> 0 | U13: =R13/F13 -> 0 | V13: =S13/M13 -> 0
D14: 46001 | E14: 三 | F14: 2596020.5 | I14: 53635 | L14: 1640646 | O14: =L14/F14 -> 0.63198499 | U14: =R14/F14 -> 0
D15: 46002 | E15: 四 | F15: 2249510.9 | I15: 46504 | L15: 1421646 | O15: =L15/F15 -> 0.63198005 | U15: =R15/F15 -> 0
D16: 46003 | E16: 五 | F16: 1793030.3 | I16: 37707 | L16: 1133695 | O16: =L16/F16 -> 0.63227878 | U16: =R16/F16 -> 0
D17: 46004 | E17: 六 | F17: 2044428.8 | I17: 43137 | L17: 1290646 | O17: =L17/F17 -> 0.63129907 | U17: =R17/F17 -> 0
D18: 46005 | E18: 日 | F18: 2720484 | I18: 56760 | L18: 1719646 | O18: =L18/F18 -> 0.63211031 | U18: =R18/F18 -> 0
D19: 46006 | E19: 一 | F19: 2596691.6 | I19: 54654 | L19: 1638646 | O19: =L19/F19 -> 0.63105145 | U19: =R19/F19 -> 0
B20: 46015 | D20: 46007 | E20: 二 | F20: 2614596.3 | G20: =SUM(F20:F26) -> 17356992 | I20: 54968 | J20: =SUM(I20:I26) -> 365761 | L20: 1650646 | M20: =SUM(L20:L26) -> 10958602 | O20: =L20/F20 -> 0.63131965 | P20: =M20/G20 -> 0.63136527 | S20: =SUM(R20:R26) -> 0 | U20: =R20/F20 -> 0 | V20: =S20/M20 -> 0
D21: 46008 | E21: 三 | F21: 2455966 | I21: 51643 | L21: 1550646 | O21: =L21/F21 -> 0.63137925 | U21: =R21/F21 -> 0
D22: 46009 | E22: 四 | F22: 2339510.5 | I22: 49206 | L22: 1477026 | O22: =L22/F22 -> 0.63133976 | U22: =R22/F22 -> 0
D23: 46010 | E23: 五 | F23: 2112449.6 | I23: 45379 | L23: 1333346 | O23: =L23/F23 -> 0.63118478 | U23: =R23/F23 -> 0
D24: 46011 | E24: 六 | F24: 2376517 | I24: 49960 | L24: 1500646 | O24: =L24/F24 -> 0.63144761 | U24: =R24/F24 -> 0
D25: 46012 | E25: 日 | F25: 2783602.7 | I25: 58406 | L25: 1757646 | O25: =L25/F25 -> 0.63142846 | U25: =R25/F25 -> 0
D26: 46013 | E26: 一 | F26: 2674350 | I26: 56199 | L26: 1688646 | O26: =L26/F26 -> 0.63142296 | U26: =R26/F26 -> 0
B27: 46022 | D27: 46014 | E27: 二 | F27: 2842340.9 | G27: =SUM(F27:F33) -> 16420357 | I27: 59311 | J27: =SUM(I27:I33) -> 345306 | L27: 1793646 | M27: =SUM(L27:L33) -> 10366822 | O27: =L27/F27 -> 0.63104534 | P27: =M27/G27 -> 0.63133962 | S27: =SUM(R27:R33) -> 0 | U27: =R27/F27 -> 0 | V27: =S27/M27 -> 0
D28: 46015 | E28: 三 | F28: 1906561 | I28: 40396 | L28: 1203646 | O28: =L28/F28 -> 0.63131785 | U28: =R28/F28 -> 0
D29: 46016 | E29: 四 | F29: 2152805.8 | I29: 45518 | L29: 1360046 | O29: =L29/F29 -> 0.63175507 | U29: =R29/F29 -> 0
D30: 46017 | E30: 五 | F30: 2059678.9 | I30: 43115 | L30: 1299346 | O30: =L30/F30 -> 0.63084882 | U30: =R30/F30 -> 0
D31: 46018 | E31: 六 | F31: 2208752.2 | I31: 46400 | L31: 1392846 | O31: =L31/F31 -> 0.63060309 | U31: =R31/F31 -> 0
D32: 46019 | E32: 日 | F32: 2697831 | I32: 56766 | L32: 1707646 | O32: =L32/F32 -> 0.63296998 | U32: =R32/F32 -> 0
D33: 46020 | E33: 一 | F33: 2552387.2 | I33: 53800 | L33: 1609646 | O33: =L33/F33 -> 0.63064335 | U33: =R33/F33 -> 0
D34: 46021 | E34: 二 | O34: =L34/F34 -> #DIV/0! | U34: =R34/F34 -> #DIV/0!
D35: 46022 | E35: 三 | O35: =L35/F35 -> #DIV/0! | U35: =R35/F35 -> #DIV/0!
S37: =SUM(R37:R43) -> 0 | V37: =SUM(U37:U43) -> 0

Sheet （２）ＫＰＩ達成進度
C1: 112.8
B2: （２）ＫＰＩ達成進度
B3: 資料繳交日 | C3: 月份 | D3: 日期 | F3: 人時生產性(個/人) | I3: 人時生產性達成率(%) | L3: 半成品報廢(%) | O3: 半成品超用(%) | R3: 固定產線-導入率(固定產線數/總產線數) | U3: 教育訓練-實施率(進度/計畫)
F4: 日 | G4: 週平均 | H4: 月平均 | I4: 日 | J4: 週平均 | K4: 月平均 | L4: 日 | M4: 週平均 | N4: 月平均 | O4: 日 | P4: 週平均 | Q4: 月平均 | R4: 日 | S4: 週平均 | T4: 月平均 | U4: 日 | V4: 週平均 | W4: 月平均
C5: 十二 | D5: 45992 | E5: 一 | F5: 104.7 | H5: =AVERAGE(F5:F34) -> 101.2 | I5: =F5/$C$1 -> 0.92819149 | K5: =AVERAGE(I5:I35) -> 0.89716312 | L5: 0.00092768751 | N5: =AVERAGE(L5:L35) -> 0.0039194092 | O5: 0.0013358382 | Q5: =AVERAGE(O5:O35) -> 0.0025757191 | R5: 0.429 | T5: =AVERAGE(R5:R35) -> 0.41054545 | U5: 0.85 | W5: =AVERAGE(U5:U35) -> 0.85
B6: 46001 | D6: 45993 | E6: 二 | F6: 99.6 | G6: =AVERAGE(F6:F12) -> 98.771429 | I6: =F6/$C$1 -> 0.88297872 | J6: =AVERAGE(I6:I12) -> 0.87563323 | L6: 9.8490316e-05 | M6: =AVERAGE(L6:L12) -> 0.0014870322 | O6: 0.00031731011 | P6: =AVERAGE(O6:O12) -> 0.0011520047 | R6: 0.429 | S6: =AVERAGE(R6:R12) -> 0.429 | U6: 0.85 | V6: =AVERAGE(U6:U12) -> 0.85
D7: 45994 | E7: 三 | F7: 90.9 | I7: =F7/$C$1 -> 0.80585106 | L7: 7.579804e-05 | O7: 0.00014240844 | R7: 0.429 | U7: 0.85
D8: 45995 | E8: 四 | F8: 100.2 | I8: =F8/$C$1 -> 0.88829787 | L8: 0.00045723554 | O8: 0.00049824532 | R8: 0.429 | U8: 0.85
D9: 45996 | E9: 五 | F9: 98.3 | I9: =F9/$C$1 -> 0.8714539 | L9: 0.0034725323 | O9: 0.0035936862 | R9: 0.429 | U9: 0.85
D10: 45997 | E10: 六 | F10: 97.4 | I10: =F10/$C$1 -> 0.86347518 | L10: 0.0031108734 | O10: 0.0015804921 | R10: 0.429 | U10: 0.85
D11: 45998 | E11: 日 | F11: 101.9 | I11: =F11/$C$1 -> 0.90336879 | L11: 0.0015576797 | O11: 0.00071559393 | R11: 0.429 | U11: 0.85
D12: 45999 | E12: 一 | F12: 103.1 | I12: =F12/$C$1 -> 0.91400709 | L12: 0.0016366164 | O12: 0.0012162969 | R12: 0.429 | U12: 0.85
B13: 46008 | D13: 46000 | E13: 二 | F13: 105.2 | G13: =AVERAGE(F13:F19) -> 102.8 | I13: =F13/$C$1 -> 0.93262411 | J13: =AVERAGE(I13:I19) -> 0.91134752 | L13: 0.0055276336 | M13: =AVERAGE(L13:L19) -> 0.0039033066 | O13: 0.0093881575 | P13: =AVERAGE(O13:O19) -> 0.0033454641 | R13: 0.4 | S13: =AVERAGE(R13:R19) -> 0.4 | U13: 0.85 | V13: =AVERAGE(U13:U19) -> 0.85
D14: 46001 | E14: 三 | F14: 107.7 | I14: =F14/$C$1 -> 0.95478723 | L14: 0.0056390156 | O14: 0.0016113124 | R14: 0.4 | U14: 0.85
D15: 46002 | E15: 四 | F15: 98.2 | I15: =F15/$C$1 -> 0.87056738 | L15: 0.0031998067 | O15: 0.00085840883 | R15: 0.4 | U15: 0.85
D16: 46003 | E16: 五 | F16: 98.6 | I16: =F16/$C$1 -> 0.87411348 | L16: 0.0047863107 | O16: 0.0035755113 | R16: 0.4 | U16: 0.85
D17: 46004 | E17: 六 | F17: 99.7 | I17: =F17/$C$1 -> 0.88386525 | L17: 0.0018327858 | O17: 0.0018063725 | R17: 0.4 | U17: 0.85
D18: 46005 | E18: 日 | F18: 104.1 | I18: =F18/$C$1 -> 0.92287234 | L18: 0.00064804645 | O18: 0.003484674 | R18: 0.4 | U18: 0.85
D19: 46006 | E19: 一 | F19: 106.1 | I19: =F19/$C$1 -> 0.94060284 | L19: 0.0056895474 | O19: 0.0026938124 | R19: 0.4 | U19: 0.85
B20: 46015 | D20: 46007 | E20: 二 | F20: 102.7 | G20: =AVERAGE(F20:F26) -> 102.71429 | I20: =F20/$C$1 -> 0.91046099 | J20: =AVERAGE(I20:I26) -> 0.91058764 | L20: 0.0021915429 | M20: =AVERAGE(L20:L26) -> 0.0026121384 | O20: 0.0031289726 | P20: =AVERAGE(O20:O26) -> 0.0031533166 | R20: 0.4 | S20: =AVERAGE(R20:R26) -> 0.4 | U20: 0.85 | V20: =AVERAGE(U20:U26) -> 0.85
D21: 46008 | E21: 三 | F21: 102.8 | I21: =F21/$C$1 -> 0.91134752 | L21: 0.0023909125 | O21: 0.004776939 | R21: 0.4 | U21: 0.85
D22: 46009 | E22: 四 | F22: 102.2 | I22: =F22/$C$1 -> 0.90602837 | L22: 0.0010891167 | O22: 0.0033190703 | R22: 0.4 | U22: 0.85
D23: 46010 | E23: 五 | F23: 101.9 | I23: =F23/$C$1 -> 0.90336879 | L23: 0.0023063273 | O23: 0.0015058348 | R23: 0.4 | U23: 0.85
D24: 46011 | E24: 六 | F24: 99 | I24: =F24/$C$1 -> 0.87765957 | L24: 0.0017319464 | O24: 0.0041581861 | R24: 0.4 | U24: 0.85
D25: 46012 | E25: 日 | F25: 106.5 | I25: =F25/$C$1 -> 0.94414894 | L25: 0.0047240936 | O25: 0.0026781839 | R25: 0.4 | U25: 0.85
D26: 46013 | E26: 一 | F26: 103.9 | I26: =F26/$C$1 -> 0.92109929 | L26: 0.0038510292 | O26: 0.0025060295 | R26: 0.4 | U26: 0.85
B27: 46022 | D27: 46014 | E27: 二 | F27: 100.3 | G27: =AVERAGE(F27:F33) -> 100.01429 | I27: =F27/$C$1 -> 0.8891844 | J27: =AVERAGE(I27:I33) -> 0.88665147 | L27: 0.0068971318 | M27: =AVERAGE(L27:L33) -> 0.0081025485 | O27: 0.0036582522 | P27: =AVERAGE(O27:O33) -> 0.0028292167 | S27: =AVERAGE(R27:R33) -> #DIV/0! | V27: =AVERAGE(U27:U33) -> #DIV/0!
D28: 46015 | E28: 三 | F28: 99.7 | I28: =F28/$C$1 -> 0.88386525 | L28: 0.03053351 | O28: 0.0047289334
D29: 46016 | E29: 四 | F29: 95.1 | I29: =F29/$C$1 -> 0.84308511 | L29: 0.0011942554 | O29: 0.00076597712
D30: 46017 | E30: 五 | F30: 99.8 | I30: =F30/$C$1 -> 0.88475177 | L30: 0.0063553596 | O30: 0.0017857152
D31: 46018 | E31: 六 | F31: 106.2 | I31: =F31/$C$1 -> 0.94148936 | L31: 0.0035083156 | O31: 0.0033009587
D32: 46019 | E32: 日 | F32: 100.6 | I32: =F32/$C$1 -> 0.89184397 | L32: 0.006261697 | O32: 0.0016898761
D33: 46020 | E33: 一 | F33: 98.4 | I33: =F33/$C$1 -> 0.87234043 | L33: 0.0019675698 | O33: 0.003874804
D34: 46021 | E34: 二
D35: 46022 | E35: 三

Sheet （３）業績構成比
B2: （3）業績構成比
B3: 資料繳交日 | C3: 月份 | D3: 日期 | F3: 營業額 | I3: 品類業績
I4: 熱食義麵 | K4: 季節調理麵 | M4: 微波小吃
F5: 日 | G5: 週累積 | H5: 月累積 | I5: 一配 | K5: 一配 | M5: 一配
I6: 業績(元) | J6: 比例(%) | K6: 業績(元) | L6: 比例(%) | M6: 業績(元) | N6: 比例(%)
C7: 十二 | D7: 45992 | E7: 一 | F7: =SUM(I7,K7,M7) -> 2513777.5 | H7: =SUM(F7:F37) -> 68791952 | I7: 2307139.1 | J7: =I7/F7 -> 0.91779763 | L7: =K7/F7 -> 0 | M7: 206638.46 | N7: =M7/F7 -> 0.082202366
B8: 46001 | D8: 45993 | E8: 二 | F8: =SUM(I8,K8,M8) -> 2335255 | G8: =SUM(F8:F14) -> 15371291 | I8: 2138809.7 | J8: =I8/F8 -> 0.91587846 | L8: =K8/F8 -> 0 | M8: 196445.25 | N8: =M8/F8 -> 0.084121543
D9: 45994 | E9: 三 | F9: =SUM(I9,K9,M9) -> 2176837.3 | I9: 1986919.9 | J9: =I9/F9 -> 0.91275536 | L9: =K9/F9 -> 0 | M9: 189917.38 | N9: =M9/F9 -> 0.087244638
D10: 45995 | E10: 四 | F10: =SUM(I10,K10,M10) -> 2121444.9 | I10: 1941683.6 | J10: =I10/F10 -> 0.91526468 | L10: =K10/F10 -> 0 | M10: 179761.31 | N10: =M10/F10 -> 0.084735319
D11: 45996 | E11: 五 | F11: =SUM(I11,K11,M11) -> 1832380.4 | I11: 1679171.5 | J11: =I11/F11 -> 0.91638809 | L11: =K11/F11 -> 0 | M11: 153208.83 | N11: =M11/F11 -> 0.083611915
D12: 45997 | E12: 六 | F12: =SUM(I12,K12,M12) -> 1995581.1 | I12: 1827891 | J12: =I12/F12 -> 0.91596932 | L12: =K12/F12 -> 0 | M12: 167690.03 | N12: =M12/F12 -> 0.084030679
D13: 45998 | E13: 日 | F13: =SUM(I13,K13,M13) -> 2513995.6 | I13: 2308449.3 | J13: =I13/F13 -> 0.91823919 | L13: =K13/F13 -> 0 | M13: 205546.33 | N13: =M13/F13 -> 0.081760815
D14: 45999 | E14: 一 | F14: =SUM(I14,K14,M14) -> 2395796.6 | I14: 2195513.8 | J14: =I14/F14 -> 0.91640244 | L14: =K14/F14 -> 0 | M14: 200282.76 | N14: =M14/F14 -> 0.083597565
B15: 46008 | D15: 46000 | E15: 二 | F15: =SUM(I15,K15,M15) -> 3129368 | G15: =SUM(F15:F21) -> 17129534 | I15: 2745741.1 | J15: =I15/F15 -> 0.87741074 | L15: =K15/F15 -> 0 | M15: 383626.92 | N15: =M15/F15 -> 0.12258926
D16: 46001 | E16: 三 | F16: =SUM(I16,K16,M16) -> 2596020.5 | I16: 2395378.6 | J16: =I16/F16 -> 0.92271173 | L16: =K16/F16 -> 0 | M16: 200641.93 | N16: =M16/F16 -> 0.077288269
D17: 46002 | E17: 四 | F17: =SUM(I17,K17,M17) -> 2249510.9 | I17: 2086053.9 | J17: =I17/F17 -> 0.92733668 | L17: =K17/F17 -> 0 | M17: 163456.92 | N17: =M17/F17 -> 0.072663316
D18: 46003 | E18: 五 | F18: =SUM(I18,K18,M18) -> 1793030.3 | I18: 1630327.9 | J18: =I18/F18 -> 0.90925845 | L18: =K18/F18 -> 0 | M18: 162702.34 | N18: =M18/F18 -> 0.090741547
D19: 46004 | E19: 六 | F19: =SUM(I19,K19,M19) -> 2044428.8 | I19: 1849536.3 | J19: =I19/F19 -> 0.90467141 | L19: =K19/F19 -> 0 | M19: 194892.51 | N19: =M19/F19 -> 0.095328588
D20: 46005 | E20: 日 | F20: =SUM(I20,K20,M20) -> 2720484 | I20: 2495145.3 | J20: =I20/F20 -> 0.91716963 | L20: =K20/F20 -> 0 | M20: 225338.69 | N20: =M20/F20 -> 0.082830367
D21: 46006 | E21: 一 | F21: =SUM(I21,K21,M21) -> 2596691.6 | I21: 2354149.3 | J21: =I21/F21 -> 0.90659565 | L21: =K21/F21 -> 0 | M21: 242542.28 | N21: =M21/F21 -> 0.093404345
B22: 46015 | D22: 46007 | E22: 二 | F22: =SUM(I22,K22,M22) -> 2614596.3 | G22: =SUM(F22:F28) -> 17356992 | I22: 2405755.4 | J22: =I22/F22 -> 0.920125 | L22: =K22/F22 -> 0 | M22: 208840.87 | N22: =M22/F22 -> 0.079874997
D23: 46008 | E23: 三 | F23: =SUM(I23,K23,M23) -> 2455966 | I23: 2255835.5 | J23: =I23/F23 -> 0.91851251 | L23: =K23/F23 -> 0 | M23: 200130.5 | N23: =M23/F23 -> 0.081487487
D24: 46009 | E24: 四 | F24: =SUM(I24,K24,M24) -> 2339510.5 | I24: 2144015.8 | J24: =I24/F24 -> 0.91643779 | L24: =K24/F24 -> 0 | M24: 195494.68 | N24: =M24/F24 -> 0.083562215
D25: 46010 | E25: 五 | F25: =SUM(I25,K25,M25) -> 2112449.6 | I25: 1944600.6 | J25: =I25/F25 -> 0.92054298 | L25: =K25/F25 -> 0 | M25: 167848.94 | N25: =M25/F25 -> 0.079457017
D26: 46011 | E26: 六 | F26: =SUM(I26,K26,M26) -> 2376517 | I26: 2182977.1 | J26: =I26/F26 -> 0.91856152 | L26: =K26/F26 -> 0 | M26: 193539.94 | N26: =M26/F26 -> 0.081438483
D27: 46012 | E27: 日 | F27: =SUM(I27,K27,M27) -> 2783602.7 | I27: 2575971.4 | J27: =I27/F27 -> 0.92540913 | L27: =K27/F27 -> 0 | M27: 207631.35 | N27: =M27/F27 -> 0.07459087
D28: 46013 | E28: 一 | F28: =SUM(I28,K28,M28) -> 2674350 | I28: 2462210.5 | J28: =I28/F28 -> 0.92067622 | L28: =K28/F28 -> 0 | M28: 212139.55 | N28: =M28/F28 -> 0.07932378
B29: 46022 | D29: 46014 | E29: 二 | F29: =SUM(I29,K29,M29) -> 2842340.9 | G29: =SUM(F29:F35) -> 16420357 | I29: 2647879 | J29: =I29/F29 -> 0.93158388 | L29: =K29/F29 -> 0 | M29: 194461.93 | N29: =M29/F29 -> 0.068416118
D30: 46015 | E30: 三 | F30: =SUM(I30,K30,M30) -> 1906561 | I30: 1746070.6 | J30: =I30/F30 -> 0.91582203 | L30: =K30/F30 -> 0 | M30: 160490.44 | N30: =M30/F30 -> 0.084177972
D31: 46016 | E31: 四 | F31: =SUM(I31,K31,M31) -> 2152805.8 | I31: 1978466.9 | J31: =I31/F31 -> 0.91901781 | L31: =K31/F31 -> 0 | M31: 174338.93 | N31: =M31/F31 -> 0.08098219
D32: 46017 | E32: 五 | F32: =SUM(I32,K32,M32) -> 2059678.9 | I32: 1919678.5 | J32: =I32/F32 -> 0.93202804 | L32: =K32/F32 -> 0 | M32: 140000.41 | N32: =M32/F32 -> 0.067971959
D33: 46018 | E33: 六 | F33: =SUM(I33,K33,M33) -> 2208752.2 | I33: 2043956.6 | J33: =I33/F33 -> 0.92538971 | L33: =K33/F33 -> 0 | M33: 164795.65 | N33: =M33/F33 -> 0.074610292
D34: 46019 | E34: 日 | F34: =SUM(I34,K34,M34) -> 2697831 | I34: 2504177.5 | J34: =I34/F34 -> 0.92821882 | L34: =K34/F34 -> 0 | M34: 193653.5 | N34: =M34/F34 -> 0.071781184
D35: 46020 | E35: 一 | F35: =SUM(I35,K35,M35) -> 2552387.2 | I35: 2353985.5 | J35: =I35/F35 -> 0.9222682 | L35: =K35/F35 -> 0 | M35: 198401.66 | N35: =M35/F35 -> 0.077731804
D36: 46021 | E36: 二 | F36: =SUM(I36,K36,M36) -> 0 | J36: =I36/F36 -> #DIV/0! | L36: =K36/F36 -> #DIV/0! | N36: =M36/F36 -> #DIV/0!
D37: 46022 | E37: 三 | F37: =SUM(I37,K37,M37) -> 0 | J37: =I37/F37 -> #DIV/0! | L37: =K37/F37 -> #DIV/0! | N37: =M37/F37 -> #DIV/0!

Sheet （４）訂單數量構成比
B2: （4）訂單數量構成比
B3: 資料繳交日 | C3: 月份 | D3: 日期 | F3: 訂單量 | I3: 品類訂單量
I4: 熱食義麵 | K4: 季節調理麵 | M4: 微波小吃
F5: 日 | G5: 週累積 | H5: 月累積 | I5: 一配 | K5: 一配 | M5: 一配
I6: 訂單數 | J6: 比例(%) | K6: 訂單數 | L6: 比例(%) | M6: 訂單數 | N6: 比例(%)
C7: 十二 | D7: 45992 | E7: 一 | F7: =SUM(I7,K7,M7) -> 52776 | H7: =SUM(F7:F37) -> 1446739 | I7: 45277 | J7: =I7/F7 -> 0.8579089 | L7: =K7/F7 -> 0 | M7: 7499 | N7: =M7/F7 -> 0.1420911
B8: 46001 | D8: 45993 | E8: 二 | F8: =SUM(I8,K8,M8) -> 49145 | G8: =SUM(F8:F14) -> 323563 | I8: 42009 | J8: =I8/F8 -> 0.85479703 | L8: =K8/F8 -> 0 | M8: 7136 | N8: =M8/F8 -> 0.14520297
D9: 45994 | E9: 三 | F9: =SUM(I9,K9,M9) -> 45862 | I9: 38970 | J9: =I9/F9 -> 0.84972308 | L9: =K9/F9 -> 0 | M9: 6892 | N9: =M9/F9 -> 0.15027692
D10: 45995 | E10: 四 | F10: =SUM(I10,K10,M10) -> 44569 | I10: 38047 | J10: =I10/F10 -> 0.8536651 | L10: =K10/F10 -> 0 | M10: 6522 | N10: =M10/F10 -> 0.1463349
D11: 45996 | E11: 五 | F11: =SUM(I11,K11,M11) -> 38620 | I11: 33053 | J11: =I11/F11 -> 0.85585189 | L11: =K11/F11 -> 0 | M11: 5567 | N11: =M11/F11 -> 0.14414811
D12: 45997 | E12: 六 | F12: =SUM(I12,K12,M12) -> 42013 | I12: 35927 | J12: =I12/F12 -> 0.85514008 | L12: =K12/F12 -> 0 | M12: 6086 | N12: =M12/F12 -> 0.14485992
D13: 45998 | E13: 日 | F13: =SUM(I13,K13,M13) -> 52933 | I13: 45458 | J13: =I13/F13 -> 0.85878375 | L13: =K13/F13 -> 0 | M13: 7475 | N13: =M13/F13 -> 0.14121625
D14: 45999 | E14: 一 | F14: =SUM(I14,K14,M14) -> 50421 | I14: 43151 | J14: =I14/F14 -> 0.85581405 | L14: =K14/F14 -> 0 | M14: 7270 | N14: =M14/F14 -> 0.14418595
B15: 46008 | D15: 46000 | E15: 二 | F15: =SUM(I15,K15,M15) -> 66936 | G15: =SUM(F15:F21) -> 359333 | I15: 53210 | J15: =I15/F15 -> 0.79493845 | L15: =K15/F15 -> 0 | M15: 13726 | N15: =M15/F15 -> 0.20506155
D16: 46001 | E16: 三 | F16: =SUM(I16,K16,M16) -> 53635 | I16: 46360 | J16: =I16/F16 -> 0.86436096 | L16: =K16/F16 -> 0 | M16: 7275 | N16: =M16/F16 -> 0.13563904
D17: 46002 | E17: 四 | F17: =SUM(I17,K17,M17) -> 46504 | I17: 40560 | J17: =I17/F17 -> 0.87218304 | L17: =K17/F17 -> 0 | M17: 5944 | N17: =M17/F17 -> 0.12781696
D18: 46003 | E18: 五 | F18: =SUM(I18,K18,M18) -> 37707 | I18: 31815 | J18: =I18/F18 -> 0.84374254 | L18: =K18/F18 -> 0 | M18: 5892 | N18: =M18/F18 -> 0.15625746
D19: 46004 | E19: 六 | F19: =SUM(I19,K19,M19) -> 43137 | I19: 36099 | J19: =I19/F19 -> 0.8368454 | L19: =K19/F19 -> 0 | M19: 7038 | N19: =M19/F19 -> 0.1631546
D20: 46005 | E20: 日 | F20: =SUM(I20,K20,M20) -> 56760 | I20: 48590 | J20: =I20/F20 -> 0.85606061 | L20: =K20/F20 -> 0 | M20: 8170 | N20: =M20/F20 -> 0.14393939
D21: 46006 | E21: 一 | F21: =SUM(I21,K21,M21) -> 54654 | I21: 45889 | J21: =I21/F21 -> 0.83962747 | L21: =K21/F21 -> 0 | M21: 8765 | N21: =M21/F21 -> 0.16037253
B22: 46015 | D22: 46007 | E22: 二 | F22: =SUM(I22,K22,M22) -> 54968 | G22: =SUM(F22:F28) -> 365761 | I22: 47403 | J22: =I22/F22 -> 0.86237447 | L22: =K22/F22 -> 0 | M22: 7565 | N22: =M22/F22 -> 0.13762553
D23: 46008 | E23: 三 | F23: =SUM(I23,K23,M23) -> 51643 | I23: 44398 | J23: =I23/F23 -> 0.85970993 | L23: =K23/F23 -> 0 | M23: 7245 | N23: =M23/F23 -> 0.14029007
D24: 46009 | E24: 四 | F24: =SUM(I24,K24,M24) -> 49206 | I24: 42136 | J24: =I24/F24 -> 0.85631834 | L24: =K24/F24 -> 0 | M24: 7070 | N24: =M24/F24 -> 0.14368166
D25: 46010 | E25: 五 | F25: =SUM(I25,K25,M25) -> 45379 | I25: 39297 | J25: =I25/F25 -> 0.86597325 | L25: =K25/F25 -> 0 | M25: 6082 | N25: =M25/F25 -> 0.13402675
D26: 46011 | E26: 六 | F26: =SUM(I26,K26,M26) -> 49960 | I26: 42966 | J26: =I26/F26 -> 0.86000801 | L26: =K26/F26 -> 0 | M26: 6994 | N26: =M26/F26 -> 0.13999199
D27: 46012 | E27: 日 | F27: =SUM(I27,K27,M27) -> 58406 | I27: 50869 | J27: =I27/F27 -> 0.87095504 | L27: =K27/F27 -> 0 | M27: 7537 | N27: =M27/F27 -> 0.12904496
D28: 46013 | E28: 一 | F28: =SUM(I28,K28,M28) -> 56199 | I28: 48515 | J28: =I28/F28 -> 0.86327159 | L28: =K28/F28 -> 0 | M28: 7684 | N28: =M28/F28 -> 0.13672841
B29: 46022 | D29: 46014 | E29: 二 | F29: =SUM(I29,K29,M29) -> 59311 | G29: =SUM(F29:F35) -> 345306 | I29: 52265 | J29: =I29/F29 -> 0.88120248 | L29: =K29/F29 -> 0 | M29: 7046 | N29: =M29/F29 -> 0.11879752
D30: 46015 | E30: 三 | F30: =SUM(I30,K30,M30) -> 40396 | I30: 34584 | J30: =I30/F30 -> 0.85612437 | L30: =K30/F30 -> 0 | M30: 5812 | N30: =M30/F30 -> 0.14387563
D31: 46016 | E31: 四 | F31: =SUM(I31,K31,M31) -> 45518 | I31: 39203 | J31: =I31/F31 -> 0.86126368 | L31: =K31/F31 -> 0 | M31: 6315 | N31: =M31/F31 -> 0.13873632
D32: 46017 | E32: 五 | F32: =SUM(I32,K32,M32) -> 43115 | I32: 38034 | J32: =I32/F32 -> 0.88215238 | L32: =K32/F32 -> 0 | M32: 5081 | N32: =M32/F32 -> 0.11784762
D33: 46018 | E33: 六 | F33: =SUM(I33,K33,M33) -> 46400 | I33: 40434 | J33: =I33/F33 -> 0.87142241 | L33: =K33/F33 -> 0 | M33: 5966 | N33: =M33/F33 -> 0.12857759
D34: 46019 | E34: 日 | F34: =SUM(I34,K34,M34) -> 56766 | I34: 49722 | J34: =I34/F34 -> 0.87591164 | L34: =K34/F34 -> 0 | M34: 7044 | N34: =M34/F34 -> 0.12408836
D35: 46020 | E35: 一 | F35: =SUM(I35,K35,M35) -> 53800 | I35: 46604 | J35: =I35/F35 -> 0.86624535 | L35: =K35/F35 -> 0 | M35: 7196 | N35: =M35/F35 -> 0.13375465
D36: 46021 | E36: 二 | F36: =SUM(I36,K36,M36) -> 0 | J36: =I36/F36 -> #DIV/0! | L36: =K36/F36 -> #DIV/0! | N36: =M36/F36 -> #DIV/0!
D37: 46022 | E37: 三 | F37: =SUM(I37,K37,M37) -> 0 | J37: =I37/F37 -> #DIV/0! | L37: =K37/F37 -> #DIV/0! | N37: =M37/F37 -> #DIV/0!

Sheet （５-1）品群別人時生產性（熱食義麵）
B1: 月平均人時性 | C1: =AVERAGE(L7,L30,L53,L73,L96,L119) -> 98.14611
B2: 產線配置圖－每週更新 | N2: 資料繳交 | O2: 日期 | AT2: 45992
P3: 二 | U3: 三 | Z3: 四 | AE3: 五 | AJ3: 六 | AO3: 日 | AT3: 一
B4: 品群 | C4: 商品名稱 | E4: 計畫 | H4: 平均人時性 | I4: 實績 | L4: 平均人時性 | M4: 排名 | O4: 日報 | P4: 實際 | T4: 平均人時性 | U4: 實際 | Y4: 平均人時性 | Z4: 實際 | AD4: 平均人時性 | AE4: 實際 | AI4: 平均人時性 | AJ4: 實際 | AN4: 平均人時性 | AO4: 實際 | AS4: 平均人時性 | AT4: 實際 | AX4: 平均人時性
E5: 產線配置圖 | I5: 產線配置圖 | P5: 生產實績 | U5: 生產實績 | Z5: 生產實績 | AE5: 生產實績 | AJ5: 生產實績 | AO5: 生產實績 | AT5: 生產實績
E6: 人數 | F6: 產能／時 | G6: 人時性 | I6: 人數 | J6: 產能／時 | K6: 人時性 | P6: 人數 | Q6: 產能／時 | R6: 人時性 | S6: 排名 | U6: 人數 | V6: 產能／時 | W6: 人時性 | X6: 排名 | Z6: 人數 | AA6: 產能／時 | AB6: 人時性 | AC6: 排名 | AE6: 人數 | AF6: 產能／時 | AG6: 人時性 | AH6: 排名 | AJ6: 人數 | AK6: 產能／時 | AL6: 人時性 | AM6: 排名 | AO6: 人數 | AP6: 產能／時 | AQ6: 人時性 | AR6: 排名 | AT6: 人數 | AU6: 產能／時 | AV6: 人時性 | AW6: 排名
B7: 熱食義麵 | C7: 1 | D7: 義式蕃茄起司義大利麵 | E7: =VLOOKUP(D7,'11產線配置圖'!$A$2:$C$25,2,0) -> 12 | F7: =VLOOKUP(D7,'11產線配置圖'!$A$2:$C$25,3,0) -> 2000 | G7: =F7/E7 -> 166.66667 | H7: =AVERAGE(G7:G24) -> 112.60546 | I7: =AVERAGE(AT7) -> 12 | J7: =AVERAGE(AU7) -> 1781 | K7: =AVERAGE(AV7) -> 148.41667 | L7: =IFERROR(AVERAGE(K7:K24),"-") -> 102.18112 | M7: =RANK(K7, K$7:$K$24) -> 1 | R7: =Q7/P7 -> #DIV/0! | S7: =RANK(R7, R$7:R$24) -> #DIV/0! | T7: =AVERAGE(R7:R24) -> #DIV/0! | W7: =V7/U7 -> #DIV/0! | X7: =RANK(W7, W$7:W$24) -> #DIV/0! | Y7: =AVERAGE(W7:W24) -> #DIV/0! | AB7: =AA7/Z7 -> #DIV/0! | AC7: =RANK(AB7, AB$7:AB$24) -> #DIV/0! | AD7: =AVERAGE(AB7:AB24) -> #DIV/0! | AG7: =AF7/AE7 -> #DIV/0! | AH7: =RANK(AG7, AG$7:AG$24) -> #DIV/0! | AI7: =AVERAGE(AG7:AG24) -> #DIV/0! | AL7: =AK7/AJ7 -> #DIV/0! | AM7: =RANK(AL7, AL$7:AL$24) -> #DIV/0! | AN7: =AVERAGE(AL7:AL24) -> #DIV/0! | AQ7: =AP7/AO7 -> #DIV/0! | AR7: =RANK(AQ7, AQ$7:AQ$24) -> #DIV/0! | AS7: =AVERAGE(AQ7:AQ24) -> #DIV/0! | AT7: 12 | AU7: 1781 | AV7: =AU7/AT7 -> 148.41667 | AW7: =RANK(AV7, AV$7:AV$24) -> 1 | AX7: =AVERAGE(AV7:AV24) -> 100.0518
C8: 2 | D8: 奶油培根義大利麵 | E8: =VLOOKUP(D8,'11產線配置圖'!$A$2:$C$25,2,0) -> 13 | F8: =VLOOKUP(D8,'11產線配置圖'!$A$2:$C$25,3,0) -> 2000 | G8: =F8/E8 -> 153.84615 | I8: =AVERAGE(AT8) -> 13 | J8: =AVERAGE(AU8) -> 1891 | K8: =AVERAGE(AV8) -> 145.46154 | M8: =RANK(K8, K$7:$K$24) -> 2 | R8: =Q8/P8 -> #DIV/0! | S8: =RANK(R8, R$7:R$24) -> #DIV/0! | W8: =V8/U8 -> #DIV/0! | X8: =RANK(W8, W$7:W$24) -> #DIV/0! | AB8: =AA8/Z8 -> #DIV/0! | AC8: =RANK(AB8, AB$7:AB$24) -> #DIV/0! | AG8: =AF8/AE8 -> #DIV/0! | AH8: =RANK(AG8, AG$7:AG$24) -> #DIV/0! | AL8: =AK8/AJ8 -> #DIV/0! | AM8: =RANK(AL8, AL$7:AL$24) -> #DIV/0! | AQ8: =AP8/AO8 -> #DIV/0! | AR8: =RANK(AQ8, AQ$7:AQ$24) -> #DIV/0! | AT8: 13 | AU8: 1891 | AV8: =AU8/AT8 -> 145.46154 | AW8: =RANK(AV8, AV$7:AV$24) -> 2
C9: 3 | D9: 青醬蛤蜊義大利麵 | E9: =VLOOKUP(D9,'11產線配置圖'!$A$2:$C$25,2,0) -> 15 | F9: =VLOOKUP(D9,'11產線配置圖'!$A$2:$C$25,3,0) -> 2000 | G9: =F9/E9 -> 133.33333 | I9: =AVERAGE(AT9) -> 13 | J9: =AVERAGE(AU9) -> 1591 | K9: =AVERAGE(AV9) -> 122.38462 | M9: =RANK(K9, K$7:$K$24) -> 4 | R9: =Q9/P9 -> #DIV/0! | S9: =RANK(R9, R$7:R$24) -> #DIV/0! | W9: =V9/U9 -> #DIV/0! | X9: =RANK(W9, W$7:W$24) -> #DIV/0! | AB9: =AA9/Z9 -> #DIV/0! | AC9: =RANK(AB9, AB$7:AB$24) -> #DIV/0! | AG9: =AF9/AE9 -> #DIV/0! | AH9: =RANK(AG9, AG$7:AG$24) -> #DIV/0! | AL9: =AK9/AJ9 -> #DIV/0! | AM9: =RANK(AL9, AL$7:AL$24) -> #DIV/0! | AQ9: =AP9/AO9 -> #DIV/0! | AR9: =RANK(AQ9, AQ$7:AQ$24) -> #DIV/0! | AT9: 13 | AU9: 1591 | AV9: =AU9/AT9 -> 122.38462 | AW9: =RANK(AV9, AV$7:AV$24) -> 4
C10: 4 | D10: 焗烤起司雙饗筆尖麵 | E10: =VLOOKUP(D10,'11產線配置圖'!$A$2:$C$25,2,0) -> 18 | F10: =VLOOKUP(D10,'11產線配置圖'!$A$2:$C$25,3,0) -> 1565 | G10: =F10/E10 -> 86.944444 | I10: =AVERAGE(AT10) -> 18 | J10: =AVERAGE(AU10) -> 1545 | K10: =AVERAGE(AV10) -> 85.833333 | M10: =RANK(K10, K$7:$K$24) -> 7 | R10: =Q10/P10 -> #DIV/0! | S10: =RANK(R10, R$7:R$24) -> #DIV/0! | W10: =V10/U10 -> #DIV/0! | X10: =RANK(W10, W$7:W$24) -> #DIV/0! | AB10: =AA10/Z10 -> #DIV/0! | AC10: =RANK(AB10, AB$7:AB$24) -> #DIV/0! | AG10: =AF10/AE10 -> #DIV/0! | AH10: =RANK(AG10, AG$7:AG$24) -> #DIV/0! | AL10: =AK10/AJ10 -> #DIV/0! | AM10: =RANK(AL10, AL$7:AL$24) -> #DIV/0! | AQ10: =AP10/AO10 -> #DIV/0! | AR10: =RANK(AQ10, AQ$7:AQ$24) -> #DIV/0! | AT10: 18 | AU10: 1545 | AV10: =AU10/AT10 -> 85.833333 | AW10: =RANK(AV10, AV$7:AV$24) -> 7
C11: 5 | D11: 白酒蛤蜊義大利麵 | E11: =VLOOKUP(D11,'11產線配置圖'!$A$2:$C$25,2,0) -> 13 | F11: =VLOOKUP(D11,'11產線配置圖'!$A$2:$C$25,3,0) -> 2000 | G11: =F11/E11 -> 153.84615 | I11: =AVERAGE(AT11) -> 13 | J11: =AVERAGE(AU11) -> 1688 | K11: =AVERAGE(AV11) -> 129.84615 | M11: =RANK(K11, K$7:$K$24) -> 3 | R11: =Q11/P11 -> #DIV/0! | S11: =RANK(R11, R$7:R$24) -> #DIV/0! | W11: =V11/U11 -> #DIV/0! | X11: =RANK(W11, W$7:W$24) -> #DIV/0! | AB11: =AA11/Z11 -> #DIV/0! | AC11: =RANK(AB11, AB$7:AB$24) -> #DIV/0! | AG11: =AF11/AE11 -> #DIV/0! | AH11: =RANK(AG11, AG$7:AG$24) -> #DIV/0! | AL11: =AK11/AJ11 -> #DIV/0! | AM11: =RANK(AL11, AL$7:AL$24) -> #DIV/0! | AQ11: =AP11/AO11 -> #DIV/0! | AR11: =RANK(AQ11, AQ$7:AQ$24) -> #DIV/0! | AT11: 13 | AU11: 1688 | AV11: =AU11/AT11 -> 129.84615 | AW11: =RANK(AV11, AV$7:AV$24) -> 3
C12: 6 | D12: 韓式起司炸雞義大利麵 | E12: =VLOOKUP(D12,'11產線配置圖'!$A$2:$C$25,2,0) -> 14 | F12: =VLOOKUP(D12,'11產線配置圖'!$A$2:$C$25,3,0) -> 1895 | G12: =F12/E12 -> 135.35714 | I12: =AVERAGE(AT12) -> 17 | J12: =AVERAGE(AU12) -> 1678 | K12: =AVERAGE(AV12) -> 98.705882 | M12: =RANK(K12, K$7:$K$24) -> 5 | R12: =Q12/P12 -> #DIV/0! | S12: =RANK(R12, R$7:R$24) -> #DIV/0! | W12: =V12/U12 -> #DIV/0! | X12: =RANK(W12, W$7:W$24) -> #DIV/0! | AB12: =AA12/Z12 -> #DIV/0! | AC12: =RANK(AB12, AB$7:AB$24) -> #DIV/0! | AG12: =AF12/AE12 -> #DIV/0! | AH12: =RANK(AG12, AG$7:AG$24) -> #DIV/0! | AL12: =AK12/AJ12 -> #DIV/0! | AM12: =RANK(AL12, AL$7:AL$24) -> #DIV/0! | AQ12: =AP12/AO12 -> #DIV/0! | AR12: =RANK(AQ12, AQ$7:AQ$24) -> #DIV/0! | AT12: 17 | AU12: 1678 | AV12: =AU12/AT12 -> 98.705882 | AW12: =RANK(AV12, AV$7:AV$24) -> 5
C13: 7 | D13: 焗烤明太子筆尖麵 | E13: =VLOOKUP(D13,'11產線配置圖'!$A$2:$C$25,2,0) -> 17 | F13: =VLOOKUP(D13,'11產線配置圖'!$A$2:$C$25,3,0) -> 1385 | G13: =F13/E13 -> 81.470588 | I13: =AVERAGE(AT13) -> 14 | J13: =AVERAGE(AU13) -> 1233 | K13: =AVERAGE(AV13) -> 88.071429 | M13: =RANK(K13, K$7:$K$24) -> 6 | R13: =Q13/P13 -> #DIV/0! | S13: =RANK(R13, R$7:R$24) -> #DIV/0! | W13: =V13/U13 -> #DIV/0! | X13: =RANK(W13, W$7:W$24) -> #DIV/0! | AB13: =AA13/Z13 -> #DIV/0! | AC13: =RANK(AB13, AB$7:AB$24) -> #DIV/0! | AG13: =AF13/AE13 -> #DIV/0! | AH13: =RANK(AG13, AG$7:AG$24) -> #DIV/0! | AL13: =AK13/AJ13 -> #DIV/0! | AM13: =RANK(AL13, AL$7:AL$24) -> #DIV/0! | AQ13: =AP13/AO13 -> #DIV/0! | AR13: =RANK(AQ13, AQ$7:AQ$24) -> #DIV/0! | AT13: 14 | AU13: 1233 | AV13: =AU13/AT13 -> 88.071429 | AW13: =RANK(AV13, AV$7:AV$24) -> 6
C14: 8 | D14: 奶油蒜香雞義大利麵 | E14: =VLOOKUP(D14,'11產線配置圖'!$A$2:$C$25,2,0) -> 18 | F14: =VLOOKUP(D14,'11產線配置圖'!$A$2:$C$25,3,0) -> 1385 | G14: =F14/E14 -> 76.944444 | I14: =AVERAGE(AT14) -> 15 | J14: =AVERAGE(AU14) -> 1202 | K14: =AVERAGE(AV14) -> 80.133333 | M14: =RANK(K14, K$7:$K$24) -> 10 | R14: =Q14/P14 -> #DIV/0! | S14: =RANK(R14, R$7:R$24) -> #DIV/0! | W14: =V14/U14 -> #DIV/0! | X14: =RANK(W14, W$7:W$24) -> #DIV/0! | AB14: =AA14/Z14 -> #DIV/0! | AC14: =RANK(AB14, AB$7:AB$24) -> #DIV/0! | AG14: =AF14/AE14 -> #DIV/0! | AH14: =RANK(AG14, AG$7:AG$24) -> #DIV/0! | AL14: =AK14/AJ14 -> #DIV/0! | AM14: =RANK(AL14, AL$7:AL$24) -> #DIV/0! | AQ14: =AP14/AO14 -> #DIV/0! | AR14: =RANK(AQ14, AQ$7:AQ$24) -> #DIV/0! | AT14: 15 | AU14: 1202 | AV14: =AU14/AT14 -> 80.133333 | AW14: =RANK(AV14, AV$7:AV$24) -> 10
C15: 9 | D15: 青花椒麻雞肉拌麵 | E15: =VLOOKUP(D15,'11產線配置圖'!$A$2:$C$25,2,0) -> 17 | F15: =VLOOKUP(D15,'11產線配置圖'!$A$2:$C$25,3,0) -> 1565 | G15: =F15/E15 -> 92.058824 | I15: =AVERAGE(AT15) -> 16 | J15: =AVERAGE(AU15) -> 1349 | K15: =AVERAGE(AV15) -> 84.3125 | M15: =RANK(K15, K$7:$K$24) -> 8 | R15: =Q15/P15 -> #DIV/0! | S15: =RANK(R15, R$7:R$24) -> #DIV/0! | W15: =V15/U15 -> #DIV/0! | X15: =RANK(W15, W$7:W$24) -> #DIV/0! | AB15: =AA15/Z15 -> #DIV/0! | AC15: =RANK(AB15, AB$7:AB$24) -> #DIV/0! | AG15: =AF15/AE15 -> #DIV/0! | AH15: =RANK(AG15, AG$7:AG$24) -> #DIV/0! | AL15: =AK15/AJ15 -> #DIV/0! | AM15: =RANK(AL15, AL$7:AL$24) -> #DIV/0! | AQ15: =AP15/AO15 -> #DIV/0! | AR15: =RANK(AQ15, AQ$7:AQ$24) -> #DIV/0! | AT15: 16 | AU15: 1349 | AV15: =AU15/AT15 -> 84.3125 | AW15: =RANK(AV15, AV$7:AV$24) -> 8
C16: 10 | D16: 剝皮辣椒雞奶油扁麵 | E16: =VLOOKUP(D16,'11產線配置圖'!$A$2:$C$25,2,0) -> 17 | F16: =VLOOKUP(D16,'11產線配置圖'!$A$2:$C$25,3,0) -> 1500 | G16: =F16/E16 -> 88.235294 | I16: =AVERAGE(AT16) -> 18 | J16: =AVERAGE(AU16) -> 1430 | K16: =AVERAGE(AV16) -> 79.444444 | M16: =RANK(K16, K$7:$K$24) -> 12 | R16: =Q16/P16 -> #DIV/0! | S16: =RANK(R16, R$7:R$24) -> #DIV/0! | W16: =V16/U16 -> #DIV/0! | X16: =RANK(W16, W$7:W$24) -> #DIV/0! | AB16: =AA16/Z16 -> #DIV/0! | AC16: =RANK(AB16, AB$7:AB$24) -> #DIV/0! | AG16: =AF16/AE16 -> #DIV/0! | AH16: =RANK(AG16, AG$7:AG$24) -> #DIV/0! | AL16: =AK16/AJ16 -> #DIV/0! | AM16: =RANK(AL16, AL$7:AL$24) -> #DIV/0! | AQ16: =AP16/AO16 -> #DIV/0! | AR16: =RANK(AQ16, AQ$7:AQ$24) -> #DIV/0! | AT16: 18 | AU16: 1430 | AV16: =AU16/AT16 -> 79.444444 | AW16: =RANK(AV16, AV$7:AV$24) -> 12
C17: 11 | D17: 濃拿坡里義大利麵 | E17: =VLOOKUP(D17,'11產線配置圖'!$A$2:$C$25,2,0) -> 15 | F17: =VLOOKUP(D17,'11產線配置圖'!$A$2:$C$25,3,0) -> 1440 | G17: =F17/E17 -> 96 | I17: =AVERAGE(AT17) -> 14 | J17: =AVERAGE(AU17) -> 1173 | K17: =AVERAGE(AV17) -> 83.785714 | M17: =RANK(K17, K$7:$K$24) -> 9 | R17: =Q17/P17 -> #DIV/0! | S17: =RANK(R17, R$7:R$24) -> #DIV/0! | W17: =V17/U17 -> #DIV/0! | X17: =RANK(W17, W$7:W$24) -> #DIV/0! | AB17: =AA17/Z17 -> #DIV/0! | AC17: =RANK(AB17, AB$7:AB$24) -> #DIV/0! | AG17: =AF17/AE17 -> #DIV/0! | AH17: =RANK(AG17, AG$7:AG$24) -> #DIV/0! | AL17: =AK17/AJ17 -> #DIV/0! | AM17: =RANK(AL17, AL$7:AL$24) -> #DIV/0! | AQ17: =AP17/AO17 -> #DIV/0! | AR17: =RANK(AQ17, AQ$7:AQ$24) -> #DIV/0! | AT17: 14 | AU17: 1173 | AV17: =AU17/AT17 -> 83.785714 | AW17: =RANK(AV17, AV$7:AV$24) -> 9
C18: 12 | D18: 奶油起司蝦仁通心粉 | E18: =VLOOKUP(D18,'11產線配置圖'!$A$2:$C$25,2,0) -> 16 | F18: =VLOOKUP(D18,'11產線配置圖'!$A$2:$C$25,3,0) -> 1385 | G18: =F18/E18 -> 86.5625 | I18: =AVERAGE(AT18) -> 18 | J18: =AVERAGE(AU18) -> 1436 | K18: =AVERAGE(AV18) -> 79.777778 | M18: =RANK(K18, K$7:$K$24) -> 11 | R18: =Q18/P18 -> #DIV/0! | S18: =RANK(R18, R$7:R$24) -> #DIV/0! | W18: =V18/U18 -> #DIV/0! | X18: =RANK(W18, W$7:W$24) -> #DIV/0! | AB18: =AA18/Z18 -> #DIV/0! | AC18: =RANK(AB18, AB$7:AB$24) -> #DIV/0! | AG18: =AF18/AE18 -> #DIV/0! | AH18: =RANK(AG18, AG$7:AG$24) -> #DIV/0! | AL18: =AK18/AJ18 -> #DIV/0! | AM18: =RANK(AL18, AL$7:AL$24) -> #DIV/0! | AQ18: =AP18/AO18 -> #DIV/0! | AR18: =RANK(AQ18, AQ$7:AQ$24) -> #DIV/0! | AT18: 18 | AU18: 1436 | AV18: =AU18/AT18 -> 79.777778 | AW18: =RANK(AV18, AV$7:AV$24) -> 11
C19: 13 | R19: =Q19/P19 -> #DIV/0! | S19: =RANK(R19, R$7:R$24) -> #DIV/0! | W19: =V19/U19 -> #DIV/0! | X19: =RANK(W19, W$7:W$24) -> #DIV/0! | AB19: =AA19/Z19 -> #DIV/0! | AC19: =RANK(AB19, AB$7:AB$24) -> #DIV/0! | AG19: =AF19/AE19 -> #DIV/0! | AH19: =RANK(AG19, AG$7:AG$24) -> #DIV/0! | AT19: 14 | AU19: 1043 | AV19: =AU19/AT19 -> 74.5 | AW19: =RANK(AV19, AV$7:AV$24) -> 13
C20: 14 | R20: =Q20/P20 -> #DIV/0! | S20: =RANK(R20, R$7:R$24) -> #DIV/0! | W20: =V20/U20 -> #DIV/0! | X20: =RANK(W20, W$7:W$24) -> #DIV/0! | AB20: =AA20/Z20 -> #DIV/0! | AC20: =RANK(AB20, AB$7:AB$24) -> #DIV/0! | AG20: =AF20/AE20 -> #DIV/0! | AH20: =RANK(AG20, AG$7:AG$24) -> #DIV/0!
C21: 15 | R21: =Q21/P21 -> #DIV/0! | S21: =RANK(R21, R$7:R$24) -> #DIV/0!
C22: 16 | R22: =Q22/P22 -> #DIV/0! | S22: =RANK(R22, R$7:R$24) -> #DIV/0!
C23: 17 | R23: =Q23/P23 -> #DIV/0! | S23: =RANK(R23, R$7:R$24) -> #DIV/0!
C24: 18 | R24: =Q24/P24 -> #DIV/0! | S24: =RANK(R24, R$7:R$24) -> #DIV/0!
B25: 產線配置圖－每週更新 | N25: 資料繳交 | O25: 日期 | P25: 45993 | U25: 45994 | Z25: 45995 | AE25: 45996 | AJ25: 45997 | AO25: 45998 | AT25: 45999
P26: 二 | U26: 三 | Z26: 四 | AE26: 五 | AJ26: 六 | AO26: 日 | AT26: 一
B27: 品群 | C27: 商品名稱 | E27: 計畫 | H27: 平均人時性 | I27: 實績 | L27: 平均人時性 | M27: 排名 | O27: 日報 | P27: 實際 | T27: 平均人時性 | U27: 實際 | Y27: 平均人時性 | Z27: 實際 | AD27: 平均人時性 | AE27: 實際 | AI27: 平均人時性 | AJ27: 實際 | AN27: 平均人時性 | AO27: 實際 | AS27: 平均人時性 | AT27: 實際 | AX27: 平均人時性
E28: 產線配置圖 | I28: 產線配置圖 | P28: 生產實績 | U28: 生產實績 | Z28: 生產實績 | AE28: 生產實績 | AJ28: 生產實績 | AO28: 生產實績 | AT28: 生產實績
E29: 人數 | F29: 產能／時 | G29: 人時性 | I29: 人數 | J29: 產能／時 | K29: 人時性 | P29: 人數 | Q29: 產能／時 | R29: 人時性 | S29: 排名 | U29: 人數 | V29: 產能／時 | W29: 人時性 | X29: 排名 | Z29: 人數 | AA29: 產能／時 | AB29: 人時性 | AC29: 排名 | AE29: 人數 | AF29: 產能／時 | AG29: 人時性 | AH29: 排名 | AJ29: 人數 | AK29: 產能／時 | AL29: 人時性 | AM29: 排名 | AO29: 人數 | AP29: 產能／時 | AQ29: 人時性 | AR29: 排名 | AT29: 人數 | AU29: 產能／時 | AV29: 人時性 | AW29: 排名
B30: 熱食義麵 | C30: 1 | D30: 義式蕃茄起司義大利麵 | E30: =VLOOKUP(D30,'11產線配置圖'!$A$2:$C$25,2,0) -> 12 | F30: =VLOOKUP(D30,'11產線配置圖'!$A$2:$C$25,3,0) -> 2000 | G30: =F30/E30 -> 166.66667 | H30: =AVERAGE(G30:G47) -> 112.33325 | I30: =AVERAGE(P30,U30,Z30,AE30,AJ30,AO30,AT30) -> 12 | J30: =AVERAGE(Q30,V30,AA30,AF30,AK30,AP30,AU30) -> 1763.2857 | K30: =AVERAGE(R30,W30,AB30,AG30,AL30,AQ30,AV30) -> 146.94048 | L30: =IFERROR(AVERAGE(K30:K47),"-") -> 96.117637 | M30: =RANK(K30, K$30:$K$47) -> 1 | P30: 12 | Q30: 1737 | R30: =Q30/P30 -> 144.75 | S30: =RANK(R30,$R$30:$R$47) -> 1 | T30: =AVERAGE(R30:R47) -> 92.134985 | U30: 12 | V30: 1757 | W30: =V30/U30 -> 146.41667 | X30: =RANK(W30, $W$30:$W$47) -> 2 | Y30: =AVERAGE(W30:W47) -> 90.23587 | Z30: 12 | AA30: 1620 | AB30: =AA30/Z30 -> 135 | AC30: =RANK(AB30, $AB$30:$AB$47) -> 4 | AD30: =AVERAGE(AB30:AB47) -> 97.446521 | AE30: 12 | AF30: 1789 | AG30: =AF30/AE30 -> 149.08333 | AH30: =RANK(AG30, $AG$30:$AG$47) -> 1 | AI30: =AVERAGE(AG30:AG47) -> 97.046616 | AJ30: 12 | AK30: 1674 | AL30: =AK30/AJ30 -> 139.5 | AM30: =RANK(AL30, $AL$30:$AL$47) -> 1 | AN30: =AVERAGE(AL30:AL47) -> 93.118055 | AO30: 12 | AP30: 1896 | AQ30: =AP30/AO30 -> 158 | AR30: =RANK(AQ30,$AQ$30:$AQ$47) -> 1 | AS30: =AVERAGE(AQ30:AQ47) -> 101.24907 | AT30: 12 | AU30: 1870 | AV30: =AU30/AT30 -> 155.83333 | AW30: =RANK(AV30, $AV$30:$AV$47) -> 1 | AX30: =AVERAGE(AV30:AV47) -> 101.59234
C31: 2 | D31: 奶油培根義大利麵 | E31: =VLOOKUP(D31,'11產線配置圖'!$A$2:$C$25,2,0) -> 13 | F31: =VLOOKUP(D31,'11產線配置圖'!$A$2:$C$25,3,0) -> 2000 | G31: =F31/E31 -> 153.84615 | I31: =AVERAGE(P31,U31,Z31,AE31,AJ31,AO31,AT31) -> 13 | J31: =AVERAGE(Q31,V31,AA31,AF31,AK31,AP31,AU31) -> 1742 | K31: =AVERAGE(R31,W31,AB31,AG31,AL31,AQ31,AV31) -> 134 | M31: =RANK(K31, K$30:$K$47) -> 3 | P31: 13 | Q31: 1779 | R31: =Q31/P31 -> 136.84615 | S31: =RANK(R31,$R$30:$R$47) -> 3 | U31: 13 | V31: 1260 | W31: =V31/U31 -> 96.923077 | X31: =RANK(W31, $W$30:$W$47) -> 4 | Z31: 13 | AA31: 1925 | AB31: =AA31/Z31 -> 148.07692 | AC31: =RANK(AB31, $AB$30:$AB$47) -> 1 | AE31: 13 | AF31: 1832 | AG31: =AF31/AE31 -> 140.92308 | AH31: =RANK(AG31, $AG$30:$AG$47) -> 2 | AJ31: 13 | AK31: 1601 | AL31: =AK31/AJ31 -> 123.15385 | AM31: =RANK(AL31, $AL$30:$AL$47) -> 2 | AO31: 13 | AP31: 1912 | AQ31: =AP31/AO31 -> 147.07692 | AR31: =RANK(AQ31,$AQ$30:$AQ$47) -> 2 | AT31: 13 | AU31: 1885 | AV31: =AU31/AT31 -> 145 | AW31: =RANK(AV31, $AV$30:$AV$47) -> 2
C32: 3 | D32: 青醬蛤蜊義大利麵 | E32: =VLOOKUP(D32,'11產線配置圖'!$A$2:$C$25,2,0) -> 15 | F32: =VLOOKUP(D32,'11產線配置圖'!$A$2:$C$25,3,0) -> 2000 | G32: =F32/E32 -> 133.33333 | I32: =AVERAGE(P32,U32,Z32,AE32,AJ32,AO32,AT32) -> 13 | J32: =AVERAGE(Q32,V32,AA32,AF32,AK32,AP32,AU32) -> 1784.2857 | K32: =AVERAGE(R32,W32,AB32,AG32,AL32,AQ32,AV32) -> 137.25275 | M32: =RANK(K32, K$30:$K$47) -> 2 | P32: 13 | Q32: 1807 | R32: =Q32/P32 -> 139 | S32: =RANK(R32,$R$30:$R$47) -> 2 | U32: 13 | V32: 1980 | W32: =V32/U32 -> 152.30769 | X32: =RANK(W32, $W$30:$W$47) -> 1 | Z32: 13 | AA32: 1762 | AB32: =AA32/Z32 -> 135.53846 | AC32: =RANK(AB32, $AB$30:$AB$47) -> 3 | AE32: 13 | AF32: 1749 | AG32: =AF32/AE32 -> 134.53846 | AH32: =RANK(AG32, $AG$30:$AG$47) -> 3 | AJ32: 13 | AK32: 1445 | AL32: =AK32/AJ32 -> 111.15385 | AM32: =RANK(AL32, $AL$30:$AL$47) -> 4 | AO32: 13 | AP32: 1881 | AQ32: =AP32/AO32 -> 144.69231 | AR32: =RANK(AQ32,$AQ$30:$AQ$47) -> 3 | AT32: 13 | AU32: 1866 | AV32: =AU32/AT32 -> 143.53846 | AW32: =RANK(AV32, $AV$30:$AV$47) -> 3
C33: 4 | D33: 焗烤起司雙饗筆尖麵 | E33: =VLOOKUP(D33,'11產線配置圖'!$A$2:$C$25,2,0) -> 18 | F33: =VLOOKUP(D33,'11產線配置圖'!$A$2:$C$25,3,0) -> 1565 | G33: =F33/E33 -> 86.944444 | I33: =AVERAGE(P33,U33,Z33,AE33,AJ33,AO33,AT33) -> 17.571429 | J33: =AVERAGE(Q33,V33,AA33,AF33,AK33,AP33,AU33) -> 1477.7143 | K33: =AVERAGE(R33,W33,AB33,AG33,AL33,AQ33,AV33) -> 84.103641 | M33: =RANK(K33, K$30:$K$47) -> 6 | P33: 18 | Q33: 1538 | R33: =Q33/P33 -> 85.444444 | S33: =RANK(R33,$R$30:$R$47) -> 7 | U33: 17 | V33: 1441 | W33: =V33/U33 -> 84.764706 | X33: =RANK(W33, $W$30:$W$47) -> 6 | Z33: 17 | AA33: 1487 | AB33: =AA33/Z33 -> 87.470588 | AC33: =RANK(AB33, $AB$30:$AB$47) -> 6 | AE33: 18 | AF33: 1526 | AG33: =AF33/AE33 -> 84.777778 | AH33: =RANK(AG33, $AG$30:$AG$47) -> 7 | AJ33: 17 | AK33: 1374 | AL33: =AK33/AJ33 -> 80.823529 | AM33: =RANK(AL33, $AL$30:$AL$47) -> 8 | AO33: 18 | AP33: 1561 | AQ33: =AP33/AO33 -> 86.722222 | AR33: =RANK(AQ33,$AQ$30:$AQ$47) -> 7 | AT33: 18 | AU33: 1417 | AV33: =AU33/AT33 -> 78.722222 | AW33: =RANK(AV33, $AV$30:$AV$47) -> 11
C34: 5 | D34: 白酒蛤蜊義大利麵 | E34: =VLOOKUP(D34,'11產線配置圖'!$A$2:$C$25,2,0) -> 13 | F34: =VLOOKUP(D34,'11產線配置圖'!$A$2:$C$25,3,0) -> 2000 | G34: =F34/E34 -> 153.84615 | I34: =AVERAGE(P34,U34,Z34,AE34,AJ34,AO34,AT34) -> 13 | J34: =AVERAGE(Q34,V34,AA34,AF34,AK34,AP34,AU34) -> 1730.1429 | K34: =AVERAGE(R34,W34,AB34,AG34,AL34,AQ34,AV34) -> 133.08791 | M34: =RANK(K34, K$30:$K$47) -> 4 | P34: 13 | Q34: 1726 | R34: =Q34/P34 -> 132.76923 | S34: =RANK(R34,$R$30:$R$47) -> 4 | U34: 13 | V34: 1742 | W34: =V34/U34 -> 134 | X34: =RANK(W34, $W$30:$W$47) -> 3 | Z34: 13 | AA34: 1840 | AB34: =AA34/Z34 -> 141.53846 | AC34: =RANK(AB34, $AB$30:$AB$47) -> 2 | AE34: 13 | AF34: 1646 | AG34: =AF34/AE34 -> 126.61538 | AH34: =RANK(AG34, $AG$30:$AG$47) -> 4 | AJ34: 13 | AK34: 1558 | AL34: =AK34/AJ34 -> 119.84615 | AM34: =RANK(AL34, $AL$30:$AL$47) -> 3 | AO34: 13 | AP34: 1804 | AQ34: =AP34/AO34 -> 138.76923 | AR34: =RANK(AQ34,$AQ$30:$AQ$47) -> 4 | AT34: 13 | AU34: 1795 | AV34: =AU34/AT34 -> 138.07692 | AW34: =RANK(AV34, $AV$30:$AV$47) -> 4
C35: 6 | D35: 韓式起司炸雞義大利麵 | E35: =VLOOKUP(D35,'11產線配置圖'!$A$2:$C$25,2,0) -> 14 | F35: =VLOOKUP(D35,'11產線配置圖'!$A$2:$C$25,3,0) -> 1895 | G35: =F35/E35 -> 135.35714 | I35: =AVERAGE(P35,U35,Z35,AE35,AJ35,AO35,AT35) -> 17 | J35: =AVERAGE(Q35,V35,AA35,AF35,AK35,AP35,AU35) -> 1599.8571 | K35: =AVERAGE(R35,W35,AB35,AG35,AL35,AQ35,AV35) -> 94.109244 | M35: =RANK(K35, K$30:$K$47) -> 5 | P35: 17 | Q35: 1525 | R35: =Q35/P35 -> 89.705882 | S35: =RANK(R35,$R$30:$R$47) -> 6 | U35: 17 | V35: 1612 | W35: =V35/U35 -> 94.823529 | X35: =RANK(W35, $W$30:$W$47) -> 5 | Z35: 17 | AA35: 1773 | AB35: =AA35/Z35 -> 104.29412 | AC35: =RANK(AB35, $AB$30:$AB$47) -> 5 | AE35: 17 | AF35: 1623 | AG35: =AF35/AE35 -> 95.470588 | AH35: =RANK(AG35, $AG$30:$AG$47) -> 5 | AJ35: 17 | AK35: 1621 | AL35: =AK35/AJ35 -> 95.352941 | AM35: =RANK(AL35, $AL$30:$AL$47) -> 5 | AO35: 17 | AP35: 1288 | AQ35: =AP35/AO35 -> 75.764706 | AR35: =RANK(AQ35,$AQ$30:$AQ$47) -> 11 | AT35: 17 | AU35: 1757 | AV35: =AU35/AT35 -> 103.35294 | AW35: =RANK(AV35, $AV$30:$AV$47) -> 5
C36: 7 | D36: 焗烤明太子筆尖麵 | E36: =VLOOKUP(D36,'11產線配置圖'!$A$2:$C$25,2,0) -> 17 | F36: =VLOOKUP(D36,'11產線配置圖'!$A$2:$C$25,3,0) -> 1385 | G36: =F36/E36 -> 81.470588 | I36: =AVERAGE(P36,U36,Z36,AE36,AJ36,AO36,AT36) -> 14.285714 | J36: =AVERAGE(Q36,V36,AA36,AF36,AK36,AP36,AU36) -> 1090.1429 | K36: =AVERAGE(R36,W36,AB36,AG36,AL36,AQ36,AV36) -> 76.508582 | M36: =RANK(K36, K$30:$K$47) -> 10 | P36: 14 | Q36: 934 | R36: =Q36/P36 -> 66.714286 | S36: =RANK(R36,$R$30:$R$47) -> 10 | U36: 15 | V36: 907 | W36: =V36/U36 -> 60.466667 | X36: =RANK(W36, $W$30:$W$47) -> 12 | Z36: 15 | AA36: 1112 | AB36: =AA36/Z36 -> 74.133333 | AC36: =RANK(AB36, $AB$30:$AB$47) -> 9 | AE36: 15 | AF36: 1183 | AG36: =AF36/AE36 -> 78.866667 | AH36: =RANK(AG36, $AG$30:$AG$47) -> 9 | AJ36: 13 | AK36: 1044 | AL36: =AK36/AJ36 -> 80.307692 | AM36: =RANK(AL36, $AL$30:$AL$47) -> 9 | AO36: 14 | AP36: 1199 | AQ36: =AP36/AO36 -> 85.642857 | AR36: =RANK(AQ36,$AQ$30:$AQ$47) -> 8 | AT36: 14 | AU36: 1252 | AV36: =AU36/AT36 -> 89.428571 | AW36: =RANK(AV36, $AV$30:$AV$47) -> 6
C37: 8 | D37: 奶油蒜香雞義大利麵 | E37: =VLOOKUP(D37,'11產線配置圖'!$A$2:$C$25,2,0) -> 18 | F37: =VLOOKUP(D37,'11產線配置圖'!$A$2:$C$25,3,0) -> 1385 | G37: =F37/E37 -> 76.944444 | I37: =AVERAGE(P37,U37,Z37,AE37,AJ37,AO37,AT37) -> 15.142857 | J37: =AVERAGE(Q37,V37,AA37,AF37,AK37,AP37,AU37) -> 1015.7143 | K37: =AVERAGE(R37,W37,AB37,AG37,AL37,AQ37,AV37) -> 67.339159 | M37: =RANK(K37, K$30:$K$47) -> 12 | P37: 16 | Q37: 1063 | R37: =Q37/P37 -> 66.4375 | S37: =RANK(R37,$R$30:$R$47) -> 11 | U37: 16 | V37: 929 | W37: =V37/U37 -> 58.0625 | X37: =RANK(W37, $W$30:$W$47) -> 13 | Z37: 13 | AA37: 944 | AB37: =AA37/Z37 -> 72.615385 | AC37: =RANK(AB37, $AB$30:$AB$47) -> 11 | AE37: 18 | AF37: 1187 | AG37: =AF37/AE37 -> 65.944444 | AH37: =RANK(AG37, $AG$30:$AG$47) -> 13 | AJ37: 15 | AK37: 1059 | AL37: =AK37/AJ37 -> 70.6 | AM37: =RANK(AL37, $AL$30:$AL$47) -> 12 | AO37: 14 | AP37: 1023 | AQ37: =AP37/AO37 -> 73.071429 | AR37: =RANK(AQ37,$AQ$30:$AQ$47) -> 12 | AT37: 14 | AU37: 905 | AV37: =AU37/AT37 -> 64.642857 | AW37: =RANK(AV37, $AV$30:$AV$47) -> 13
C38: 9 | D38: 青花椒麻雞肉拌麵 | E38: =VLOOKUP(D38,'11產線配置圖'!$A$2:$C$25,2,0) -> 17 | F38: =VLOOKUP(D38,'11產線配置圖'!$A$2:$C$25,3,0) -> 1565 | G38: =F38/E38 -> 92.058824 | I38: =AVERAGE(P38,U38,Z38,AE38,AJ38,AO38,AT38) -> 15.571429 | J38: =AVERAGE(Q38,V38,AA38,AF38,AK38,AP38,AU38) -> 1203.2857 | K38: =AVERAGE(R38,W38,AB38,AG38,AL38,AQ38,AV38) -> 77.214876 | M38: =RANK(K38, K$30:$K$47) -> 8 | P38: 16 | Q38: 1304 | R38: =Q38/P38 -> 81.5 | S38: =RANK(R38,$R$30:$R$47) -> 8 | U38: 16 | V38: 972 | W38: =V38/U38 -> 60.75 | X38: =RANK(W38, $W$30:$W$47) -> 11 | Z38: 15 | AA38: 1071 | AB38: =AA38/Z38 -> 71.4 | AC38: =RANK(AB38, $AB$30:$AB$47) -> 12 | AE38: 15 | AF38: 1121 | AG38: =AF38/AE38 -> 74.733333 | AH38: =RANK(AG38, $AG$30:$AG$47) -> 10 | AJ38: 14 | AK38: 1164 | AL38: =AK38/AJ38 -> 83.142857 | AM38: =RANK(AL38, $AL$30:$AL$47) -> 7 | AO38: 17 | AP38: 1485 | AQ38: =AP38/AO38 -> 87.352941 | AR38: =RANK(AQ38,$AQ$30:$AQ$47) -> 5 | AT38: 16 | AU38: 1306 | AV38: =AU38/AT38 -> 81.625 | AW38: =RANK(AV38, $AV$30:$AV$47) -> 9
C39: 10 | D39: 剝皮辣椒雞奶油扁麵 | E39: =VLOOKUP(D39,'11產線配置圖'!$A$2:$C$25,2,0) -> 17 | F39: =VLOOKUP(D39,'11產線配置圖'!$A$2:$C$25,3,0) -> 1500 | G39: =F39/E39 -> 88.235294 | I39: =AVERAGE(P39,U39,Z39,AE39,AJ39,AO39,AT39) -> 17.714286 | J39: =AVERAGE(Q39,V39,AA39,AF39,AK39,AP39,AU39) -> 1359.8571 | K39: =AVERAGE(R39,W39,AB39,AG39,AL39,AQ39,AV39) -> 76.800638 | M39: =RANK(K39, K$30:$K$47) -> 9 | P39: 18 | Q39: 1244 | R39: =Q39/P39 -> 69.111111 | S39: =RANK(R39,$R$30:$R$47) -> 9 | U39: 17 | V39: 1312 | W39: =V39/U39 -> 77.176471 | X39: =RANK(W39, $W$30:$W$47) -> 8 | Z39: 16 | AA39: 1233 | AB39: =AA39/Z39 -> 77.0625 | AC39: =RANK(AB39, $AB$30:$AB$47) -> 8 | AE39: 18 | AF39: 1455 | AG39: =AF39/AE39 -> 80.833333 | AH39: =RANK(AG39, $AG$30:$AG$47) -> 8 | AJ39: 17 | AK39: 1360 | AL39: =AK39/AJ39 -> 80 | AM39: =RANK(AL39, $AL$30:$AL$47) -> 10 | AO39: 19 | AP39: 1556 | AQ39: =AP39/AO39 -> 81.894737 | AR39: =RANK(AQ39,$AQ$30:$AQ$47) -> 10 | AT39: 19 | AU39: 1359 | AV39: =AU39/AT39 -> 71.526316 | AW39: =RANK(AV39, $AV$30:$AV$47) -> 12
C40: 11 | D40: 濃拿坡里義大利麵 | E40: =VLOOKUP(D40,'11產線配置圖'!$A$2:$C$25,2,0) -> 15 | F40: =VLOOKUP(D40,'11產線配置圖'!$A$2:$C$25,3,0) -> 1440 | G40: =F40/E40 -> 96 | I40: =AVERAGE(P40,U40,Z40,AE40,AJ40,AO40,AT40) -> 14 | J40: =AVERAGE(Q40,V40,AA40,AF40,AK40,AP40,AU40) -> 927.14286 | K40: =AVERAGE(R40,W40,AB40,AG40,AL40,AQ40,AV40) -> 66.424804 | M40: =RANK(K40, K$30:$K$47) -> 13 | P40: 14 | Q40: 814 | R40: =Q40/P40 -> 58.142857 | S40: =RANK(R40,$R$30:$R$47) -> 12 | U40: 15 | V40: 924 | W40: =V40/U40 -> 61.6 | X40: =RANK(W40, $W$30:$W$47) -> 10 | Z40: 15 | AA40: 963 | AB40: =AA40/Z40 -> 64.2 | AC40: =RANK(AB40, $AB$30:$AB$47) -> 13 | AE40: 15 | AF40: 1017 | AG40: =AF40/AE40 -> 67.8 | AH40: =RANK(AG40, $AG$30:$AG$47) -> 12 | AJ40: 13 | AK40: 842 | AL40: =AK40/AJ40 -> 64.769231 | AM40: =RANK(AL40, $AL$30:$AL$47) -> 13 | AO40: 13 | AP40: 862 | AQ40: =AP40/AO40 -> 66.307692 | AR40: =RANK(AQ40,$AQ$30:$AQ$47) -> 13 | AT40: 13 | AU40: 1068 | AV40: =AU40/AT40 -> 82.153846 | AW40: =RANK(AV40, $AV$30:$AV$47) -> 8
C41: 12 | D41: 奶油起司蝦仁通心粉 | E41: =VLOOKUP(D41,'11產線配置圖'!$A$2:$C$25,2,0) -> 16 | F41: =VLOOKUP(D41,'11產線配置圖'!$A$2:$C$25,3,0) -> 1385 | G41: =F41/E41 -> 86.5625 | I41: =AVERAGE(P41,U41,Z41,AE41,AJ41,AO41,AT41) -> 15.571429 | J41: =AVERAGE(Q41,V41,AA41,AF41,AK41,AP41,AU41) -> 1305.8571 | K41: =AVERAGE(R41,W41,AB41,AG41,AL41,AQ41,AV41) -> 83.968447 | M41: =RANK(K41, K$30:$K$47) -> 7 | P41: 15 | Q41: 1369 | R41: =Q41/P41 -> 91.266667 | S41: =RANK(R41,$R$30:$R$47) -> 5 | U41: 16 | V41: 1302 | W41: =V41/U41 -> 81.375 | X41: =RANK(W41, $W$30:$W$47) -> 7 | Z41: 16 | AA41: 1310 | AB41: =AA41/Z41 -> 81.875 | AC41: =RANK(AB41, $AB$30:$AB$47) -> 7 | AE41: 17 | AF41: 1485 | AG41: =AF41/AE41 -> 87.352941 | AH41: =RANK(AG41, $AG$30:$AG$47) -> 6 | AJ41: 16 | AK41: 1176 | AL41: =AK41/AJ41 -> 73.5 | AM41: =RANK(AL41, $AL$30:$AL$47) -> 11 | AO41: 14 | AP41: 1220 | AQ41: =AP41/AO41 -> 87.142857 | AR41: =RANK(AQ41,$AQ$30:$AQ$47) -> 6 | AT41: 15 | AU41: 1279 | AV41: =AU41/AT41 -> 85.266667 | AW41: =RANK(AV41, $AV$30:$AV$47) -> 7
C42: 13 | D42: 南洋紅咖哩豬義大利麵 | E42: =VLOOKUP(D42,'11產線配置圖'!$A$2:$C$25,2,0) -> 15 | F42: =VLOOKUP(D42,'11產線配置圖'!$A$2:$C$25,3,0) -> 1636 | G42: =F42/E42 -> 109.06667 | I42: =AVERAGE(P42,U42,Z42,AE42,AJ42,AO42,AT42) -> 14.714286 | J42: =AVERAGE(Q42,V42,AA42,AF42,AK42,AP42,AU42) -> 1051.4286 | K42: =AVERAGE(R42,W42,AB42,AG42,AL42,AQ42,AV42) -> 71.778755 | M42: =RANK(K42, K$30:$K$47) -> 11 | P42: 15 | Q42: 541 | R42: =Q42/P42 -> 36.066667 | S42: =RANK(R42,$R$30:$R$47) -> 13 | U42: 15 | V42: 966 | W42: =V42/U42 -> 64.4 | X42: =RANK(W42, $W$30:$W$47) -> 9 | Z42: 15 | AA42: 1104 | AB42: =AA42/Z42 -> 73.6 | AC42: =RANK(AB42, $AB$30:$AB$47) -> 10 | AE42: 15 | AF42: 1120 | AG42: =AF42/AE42 -> 74.666667 | AH42: =RANK(AG42, $AG$30:$AG$47) -> 11 | AJ42: 13 | AK42: 1149 | AL42: =AK42/AJ42 -> 88.384615 | AM42: =RANK(AL42, $AL$30:$AL$47) -> 6 | AO42: 15 | AP42: 1257 | AQ42: =AP42/AO42 -> 83.8 | AR42: =RANK(AQ42,$AQ$30:$AQ$47) -> 9 | AT42: 15 | AU42: 1223 | AV42: =AU42/AT42 -> 81.533333 | AW42: =RANK(AV42, $AV$30:$AV$47) -> 10
C43: 14
C44: 15
C45: 16
C46: 17
C47: 18
B48: 產線配置圖－每週更新 | N48: 資料繳交 | O48: 日期 | P48: 46000 | U48: 46001 | Z48: 46002 | AE48: 46003 | AJ48: 46004 | AO48: 46005 | AT48: 46006
P49: 二 | U49: 三 | Z49: 四 | AE49: 五 | AJ49: 六 | AO49: 日 | AT49: 一
B50: 品群 | C50: 商品名稱 | E50: 計畫 | H50: 平均人時性 | I50: 實績 | L50: 平均人時性 | M50: 排名 | O50: 日報 | P50: 實際 | T50: 平均人時性 | U50: 實際 | Y50: 平均人時性 | Z50: 實際 | AD50: 平均人時性 | AE50: 實際 | AI50: 平均人時性 | AJ50: 實際 | AN50: 平均人時性 | AO50: 實際 | AS50: 平均人時性 | AT50: 實際 | AX50: 平均人時性
E51: 產線配置圖 | I51: 產線配置圖 | P51: 生產實績 | U51: 生產實績 | Z51: 生產實績 | AE51: 生產實績 | AJ51: 生產實績 | AO51: 生產實績 | AT51: 生產實績
E52: 人數 | F52: 產能／時 | G52: 人時性 | I52: 人數 | J52: 產能／時 | K52: 人時性 | P52: 人數 | Q52: 產能／時 | R52: 人時性 | S52: 排名 | U52: 人數 | V52: 產能／時 | W52: 人時性 | X52: 排名 | Z52: 人數 | AA52: 產能／時 | AB52: 人時性 | AC52: 排名 | AE52: 人數 | AF52: 產能／時 | AG52: 人時性 | AH52: 排名 | AJ52: 人數 | AK52: 產能／時 | AL52: 人時性 | AM52: 排名 | AO52: 人數 | AP52: 產能／時 | AQ52: 人時性 | AR52: 排名 | AT52: 人數 | AU52: 產能／時 | AV52: 人時性 | AW52: 排名
B53: 熱食義麵 | C53: 1 | D53: 義式蕃茄起司義大利麵 | E53: =VLOOKUP(D53,'11產線配置圖'!$A$2:$C$25,2,0) -> 12 | F53: =VLOOKUP(D53,'11產線配置圖'!$A$2:$C$25,3,0) -> 2000 | G53: =F53/E53 -> 166.66667 | H53: =AVERAGE(G53:G67) -> 111.16659 | I53: =AVERAGE(P53,U53,Z53,AE53,AJ53,AO53,AT53) -> 12 | J53: =AVERAGE(Q53,V53,AA53,AF53,AK53,AP53,AU53) -> 1868.4286 | K53: =AVERAGE(R53,W53,AB53,AG53,AL53,AQ53,AV53) -> 155.70238 | L53: =IFERROR(AVERAGE(K53:K67),"-") -> 98.687284 | M53: =RANK(K53, K$53:$K$67) -> 1 | P53: 12 | Q53: 1825 | R53: =Q53/P53 -> 152.08333 | S53: =RANK(R53, $R$53:$R$67) -> 1 | T53: =AVERAGE(R53:R67) -> 101.12351 | U53: 12 | V53: 1873 | W53: =V53/U53 -> 156.08333 | X53: =RANK(W53,$W$53:$W$67) -> 1 | Y53: =AVERAGE(W53:W67) -> 101.46798 | Z53: 12 | AA53: 1825 | AB53: =AA53/Z53 -> 152.08333 | AC53: =RANK(AB53, $AB$53:$AB$67) -> 1 | AD53: =AVERAGE(AB53:AB67) -> 96.61025 | AE53: 12 | AF53: 1947 | AG53: =AF53/AE53 -> 162.25 | AH53: =RANK(AG53, $AG$53:$AG$67) -> 1 | AI53: =AVERAGE(AG53:AG67) -> 96.524452 | AJ53: 12 | AK53: 1893 | AL53: =AK53/AJ53 -> 157.75 | AM53: =RANK(AL53,$AL$53:$AL$67) -> 1 | AN53: =AVERAGE(AL53:AL67) -> 95.738467 | AO53: 12 | AP53: 1849 | AQ53: =AP53/AO53 -> 154.08333 | AR53: =RANK(AQ53,$AQ$53:$AQ$67) -> 1 | AS53: =AVERAGE(AQ53:AQ67) -> 98.676111 | AT53: 12 | AU53: 1867 | AV53: =AU53/AT53 -> 155.58333 | AW53: =RANK(AV53,$AV$53:$AV$67) -> 1 | AX53: =AVERAGE(AV53:AV67) -> 100.67021
C54: 2 | D54: 奶油培根義大利麵 | E54: =VLOOKUP(D54,'11產線配置圖'!$A$2:$C$25,2,0) -> 13 | F54: =VLOOKUP(D54,'11產線配置圖'!$A$2:$C$25,3,0) -> 2000 | G54: =F54/E54 -> 153.84615 | I54: =AVERAGE(P54,U54,Z54,AE54,AJ54,AO54,AT54) -> 13 | J54: =AVERAGE(Q54,V54,AA54,AF54,AK54,AP54,AU54) -> 1889.8571 | K54: =AVERAGE(R54,W54,AB54,AG54,AL54,AQ54,AV54) -> 145.37363 | M54: =RANK(K54, K$53:$K$67) -> 3 | P54: 13 | Q54: 1826 | R54: =Q54/P54 -> 140.46154 | S54: =RANK(R54, $R$53:$R$67) -> 3 | U54: 13 | V54: 1912 | W54: =V54/U54 -> 147.07692 | X54: =RANK(W54,$W$53:$W$67) -> 2 | Z54: 13 | AA54: 1854 | AB54: =AA54/Z54 -> 142.61538 | AC54: =RANK(AB54, $AB$53:$AB$67) -> 3 | AE54: 13 | AF54: 1910 | AG54: =AF54/AE54 -> 146.92308 | AH54: =RANK(AG54, $AG$53:$AG$67) -> 3 | AJ54: 13 | AK54: 1906 | AL54: =AK54/AJ54 -> 146.61538 | AM54: =RANK(AL54,$AL$53:$AL$67) -> 3 | AO54: 13 | AP54: 1915 | AQ54: =AP54/AO54 -> 147.30769 | AR54: =RANK(AQ54,$AQ$53:$AQ$67) -> 2 | AT54: 13 | AU54: 1906 | AV54: =AU54/AT54 -> 146.61538 | AW54: =RANK(AV54,$AV$53:$AV$67) -> 2
C55: 3 | D55: 青醬蛤蜊義大利麵 | E55: =VLOOKUP(D55,'11產線配置圖'!$A$2:$C$25,2,0) -> 15 | F55: =VLOOKUP(D55,'11產線配置圖'!$A$2:$C$25,3,0) -> 2000 | G55: =F55/E55 -> 133.33333 | I55: =AVERAGE(P55,U55,Z55,AE55,AJ55,AO55,AT55) -> 13 | J55: =AVERAGE(Q55,V55,AA55,AF55,AK55,AP55,AU55) -> 1891.4286 | K55: =AVERAGE(R55,W55,AB55,AG55,AL55,AQ55,AV55) -> 145.49451 | M55: =RANK(K55, K$53:$K$67) -> 2 | P55: 13 | Q55: 1834 | R55: =Q55/P55 -> 141.07692 | S55: =RANK(R55, $R$53:$R$67) -> 2 | U55: 13 | V55: 1858 | W55: =V55/U55 -> 142.92308 | X55: =RANK(W55,$W$53:$W$67) -> 3 | Z55: 13 | AA55: 1880 | AB55: =AA55/Z55 -> 144.61538 | AC55: =RANK(AB55, $AB$53:$AB$67) -> 2 | AE55: 13 | AF55: 1954 | AG55: =AF55/AE55 -> 150.30769 | AH55: =RANK(AG55, $AG$53:$AG$67) -> 2 | AJ55: 13 | AK55: 1991 | AL55: =AK55/AJ55 -> 153.15385 | AM55: =RANK(AL55,$AL$53:$AL$67) -> 2 | AO55: 13 | AP55: 1893 | AQ55: =AP55/AO55 -> 145.61538 | AR55: =RANK(AQ55,$AQ$53:$AQ$67) -> 3 | AT55: 13 | AU55: 1830 | AV55: =AU55/AT55 -> 140.76923 | AW55: =RANK(AV55,$AV$53:$AV$67) -> 3
C56: 4 | D56: 焗烤起司雙饗筆尖麵 | E56: =VLOOKUP(D56,'11產線配置圖'!$A$2:$C$25,2,0) -> 18 | F56: =VLOOKUP(D56,'11產線配置圖'!$A$2:$C$25,3,0) -> 1565 | G56: =F56/E56 -> 86.944444 | I56: =AVERAGE(P56,U56,Z56,AE56,AJ56,AO56,AT56) -> 17.714286 | J56: =AVERAGE(Q56,V56,AA56,AF56,AK56,AP56,AU56) -> 1447 | K56: =AVERAGE(R56,W56,AB56,AG56,AL56,AQ56,AV56) -> 81.464286 | M56: =RANK(K56, K$53:$K$67) -> 9 | P56: 18 | Q56: 1590 | R56: =Q56/P56 -> 88.333333 | S56: =RANK(R56, $R$53:$R$67) -> 7 | U56: 18 | V56: 1594 | W56: =V56/U56 -> 88.555556 | X56: =RANK(W56,$W$53:$W$67) -> 9 | Z56: 18 | AA56: 1503 | AB56: =AA56/Z56 -> 83.5 | AC56: =RANK(AB56, $AB$53:$AB$67) -> 8 | AE56: 18 | AF56: 1274 | AG56: =AF56/AE56 -> 70.777778 | AH56: =RANK(AG56, $AG$53:$AG$67) -> 11 | AJ56: 16 | AK56: 1084 | AL56: =AK56/AJ56 -> 67.75 | AM56: =RANK(AL56,$AL$53:$AL$67) -> 13 | AO56: 18 | AP56: 1583 | AQ56: =AP56/AO56 -> 87.944444 | AR56: =RANK(AQ56,$AQ$53:$AQ$67) -> 6 | AT56: 18 | AU56: 1501 | AV56: =AU56/AT56 -> 83.388889 | AW56: =RANK(AV56,$AV$53:$AV$67) -> 9
C57: 5 | D57: 白酒蛤蜊義大利麵 | E57: =VLOOKUP(D57,'11產線配置圖'!$A$2:$C$25,2,0) -> 13 | F57: =VLOOKUP(D57,'11產線配置圖'!$A$2:$C$25,3,0) -> 2000 | G57: =F57/E57 -> 153.84615 | I57: =AVERAGE(P57,U57,Z57,AE57,AJ57,AO57,AT57) -> 13 | J57: =AVERAGE(Q57,V57,AA57,AF57,AK57,AP57,AU57) -> 1673 | K57: =AVERAGE(R57,W57,AB57,AG57,AL57,AQ57,AV57) -> 128.69231 | M57: =RANK(K57, K$53:$K$67) -> 4 | P57: 13 | Q57: 1787 | R57: =Q57/P57 -> 137.46154 | S57: =RANK(R57, $R$53:$R$67) -> 4 | U57: 13 | V57: 1809 | W57: =V57/U57 -> 139.15385 | X57: =RANK(W57,$W$53:$W$67) -> 4 | Z57: 13 | AA57: 1707 | AB57: =AA57/Z57 -> 131.30769 | AC57: =RANK(AB57, $AB$53:$AB$67) -> 4 | AE57: 13 | AF57: 1654 | AG57: =AF57/AE57 -> 127.23077 | AH57: =RANK(AG57, $AG$53:$AG$67) -> 4 | AJ57: 13 | AK57: 1254 | AL57: =AK57/AJ57 -> 96.461538 | AM57: =RANK(AL57,$AL$53:$AL$67) -> 5 | AO57: 13 | AP57: 1702 | AQ57: =AP57/AO57 -> 130.92308 | AR57: =RANK(AQ57,$AQ$53:$AQ$67) -> 4 | AT57: 13 | AU57: 1798 | AV57: =AU57/AT57 -> 138.30769 | AW57: =RANK(AV57,$AV$53:$AV$67) -> 4
C58: 6 | D58: 韓式起司炸雞義大利麵 | E58: =VLOOKUP(D58,'11產線配置圖'!$A$2:$C$25,2,0) -> 14 | F58: =VLOOKUP(D58,'11產線配置圖'!$A$2:$C$25,3,0) -> 1895 | G58: =F58/E58 -> 135.35714 | I58: =AVERAGE(P58,U58,Z58,AE58,AJ58,AO58,AT58) -> 17 | J58: =AVERAGE(Q58,V58,AA58,AF58,AK58,AP58,AU58) -> 1747.2857 | K58: =AVERAGE(R58,W58,AB58,AG58,AL58,AQ58,AV58) -> 102.78151 | M58: =RANK(K58, K$53:$K$67) -> 5 | P58: 17 | Q58: 1743 | R58: =Q58/P58 -> 102.52941 | S58: =RANK(R58, $R$53:$R$67) -> 5 | U58: 17 | V58: 1728 | W58: =V58/U58 -> 101.64706 | X58: =RANK(W58,$W$53:$W$67) -> 5 | Z58: 17 | AA58: 1522 | AB58: =AA58/Z58 -> 89.529412 | AC58: =RANK(AB58, $AB$53:$AB$67) -> 6 | AE58: 17 | AF58: 1697 | AG58: =AF58/AE58 -> 99.823529 | AH58: =RANK(AG58, $AG$53:$AG$67) -> 5 | AJ58: 17 | AK58: 1796 | AL58: =AK58/AJ58 -> 105.64706 | AM58: =RANK(AL58,$AL$53:$AL$67) -> 4 | AO58: 17 | AP58: 1864 | AQ58: =AP58/AO58 -> 109.64706 | AR58: =RANK(AQ58,$AQ$53:$AQ$67) -> 5 | AT58: 17 | AU58: 1881 | AV58: =AU58/AT58 -> 110.64706 | AW58: =RANK(AV58,$AV$53:$AV$67) -> 5
C59: 7 | D59: 焗烤明太子筆尖麵 | E59: =VLOOKUP(D59,'11產線配置圖'!$A$2:$C$25,2,0) -> 17 | F59: =VLOOKUP(D59,'11產線配置圖'!$A$2:$C$25,3,0) -> 1385 | G59: =F59/E59 -> 81.470588 | I59: =AVERAGE(P59,U59,Z59,AE59,AJ59,AO59,AT59) -> 14.857143 | J59: =AVERAGE(Q59,V59,AA59,AF59,AK59,AP59,AU59) -> 1083.7143 | K59: =AVERAGE(R59,W59,AB59,AG59,AL59,AQ59,AV59) -> 72.867347 | M59: =RANK(K59, K$53:$K$67) -> 12 | P59: 15 | Q59: 1247 | R59: =Q59/P59 -> 83.133333 | S59: =RANK(R59, $R$53:$R$67) -> 9 | U59: 15 | V59: 1177 | W59: =V59/U59 -> 78.466667 | X59: =RANK(W59,$W$53:$W$67) -> 11 | Z59: 15 | AA59: 1163 | AB59: =AA59/Z59 -> 77.533333 | AC59: =RANK(AB59, $AB$53:$AB$67) -> 10 | AE59: 14 | AF59: 911 | AG59: =AF59/AE59 -> 65.071429 | AH59: =RANK(AG59, $AG$53:$AG$67) -> 14 | AJ59: 15 | AK59: 1071 | AL59: =AK59/AJ59 -> 71.4 | AM59: =RANK(AL59,$AL$53:$AL$67) -> 12 | AO59: 15 | AP59: 962 | AQ59: =AP59/AO59 -> 64.133333 | AR59: =RANK(AQ59,$AQ$53:$AQ$67) -> 13 | AT59: 15 | AU59: 1055 | AV59: =AU59/AT59 -> 70.333333 | AW59: =RANK(AV59,$AV$53:$AV$67) -> 14
C60: 8 | D60: 奶油蒜香雞義大利麵 | E60: =VLOOKUP(D60,'11產線配置圖'!$A$2:$C$25,2,0) -> 18 | F60: =VLOOKUP(D60,'11產線配置圖'!$A$2:$C$25,3,0) -> 1385 | G60: =F60/E60 -> 76.944444 | I60: =AVERAGE(P60,U60,Z60,AE60,AJ60,AO60,AT60) -> 16.428571 | J60: =AVERAGE(Q60,V60,AA60,AF60,AK60,AP60,AU60) -> 1157.2857 | K60: =AVERAGE(R60,W60,AB60,AG60,AL60,AQ60,AV60) -> 70.6786 | M60: =RANK(K60, K$53:$K$67) -> 13 | P60: 18 | Q60: 1350 | R60: =Q60/P60 -> 75 | S60: =RANK(R60, $R$53:$R$67) -> 14 | U60: 18 | V60: 1137 | W60: =V60/U60 -> 63.166667 | X60: =RANK(W60,$W$53:$W$67) -> 14 | Z60: 18 | AA60: 1153 | AB60: =AA60/Z60 -> 64.055556 | AC60: =RANK(AB60, $AB$53:$AB$67) -> 14 | AE60: 15 | AF60: 1046 | AG60: =AF60/AE60 -> 69.733333 | AH60: =RANK(AG60, $AG$53:$AG$67) -> 12 | AJ60: 14 | AK60: 1048 | AL60: =AK60/AJ60 -> 74.857143 | AM60: =RANK(AL60,$AL$53:$AL$67) -> 10 | AO60: 16 | AP60: 1222 | AQ60: =AP60/AO60 -> 76.375 | AR60: =RANK(AQ60,$AQ$53:$AQ$67) -> 11 | AT60: 16 | AU60: 1145 | AV60: =AU60/AT60 -> 71.5625 | AW60: =RANK(AV60,$AV$53:$AV$67) -> 13
C61: 9 | D61: 青花椒麻雞肉拌麵 | E61: =VLOOKUP(D61,'11產線配置圖'!$A$2:$C$25,2,0) -> 17 | F61: =VLOOKUP(D61,'11產線配置圖'!$A$2:$C$25,3,0) -> 1565 | G61: =F61/E61 -> 92.058824 | I61: =AVERAGE(P61,U61,Z61,AE61,AJ61,AO61,AT61) -> 16.857143 | J61: =AVERAGE(Q61,V61,AA61,AF61,AK61,AP61,AU61) -> 1435.7143 | K61: =AVERAGE(R61,W61,AB61,AG61,AL61,AQ61,AV61) -> 85.199055 | M61: =RANK(K61, K$53:$K$67) -> 6 | P61: 17 | Q61: 1466 | R61: =Q61/P61 -> 86.235294 | S61: =RANK(R61, $R$53:$R$67) -> 8 | U61: 17 | V61: 1541 | W61: =V61/U61 -> 90.647059 | X61: =RANK(W61,$W$53:$W$67) -> 8 | Z61: 17 | AA61: 1443 | AB61: =AA61/Z61 -> 84.882353 | AC61: =RANK(AB61, $AB$53:$AB$67) -> 7 | AE61: 17 | AF61: 1231 | AG61: =AF61/AE61 -> 72.411765 | AH61: =RANK(AG61, $AG$53:$AG$67) -> 9 | AJ61: 16 | AK61: 1419 | AL61: =AK61/AJ61 -> 88.6875 | AM61: =RANK(AL61,$AL$53:$AL$67) -> 7 | AO61: 17 | AP61: 1425 | AQ61: =AP61/AO61 -> 83.823529 | AR61: =RANK(AQ61,$AQ$53:$AQ$67) -> 8 | AT61: 17 | AU61: 1525 | AV61: =AU61/AT61 -> 89.705882 | AW61: =RANK(AV61,$AV$53:$AV$67) -> 6
C62: 10 | D62: 剝皮辣椒雞奶油扁麵 | E62: =VLOOKUP(D62,'11產線配置圖'!$A$2:$C$25,2,0) -> 17 | F62: =VLOOKUP(D62,'11產線配置圖'!$A$2:$C$25,3,0) -> 1500 | G62: =F62/E62 -> 88.235294 | I62: =AVERAGE(P62,U62,Z62,AE62,AJ62,AO62,AT62) -> 18.428571 | J62: =AVERAGE(Q62,V62,AA62,AF62,AK62,AP62,AU62) -> 1405 | K62: =AVERAGE(R62,W62,AB62,AG62,AL62,AQ62,AV62) -> 76.296627 | M62: =RANK(K62, K$53:$K$67) -> 11 | P62: 19 | Q62: 1543 | R62: =Q62/P62 -> 81.210526 | S62: =RANK(R62, $R$53:$R$67) -> 10 | U62: 19 | V62: 1475 | W62: =V62/U62 -> 77.631579 | X62: =RANK(W62,$W$53:$W$67) -> 12 | Z62: 19 | AA62: 1281 | AB62: =AA62/Z62 -> 67.421053 | AC62: =RANK(AB62, $AB$53:$AB$67) -> 13 | AE62: 19 | AF62: 1294 | AG62: =AF62/AE62 -> 68.105263 | AH62: =RANK(AG62, $AG$53:$AG$67) -> 13 | AJ62: 16 | AK62: 1235 | AL62: =AK62/AJ62 -> 77.1875 | AM62: =RANK(AL62,$AL$53:$AL$67) -> 8 | AO62: 18 | AP62: 1456 | AQ62: =AP62/AO62 -> 80.888889 | AR62: =RANK(AQ62,$AQ$53:$AQ$67) -> 10 | AT62: 19 | AU62: 1551 | AV62: =AU62/AT62 -> 81.631579 | AW62: =RANK(AV62,$AV$53:$AV$67) -> 10
C63: 11 | D63: 濃拿坡里義大利麵 | E63: =VLOOKUP(D63,'11產線配置圖'!$A$2:$C$25,2,0) -> 15 | F63: =VLOOKUP(D63,'11產線配置圖'!$A$2:$C$25,3,0) -> 1440 | G63: =F63/E63 -> 96 | I63: =AVERAGE(P63,U63,Z63,AE63,AJ63,AO63,AT63) -> 14.857143 | J63: =AVERAGE(Q63,V63,AA63,AF63,AK63,AP63,AU63) -> 1039.8571 | K63: =AVERAGE(R63,W63,AB63,AG63,AL63,AQ63,AV63) -> 70.029252 | M63: =RANK(K63, K$53:$K$67) -> 14 | P63: 15 | Q63: 1171 | R63: =Q63/P63 -> 78.066667 | S63: =RANK(R63, $R$53:$R$67) -> 12 | U63: 15 | V63: 1007 | W63: =V63/U63 -> 67.133333 | X63: =RANK(W63,$W$53:$W$67) -> 13 | Z63: 15 | AA63: 1019 | AB63: =AA63/Z63 -> 67.933333 | AC63: =RANK(AB63, $AB$53:$AB$67) -> 12 | AE63: 14 | AF63: 1037 | AG63: =AF63/AE63 -> 74.071429 | AH63: =RANK(AG63, $AG$53:$AG$67) -> 8 | AJ63: 15 | AK63: 1075 | AL63: =AK63/AJ63 -> 71.666667 | AM63: =RANK(AL63,$AL$53:$AL$67) -> 11 | AO63: 15 | AP63: 877 | AQ63: =AP63/AO63 -> 58.466667 | AR63: =RANK(AQ63,$AQ$53:$AQ$67) -> 14 | AT63: 15 | AU63: 1093 | AV63: =AU63/AT63 -> 72.866667 | AW63: =RANK(AV63,$AV$53:$AV$67) -> 12
C64: 12 | D64: 奶油起司蝦仁通心粉 | E64: =VLOOKUP(D64,'11產線配置圖'!$A$2:$C$25,2,0) -> 16 | F64: =VLOOKUP(D64,'11產線配置圖'!$A$2:$C$25,3,0) -> 1385 | G64: =F64/E64 -> 86.5625 | I64: =AVERAGE(P64,U64,Z64,AE64,AJ64,AO64,AT64) -> 14.285714 | J64: =AVERAGE(Q64,V64,AA64,AF64,AK64,AP64,AU64) -> 1164.7143 | K64: =AVERAGE(R64,W64,AB64,AG64,AL64,AQ64,AV64) -> 81.38001 | M64: =RANK(K64, K$53:$K$67) -> 10 | P64: 15 | Q64: 1161 | R64: =Q64/P64 -> 77.4 | S64: =RANK(R64, $R$53:$R$67) -> 13 | U64: 15 | V64: 1442 | W64: =V64/U64 -> 96.133333 | X64: =RANK(W64,$W$53:$W$67) -> 6 | Z64: 15 | AA64: 1373 | AB64: =AA64/Z64 -> 91.533333 | AC64: =RANK(AB64, $AB$53:$AB$67) -> 5 | AE64: 13 | AF64: 1135 | AG64: =AF64/AE64 -> 87.307692 | AH64: =RANK(AG64, $AG$53:$AG$67) -> 6 | AJ64: 14 | AK64: 908 | AL64: =AK64/AJ64 -> 64.857143 | AM64: =RANK(AL64,$AL$53:$AL$67) -> 14 | AO64: 14 | AP64: 1020 | AQ64: =AP64/AO64 -> 72.857143 | AR64: =RANK(AQ64,$AQ$53:$AQ$67) -> 12 | AT64: 14 | AU64: 1114 | AV64: =AU64/AT64 -> 79.571429 | AW64: =RANK(AV64,$AV$53:$AV$67) -> 11
C65: 13 | D65: 南洋紅咖哩豬義大利麵 | E65: =VLOOKUP(D65,'11產線配置圖'!$A$2:$C$25,2,0) -> 15 | F65: =VLOOKUP(D65,'11產線配置圖'!$A$2:$C$25,3,0) -> 1636 | G65: =F65/E65 -> 109.06667 | I65: =AVERAGE(P65,U65,Z65,AE65,AJ65,AO65,AT65) -> 15 | J65: =AVERAGE(Q65,V65,AA65,AF65,AK65,AP65,AU65) -> 1227.8571 | K65: =AVERAGE(R65,W65,AB65,AG65,AL65,AQ65,AV65) -> 81.857143 | M65: =RANK(K65, K$53:$K$67) -> 8 | P65: 15 | Q65: 1384 | R65: =Q65/P65 -> 92.266667 | S65: =RANK(R65, $R$53:$R$67) -> 6 | U65: 15 | V65: 1195 | W65: =V65/U65 -> 79.666667 | X65: =RANK(W65,$W$53:$W$67) -> 10 | Z65: 15 | AA65: 1104 | AB65: =AA65/Z65 -> 73.6 | AC65: =RANK(AB65, $AB$53:$AB$67) -> 11 | AE65: 15 | AF65: 1086 | AG65: =AF65/AE65 -> 72.4 | AH65: =RANK(AG65, $AG$53:$AG$67) -> 10 | AJ65: 15 | AK65: 1331 | AL65: =AK65/AJ65 -> 88.733333 | AM65: =RANK(AL65,$AL$53:$AL$67) -> 6 | AO65: 15 | AP65: 1223 | AQ65: =AP65/AO65 -> 81.533333 | AR65: =RANK(AQ65,$AQ$53:$AQ$67) -> 9 | AT65: 15 | AU65: 1272 | AV65: =AU65/AT65 -> 84.8 | AW65: =RANK(AV65,$AV$53:$AV$67) -> 7
C66: 14 | D66: 惡魔乳酪生義大利麵 | E66: =VLOOKUP(D66,'11產線配置圖'!$A$2:$C$25,2,0) -> 15 | F66: =VLOOKUP(D66,'11產線配置圖'!$A$2:$C$25,3,0) -> 1440 | G66: =F66/E66 -> 96 | I66: =AVERAGE(P66,U66,Z66,AE66,AJ66,AO66,AT66) -> 15 | J66: =AVERAGE(Q66,V66,AA66,AF66,AK66,AP66,AU66) -> 1257.1429 | K66: =AVERAGE(R66,W66,AB66,AG66,AL66,AQ66,AV66) -> 83.805322 | M66: =RANK(K66, K$53:$K$67) -> 7 | P66: 17 | Q66: 1368 | R66: =Q66/P66 -> 80.470588 | S66: =RANK(R66, $R$53:$R$67) -> 11 | U66: 15 | V66: 1384 | W66: =V66/U66 -> 92.266667 | X66: =RANK(W66,$W$53:$W$67) -> 7 | Z66: 15 | AA66: 1229 | AB66: =AA66/Z66 -> 81.933333 | AC66: =RANK(AB66, $AB$53:$AB$67) -> 9 | AE66: 14 | AF66: 1189 | AG66: =AF66/AE66 -> 84.928571 | AH66: =RANK(AG66, $AG$53:$AG$67) -> 7 | AJ66: 14 | AK66: 1058 | AL66: =AK66/AJ66 -> 75.571429 | AM66: =RANK(AL66,$AL$53:$AL$67) -> 9 | AO66: 15 | AP66: 1318 | AQ66: =AP66/AO66 -> 87.866667 | AR66: =RANK(AQ66,$AQ$53:$AQ$67) -> 7 | AT66: 15 | AU66: 1254 | AV66: =AU66/AT66 -> 83.6 | AW66: =RANK(AV66,$AV$53:$AV$67) -> 8
C67: 15
B68: 產線配置圖－每週更新 | N68: 資料繳交 | O68: 日期 | P68: 46007 | U68: 46008 | Z68: 46009 | AE68: 46010 | AJ68: 46011 | AO68: 46012 | AT68: 46013
P69: 二 | U69: 三 | Z69: 四 | AE69: 五 | AJ69: 六 | AO69: 日 | AT69: 一
B70: 品群 | C70: 商品名稱 | E70: 計畫 | H70: 平均人時性 | I70: 實績 | L70: 平均人時性 | M70: 排名 | O70: 日報 | P70: 實際 | T70: 平均人時性 | U70: 實際 | Y70: 平均人時性 | Z70: 實際 | AD70: 平均人時性 | AE70: 實際 | AI70: 平均人時性 | AJ70: 實際 | AN70: 平均人時性 | AO70: 實際 | AS70: 平均人時性 | AT70: 實際 | AX70: 平均人時性
E71: 產線配置圖 | I71: 產線配置圖 | P71: 生產實績 | U71: 生產實績 | Z71: 生產實績 | AE71: 生產實績 | AJ71: 生產實績 | AO71: 生產實績 | AT71: 生產實績
E72: 人數 | F72: 產能／時 | G72: 人時性 | I72: 人數 | J72: 產能／時 | K72: 人時性 | P72: 人數 | Q72: 產能／時 | R72: 人時性 | S72: 排名 | U72: 人數 | V72: 產能／時 | W72: 人時性 | X72: 排名 | Z72: 人數 | AA72: 產能／時 | AB72: 人時性 | AC72: 排名 | AE72: 人數 | AF72: 產能／時 | AG72: 人時性 | AH72: 排名 | AJ72: 人數 | AK72: 產能／時 | AL72: 人時性 | AM72: 排名 | AO72: 人數 | AP72: 產能／時 | AQ72: 人時性 | AR72: 排名 | AT72: 人數 | AU72: 產能／時 | AV72: 人時性 | AW72: 排名
B73: 熱食義麵 | C73: 1 | D73: 義式蕃茄起司義大利麵 | E73: =VLOOKUP(D73,'11產線配置圖'!$A$2:$C$25,2,0) -> 12 | F73: =VLOOKUP(D73,'11產線配置圖'!$A$2:$C$25,3,0) -> 2000 | G73: =F73/E73 -> 166.66667 | H73: =AVERAGE(G73:G87) -> 109.08881 | I73: =AVERAGE(P73,U73,Z73,AE73,AJ73,AO73,AT73) -> 12 | J73: =AVERAGE(Q73,V73,AA73,AF73,AK73,AP73,AU73) -> 1814.5714 | K73: =AVERAGE(R73,W73,AB73,AG73,AL73,AQ73,AV73) -> 151.21429 | L73: =IFERROR(AVERAGE(K73:K90),"-") -> 96.594174 | M73: =RANK(K73, $K$73:$K$90) -> 1 | P73: 12 | Q73: 1892 | R73: =Q73/P73 -> 157.66667 | S73: =RANK(R73, $R$73:$R$90) -> 1 | T73: =AVERAGE(R73:R90) -> 94.092308 | U73: 12 | V73: 1876 | W73: =V73/U73 -> 156.33333 | X73: =RANK(W73, $W$73:$W$90) -> 1 | Y73: =AVERAGE(W73:W90) -> 96.221215 | Z73: 12 | AA73: 1885 | AB73: =AA73/Z73 -> 157.08333 | AC73: =RANK(AB73, $AB$73:$AB$90) -> 1 | AD73: =AVERAGE(AB73:AB90) -> 97.941669 | AE73: 12 | AF73: 1819 | AG73: =AF73/AE73 -> 151.58333 | AH73: =RANK(AG73, $AG$73:$AG$90) -> 1 | AI73: =AVERAGE(AG73:AG90) -> 95.185494 | AJ73: 12 | AK73: 1558 | AL73: =AK73/AJ73 -> 129.83333 | AM73: =RANK(AL73, $AL$73:$AL$90) -> 4 | AN73: =AVERAGE(AL73:AL90) -> 94.65972 | AO73: 12 | AP73: 1903 | AQ73: =AP73/AO73 -> 158.58333 | AR73: =RANK(AQ73, $AQ$73:$AQ$90) -> 1 | AS73: =AVERAGE(AQ73:AQ90) -> 99.967982 | AT73: 12 | AU73: 1769 | AV73: =AU73/AT73 -> 147.41667 | AW73: =RANK(AV73, $AV$73:$AV$90) -> 1 | AX73: =AVERAGE(AV73:AV90) -> 98.090829
C74: 2 | D74: 奶油培根義大利麵 | E74: =VLOOKUP(D74,'11產線配置圖'!$A$2:$C$25,2,0) -> 13 | F74: =VLOOKUP(D74,'11產線配置圖'!$A$2:$C$25,3,0) -> 2000 | G74: =F74/E74 -> 153.84615 | I74: =AVERAGE(P74,U74,Z74,AE74,AJ74,AO74,AT74) -> 13 | J74: =AVERAGE(Q74,V74,AA74,AF74,AK74,AP74,AU74) -> 1873.8571 | K74: =AVERAGE(R74,W74,AB74,AG74,AL74,AQ74,AV74) -> 144.14286 | M74: =RANK(K74, $K$73:$K$90) -> 3 | P74: 13 | Q74: 1906 | R74: =Q74/P74 -> 146.61538 | S74: =RANK(R74, $R$73:$R$90) -> 3 | U74: 13 | V74: 1930 | W74: =V74/U74 -> 148.46154 | X74: =RANK(W74, $W$73:$W$90) -> 2 | Z74: 13 | AA74: 1902 | AB74: =AA74/Z74 -> 146.30769 | AC74: =RANK(AB74, $AB$73:$AB$90) -> 3 | AE74: 13 | AF74: 1810 | AG74: =AF74/AE74 -> 139.23077 | AH74: =RANK(AG74, $AG$73:$AG$90) -> 3 | AJ74: 13 | AK74: 1858 | AL74: =AK74/AJ74 -> 142.92308 | AM74: =RANK(AL74, $AL$73:$AL$90) -> 2 | AO74: 13 | AP74: 1914 | AQ74: =AP74/AO74 -> 147.23077 | AR74: =RANK(AQ74, $AQ$73:$AQ$90) -> 3 | AT74: 13 | AU74: 1797 | AV74: =AU74/AT74 -> 138.23077 | AW74: =RANK(AV74, $AV$73:$AV$90) -> 3
C75: 3 | D75: 青醬蛤蜊義大利麵 | E75: =VLOOKUP(D75,'11產線配置圖'!$A$2:$C$25,2,0) -> 15 | F75: =VLOOKUP(D75,'11產線配置圖'!$A$2:$C$25,3,0) -> 2000 | G75: =F75/E75 -> 133.33333 | I75: =AVERAGE(P75,U75,Z75,AE75,AJ75,AO75,AT75) -> 13 | J75: =AVERAGE(Q75,V75,AA75,AF75,AK75,AP75,AU75) -> 1905.2857 | K75: =AVERAGE(R75,W75,AB75,AG75,AL75,AQ75,AV75) -> 146.56044 | M75: =RANK(K75, $K$73:$K$90) -> 2 | P75: 13 | Q75: 1899 | R75: =Q75/P75 -> 146.07692 | S75: =RANK(R75, $R$73:$R$90) -> 4 | U75: 13 | V75: 1902 | W75: =V75/U75 -> 146.30769 | X75: =RANK(W75, $W$73:$W$90) -> 3 | Z75: 13 | AA75: 1957 | AB75: =AA75/Z75 -> 150.53846 | AC75: =RANK(AB75, $AB$73:$AB$90) -> 2 | AE75: 13 | AF75: 1835 | AG75: =AF75/AE75 -> 141.15385 | AH75: =RANK(AG75, $AG$73:$AG$90) -> 2 | AJ75: 13 | AK75: 1961 | AL75: =AK75/AJ75 -> 150.84615 | AM75: =RANK(AL75, $AL$73:$AL$90) -> 1 | AO75: 13 | AP75: 1928 | AQ75: =AP75/AO75 -> 148.30769 | AR75: =RANK(AQ75, $AQ$73:$AQ$90) -> 2 | AT75: 13 | AU75: 1855 | AV75: =AU75/AT75 -> 142.69231 | AW75: =RANK(AV75, $AV$73:$AV$90) -> 2
C76: 4 | D76: 焗烤起司雙饗筆尖麵 | E76: =VLOOKUP(D76,'11產線配置圖'!$A$2:$C$25,2,0) -> 18 | F76: =VLOOKUP(D76,'11產線配置圖'!$A$2:$C$25,3,0) -> 1565 | G76: =F76/E76 -> 86.944444 | I76: =AVERAGE(P76,U76,Z76,AE76,AJ76,AO76,AT76) -> 18 | J76: =AVERAGE(Q76,V76,AA76,AF76,AK76,AP76,AU76) -> 1551.8571 | K76: =AVERAGE(R76,W76,AB76,AG76,AL76,AQ76,AV76) -> 86.214286 | M76: =RANK(K76, $K$73:$K$90) -> 9 | P76: 18 | Q76: 1585 | R76: =Q76/P76 -> 88.055556 | S76: =RANK(R76, $R$73:$R$90) -> 7 | U76: 18 | V76: 1533 | W76: =V76/U76 -> 85.166667 | X76: =RANK(W76, $W$73:$W$90) -> 7 | Z76: 18 | AA76: 1556 | AB76: =AA76/Z76 -> 86.444444 | AC76: =RANK(AB76, $AB$73:$AB$90) -> 9 | AE76: 18 | AF76: 1527 | AG76: =AF76/AE76 -> 84.833333 | AH76: =RANK(AG76, $AG$73:$AG$90) -> 8 | AJ76: 18 | AK76: 1519 | AL76: =AK76/AJ76 -> 84.388889 | AM76: =RANK(AL76, $AL$73:$AL$90) -> 9 | AO76: 18 | AP76: 1588 | AQ76: =AP76/AO76 -> 88.222222 | AR76: =RANK(AQ76, $AQ$73:$AQ$90) -> 9 | AT76: 18 | AU76: 1555 | AV76: =AU76/AT76 -> 86.388889 | AW76: =RANK(AV76, $AV$73:$AV$90) -> 10
C77: 5 | D77: 白酒蛤蜊義大利麵 | E77: =VLOOKUP(D77,'11產線配置圖'!$A$2:$C$25,2,0) -> 13 | F77: =VLOOKUP(D77,'11產線配置圖'!$A$2:$C$25,3,0) -> 2000 | G77: =F77/E77 -> 153.84615 | I77: =AVERAGE(P77,U77,Z77,AE77,AJ77,AO77,AT77) -> 13 | J77: =AVERAGE(Q77,V77,AA77,AF77,AK77,AP77,AU77) -> 1817.2857 | K77: =AVERAGE(R77,W77,AB77,AG77,AL77,AQ77,AV77) -> 139.79121 | M77: =RANK(K77, $K$73:$K$90) -> 4 | P77: 13 | Q77: 1916 | R77: =Q77/P77 -> 147.38462 | S77: =RANK(R77, $R$73:$R$90) -> 2 | U77: 13 | V77: 1813 | W77: =V77/U77 -> 139.46154 | X77: =RANK(W77, $W$73:$W$90) -> 4 | Z77: 13 | AA77: 1794 | AB77: =AA77/Z77 -> 138 | AC77: =RANK(AB77, $AB$73:$AB$90) -> 4 | AE77: 13 | AF77: 1796 | AG77: =AF77/AE77 -> 138.15385 | AH77: =RANK(AG77, $AG$73:$AG$90) -> 4 | AJ77: 13 | AK77: 1721 | AL77: =AK77/AJ77 -> 132.38462 | AM77: =RANK(AL77, $AL$73:$AL$90) -> 3 | AO77: 13 | AP77: 1886 | AQ77: =AP77/AO77 -> 145.07692 | AR77: =RANK(AQ77, $AQ$73:$AQ$90) -> 4 | AT77: 13 | AU77: 1795 | AV77: =AU77/AT77 -> 138.07692 | AW77: =RANK(AV77, $AV$73:$AV$90) -> 4
C78: 6 | D78: 韓式起司炸雞義大利麵 | E78: =VLOOKUP(D78,'11產線配置圖'!$A$2:$C$25,2,0) -> 14 | F78: =VLOOKUP(D78,'11產線配置圖'!$A$2:$C$25,3,0) -> 1895 | G78: =F78/E78 -> 135.35714 | I78: =AVERAGE(P78,U78,Z78,AE78,AJ78,AO78,AT78) -> 16.857143 | J78: =AVERAGE(Q78,V78,AA78,AF78,AK78,AP78,AU78) -> 1644.4286 | K78: =AVERAGE(R78,W78,AB78,AG78,AL78,AQ78,AV78) -> 97.623424 | M78: =RANK(K78, $K$73:$K$90) -> 5 | P78: 17 | Q78: 1546 | R78: =Q78/P78 -> 90.941176 | S78: =RANK(R78, $R$73:$R$90) -> 6 | U78: 17 | V78: 1801 | W78: =V78/U78 -> 105.94118 | X78: =RANK(W78, $W$73:$W$90) -> 5 | Z78: 17 | AA78: 1669 | AB78: =AA78/Z78 -> 98.176471 | AC78: =RANK(AB78, $AB$73:$AB$90) -> 5 | AE78: 17 | AF78: 1775 | AG78: =AF78/AE78 -> 104.41176 | AH78: =RANK(AG78, $AG$73:$AG$90) -> 5 | AJ78: 17 | AK78: 1239 | AL78: =AK78/AJ78 -> 72.882353 | AM78: =RANK(AL78, $AL$73:$AL$90) -> 14 | AO78: 17 | AP78: 1782 | AQ78: =AP78/AO78 -> 104.82353 | AR78: =RANK(AQ78, $AQ$73:$AQ$90) -> 5 | AT78: 16 | AU78: 1699 | AV78: =AU78/AT78 -> 106.1875 | AW78: =RANK(AV78, $AV$73:$AV$90) -> 5
C79: 7 | D79: 焗烤明太子筆尖麵 | E79: =VLOOKUP(D79,'11產線配置圖'!$A$2:$C$25,2,0) -> 17 | F79: =VLOOKUP(D79,'11產線配置圖'!$A$2:$C$25,3,0) -> 1385 | G79: =F79/E79 -> 81.470588 | I79: =AVERAGE(P79,U79,Z79,AE79,AJ79,AO79,AT79) -> 14.428571 | J79: =AVERAGE(Q79,V79,AA79,AF79,AK79,AP79,AU79) -> 1201.7143 | K79: =AVERAGE(R79,W79,AB79,AG79,AL79,AQ79,AV79) -> 83.264626 | M79: =RANK(K79, $K$73:$K$90) -> 10 | P79: 15 | Q79: 1256 | R79: =Q79/P79 -> 83.733333 | S79: =RANK(R79, $R$73:$R$90) -> 8 | U79: 15 | V79: 1211 | W79: =V79/U79 -> 80.733333 | X79: =RANK(W79, $W$73:$W$90) -> 9 | Z79: 14 | AA79: 1141 | AB79: =AA79/Z79 -> 81.5 | AC79: =RANK(AB79, $AB$73:$AB$90) -> 11 | AE79: 14 | AF79: 1133 | AG79: =AF79/AE79 -> 80.928571 | AH79: =RANK(AG79, $AG$73:$AG$90) -> 10 | AJ79: 14 | AK79: 1159 | AL79: =AK79/AJ79 -> 82.785714 | AM79: =RANK(AL79, $AL$73:$AL$90) -> 10 | AO79: 14 | AP79: 1198 | AQ79: =AP79/AO79 -> 85.571429 | AR79: =RANK(AQ79, $AQ$73:$AQ$90) -> 10 | AT79: 15 | AU79: 1314 | AV79: =AU79/AT79 -> 87.6 | AW79: =RANK(AV79, $AV$73:$AV$90) -> 9
C80: 8 | D80: 奶油蒜香雞義大利麵 | E80: =VLOOKUP(D80,'11產線配置圖'!$A$2:$C$25,2,0) -> 18 | F80: =VLOOKUP(D80,'11產線配置圖'!$A$2:$C$25,3,0) -> 1385 | G80: =F80/E80 -> 76.944444 | I80: =AVERAGE(P80,U80,Z80,AE80,AJ80,AO80,AT80) -> 16.428571 | J80: =AVERAGE(Q80,V80,AA80,AF80,AK80,AP80,AU80) -> 1136 | K80: =AVERAGE(R80,W80,AB80,AG80,AL80,AQ80,AV80) -> 69.422724 | M80: =RANK(K80, $K$73:$K$90) -> 14 | P80: 16 | Q80: 1031 | R80: =Q80/P80 -> 64.4375 | S80: =RANK(R80, $R$73:$R$90) -> 14 | U80: 17 | V80: 1081 | W80: =V80/U80 -> 63.588235 | X80: =RANK(W80, $W$73:$W$90) -> 16 | Z80: 18 | AA80: 1254 | AB80: =AA80/Z80 -> 69.666667 | AC80: =RANK(AB80, $AB$73:$AB$90) -> 14 | AE80: 18 | AF80: 1113 | AG80: =AF80/AE80 -> 61.833333 | AH80: =RANK(AG80, $AG$73:$AG$90) -> 16 | AJ80: 15 | AK80: 1131 | AL80: =AK80/AJ80 -> 75.4 | AM80: =RANK(AL80, $AL$73:$AL$90) -> 13 | AO80: 15 | AP80: 1118 | AQ80: =AP80/AO80 -> 74.533333 | AR80: =RANK(AQ80, $AQ$73:$AQ$90) -> 13 | AT80: 16 | AU80: 1224 | AV80: =AU80/AT80 -> 76.5 | AW80: =RANK(AV80, $AV$73:$AV$90) -> 13
C81: 9 | D81: 青花椒麻雞肉拌麵 | E81: =VLOOKUP(D81,'11產線配置圖'!$A$2:$C$25,2,0) -> 17 | F81: =VLOOKUP(D81,'11產線配置圖'!$A$2:$C$25,3,0) -> 1565 | G81: =F81/E81 -> 92.058824 | I81: =AVERAGE(P81,U81,Z81,AE81,AJ81,AO81,AT81) -> 17 | J81: =AVERAGE(Q81,V81,AA81,AF81,AK81,AP81,AU81) -> 1509.7143 | K81: =AVERAGE(R81,W81,AB81,AG81,AL81,AQ81,AV81) -> 88.806723 | M81: =RANK(K81, $K$73:$K$90) -> 6 | P81: 17 | Q81: 1552 | R81: =Q81/P81 -> 91.294118 | S81: =RANK(R81, $R$73:$R$90) -> 5 | U81: 17 | V81: 1430 | W81: =V81/U81 -> 84.117647 | X81: =RANK(W81, $W$73:$W$90) -> 8 | Z81: 17 | AA81: 1510 | AB81: =AA81/Z81 -> 88.823529 | AC81: =RANK(AB81, $AB$73:$AB$90) -> 7 | AE81: 17 | AF81: 1487 | AG81: =AF81/AE81 -> 87.470588 | AH81: =RANK(AG81, $AG$73:$AG$90) -> 7 | AJ81: 17 | AK81: 1540 | AL81: =AK81/AJ81 -> 90.588235 | AM81: =RANK(AL81, $AL$73:$AL$90) -> 6 | AO81: 17 | AP81: 1552 | AQ81: =AP81/AO81 -> 91.294118 | AR81: =RANK(AQ81, $AQ$73:$AQ$90) -> 8 | AT81: 17 | AU81: 1497 | AV81: =AU81/AT81 -> 88.058824 | AW81: =RANK(AV81, $AV$73:$AV$90) -> 8
C82: 10 | D82: 剝皮辣椒雞奶油扁麵 | E82: =VLOOKUP(D82,'11產線配置圖'!$A$2:$C$25,2,0) -> 17 | F82: =VLOOKUP(D82,'11產線配置圖'!$A$2:$C$25,3,0) -> 1500 | G82: =F82/E82 -> 88.235294 | I82: =AVERAGE(P82,U82,Z82,AE82,AJ82,AO82,AT82) -> 18.857143 | J82: =AVERAGE(Q82,V82,AA82,AF82,AK82,AP82,AU82) -> 1480.4286 | K82: =AVERAGE(R82,W82,AB82,AG82,AL82,AQ82,AV82) -> 78.516708 | M82: =RANK(K82, $K$73:$K$90) -> 11 | P82: 19 | Q82: 1335 | R82: =Q82/P82 -> 70.263158 | S82: =RANK(R82, $R$73:$R$90) -> 12 | U82: 19 | V82: 1422 | W82: =V82/U82 -> 74.842105 | X82: =RANK(W82, $W$73:$W$90) -> 12 | Z82: 19 | AA82: 1556 | AB82: =AA82/Z82 -> 81.894737 | AC82: =RANK(AB82, $AB$73:$AB$90) -> 10 | AE82: 19 | AF82: 1525 | AG82: =AF82/AE82 -> 80.263158 | AH82: =RANK(AG82, $AG$73:$AG$90) -> 11 | AJ82: 19 | AK82: 1545 | AL82: =AK82/AJ82 -> 81.315789 | AM82: =RANK(AL82, $AL$73:$AL$90) -> 11 | AO82: 19 | AP82: 1545 | AQ82: =AP82/AO82 -> 81.315789 | AR82: =RANK(AQ82, $AQ$73:$AQ$90) -> 12 | AT82: 18 | AU82: 1435 | AV82: =AU82/AT82 -> 79.722222 | AW82: =RANK(AV82, $AV$73:$AV$90) -> 12
C83: 11 | D83: 濃拿坡里義大利麵 | E83: =VLOOKUP(D83,'11產線配置圖'!$A$2:$C$25,2,0) -> 15 | F83: =VLOOKUP(D83,'11產線配置圖'!$A$2:$C$25,3,0) -> 1440 | G83: =F83/E83 -> 96 | I83: =AVERAGE(P83,U83,Z83,AE83,AJ83,AO83,AT83) -> 15 | J83: =AVERAGE(Q83,V83,AA83,AF83,AK83,AP83,AU83) -> 1128.8571 | K83: =AVERAGE(R83,W83,AB83,AG83,AL83,AQ83,AV83) -> 75.298214 | M83: =RANK(K83, $K$73:$K$90) -> 13 | P83: 15 | Q83: 1201 | R83: =Q83/P83 -> 80.066667 | S83: =RANK(R83, $R$73:$R$90) -> 10 | U83: 15 | V83: 1202 | W83: =V83/U83 -> 80.133333 | X83: =RANK(W83, $W$73:$W$90) -> 10 | Z83: 15 | AA83: 1142 | AB83: =AA83/Z83 -> 76.133333 | AC83: =RANK(AB83, $AB$73:$AB$90) -> 13 | AE83: 14 | AF83: 1078 | AG83: =AF83/AE83 -> 77 | AH83: =RANK(AG83, $AG$73:$AG$90) -> 12 | AJ83: 15 | AK83: 1135 | AL83: =AK83/AJ83 -> 75.666667 | AM83: =RANK(AL83, $AL$73:$AL$90) -> 12 | AO83: 15 | AP83: 981 | AQ83: =AP83/AO83 -> 65.4 | AR83: =RANK(AQ83, $AQ$73:$AQ$90) -> 15 | AT83: 16 | AU83: 1163 | AV83: =AU83/AT83 -> 72.6875 | AW83: =RANK(AV83, $AV$73:$AV$90) -> 15
C84: 12 | D84: 奶油起司蝦仁通心粉 | E84: =VLOOKUP(D84,'11產線配置圖'!$A$2:$C$25,2,0) -> 16 | F84: =VLOOKUP(D84,'11產線配置圖'!$A$2:$C$25,3,0) -> 1385 | G84: =F84/E84 -> 86.5625 | I84: =AVERAGE(P84,U84,Z84,AE84,AJ84,AO84,AT84) -> 14.857143 | J84: =AVERAGE(Q84,V84,AA84,AF84,AK84,AP84,AU84) -> 1314.4286 | K84: =AVERAGE(R84,W84,AB84,AG84,AL84,AQ84,AV84) -> 88.493197 | M84: =RANK(K84, $K$73:$K$90) -> 7 | P84: 15 | Q84: 1241 | R84: =Q84/P84 -> 82.733333 | S84: =RANK(R84, $R$73:$R$90) -> 9 | U84: 15 | V84: 1401 | W84: =V84/U84 -> 93.4 | X84: =RANK(W84, $W$73:$W$90) -> 6 | Z84: 15 | AA84: 1310 | AB84: =AA84/Z84 -> 87.333333 | AC84: =RANK(AB84, $AB$73:$AB$90) -> 8 | AE84: 15 | AF84: 1250 | AG84: =AF84/AE84 -> 83.333333 | AH84: =RANK(AG84, $AG$73:$AG$90) -> 9 | AJ84: 14 | AK84: 1271 | AL84: =AK84/AJ84 -> 90.785714 | AM84: =RANK(AL84, $AL$73:$AL$90) -> 5 | AO84: 15 | AP84: 1392 | AQ84: =AP84/AO84 -> 92.8 | AR84: =RANK(AQ84, $AQ$73:$AQ$90) -> 7 | AT84: 15 | AU84: 1336 | AV84: =AU84/AT84 -> 89.066667 | AW84: =RANK(AV84, $AV$73:$AV$90) -> 7
C85: 13 | D85: 南洋紅咖哩豬義大利麵 | E85: =VLOOKUP(D85,'11產線配置圖'!$A$2:$C$25,2,0) -> 15 | F85: =VLOOKUP(D85,'11產線配置圖'!$A$2:$C$25,3,0) -> 1636 | G85: =F85/E85 -> 109.06667 | I85: =AVERAGE(P85,U85,Z85,AE85,AJ85,AO85,AT85) -> 15 | J85: =AVERAGE(Q85,V85,AA85,AF85,AK85,AP85,AU85) -> 1148 | K85: =AVERAGE(R85,W85,AB85,AG85,AL85,AQ85,AV85) -> 76.533333 | M85: =RANK(K85, $K$73:$K$90) -> 12 | P85: 15 | Q85: 932 | R85: =Q85/P85 -> 62.133333 | S85: =RANK(R85, $R$73:$R$90) -> 15 | U85: 15 | V85: 1077 | W85: =V85/U85 -> 71.8 | X85: =RANK(W85, $W$73:$W$90) -> 13 | Z85: 15 | AA85: 1211 | AB85: =AA85/Z85 -> 80.733333 | AC85: =RANK(AB85, $AB$73:$AB$90) -> 12 | AE85: 15 | AF85: 1012 | AG85: =AF85/AE85 -> 67.466667 | AH85: =RANK(AG85, $AG$73:$AG$90) -> 15 | AJ85: 15 | AK85: 1313 | AL85: =AK85/AJ85 -> 87.533333 | AM85: =RANK(AL85, $AL$73:$AL$90) -> 8 | AO85: 15 | AP85: 1246 | AQ85: =AP85/AO85 -> 83.066667 | AR85: =RANK(AQ85, $AQ$73:$AQ$90) -> 11 | AT85: 15 | AU85: 1245 | AV85: =AU85/AT85 -> 83 | AW85: =RANK(AV85, $AV$73:$AV$90) -> 11
... C88: 16 | D88: 府城鹽水意麵 | E88: =VLOOKUP(D88,'11產線配置圖'!$A$2:$C$25,2,0) -> 19 | F88: =VLOOKUP(D88,'11產線配置圖'!$A$2:$C$25,3,0) -> 1440 | G88: =F88/E88 -> 75.789474 | I88: =AVERAGE(P88,U88,Z88,AE88,AJ88,AO88,AT88) -> 17.571429 | J88: =AVERAGE(Q88,V88,AA88,AF88,AK88,AP88,AU88) -> 1183.5714 | K88: =AVERAGE(R88,W88,AB88,AG88,AL88,AQ88,AV88) -> 67.456134 | M88: =RANK(K88, $K$73:$K$90) -> 15 | P88: 18 | Q88: 1171 | R88: =Q88/P88 -> 65.055556 | S88: =RANK(R88, $R$73:$R$90) -> 13 | U88: 19 | V88: 1286 | W88: =V88/U88 -> 67.684211 | X88: =RANK(W88, $W$73:$W$90) -> 14 | Z88: 17 | AA88: 1056 | AB88: =AA88/Z88 -> 62.117647 | AC88: =RANK(AB88, $AB$73:$AB$90) -> 16 | AE88: 16 | AF88: 1089 | AG88: =AF88/AE88 -> 68.0625 | AH88: =RANK(AG88, $AG$73:$AG$90) -> 14 | AJ88: 19 | AK88: 1182 | AL88: =AK88/AJ88 -> 62.210526 | AM88: =RANK(AL88, $AL$73:$AL$90) -> 16 | AO88: 18 | AP88: 1332 | AQ88: =AP88/AO88 -> 74 | AR88: =RANK(AQ88, $AQ$73:$AQ$90) -> 14 | AT88: 16 | AU88: 1169 | AV88: =AU88/AT88 -> 73.0625 | AW88: =RANK(AV88, $AV$73:$AV$90) -> 14
C89: 17
C90: 18
B91: 產線配置圖－每週更新 | N91: 資料繳交 | O91: 日期 | P91: 46014 | U91: 46015 | Z91: 46016 | AE91: 46017 | AJ91: 46018 | AO91: 46019 | AT91: 46020
P92: 二 | U92: 三 | Z92: 四 | AE92: 五 | AJ92: 六 | AO92: 日 | AT92: 一
B93: 品群 | C93: 商品名稱 | E93: 計畫 | H93: 平均人時性 | I93: 實績 | L93: 平均人時性 | M93: 排名 | O93: 日報 | P93: 實際 | T93: 平均人時性 | U93: 實際 | Y93: 平均人時性 | Z93: 實際 | AD93: 平均人時性 | AE93: 實際 | AI93: 平均人時性 | AJ93: 實際 | AN93: 平均人時性 | AO93: 實際 | AS93: 平均人時性 | AT93: 實際 | AX93: 平均人時性
E94: 產線配置圖 | I94: 產線配置圖 | P94: 生產實績 | U94: 生產實績 | Z94: 生產實績 | AE94: 生產實績 | AJ94: 生產實績 | AO94: 生產實績 | AT94: 生產實績
E95: 人數 | F95: 產能／時 | G95: 人時性 | I95: 人數 | J95: 產能／時 | K95: 人時性 | P95: 人數 | Q95: 產能／時 | R95: 人時性 | S95: 排名 | U95: 人數 | V95: 產能／時 | W95: 人時性 | X95: 排名 | Z95: 人數 | AA95: 產能／時 | AB95: 人時性 | AC95: 排名 | AE95: 人數 | AF95: 產能／時 | AG95: 人時性 | AH95: 排名 | AJ95: 人數 | AK95: 產能／時 | AL95: 人時性 | AM95: 排名 | AO95: 人數 | AP95: 產能／時 | AQ95: 人時性 | AR95: 排名 | AT95: 人數 | AU95: 產能／時 | AV95: 人時性 | AW95: 排名
B96: 熱食義麵 | C96: 1 | D96: 義式蕃茄起司義大利麵 | E96: =VLOOKUP(D96,'11產線配置圖'!$A$2:$C$25,2,0) -> 12 | F96: =VLOOKUP(D96,'11產線配置圖'!$A$2:$C$25,3,0) -> 2000 | G96: =F96/E96 -> 166.66667 | H96: =AVERAGE(G96:G110) -> 106.87033 | I96: =AVERAGE(P96,U96,Z96,AE96,AJ96,AO96,AT96) -> 11.928571 | J96: =AVERAGE(Q96,V96,AA96,AF96,AK96,AP96,AU96) -> 1811.4286 | K96: =AVERAGE(R96,W96,AB96,AG96,AL96,AQ96,AV96) -> 151.83799 | L96: =IFERROR(AVERAGE(K96:K113),"-") -> 97.150339 | M96: =RANK(K96, K$96:$K$113) -> 1 | P96: 11.5 | Q96: 1711 | R96: =Q96/P96 -> 148.78261 | S96: =RANK(R96,$R$96:$R$113) -> 1 | T96: =AVERAGE(R96:R113) -> 96.567667 | U96: 12 | V96: 1944 | W96: =V96/U96 -> 162 | X96: =RANK(W96,$W$96:$W$113) -> 1 | Y96: =AVERAGE(W96:W113) -> 98.216945 | Z96: 12 | AA96: 1619 | AB96: =AA96/Z96 -> 134.91667 | AC96: =RANK(AB96, $AB$96:$AB$113) -> 2 | AD96: =AVERAGE(AB96:AB113) -> 93.959539 | AE96: 12 | AF96: 1786 | AG96: =AF96/AE96 -> 148.83333 | AH96: =RANK(AG96,$AG$96:$AG$113) -> 2 | AI96: =AVERAGE(AG96:AG113) -> 96.641398 | AJ96: 12 | AK96: 1793 | AL96: =AK96/AJ96 -> 149.41667 | AM96: =RANK(AL96,$AL$96:$AL$113) -> 3 | AN96: =AVERAGE(AL96:AL113) -> 96.413716 | AO96: 12 | AP96: 1905 | AQ96: =AP96/AO96 -> 158.75 | AR96: =RANK(AQ96,$AQ$96:$AQ$113) -> 1 | AS96: =AVERAGE(AQ96:AQ113) -> 100.85729 | AT96: 12 | AU96: 1922 | AV96: =AU96/AT96 -> 160.16667 | AW96: =RANK(AV96,$AV$96:$AV$113) -> 1 | AX96: =AVERAGE(AV96:AV113) -> 97.395818
C97: 2 | D97: 奶油培根義大利麵 | E97: =VLOOKUP(D97,'11產線配置圖'!$A$2:$C$25,2,0) -> 13 | F97: =VLOOKUP(D97,'11產線配置圖'!$A$2:$C$25,3,0) -> 2000 | G97: =F97/E97 -> 153.84615 | I97: =AVERAGE(P97,U97,Z97,AE97,AJ97,AO97,AT97) -> 13.285714 | J97: =AVERAGE(Q97,V97,AA97,AF97,AK97,AP97,AU97) -> 1791 | K97: =AVERAGE(R97,W97,AB97,AG97,AL97,AQ97,AV97) -> 135.15971 | M97: =RANK(K97, K$96:$K$113) -> 4 | P97: 13 | Q97: 1919 | R97: =Q97/P97 -> 147.61538 | S97: =RANK(R97,$R$96:$R$113) -> 2 | U97: 13 | V97: 1960 | W97: =V97/U97 -> 150.76923 | X97: =RANK(W97,$W$96:$W$113) -> 2 | Z97: 13 | AA97: 1471 | AB97: =AA97/Z97 -> 113.15385 | AC97: =RANK(AB97, $AB$96:$AB$113) -> 4 | AE97: 15 | AF97: 1781 | AG97: =AF97/AE97 -> 118.73333 | AH97: =RANK(AG97,$AG$96:$AG$113) -> 4 | AJ97: 13 | AK97: 1643 | AL97: =AK97/AJ97 -> 126.38462 | AM97: =RANK(AL97,$AL$96:$AL$113) -> 4 | AO97: 13 | AP97: 1890 | AQ97: =AP97/AO97 -> 145.38462 | AR97: =RANK(AQ97,$AQ$96:$AQ$113) -> 4 | AT97: 13 | AU97: 1873 | AV97: =AU97/AT97 -> 144.07692 | AW97: =RANK(AV97,$AV$96:$AV$113) -> 3
C98: 3 | D98: 青醬蛤蜊義大利麵 | E98: =VLOOKUP(D98,'11產線配置圖'!$A$2:$C$25,2,0) -> 15 | F98: =VLOOKUP(D98,'11產線配置圖'!$A$2:$C$25,3,0) -> 2000 | G98: =F98/E98 -> 133.33333 | I98: =AVERAGE(P98,U98,Z98,AE98,AJ98,AO98,AT98) -> 13 | J98: =AVERAGE(Q98,V98,AA98,AF98,AK98,AP98,AU98) -> 1893.2857 | K98: =AVERAGE(R98,W98,AB98,AG98,AL98,AQ98,AV98) -> 145.63736 | M98: =RANK(K98, K$96:$K$113) -> 2 | P98: 13 | Q98: 1879 | R98: =Q98/P98 -> 144.53846 | S98: =RANK(R98,$R$96:$R$113) -> 3 | U98: 13 | V98: 1900 | W98: =V98/U98 -> 146.15385 | X98: =RANK(W98,$W$96:$W$113) -> 3 | Z98: 13 | AA98: 1694 | AB98: =AA98/Z98 -> 130.30769 | AC98: =RANK(AB98, $AB$96:$AB$113) -> 3 | AE98: 13 | AF98: 1938 | AG98: =AF98/AE98 -> 149.07692 | AH98: =RANK(AG98,$AG$96:$AG$113) -> 1 | AJ98: 13 | AK98: 1977 | AL98: =AK98/AJ98 -> 152.07692 | AM98: =RANK(AL98,$AL$96:$AL$113) -> 1 | AO98: 13 | AP98: 1930 | AQ98: =AP98/AO98 -> 148.46154 | AR98: =RANK(AQ98,$AQ$96:$AQ$113) -> 2 | AT98: 13 | AU98: 1935 | AV98: =AU98/AT98 -> 148.84615 | AW98: =RANK(AV98,$AV$96:$AV$113) -> 2
A99: 18 | C99: 4 | D99: 焗烤起司雙饗筆尖麵 | E99: =VLOOKUP(D99,'11產線配置圖'!$A$2:$C$25,2,0) -> 18 | F99: =VLOOKUP(D99,'11產線配置圖'!$A$2:$C$25,3,0) -> 1565 | G99: =F99/E99 -> 86.944444 | I99: =AVERAGE(P99,U99,Z99,AE99,AJ99,AO99,AT99) -> 18 | J99: =AVERAGE(Q99,V99,AA99,AF99,AK99,AP99,AU99) -> 1597.1429 | K99: =AVERAGE(R99,W99,AB99,AG99,AL99,AQ99,AV99) -> 88.730159 | M99: =RANK(K99, K$96:$K$113) -> 7 | P99: 18 | Q99: 1595 | R99: =Q99/P99 -> 88.611111 | S99: =RANK(R99,$R$96:$R$113) -> 8 | U99: 18 | V99: 1519 | W99: =V99/U99 -> 84.388889 | X99: =RANK(W99,$W$96:$W$113) -> 10 | Z99: 18 | AA99: 1550 | AB99: =AA99/Z99 -> 86.111111 | AC99: =RANK(AB99, $AB$96:$AB$113) -> 8 | AE99: 18 | AF99: 1786 | AG99: =AF99/AE99 -> 99.222222 | AH99: =RANK(AG99,$AG$96:$AG$113) -> 6 | AJ99: 18 | AK99: 1570 | AL99: =AK99/AJ99 -> 87.222222 | AM99: =RANK(AL99,$AL$96:$AL$113) -> 9 | AO99: 18 | AP99: 1583 | AQ99: =AP99/AO99 -> 87.944444 | AR99: =RANK(AQ99,$AQ$96:$AQ$113) -> 9 | AT99: 18 | AU99: 1577 | AV99: =AU99/AT99 -> 87.611111 | AW99: =RANK(AV99,$AV$96:$AV$113) -> 9
C100: 5 | D100: 白酒蛤蜊義大利麵 | E100: =VLOOKUP(D100,'11產線配置圖'!$A$2:$C$25,2,0) -> 13 | F100: =VLOOKUP(D100,'11產線配置圖'!$A$2:$C$25,3,0) -> 2000 | G100: =F100/E100 -> 153.84615 | I100: =AVERAGE(P100,U100,Z100,AE100,AJ100,AO100,AT100) -> 13 | J100: =AVERAGE(Q100,V100,AA100,AF100,AK100,AP100,AU100) -> 1762.2857 | K100: =AVERAGE(R100,W100,AB100,AG100,AL100,AQ100,AV100) -> 135.56044 | M100: =RANK(K100, K$96:$K$113) -> 3 | P100: 13 | Q100: 1734 | R100: =Q100/P100 -> 133.38462 | S100: =RANK(R100,$R$96:$R$113) -> 4 | U100: 13 | V100: 1830 | W100: =V100/U100 -> 140.76923 | X100: =RANK(W100,$W$96:$W$113) -> 4 | Z100: 13 | AA100: 1887 | AB100: =AA100/Z100 -> 145.15385 | AC100: =RANK(AB100, $AB$96:$AB$113) -> 1 | AE100: 13 | AF100: 1658 | AG100: =AF100/AE100 -> 127.53846 | AH100: =RANK(AG100,$AG$96:$AG$113) -> 3 | AJ100: 13 | AK100: 1959 | AL100: =AK100/AJ100 -> 150.69231 | AM100: =RANK(AL100,$AL$96:$AL$113) -> 2 | AO100: 13 | AP100: 1902 | AQ100: =AP100/AO100 -> 146.30769 | AR100: =RANK(AQ100,$AQ$96:$AQ$113) -> 3 | AT100: 13 | AU100: 1366 | AV100: =AU100/AT100 -> 105.07692 | AW100: =RANK(AV100,$AV$96:$AV$113) -> 4
C101: 6 | D101: 韓式起司炸雞義大利麵 | E101: =VLOOKUP(D101,'11產線配置圖'!$A$2:$C$25,2,0) -> 14 | F101: =VLOOKUP(D101,'11產線配置圖'!$A$2:$C$25,3,0) -> 1895 | G101: =F101/E101 -> 135.35714 | I101: =AVERAGE(P101,U101,Z101,AE101,AJ101,AO101,AT101) -> 16.714286 | J101: =AVERAGE(Q101,V101,AA101,AF101,AK101,AP101,AU101) -> 1618.1429 | K101: =AVERAGE(R101,W101,AB101,AG101,AL101,AQ101,AV101) -> 96.677521 | M101: =RANK(K101, K$96:$K$113) -> 6 | P101: 16 | Q101: 1360 | R101: =Q101/P101 -> 85 | S101: =RANK(R101,$R$96:$R$113) -> 11 | U101: 17 | V101: 1609 | W101: =V101/U101 -> 94.647059 | X101: =RANK(W101,$W$96:$W$113) -> 6 | Z101: 17 | AA101: 1561 | AB101: =AA101/Z101 -> 91.823529 | AC101: =RANK(AB101, $AB$96:$AB$113) -> 6 | AE101: 16 | AF101: 1482 | AG101: =AF101/AE101 -> 92.625 | AH101: =RANK(AG101,$AG$96:$AG$113) -> 7 | AJ101: 17 | AK101: 1687 | AL101: =AK101/AJ101 -> 99.235294 | AM101: =RANK(AL101,$AL$96:$AL$113) -> 5 | AO101: 17 | AP101: 1884 | AQ101: =AP101/AO101 -> 110.82353 | AR101: =RANK(AQ101,$AQ$96:$AQ$113) -> 5 | AT101: 17 | AU101: 1744 | AV101: =AU101/AT101 -> 102.58824 | AW101: =RANK(AV101,$AV$96:$AV$113) -> 5
C102: 7 | D102: 焗烤明太子筆尖麵 | E102: =VLOOKUP(D102,'11產線配置圖'!$A$2:$C$25,2,0) -> 17 | F102: =VLOOKUP(D102,'11產線配置圖'!$A$2:$C$25,3,0) -> 1385 | G102: =F102/E102 -> 81.470588 | I102: =AVERAGE(P102,U102,Z102,AE102,AJ102,AO102,AT102) -> 13.571429 | J102: =AVERAGE(Q102,V102,AA102,AF102,AK102,AP102,AU102) -> 1129.5714 | K102: =AVERAGE(R102,W102,AB102,AG102,AL102,AQ102,AV102) -> 83.135008 | M102: =RANK(K102, K$96:$K$113) -> 10 | P102: 14 | Q102: 1201 | R102: =Q102/P102 -> 85.785714 | S102: =RANK(R102,$R$96:$R$113) -> 9 | U102: 14 | V102: 1195 | W102: =V102/U102 -> 85.357143 | X102: =RANK(W102,$W$96:$W$113) -> 8 | Z102: 14 | AA102: 1191 | AB102: =AA102/Z102 -> 85.071429 | AC102: =RANK(AB102, $AB$96:$AB$113) -> 9 | AE102: 14 | AF102: 1208 | AG102: =AF102/AE102 -> 86.285714 | AH102: =RANK(AG102,$AG$96:$AG$113) -> 9 | AJ102: 14 | AK102: 1095 | AL102: =AK102/AJ102 -> 78.214286 | AM102: =RANK(AL102,$AL$96:$AL$113) -> 11 | AO102: 13 | AP102: 1069 | AQ102: =AP102/AO102 -> 82.230769 | AR102: =RANK(AQ102,$AQ$96:$AQ$113) -> 11 | AT102: 12 | AU102: 948 | AV102: =AU102/AT102 -> 79 | AW102: =RANK(AV102,$AV$96:$AV$113) -> 12
...

Sheet （５-2）品群別人時生產性(季節調理麵) 
B1: 月平均人時性 | C1: =AVERAGE(L7,L27,L47,L67,L87) -> #DIV/0!
B2: 產線配置圖－每週更新 | N2: 資料繳交 | O2: 日期 | AE2: 45870 | AJ2: 45871 | AO2: 45872 | AT2: 45873
P3: 二 | U3: 三 | Z3: 四 | AE3: 五 | AJ3: 六 | AO3: 日 | AT3: 一
B4: 品群 | C4: 商品名稱 | E4: 計畫 | H4: 平均人時性 | I4: 實績 | L4: 平均人時性 | M4: 排名 | O4: 日報 | P4: 實際 | T4: 平均人時性 | U4: 實際 | Y4: 平均人時性 | Z4: 實際 | AD4: 平均人時性 | AE4: 實際 | AI4: 平均人時性 | AJ4: 實際 | AN4: 平均人時性 | AO4: 實際 | AS4: 平均人時性 | AT4: 實際 | AX4: 平均人時性
E5: 產線配置圖 | I5: 產線配置圖 | P5: 生產實績 | U5: 生產實績 | Z5: 生產實績 | AE5: 生產實績 | AJ5: 生產實績 | AO5: 生產實績 | AT5: 生產實績
E6: 人數 | F6: 產能／時 | G6: 人時性 | I6: 人數 | J6: 產能／時 | K6: 人時性 | P6: 人數 | Q6: 產能／時 | R6: 人時性 | S6: 排名 | U6: 人數 | V6: 產能／時 | W6: 人時性 | X6: 排名 | Z6: 人數 | AA6: 產能／時 | AB6: 人時性 | AC6: 排名 | AE6: 人數 | AF6: 產能／時 | AG6: 人時性 | AH6: 排名 | AJ6: 人數 | AK6: 產能／時 | AL6: 人時性 | AM6: 排名 | AO6: 人數 | AP6: 產能／時 | AQ6: 人時性 | AR6: 排名 | AT6: 人數 | AU6: 產能／時 | AV6: 人時性 | AW6: 排名
B7: 熱食調理麵 | C7: 1 | H7: =AVERAGE(G7:G21) -> #DIV/0! | I7: =AVERAGE(P7,U7,Z7,AE7,AJ7,AO7,AT7) -> #DIV/0! | J7: =AVERAGE(Q7,V7,AA7,AF7,AK7,AP7,AU7) -> #DIV/0! | K7: =AVERAGE(R7,W7,AB7,AG7,AL7,AQ7,AV7) -> #DIV/0! | L7: =AVERAGE(K7:K21) -> #DIV/0! | M7: =RANK(K7, K$7:$K$21) -> #DIV/0! | S7: =RANK(R7, R$7:R$21) -> #N/A | T7: =AVERAGE(R7:R21) -> #DIV/0! | X7: =RANK(W7, W$7:W$21) -> #N/A | Y7: =AVERAGE(W7:W21) -> #DIV/0! | AC7: =RANK(AB7, AB$7:AB$21) -> #N/A | AD7: =AVERAGE(AB7:AB21) -> #DIV/0! | AH7: =RANK(AG7, AG$7:AG$21) -> #N/A | AI7: =AVERAGE(AG7:AG21) -> #DIV/0! | AM7: =RANK(AL7, AL$7:AL$21) -> #N/A | AN7: =AVERAGE(AL7:AL21) -> #DIV/0! | AR7: =RANK(AQ7, AQ$7:AQ$21) -> #N/A | AS7: =AVERAGE(AQ7:AQ21) -> #DIV/0! | AW7: =RANK(AV7, AV$7:AV$21) -> #N/A | AX7: =AVERAGE(AV7:AV21) -> #DIV/0!
C8: 2 | I8: =AVERAGE(P8,U8,Z8,AE8,AJ8,AO8,AT8) -> #DIV/0! | J8: =AVERAGE(Q8,V8,AA8,AF8,AK8,AP8,AU8) -> #DIV/0! | K8: =AVERAGE(R8,W8,AB8,AG8,AL8,AQ8,AV8) -> #DIV/0! | M8: =RANK(K8, K$7:$K$21) -> #DIV/0! | S8: =RANK(R8, R$7:R$21) -> #N/A | X8: =RANK(W8, W$7:W$21) -> #N/A | AC8: =RANK(AB8, AB$7:AB$21) -> #N/A | AH8: =RANK(AG8, AG$7:AG$21) -> #N/A | AM8: =RANK(AL8, AL$7:AL$21) -> #N/A | AR8: =RANK(AQ8, AQ$7:AQ$21) -> #N/A | AW8: =RANK(AV8, AV$7:AV$21) -> #N/A
C9: 3 | I9: =AVERAGE(P9,U9,Z9,AE9,AJ9,AO9,AT9) -> #DIV/0! | J9: =AVERAGE(Q9,V9,AA9,AF9,AK9,AP9,AU9) -> #DIV/0! | K9: =AVERAGE(R9,W9,AB9,AG9,AL9,AQ9,AV9) -> #DIV/0! | M9: =RANK(K9, K$7:$K$21) -> #DIV/0! | S9: =RANK(R9, R$7:R$21) -> #N/A | X9: =RANK(W9, W$7:W$21) -> #N/A | AC9: =RANK(AB9, AB$7:AB$21) -> #N/A | AH9: =RANK(AG9, AG$7:AG$21) -> #N/A | AM9: =RANK(AL9, AL$7:AL$21) -> #N/A | AR9: =RANK(AQ9, AQ$7:AQ$21) -> #N/A | AW9: =RANK(AV9, AV$7:AV$21) -> #N/A
C10: 4 | I10: =AVERAGE(P10,U10,Z10,AE10,AJ10,AO10,AT10) -> #DIV/0! | J10: =AVERAGE(Q10,V10,AA10,AF10,AK10,AP10,AU10) -> #DIV/0! | K10: =AVERAGE(R10,W10,AB10,AG10,AL10,AQ10,AV10) -> #DIV/0! | M10: =RANK(K10, K$7:$K$21) -> #DIV/0! | S10: =RANK(R10, R$7:R$21) -> #N/A | X10: =RANK(W10, W$7:W$21) -> #N/A | AC10: =RANK(AB10, AB$7:AB$21) -> #N/A | AH10: =RANK(AG10, AG$7:AG$21) -> #N/A | AM10: =RANK(AL10, AL$7:AL$21) -> #N/A | AR10: =RANK(AQ10, AQ$7:AQ$21) -> #N/A | AW10: =RANK(AV10, AV$7:AV$21) -> #N/A
C11: 5 | I11: =AVERAGE(P11,U11,Z11,AE11,AJ11,AO11,AT11) -> #DIV/0! | J11: =AVERAGE(Q11,V11,AA11,AF11,AK11,AP11,AU11) -> #DIV/0! | K11: =AVERAGE(R11,W11,AB11,AG11,AL11,AQ11,AV11) -> #DIV/0! | M11: =RANK(K11, K$7:$K$21) -> #DIV/0! | S11: =RANK(R11, R$7:R$21) -> #N/A | X11: =RANK(W11, W$7:W$21) -> #N/A | AC11: =RANK(AB11, AB$7:AB$21) -> #N/A | AH11: =RANK(AG11, AG$7:AG$21) -> #N/A | AM11: =RANK(AL11, AL$7:AL$21) -> #N/A | AR11: =RANK(AQ11, AQ$7:AQ$21) -> #N/A | AW11: =RANK(AV11, AV$7:AV$21) -> #N/A
C12: 6 | I12: =AVERAGE(P12,U12,Z12,AE12,AJ12,AO12,AT12) -> #DIV/0! | J12: =AVERAGE(Q12,V12,AA12,AF12,AK12,AP12,AU12) -> #DIV/0! | K12: =AVERAGE(R12,W12,AB12,AG12,AL12,AQ12,AV12) -> #DIV/0! | M12: =RANK(K12, K$7:$K$21) -> #DIV/0! | S12: =RANK(R12, R$7:R$21) -> #N/A | X12: =RANK(W12, W$7:W$21) -> #N/A | AC12: =RANK(AB12, AB$7:AB$21) -> #N/A | AH12: =RANK(AG12, AG$7:AG$21) -> #N/A | AM12: =RANK(AL12, AL$7:AL$21) -> #N/A | AR12: =RANK(AQ12, AQ$7:AQ$21) -> #N/A | AW12: =RANK(AV12, AV$7:AV$21) -> #N/A
C13: 7 | I13: =AVERAGE(P13,U13,Z13,AE13,AJ13,AO13,AT13) -> #DIV/0! | J13: =AVERAGE(Q13,V13,AA13,AF13,AK13,AP13,AU13) -> #DIV/0! | K13: =AVERAGE(R13,W13,AB13,AG13,AL13,AQ13,AV13) -> #DIV/0! | M13: =RANK(K13, K$7:$K$21) -> #DIV/0! | S13: =RANK(R13, R$7:R$21) -> #N/A | X13: =RANK(W13, W$7:W$21) -> #N/A | AC13: =RANK(AB13, AB$7:AB$21) -> #N/A | AH13: =RANK(AG13, AG$7:AG$21) -> #N/A | AM13: =RANK(AL13, AL$7:AL$21) -> #N/A | AR13: =RANK(AQ13, AQ$7:AQ$21) -> #N/A | AW13: =RANK(AV13, AV$7:AV$21) -> #N/A
C14: 8 | I14: =AVERAGE(P14,U14,Z14,AE14,AJ14,AO14,AT14) -> #DIV/0! | J14: =AVERAGE(Q14,V14,AA14,AF14,AK14,AP14,AU14) -> #DIV/0! | K14: =AVERAGE(R14,W14,AB14,AG14,AL14,AQ14,AV14) -> #DIV/0! | M14: =RANK(K14, K$7:$K$21) -> #DIV/0! | S14: =RANK(R14, R$7:R$21) -> #N/A | X14: =RANK(W14, W$7:W$21) -> #N/A | AC14: =RANK(AB14, AB$7:AB$21) -> #N/A | AH14: =RANK(AG14, AG$7:AG$21) -> #N/A | AM14: =RANK(AL14, AL$7:AL$21) -> #N/A | AR14: =RANK(AQ14, AQ$7:AQ$21) -> #N/A | AW14: =RANK(AV14, AV$7:AV$21) -> #N/A
C15: 9 | I15: =AVERAGE(P15,U15,Z15,AE15,AJ15,AO15,AT15) -> #DIV/0! | J15: =AVERAGE(Q15,V15,AA15,AF15,AK15,AP15,AU15) -> #DIV/0! | K15: =AVERAGE(R15,W15,AB15,AG15,AL15,AQ15,AV15) -> #DIV/0! | M15: =RANK(K15, K$7:$K$21) -> #DIV/0! | S15: =RANK(R15, R$7:R$21) -> #N/A | X15: =RANK(W15, W$7:W$21) -> #N/A | AC15: =RANK(AB15, AB$7:AB$21) -> #N/A | AH15: =RANK(AG15, AG$7:AG$21) -> #N/A | AM15: =RANK(AL15, AL$7:AL$21) -> #N/A | AR15: =RANK(AQ15, AQ$7:AQ$21) -> #N/A | AW15: =RANK(AV15, AV$7:AV$21) -> #N/A
C16: 10 | I16: =AVERAGE(P16,U16,Z16,AE16,AJ16,AO16,AT16) -> #DIV/0! | J16: =AVERAGE(Q16,V16,AA16,AF16,AK16,AP16,AU16) -> #DIV/0! | K16: =AVERAGE(R16,W16,AB16,AG16,AL16,AQ16,AV16) -> #DIV/0! | M16: =RANK(K16, K$7:$K$21) -> #DIV/0! | S16: =RANK(R16, R$7:R$21) -> #N/A | X16: =RANK(W16, W$7:W$21) -> #N/A | AC16: =RANK(AB16, AB$7:AB$21) -> #N/A | AH16: =RANK(AG16, AG$7:AG$21) -> #N/A | AM16: =RANK(AL16, AL$7:AL$21) -> #N/A | AR16: =RANK(AQ16, AQ$7:AQ$21) -> #N/A | AW16: =RANK(AV16, AV$7:AV$21) -> #N/A
C17: 11 | M17: =RANK(K17, K$7:$K$21) -> #DIV/0! | S17: =RANK(R17, R$7:R$21) -> #N/A | X17: =RANK(W17, W$7:W$21) -> #N/A | AC17: =RANK(AB17, AB$7:AB$21) -> #N/A | AH17: =RANK(AG17, AG$7:AG$21) -> #N/A | AM17: =RANK(AL17, AL$7:AL$21) -> #N/A | AR17: =RANK(AQ17, AQ$7:AQ$21) -> #N/A | AW17: =RANK(AV17, AV$7:AV$21) -> #N/A
C18: 12 | M18: =RANK(K18, K$7:$K$21) -> #DIV/0! | S18: =RANK(R18, R$7:R$21) -> #N/A | X18: =RANK(W18, W$7:W$21) -> #N/A | AC18: =RANK(AB18, AB$7:AB$21) -> #N/A | AH18: =RANK(AG18, AG$7:AG$21) -> #N/A | AM18: =RANK(AL18, AL$7:AL$21) -> #N/A | AR18: =RANK(AQ18, AQ$7:AQ$21) -> #N/A | AW18: =RANK(AV18, AV$7:AV$21) -> #N/A
C19: 13 | M19: =RANK(K19, K$7:$K$21) -> #DIV/0! | S19: =RANK(R19, R$7:R$21) -> #N/A | X19: =RANK(W19, W$7:W$21) -> #N/A | AC19: =RANK(AB19, AB$7:AB$21) -> #N/A | AH19: =RANK(AG19, AG$7:AG$21) -> #N/A | AM19: =RANK(AL19, AL$7:AL$21) -> #N/A | AR19: =RANK(AQ19, AQ$7:AQ$21) -> #N/A | AW19: =RANK(AV19, AV$7:AV$21) -> #N/A
C20: 14 | M20: =RANK(K20, K$7:$K$21) -> #DIV/0! | S20: =RANK(R20, R$7:R$21) -> #N/A | X20: =RANK(W20, W$7:W$21) -> #N/A | AC20: =RANK(AB20, AB$7:AB$21) -> #N/A | AH20: =RANK(AG20, AG$7:AG$21) -> #N/A | AM20: =RANK(AL20, AL$7:AL$21) -> #N/A | AR20: =RANK(AQ20, AQ$7:AQ$21) -> #N/A | AW20: =RANK(AV20, AV$7:AV$21) -> #N/A
C21: 15 | M21: =RANK(K21, K$7:$K$21) -> #DIV/0! | S21: =RANK(R21, R$7:R$21) -> #N/A | X21: =RANK(W21, W$7:W$21) -> #N/A | AC21: =RANK(AB21, AB$7:AB$21) -> #N/A | AH21: =RANK(AG21, AG$7:AG$21) -> #N/A | AM21: =RANK(AL21, AL$7:AL$21) -> #N/A | AR21: =RANK(AQ21, AQ$7:AQ$21) -> #N/A | AW21: =RANK(AV21, AV$7:AV$21) -> #N/A
B22: 產線配置圖－每週更新 | N22: 資料繳交 | O22: 日期 | P22: 45874 | U22: 45875 | Z22: 45876 | AE22: 45877 | AJ22: 45878 | AO22: 45879 | AT22: 45880
P23: 二 | U23: 三 | Z23: 四 | AE23: 五 | AJ23: 六 | AO23: 日 | AT23: 一
B24: 品群 | C24: 商品名稱 | E24: 計畫 | H24: 平均人時性 | I24: 實績 | L24: 平均人時性 | M24: 排名 | O24: 日報 | P24: 實際 | T24: 平均人時性 | U24: 實際 | Y24: 平均人時性 | Z24: 實際 | AD24: 平均人時性 | AE24: 實際 | AI24: 平均人時性 | AJ24: 實際 | AN24: 平均人時性 | AO24: 實際 | AS24: 平均人時性 | AT24: 實際 | AX24: 平均人時性
E25: 產線配置圖 | I25: 產線配置圖 | P25: 生產實績 | U25: 生產實績 | Z25: 生產實績 | AE25: 生產實績 | AJ25: 生產實績 | AO25: 生產實績 | AT25: 生產實績
E26: 人數 | F26: 產能／時 | G26: 人時性 | I26: 人數 | J26: 產能／時 | K26: 人時性 | P26: 人數 | Q26: 產能／時 | R26: 人時性 | S26: 排名 | U26: 人數 | V26: 產能／時 | W26: 人時性 | X26: 排名 | Z26: 人數 | AA26: 產能／時 | AB26: 人時性 | AC26: 排名 | AE26: 人數 | AF26: 產能／時 | AG26: 人時性 | AH26: 排名 | AJ26: 人數 | AK26: 產能／時 | AL26: 人時性 | AM26: 排名 | AO26: 人數 | AP26: 產能／時 | AQ26: 人時性 | AR26: 排名 | AT26: 人數 | AU26: 產能／時 | AV26: 人時性 | AW26: 排名
B27: 季節調理麵 | C27: 1 | H27: =AVERAGE(G27:G41) -> #DIV/0! | I27: =AVERAGE(P27,U27,Z27,AE27,AJ27,AO27,AT27) -> #DIV/0! | J27: =AVERAGE(Q27,V27,AA27,AF27,AK27,AP27,AU27) -> #DIV/0! | K27: =AVERAGE(R27,W27,AB27,AG27,AL27,AQ27,AV27) -> #DIV/0! | L27: =AVERAGE(K27:K41) -> #DIV/0! | M27: =RANK(K27, K$27:$K$41) -> #DIV/0! | T27: =AVERAGE(R27:R41) -> #DIV/0! | Y27: =AVERAGE(W27:W41) -> #DIV/0! | AD27: =AVERAGE(AB27:AB41) -> #DIV/0! | AI27: =AVERAGE(AG27:AG41) -> #DIV/0! | AN27: =AVERAGE(AL27:AL41) -> #DIV/0! | AS27: =AVERAGE(AQ27:AQ41) -> #DIV/0! | AX27: =AVERAGE(AV27:AV41) -> #DIV/0!
C28: 2 | I28: =AVERAGE(P28,U28,Z28,AE28,AJ28,AO28,AT28) -> #DIV/0! | J28: =AVERAGE(Q28,V28,AA28,AF28,AK28,AP28,AU28) -> #DIV/0! | K28: =AVERAGE(R28,W28,AB28,AG28,AL28,AQ28,AV28) -> #DIV/0! | M28: =RANK(K28, K$27:$K$41) -> #DIV/0!
C29: 3 | I29: =AVERAGE(P29,U29,Z29,AE29,AJ29,AO29,AT29) -> #DIV/0! | J29: =AVERAGE(Q29,V29,AA29,AF29,AK29,AP29,AU29) -> #DIV/0! | K29: =AVERAGE(R29,W29,AB29,AG29,AL29,AQ29,AV29) -> #DIV/0! | M29: =RANK(K29, K$27:$K$41) -> #DIV/0!
C30: 4 | I30: =AVERAGE(P30,U30,Z30,AE30,AJ30,AO30,AT30) -> #DIV/0! | J30: =AVERAGE(Q30,V30,AA30,AF30,AK30,AP30,AU30) -> #DIV/0! | K30: =AVERAGE(R30,W30,AB30,AG30,AL30,AQ30,AV30) -> #DIV/0! | M30: =RANK(K30, K$27:$K$41) -> #DIV/0!
C31: 5 | I31: =AVERAGE(P31,U31,Z31,AE31,AJ31,AO31,AT31) -> #DIV/0! | J31: =AVERAGE(Q31,V31,AA31,AF31,AK31,AP31,AU31) -> #DIV/0! | K31: =AVERAGE(R31,W31,AB31,AG31,AL31,AQ31,AV31) -> #DIV/0! | M31: =RANK(K31, K$27:$K$41) -> #DIV/0!
C32: 6 | I32: =AVERAGE(P32,U32,Z32,AE32,AJ32,AO32,AT32) -> #DIV/0! | J32: =AVERAGE(Q32,V32,AA32,AF32,AK32,AP32,AU32) -> #DIV/0! | K32: =AVERAGE(R32,W32,AB32,AG32,AL32,AQ32,AV32) -> #DIV/0! | M32: =RANK(K32, K$27:$K$41) -> #DIV/0!
C33: 7 | I33: =AVERAGE(P33,U33,Z33,AE33,AJ33,AO33,AT33) -> #DIV/0! | J33: =AVERAGE(Q33,V33,AA33,AF33,AK33,AP33,AU33) -> #DIV/0! | K33: =AVERAGE(R33,W33,AB33,AG33,AL33,AQ33,AV33) -> #DIV/0! | M33: =RANK(K33, K$27:$K$41) -> #DIV/0!
C34: 8 | I34: =AVERAGE(P34,U34,Z34,AE34,AJ34,AO34,AT34) -> #DIV/0! | J34: =AVERAGE(Q34,V34,AA34,AF34,AK34,AP34,AU34) -> #DIV/0! | K34: =AVERAGE(R34,W34,AB34,AG34,AL34,AQ34,AV34) -> #DIV/0! | M34: =RANK(K34, K$27:$K$41) -> #DIV/0!
C35: 9 | I35: =AVERAGE(P35,U35,Z35,AE35,AJ35,AO35,AT35) -> #DIV/0! | J35: =AVERAGE(Q35,V35,AA35,AF35,AK35,AP35,AU35) -> #DIV/0! | K35: =AVERAGE(R35,W35,AB35,AG35,AL35,AQ35,AV35) -> #DIV/0! | M35: =RANK(K35, K$27:$K$41) -> #DIV/0!
C36: 10 | I36: =AVERAGE(P36,U36,Z36,AE36,AJ36,AO36,AT36) -> #DIV/0! | J36: =AVERAGE(Q36,V36,AA36,AF36,AK36,AP36,AU36) -> #DIV/0! | K36: =AVERAGE(R36,W36,AB36,AG36,AL36,AQ36,AV36) -> #DIV/0! | M36: =RANK(K36, K$27:$K$41) -> #DIV/0!
C37: 11 | M37: =RANK(K37, K$27:$K$41) -> #DIV/0!
C38: 12 | M38: =RANK(K38, K$27:$K$41) -> #DIV/0!
C39: 13 | M39: =RANK(K39, K$27:$K$41) -> #DIV/0!
C40: 14 | M40: =RANK(K40, K$27:$K$41) -> #DIV/0!
C41: 15 | M41: =RANK(K41, K$27:$K$41) -> #DIV/0!
B42: 產線配置圖－每週更新 | N42: 資料繳交 | O42: 日期 | P42: 45881 | U42: 45882 | Z42: 45883 | AE42: 45884 | AJ42: 45885 | AO42: 45886 | AT42: 45887
P43: 二 | U43: 三 | Z43: 四 | AE43: 五 | AJ43: 六 | AO43: 日 | AT43: 一
B44: 品群 | C44: 商品名稱 | E44: 計畫 | H44: 平均人時性 | I44: 實績 | L44: 平均人時性 | M44: 排名 | O44: 日報 | P44: 實際 | T44: 平均人時性 | U44: 實際 | Y44: 平均人時性 | Z44: 實際 | AD44: 平均人時性 | AE44: 實際 | AI44: 平均人時性 | AJ44: 實際 | AN44: 平均人時性 | AO44: 實際 | AS44: 平均人時性 | AT44: 實際 | AX44: 平均人時性
E45: 產線配置圖 | I45: 產線配置圖 | P45: 生產實績 | U45: 生產實績 | Z45: 生產實績 | AE45: 生產實績 | AJ45: 生產實績 | AO45: 生產實績 | AT45: 生產實績
E46: 人數 | F46: 產能／時 | G46: 人時性 | I46: 人數 | J46: 產能／時 | K46: 人時性 | P46: 人數 | Q46: 產能／時 | R46: 人時性 | S46: 排名 | U46: 人數 | V46: 產能／時 | W46: 人時性 | X46: 排名 | Z46: 人數 | AA46: 產能／時 | AB46: 人時性 | AC46: 排名 | AE46: 人數 | AF46: 產能／時 | AG46: 人時性 | AH46: 排名 | AJ46: 人數 | AK46: 產能／時 | AL46: 人時性 | AM46: 排名 | AO46: 人數 | AP46: 產能／時 | AQ46: 人時性 | AR46: 排名 | AT46: 人數 | AU46: 產能／時 | AV46: 人時性 | AW46: 排名
B47: 季節調理麵 | C47: 1 | H47: =AVERAGE(G47:G61) -> #DIV/0! | I47: =AVERAGE(P47,U47,Z47,AE47,AJ47,AO47,AT47) -> #DIV/0! | J47: =AVERAGE(Q47,V47,AA47,AF47,AK47,AP47,AU47) -> #DIV/0! | K47: =AVERAGE(R47,W47,AB47,AG47,AL47,AQ47,AV47) -> #DIV/0! | L47: =AVERAGE(K47:K61) -> #DIV/0! | M47: =RANK(K47, K$47:$K$61) -> #DIV/0! | T47: =AVERAGE(R47:R61) -> #DIV/0! | Y47: =AVERAGE(W47:W61) -> #DIV/0! | AD47: =AVERAGE(AB47:AB61) -> #DIV/0! | AI47: =AVERAGE(AG47:AG61) -> #DIV/0! | AN47: =AVERAGE(AL47:AL61) -> #DIV/0! | AS47: =AVERAGE(AQ47:AQ61) -> #DIV/0! | AX47: =AVERAGE(AV47:AV61) -> #DIV/0!
C48: 2 | I48: =AVERAGE(P48,U48,Z48,AE48,AJ48,AO48,AT48) -> #DIV/0! | J48: =AVERAGE(Q48,V48,AA48,AF48,AK48,AP48,AU48) -> #DIV/0! | K48: =AVERAGE(R48,W48,AB48,AG48,AL48,AQ48,AV48) -> #DIV/0! | M48: =RANK(K48, K$47:$K$61) -> #DIV/0!
C49: 3 | I49: =AVERAGE(P49,U49,Z49,AE49,AJ49,AO49,AT49) -> #DIV/0! | J49: =AVERAGE(Q49,V49,AA49,AF49,AK49,AP49,AU49) -> #DIV/0! | K49: =AVERAGE(R49,W49,AB49,AG49,AL49,AQ49,AV49) -> #DIV/0! | M49: =RANK(K49, K$47:$K$61) -> #DIV/0!
C50: 4 | I50: =AVERAGE(P50,U50,Z50,AE50,AJ50,AO50,AT50) -> #DIV/0! | J50: =AVERAGE(Q50,V50,AA50,AF50,AK50,AP50,AU50) -> #DIV/0! | K50: =AVERAGE(R50,W50,AB50,AG50,AL50,AQ50,AV50) -> #DIV/0! | M50: =RANK(K50, K$47:$K$61) -> #DIV/0!
C51: 5 | I51: =AVERAGE(P51,U51,Z51,AE51,AJ51,AO51,AT51) -> #DIV/0! | J51: =AVERAGE(Q51,V51,AA51,AF51,AK51,AP51,AU51) -> #DIV/0! | K51: =AVERAGE(R51,W51,AB51,AG51,AL51,AQ51,AV51) -> #DIV/0! | M51: =RANK(K51, K$47:$K$61) -> #DIV/0!
C52: 6 | I52: =AVERAGE(P52,U52,Z52,AE52,AJ52,AO52,AT52) -> #DIV/0! | J52: =AVERAGE(Q52,V52,AA52,AF52,AK52,AP52,AU52) -> #DIV/0! | K52: =AVERAGE(R52,W52,AB52,AG52,AL52,AQ52,AV52) -> #DIV/0! | M52: =RANK(K52, K$47:$K$61) -> #DIV/0!
C53: 7 | I53: =AVERAGE(P53,U53,Z53,AE53,AJ53,AO53,AT53) -> #DIV/0! | J53: =AVERAGE(Q53,V53,AA53,AF53,AK53,AP53,AU53) -> #DIV/0! | K53: =AVERAGE(R53,W53,AB53,AG53,AL53,AQ53,AV53) -> #DIV/0! | M53: =RANK(K53, K$47:$K$61) -> #DIV/0!
C54: 8 | I54: =AVERAGE(P54,U54,Z54,AE54,AJ54,AO54,AT54) -> #DIV/0! | J54: =AVERAGE(Q54,V54,AA54,AF54,AK54,AP54,AU54) -> #DIV/0! | K54: =AVERAGE(R54,W54,AB54,AG54,AL54,AQ54,AV54) -> #DIV/0! | M54: =RANK(K54, K$47:$K$61) -> #DIV/0!
C55: 9 | I55: =AVERAGE(P55,U55,Z55,AE55,AJ55,AO55,AT55) -> #DIV/0! | J55: =AVERAGE(Q55,V55,AA55,AF55,AK55,AP55,AU55) -> #DIV/0! | K55: =AVERAGE(R55,W55,AB55,AG55,AL55,AQ55,AV55) -> #DIV/0! | M55: =RANK(K55, K$47:$K$61) -> #DIV/0!
C56: 10 | I56: =AVERAGE(P56,U56,Z56,AE56,AJ56,AO56,AT56) -> #DIV/0! | J56: =AVERAGE(Q56,V56,AA56,AF56,AK56,AP56,AU56) -> #DIV/0! | K56: =AVERAGE(R56,W56,AB56,AG56,AL56,AQ56,AV56) -> #DIV/0! | M56: =RANK(K56, K$47:$K$61) -> #DIV/0!
C57: 11 | M57: =RANK(K57, K$47:$K$61) -> #DIV/0!
C58: 12 | M58: =RANK(K58, K$47:$K$61) -> #DIV/0!
C59: 13 | M59: =RANK(K59, K$47:$K$61) -> #DIV/0!
C60: 14 | M60: =RANK(K60, K$47:$K$61) -> #DIV/0!
C61: 15 | M61: =RANK(K61, K$47:$K$61) -> #DIV/0!
B62: 產線配置圖－每週更新 | N62: 資料繳交 | O62: 日期 | P62: 45888 | U62: 45889 | Z62: 45890 | AE62: 45891 | AJ62: 45892 | AO62: 45893 | AT62: 45894
P63: 二 | U63: 三 | Z63: 四 | AE63: 五 | AJ63: 六 | AO63: 日 | AT63: 一
B64: 品群 | C64: 商品名稱 | E64: 計畫 | H64: 平均人時性 | I64: 實績 | L64: 平均人時性 | M64: 排名 | O64: 日報 | P64: 實際 | T64: 平均人時性 | U64: 實際 | Y64: 平均人時性 | Z64: 實際 | AD64: 平均人時性 | AE64: 實際 | AI64: 平均人時性 | AJ64: 實際 | AN64: 平均人時性 | AO64: 實際 | AS64: 平均人時性 | AT64: 實際 | AX64: 平均人時性
E65: 產線配置圖 | I65: 產線配置圖 | P65: 生產實績 | U65: 生產實績 | Z65: 生產實績 | AE65: 生產實績 | AJ65: 生產實績 | AO65: 生產實績 | AT65: 生產實績
E66: 人數 | F66: 產能／時 | G66: 人時性 | I66: 人數 | J66: 產能／時 | K66: 人時性 | P66: 人數 | Q66: 產能／時 | R66: 人時性 | S66: 排名 | U66: 人數 | V66: 產能／時 | W66: 人時性 | X66: 排名 | Z66: 人數 | AA66: 產能／時 | AB66: 人時性 | AC66: 排名 | AE66: 人數 | AF66: 產能／時 | AG66: 人時性 | AH66: 排名 | AJ66: 人數 | AK66: 產能／時 | AL66: 人時性 | AM66: 排名 | AO66: 人數 | AP66: 產能／時 | AQ66: 人時性 | AR66: 排名 | AT66: 人數 | AU66: 產能／時 | AV66: 人時性 | AW66: 排名
B67: 季節調理麵 | C67: 1 | H67: =AVERAGE(G67:G81) -> #DIV/0! | I67: =AVERAGE(P67,U67,Z67,AE67,AJ67,AO67,AT67) -> #DIV/0! | J67: =AVERAGE(Q67,V67,AA67,AF67,AK67,AP67,AU67) -> #DIV/0! | K67: =AVERAGE(R67,W67,AB67,AG67,AL67,AQ67,AV67) -> #DIV/0! | L67: =AVERAGE(K67:K81) -> #DIV/0! | M67: =RANK(K67, K$67:$K$81) -> #DIV/0! | T67: =AVERAGE(R67:R81) -> #DIV/0! | Y67: =AVERAGE(W67:W81) -> #DIV/0! | AD67: =AVERAGE(AB67:AB81) -> #DIV/0! | AI67: =AVERAGE(AG67:AG81) -> #DIV/0! | AN67: =AVERAGE(AL67:AL81) -> #DIV/0! | AS67: =AVERAGE(AQ67:AQ81) -> #DIV/0! | AX67: =AVERAGE(AV67:AV81) -> #DIV/0!
C68: 2 | I68: =AVERAGE(P68,U68,Z68,AE68,AJ68,AO68,AT68) -> #DIV/0! | J68: =AVERAGE(Q68,V68,AA68,AF68,AK68,AP68,AU68) -> #DIV/0! | K68: =AVERAGE(R68,W68,AB68,AG68,AL68,AQ68,AV68) -> #DIV/0! | M68: =RANK(K68, K$67:$K$81) -> #DIV/0!
C69: 3 | I69: =AVERAGE(P69,U69,Z69,AE69,AJ69,AO69,AT69) -> #DIV/0! | J69: =AVERAGE(Q69,V69,AA69,AF69,AK69,AP69,AU69) -> #DIV/0! | K69: =AVERAGE(R69,W69,AB69,AG69,AL69,AQ69,AV69) -> #DIV/0! | M69: =RANK(K69, K$67:$K$81) -> #DIV/0!
C70: 4 | I70: =AVERAGE(P70,U70,Z70,AE70,AJ70,AO70,AT70) -> #DIV/0! | J70: =AVERAGE(Q70,V70,AA70,AF70,AK70,AP70,AU70) -> #DIV/0! | K70: =AVERAGE(R70,W70,AB70,AG70,AL70,AQ70,AV70) -> #DIV/0! | M70: =RANK(K70, K$67:$K$81) -> #DIV/0!
C71: 5 | I71: =AVERAGE(P71,U71,Z71,AE71,AJ71,AO71,AT71) -> #DIV/0! | J71: =AVERAGE(Q71,V71,AA71,AF71,AK71,AP71,AU71) -> #DIV/0! | K71: =AVERAGE(R71,W71,AB71,AG71,AL71,AQ71,AV71) -> #DIV/0! | M71: =RANK(K71, K$67:$K$81) -> #DIV/0!
C72: 6 | I72: =AVERAGE(P72,U72,Z72,AE72,AJ72,AO72,AT72) -> #DIV/0! | J72: =AVERAGE(Q72,V72,AA72,AF72,AK72,AP72,AU72) -> #DIV/0! | K72: =AVERAGE(R72,W72,AB72,AG72,AL72,AQ72,AV72) -> #DIV/0! | M72: =RANK(K72, K$67:$K$81) -> #DIV/0!
C73: 7 | I73: =AVERAGE(P73,U73,Z73,AE73,AJ73,AO73,AT73) -> #DIV/0! | J73: =AVERAGE(Q73,V73,AA73,AF73,AK73,AP73,AU73) -> #DIV/0! | K73: =AVERAGE(R73,W73,AB73,AG73,AL73,AQ73,AV73) -> #DIV/0! | M73: =RANK(K73, K$67:$K$81) -> #DIV/0!
C74: 8 | I74: =AVERAGE(P74,U74,Z74,AE74,AJ74,AO74,AT74) -> #DIV/0! | J74: =AVERAGE(Q74,V74,AA74,AF74,AK74,AP74,AU74) -> #DIV/0! | K74: =AVERAGE(R74,W74,AB74,AG74,AL74,AQ74,AV74) -> #DIV/0! | M74: =RANK(K74, K$67:$K$81) -> #DIV/0!
C75: 9 | I75: =AVERAGE(P75,U75,Z75,AE75,AJ75,AO75,AT75) -> #DIV/0! | J75: =AVERAGE(Q75,V75,AA75,AF75,AK75,AP75,AU75) -> #DIV/0! | K75: =AVERAGE(R75,W75,AB75,AG75,AL75,AQ75,AV75) -> #DIV/0! | M75: =RANK(K75, K$67:$K$81) -> #DIV/0!
C76: 10 | I76: =AVERAGE(P76,U76,Z76,AE76,AJ76,AO76,AT76) -> #DIV/0! | J76: =AVERAGE(Q76,V76,AA76,AF76,AK76,AP76,AU76) -> #DIV/0! | K76: =AVERAGE(R76,W76,AB76,AG76,AL76,AQ76,AV76) -> #DIV/0! | M76: =RANK(K76, K$67:$K$81) -> #DIV/0!
C77: 11 | I77: =AVERAGE(P77,U77,Z77,AE77,AJ77,AO77,AT77) -> #DIV/0! | J77: =AVERAGE(Q77,V77,AA77,AF77,AK77,AP77,AU77) -> #DIV/0! | K77: =AVERAGE(R77,W77,AB77,AG77,AL77,AQ77,AV77) -> #DIV/0! | M77: =RANK(K77, K$67:$K$81) -> #DIV/0!
C78: 12 | I78: =AVERAGE(P78,U78,Z78,AE78,AJ78,AO78,AT78) -> #DIV/0! | J78: =AVERAGE(Q78,V78,AA78,AF78,AK78,AP78,AU78) -> #DIV/0! | K78: =AVERAGE(R78,W78,AB78,AG78,AL78,AQ78,AV78) -> #DIV/0! | M78: =RANK(K78, K$67:$K$81) -> #DIV/0!
C79: 13 | I79: =AVERAGE(P79,U79,Z79,AE79,AJ79,AO79,AT79) -> #DIV/0! | J79: =AVERAGE(Q79,V79,AA79,AF79,AK79,AP79,AU79) -> #DIV/0! | K79: =AVERAGE(R79,W79,AB79,AG79,AL79,AQ79,AV79) -> #DIV/0! | M79: =RANK(K79, K$67:$K$81) -> #DIV/0!
C80: 14 | I80: =AVERAGE(P80,U80,Z80,AE80,AJ80,AO80,AT80) -> #DIV/0! | J80: =AVERAGE(Q80,V80,AA80,AF80,AK80,AP80,AU80) -> #DIV/0! | K80: =AVERAGE(R80,W80,AB80,AG80,AL80,AQ80,AV80) -> #DIV/0! | M80: =RANK(K80, K$67:$K$81) -> #DIV/0!
C81: 15 | M81: =RANK(K81, K$67:$K$81) -> #DIV/0!
B82: 產線配置圖－每週更新 | N82: 資料繳交 | O82: 日期 | P82: 45895 | U82: 45896 | Z82: 45897 | AE82: 45898 | AJ82: 45899 | AO82: 45900
P83: 二 | U83: 三 | Z83: 四 | AE83: 五 | AJ83: 六 | AO83: 日 | AT83: 一
B84: 品群 | C84: 商品名稱 | E84: 計畫 | H84: 平均人時性 | I84: 實績 | L84: 平均人時性 | M84: 排名 | O84: 日報 | P84: 實際 | T84: 平均人時性 | U84: 實際 | Y84: 平均人時性 | Z84: 實際 | AD84: 平均人時性 | AE84: 實際 | AI84: 平均人時性 | AJ84: 實際 | AN84: 平均人時性 | AO84: 實際 | AS84: 平均人時性 | AT84: 實際 | AX84: 平均人時性
E85: 產線配置圖 | I85: 產線配置圖 | P85: 生產實績 | U85: 生產實績 | Z85: 生產實績 | AE85: 生產實績 | AJ85: 生產實績 | AO85: 生產實績 | AT85: 生產實績
E86: 人數 | F86: 產能／時 | G86: 人時性 | I86: 人數 | J86: 產能／時 | K86: 人時性 | P86: 人數 | Q86: 產能／時 | R86: 人時性 | S86: 排名 | U86: 人數 | V86: 產能／時 | W86: 人時性 | X86: 排名 | Z86: 人數 | AA86: 產能／時 | AB86: 人時性 | AC86: 排名 | AE86: 人數 | AF86: 產能／時 | AG86: 人時性 | AH86: 排名 | AJ86: 人數 | AK86: 產能／時 | AL86: 人時性 | AM86: 排名 | AO86: 人數 | AP86: 產能／時 | AQ86: 人時性 | AR86: 排名 | AT86: 人數 | AU86: 產能／時 | AV86: 人時性 | AW86: 排名
B87: 季節調理麵 | C87: 1 | H87: =AVERAGE(G87:G101) -> #DIV/0! | I87: =AVERAGE(P87,U87,Z87,AE87,AJ87,AO87,AT87) -> #DIV/0! | J87: =AVERAGE(Q87,V87,AA87,AF87,AK87,AP87,AU87) -> #DIV/0! | K87: =AVERAGE(R87,W87,AB87,AG87,AL87,AQ87,AV87) -> #DIV/0! | L87: =AVERAGE(K87:K101) -> #DIV/0! | M87: =RANK(K87, K$87:$K$101) -> #DIV/0! | T87: =AVERAGE(R87:R101) -> #DIV/0! | Y87: =AVERAGE(W87:W101) -> #DIV/0! | AD87: =AVERAGE(AB87:AB101) -> #DIV/0! | AI87: =AVERAGE(AG87:AG101) -> #DIV/0! | AN87: =AVERAGE(AL87:AL101) -> #DIV/0! | AS87: =AVERAGE(AQ87:AQ101) -> #DIV/0! | AX87: =AVERAGE(AV87:AV101) -> #DIV/0!
C88: 2 | I88: =AVERAGE(P88,U88,Z88,AE88,AJ88,AO88,AT88) -> #DIV/0! | J88: =AVERAGE(Q88,V88,AA88,AF88,AK88,AP88,AU88) -> #DIV/0! | K88: =AVERAGE(R88,W88,AB88,AG88,AL88,AQ88,AV88) -> #DIV/0! | M88: =RANK(K88, K$87:$K$101) -> #DIV/0!
C89: 3 | I89: =AVERAGE(P89,U89,Z89,AE89,AJ89,AO89,AT89) -> #DIV/0! | J89: =AVERAGE(Q89,V89,AA89,AF89,AK89,AP89,AU89) -> #DIV/0! | K89: =AVERAGE(R89,W89,AB89,AG89,AL89,AQ89,AV89) -> #DIV/0! | M89: =RANK(K89, K$87:$K$101) -> #DIV/0!
C90: 4 | I90: =AVERAGE(P90,U90,Z90,AE90,AJ90,AO90,AT90) -> #DIV/0! | J90: =AVERAGE(Q90,V90,AA90,AF90,AK90,AP90,AU90) -> #DIV/0! | K90: =AVERAGE(R90,W90,AB90,AG90,AL90,AQ90,AV90) -> #DIV/0! | M90: =RANK(K90, K$87:$K$101) -> #DIV/0!
C91: 5 | I91: =AVERAGE(P91,U91,Z91,AE91,AJ91,AO91,AT91) -> #DIV/0! | J91: =AVERAGE(Q91,V91,AA91,AF91,AK91,AP91,AU91) -> #DIV/0! | K91: =AVERAGE(R91,W91,AB91,AG91,AL91,AQ91,AV91) -> #DIV/0! | M91: =RANK(K91, K$87:$K$101) -> #DIV/0!
C92: 6 | I92: =AVERAGE(P92,U92,Z92,AE92,AJ92,AO92,AT92) -> #DIV/0! | J92: =AVERAGE(Q92,V92,AA92,AF92,AK92,AP92,AU92) -> #DIV/0! | K92: =AVERAGE(R92,W92,AB92,AG92,AL92,AQ92,AV92) -> #DIV/0! | M92: =RANK(K92, K$87:$K$101) -> #DIV/0!
C93: 7 | I93: =AVERAGE(P93,U93,Z93,AE93,AJ93,AO93,AT93) -> #DIV/0! | J93: =AVERAGE(Q93,V93,AA93,AF93,AK93,AP93,AU93) -> #DIV/0! | K93: =AVERAGE(R93,W93,AB93,AG93,AL93,AQ93,AV93) -> #DIV/0! | M93: =RANK(K93, K$87:$K$101) -> #DIV/0!
C94: 8 | I94: =AVERAGE(P94,U94,Z94,AE94,AJ94,AO94,AT94) -> #DIV/0! | J94: =AVERAGE(Q94,V94,AA94,AF94,AK94,AP94,AU94) -> #DIV/0! | K94: =AVERAGE(R94,W94,AB94,AG94,AL94,AQ94,AV94) -> #DIV/0! | M94: =RANK(K94, K$87:$K$101) -> #DIV/0!
C95: 9 | I95: =AVERAGE(P95,U95,Z95,AE95,AJ95,AO95,AT95) -> #DIV/0! | J95: =AVERAGE(Q95,V95,AA95,AF95,AK95,AP95,AU95) -> #DIV/0! | K95: =AVERAGE(R95,W95,AB95,AG95,AL95,AQ95,AV95) -> #DIV/0! | M95: =RANK(K95, K$87:$K$101) -> #DIV/0!
C96: 10 | I96: =AVERAGE(P96,U96,Z96,AE96,AJ96,AO96,AT96) -> #DIV/0! | J96: =AVERAGE(Q96,V96,AA96,AF96,AK96,AP96,AU96) -> #DIV/0! | K96: =AVERAGE(R96,W96,AB96,AG96,AL96,AQ96,AV96) -> #DIV/0! | M96: =RANK(K96, K$87:$K$101) -> #DIV/0!
C97: 11 | M97: =RANK(K97, K$87:$K$101) -> #DIV/0!
C98: 12 | M98: =RANK(K98, K$87:$K$101) -> #DIV/0!
C99: 13 | M99: =RANK(K99, K$87:$K$101) -> #DIV/0!
C100: 14 | M100: =RANK(K100, K$87:$K$101) -> #DIV/0!
...

Sheet 生產管理報表 6-1(週)
A1: 生產管理報表
A3: （６）人時生產性前幾名品項
A5: 品群 | B5: 1 | C5: 2 | D5: 3
B6: 熱食義麵 | C6: 季節調理麵 | D6: 微波小吃
A7: 品群 | C7: 排名 | D7: 商品名 | G7: 人數 | H7: 產能 | I7: 人時生產性 | J7: 前月比 | K7: 主要原因&對策
A8: 1 | B8: 熱食義麵 | C8: 1 | D8: 義式蕃茄起司義大利麵 | G8: 12 | H8: 1811 | I8: 151.8 | J8: 1.027
C9: 2 | D9: 青醬蛤蜊義大利麵 | G9: 13 | H9: 1893 | I9: 145.6 | J9: 1.099
C10: 3 | D10: 白酒蛤蜊義大利麵 | G10: 13 | H10: 1762 | I10: 135.6 | J10: 1.072
C11: 4 | D11: 奶油培根義大利麵 | G11: 13 | H11: 1791 | I11: 135.2 | J11: 0.979
C12: 5 | D12: 奶油起司蝦仁通心粉 | G12: 14 | H12: 1395 | I12: 96.8 | J12: 1.131 | K12: 轉自動一線生產，人員補齊
C13: ▼1 | D13: 沙茶豬肉炒麵 | G13: 15 | H13: 1024 | I13: 68.3 | K13: 人員不足
C14: ▼2 | D14: 府城鹽水意麵 | G14: 15 | H14: 1100 | I14: 71.7 | K14: 人員不足
C15: ▼3 | D15: 奶油蒜香雞義大利麵 | G15: 15 | H15: 1133 | I15: 74.1 | J15: 1.06
C16: ▼4 | D16: 剝皮辣椒雞奶油扁麵 | G16: 19 | H16: 1419 | I16: 75.2 | J16: 0.93
C17: ▼5 | D17: 焗烤起司肉醬筆尖麵 | G17: 11 | H17: 851 | I17: 75.7 | K17: 新品,人員不足
A18: 品群 | C18: 排名 | D18: 商品名 | G18: 人數 | H18: 產能 | I18: 人時生產性 | J18: 前月比 | K18: 主要原因&對策
A19: 2 | B19: 季節調理麵 | C19: 1
C20: 2
C21: 3
C22: 4
C23: 5
C24: ▼1
C25: ▼2
C26: ▼3
C27: ▼4
C28: ▼5
A29: 品群 | C29: 排名 | D29: 商品名 | G29: 人數 | H29: 產能 | I29: 人時生產性 | J29: 前月比 | K29: 主要原因&對策
A30: 3 | B30: 微波小吃 | C30: 1 | D30: 小滷青蔬 | G30: 12.571429 | H30: 1501.8571 | I30: 119.71162 | J30: 1.0408
C31: 2 | D31: 起司馬鈴薯 | G31: 11.714286 | H31: 1282 | I31: 110.2119 | J31: 0.941 | K31: 切線兩次
C32: 3 | D32: 台式綜合甜不辣 | G32: 11.714286 | H32: 1227.7143 | I32: 104.87381 | J32: 0.9877
C33: 4
C34: 5
C35: ▼1
C36: ▼2
C37: ▼3
C38: ▼4
C39: ▼5

Sheet （５-3）品群別人時生產性(微波小吃)
B1: 月平均人時性 | C1: =AVERAGE(L7,L27,L47,L67,L87,L107) -> 111.77664
B2: 產線配置圖－每週更新 | N2: 資料繳交 | O2: 日期 | AT2: 45992
P3: 二 | U3: 三 | Z3: 四 | AE3: 五 | AJ3: 六 | AO3: 日 | AT3: 一
B4: 品群 | C4: 商品名稱 | E4: 計畫 | H4: 平均人時性 | I4: 實績 | L4: 平均人時性 | M4: 排名 | O4: 日報 | P4: 實際 | T4: 平均人時性 | U4: 實際 | Y4: 平均人時性 | Z4: 實際 | AD4: 平均人時性 | AE4: 實際 | AI4: 平均人時性 | AJ4: 實際 | AN4: 平均人時性 | AO4: 實際 | AS4: 平均人時性 | AT4: 實際 | AX4: 平均人時性
E5: 產線配置圖 | I5: 產線配置圖 | P5: 生產實績 | U5: 生產實績 | Z5: 生產實績 | AE5: 生產實績 | AJ5: 生產實績 | AO5: 生產實績 | AT5: 生產實績
E6: 人數 | F6: 產能／時 | G6: 人時性 | I6: 人數 | J6: 產能／時 | K6: 人時性 | P6: 人數 | Q6: 產能／時 | R6: 人時性 | S6: 排名 | U6: 人數 | V6: 產能／時 | W6: 人時性 | X6: 排名 | Z6: 人數 | AA6: 產能／時 | AB6: 人時性 | AC6: 排名 | AE6: 人數 | AF6: 產能／時 | AG6: 人時性 | AH6: 排名 | AJ6: 人數 | AK6: 產能／時 | AL6: 人時性 | AM6: 排名 | AO6: 人數 | AP6: 產能／時 | AQ6: 人時性 | AR6: 排名 | AT6: 人數 | AU6: 產能／時 | AV6: 人時性 | AW6: 排名
B7: 微波小吃 | C7: 1 | D7: 小滷青蔬 | E7: =VLOOKUP(D7,'11產線配置圖'!$A$2:$C$30,2,0) -> 13 | F7: =VLOOKUP(D7,'11產線配置圖'!$A$2:$C$30,3,0) -> 1565 | G7: =F7/E7 -> 120.38462 | H7: =AVERAGE(G7:G21) -> 127.07265 | I7: =AVERAGE(AT7) -> 13 | J7: =AVERAGE(AU7) -> 1526 | K7: =AVERAGE(AV7) -> 117.38462 | L7: =IFERROR(AVERAGE(K7:K21),"-") -> 116.71154 | M7: =RANK(K7, K$7:$K$21) -> 2 | R7: =Q7/P7 -> #DIV/0! | S7: =RANK(R7, R$7:R$21) -> #DIV/0! | T7: =AVERAGE(R7:R21) -> #DIV/0! | W7: =V7/U7 -> #DIV/0! | X7: =RANK(W7, W$7:W$21) -> #DIV/0! | Y7: =AVERAGE(W7:W21) -> #DIV/0! | AB7: =AA7/Z7 -> #DIV/0! | AC7: =RANK(AB7, AB$7:AB$21) -> #DIV/0! | AD7: =AVERAGE(AB7:AB21) -> #DIV/0! | AG7: =AF7/AE7 -> #DIV/0! | AH7: =RANK(AG7, AG$7:AG$21) -> #DIV/0! | AI7: =AVERAGE(AG7:AG21) -> #DIV/0! | AL7: =AK7/AJ7 -> #DIV/0! | AM7: =RANK(AL7, AL$7:AL$21) -> #DIV/0! | AN7: =AVERAGE(AL7:AL21) -> #DIV/0! | AQ7: =AP7/AO7 -> #DIV/0! | AR7: =RANK(AQ7, AQ$7:AQ$21) -> #DIV/0! | AS7: =AVERAGE(AQ7:AQ21) -> #DIV/0! | AT7: 13 | AU7: 1526 | AV7: =AU7/AT7 -> 117.38462 | AW7: =RANK(AV7, AV$7:AV$21) -> 2 | AX7: =AVERAGE(AV7:AV21) -> 116.71154
C8: 2 | D8: 起司馬鈴薯 | E8: =VLOOKUP(D8,'11產線配置圖'!$A$2:$C$30,2,0) -> 12 | F8: =VLOOKUP(D8,'11產線配置圖'!$A$2:$C$30,3,0) -> 1565 | G8: =F8/E8 -> 130.41667 | I8: =AVERAGE(AT8) -> 12 | J8: =AVERAGE(AU8) -> 1512 | K8: =AVERAGE(AV8) -> 126 | M8: =RANK(K8, K$7:$K$21) -> 1 | R8: =Q8/P8 -> #DIV/0! | S8: =RANK(R8, R$7:R$21) -> #DIV/0! | W8: =V8/U8 -> #DIV/0! | X8: =RANK(W8, W$7:W$21) -> #DIV/0! | AB8: =AA8/Z8 -> #DIV/0! | AC8: =RANK(AB8, AB$7:AB$21) -> #DIV/0! | AG8: =AF8/AE8 -> #DIV/0! | AH8: =RANK(AG8, AG$7:AG$21) -> #DIV/0! | AL8: =AK8/AJ8 -> #DIV/0! | AM8: =RANK(AL8, AL$7:AL$21) -> #DIV/0! | AQ8: =AP8/AO8 -> #DIV/0! | AR8: =RANK(AQ8, AQ$7:AQ$21) -> #DIV/0! | AT8: 12 | AU8: 1512 | AV8: =AU8/AT8 -> 126 | AW8: =RANK(AV8, AV$7:AV$21) -> 1
C9: 3 | D9: 台式綜合甜不辣 | E9: =VLOOKUP(D9,'11產線配置圖'!$A$2:$C$30,2,0) -> 12 | F9: =VLOOKUP(D9,'11產線配置圖'!$A$2:$C$30,3,0) -> 1565 | G9: =F9/E9 -> 130.41667 | I9: =AVERAGE(AT9) -> 12 | J9: =AVERAGE(AU9) -> 1281 | K9: =AVERAGE(AV9) -> 106.75 | M9: =RANK(K9, K$7:$K$21) -> 3 | R9: =Q9/P9 -> #DIV/0! | S9: =RANK(R9, R$7:R$21) -> #DIV/0! | W9: =V9/U9 -> #DIV/0! | X9: =RANK(W9, W$7:W$21) -> #DIV/0! | AB9: =AA9/Z9 -> #DIV/0! | AC9: =RANK(AB9, AB$7:AB$21) -> #DIV/0! | AG9: =AF9/AE9 -> #DIV/0! | AH9: =RANK(AG9, AG$7:AG$21) -> #DIV/0! | AL9: =AK9/AJ9 -> #DIV/0! | AM9: =RANK(AL9, AL$7:AL$21) -> #DIV/0! | AQ9: =AP9/AO9 -> #DIV/0! | AR9: =RANK(AQ9, AQ$7:AQ$21) -> #DIV/0! | AT9: 12 | AU9: 1281 | AV9: =AU9/AT9 -> 106.75 | AW9: =RANK(AV9, AV$7:AV$21) -> 3
C10: 4 | R10: =Q10/P10 -> #DIV/0! | S10: =RANK(R10, R$7:R$21) -> #DIV/0!
C11: 5 | R11: =Q11/P11 -> #DIV/0! | S11: =RANK(R11, R$7:R$21) -> #DIV/0!
C12: 6 | R12: =Q12/P12 -> #DIV/0! | S12: =RANK(R12, R$7:R$21) -> #DIV/0!
C13: 7 | R13: =Q13/P13 -> #DIV/0! | S13: =RANK(R13, R$7:R$21) -> #DIV/0!
C14: 8
C15: 9
C16: 10
C17: 11
C18: 12
C19: 13
C20: 14
C21: 15
B22: 產線配置圖－每週更新 | N22: 資料繳交 | O22: 日期 | P22: 45993 | U22: 45994 | Z22: 45995 | AE22: 45996 | AJ22: 45997 | AO22: 45998 | AT22: 45999
P23: 二 | U23: 三 | Z23: 四 | AE23: 五 | AJ23: 六 | AO23: 日 | AT23: 一
B24: 品群 | C24: 商品名稱 | E24: 計畫 | H24: 平均人時性 | I24: 實績 | L24: 平均人時性 | M24: 排名 | O24: 日報 | P24: 實際 | T24: 平均人時性 | U24: 實際 | Y24: 平均人時性 | Z24: 實際 | AD24: 平均人時性 | AE24: 實際 | AI24: 平均人時性 | AJ24: 實際 | AN24: 平均人時性 | AO24: 實際 | AS24: 平均人時性 | AT24: 實際 | AX24: 平均人時性
E25: 產線配置圖 | I25: 產線配置圖 | P25: 生產實績 | U25: 生產實績 | Z25: 生產實績 | AE25: 生產實績 | AJ25: 生產實績 | AO25: 生產實績 | AT25: 生產實績
E26: 人數 | F26: 產能／時 | G26: 人時性 | I26: 人數 | J26: 產能／時 | K26: 人時性 | P26: 人數 | Q26: 產能／時 | R26: 人時性 | S26: 排名 | U26: 人數 | V26: 產能／時 | W26: 人時性 | X26: 排名 | Z26: 人數 | AA26: 產能／時 | AB26: 人時性 | AC26: 排名 | AE26: 人數 | AF26: 產能／時 | AG26: 人時性 | AH26: 排名 | AJ26: 人數 | AK26: 產能／時 | AL26: 人時性 | AM26: 排名 | AO26: 人數 | AP26: 產能／時 | AQ26: 人時性 | AR26: 排名 | AT26: 人數 | AU26: 產能／時 | AV26: 人時性 | AW26: 排名
B27: 微波小吃 | C27: 1 | D27: 小滷青蔬 | E27: =VLOOKUP(D27,'11產線配置圖'!$A$2:$C$30,2,0) -> 13 | F27: =VLOOKUP(D27,'11產線配置圖'!$A$2:$C$30,3,0) -> 1565 | G27: =F27/E27 -> 120.38462 | H27: =AVERAGE(G27:G41) -> 127.07265 | I27: =AVERAGE(P27,U27,Z27,AE27,AJ27,AO27,AT27) -> 13 | J27: =AVERAGE(Q27,V27,AA27,AF27,AK27,AP27,AU27) -> 1491.7143 | K27: =AVERAGE(R27,W27,AB27,AG27,AL27,AQ27,AV27) -> 114.74725 | L27: =IFERROR(AVERAGE(K27:K41),"-") -> 105.64988 | M27: =RANK(K27, K$27:$K$41) -> 2 | P27: 13 | Q27: 1557 | R27: =Q27/P27 -> 119.76923 | S27: =RANK(R27, $R$27:$R$41) -> 1 | T27: =AVERAGE(R27:R41) -> 117.00641 | U27: 13 | V27: 1256 | W27: =V27/U27 -> 96.615385 | X27: =RANK(W27, $W$27:$W$41) -> 2 | Y27: =AVERAGE(W27:W41) -> 94.844017 | Z27: 13 | AA27: 1470 | AB27: =AA27/Z27 -> 113.07692 | AC27: =RANK(AB27, $AB$27:$AB$29) -> 2 | AD27: =AVERAGE(AB27:AB41) -> 111.55342 | AE27: 13 | AF27: 1524 | AG27: =AF27/AE27 -> 117.23077 | AH27: =RANK(AG27, $AG$27:$AG$29) -> 2 | AI27: =AVERAGE(AG27:AG41) -> 106.38248 | AJ27: 13 | AK27: 1547 | AL27: =AK27/AJ27 -> 119 | AM27: =RANK(AL27, $AL$27:$AL$29) -> 2 | AN27: =AVERAGE(AL27:AL41) -> 109.86111 | AO27: 13 | AP27: 1541 | AQ27: =AP27/AO27 -> 118.53846 | AR27: =RANK(AQ27, $AQ$27:$AQ$41) -> 1 | AS27: =AVERAGE(AQ27:AQ41) -> 92.457265 | AT27: 13 | AU27: 1547 | AV27: =AU27/AT27 -> 119 | AW27: =RANK(AV27, $AV$27:$AV$41) -> 2 | AX27: =AVERAGE(AV27:AV41) -> 107.44444
C28: 2 | D28: 起司馬鈴薯 | E28: =VLOOKUP(D28,'11產線配置圖'!$A$2:$C$30,2,0) -> 12 | F28: =VLOOKUP(D28,'11產線配置圖'!$A$2:$C$30,3,0) -> 1565 | G28: =F28/E28 -> 130.41667 | I28: =AVERAGE(P28,U28,Z28,AE28,AJ28,AO28,AT28) -> 12 | J28: =AVERAGE(Q28,V28,AA28,AF28,AK28,AP28,AU28) -> 1395.1429 | K28: =AVERAGE(R28,W28,AB28,AG28,AL28,AQ28,AV28) -> 116.2619 | M28: =RANK(K28, K$27:$K$41) -> 1 | P28: 12 | Q28: 1411 | R28: =Q28/P28 -> 117.58333 | S28: =RANK(R28, $R$27:$R$41) -> 2 | U28: 12 | V28: 1180 | W28: =V28/U28 -> 98.333333 | X28: =RANK(W28, $W$27:$W$41) -> 1 | Z28: 12 | AA28: 1389 | AB28: =AA28/Z28 -> 115.75 | AC28: =RANK(AB28, $AB$27:$AB$29) -> 1 | AE28: 12 | AF28: 1506 | AG28: =AF28/AE28 -> 125.5 | AH28: =RANK(AG28, $AG$27:$AG$29) -> 1 | AJ28: 12 | AK28: 1543 | AL28: =AK28/AJ28 -> 128.58333 | AM28: =RANK(AL28, $AL$27:$AL$29) -> 1 | AO28: 12 | AP28: 1269 | AQ28: =AP28/AO28 -> 105.75 | AR28: =RANK(AQ28, $AQ$27:$AQ$41) -> 2 | AT28: 12 | AU28: 1468 | AV28: =AU28/AT28 -> 122.33333 | AW28: =RANK(AV28, $AV$27:$AV$41) -> 1
C29: 3 | D29: 台式綜合甜不辣 | E29: =VLOOKUP(D29,'11產線配置圖'!$A$2:$C$30,2,0) -> 12 | F29: =VLOOKUP(D29,'11產線配置圖'!$A$2:$C$30,3,0) -> 1565 | G29: =F29/E29 -> 130.41667 | I29: =AVERAGE(P29,U29,Z29,AE29,AJ29,AO29,AT29) -> 12 | J29: =AVERAGE(Q29,V29,AA29,AF29,AK29,AP29,AU29) -> 1031.2857 | K29: =AVERAGE(R29,W29,AB29,AG29,AL29,AQ29,AV29) -> 85.940476 | M29: =RANK(K29, K$27:$K$41) -> 3 | P29: 12 | Q29: 1364 | R29: =Q29/P29 -> 113.66667 | S29: =RANK(R29, $R$27:$R$41) -> 3 | U29: 12 | V29: 1075 | W29: =V29/U29 -> 89.583333 | X29: =RANK(W29, $W$27:$W$41) -> 3 | Z29: 12 | AA29: 1270 | AB29: =AA29/Z29 -> 105.83333 | AC29: =RANK(AB29, $AB$27:$AB$29) -> 3 | AE29: 12 | AF29: 917 | AG29: =AF29/AE29 -> 76.416667 | AH29: =RANK(AG29, $AG$27:$AG$29) -> 3 | AJ29: 12 | AK29: 984 | AL29: =AK29/AJ29 -> 82 | AM29: =RANK(AL29, $AL$27:$AL$29) -> 3 | AO29: 12 | AP29: 637 | AQ29: =AP29/AO29 -> 53.083333 | AR29: =RANK(AQ29, $AQ$27:$AQ$41) -> 3 | AT29: 12 | AU29: 972 | AV29: =AU29/AT29 -> 81 | AW29: =RANK(AV29, $AV$27:$AV$41) -> 3
C30: 4
C31: 5
C32: 6
C33: 7
C34: 8
C35: 9
C36: 10
C37: 11
C38: 12
C39: 13
C40: 14
C41: 15
B42: 產線配置圖－每週更新 | N42: 資料繳交 | O42: 日期 | P42: 46000 | U42: 46001 | Z42: 46002 | AE42: 46003 | AJ42: 46004 | AO42: 46005 | AT42: 46006
P43: 二 | U43: 三 | Z43: 四 | AE43: 五 | AJ43: 六 | AO43: 日 | AT43: 一
B44: 品群 | C44: 商品名稱 | E44: 計畫 | H44: 平均人時性 | I44: 實績 | L44: 平均人時性 | M44: 排名 | O44: 日報 | P44: 實際 | T44: 平均人時性 | U44: 實際 | Y44: 平均人時性 | Z44: 實際 | AD44: 平均人時性 | AE44: 實際 | AI44: 平均人時性 | AJ44: 實際 | AN44: 平均人時性 | AO44: 實際 | AS44: 平均人時性 | AT44: 實際 | AX44: 平均人時性
E45: 產線配置圖 | I45: 產線配置圖 | P45: 生產實績 | U45: 生產實績 | Z45: 生產實績 | AE45: 生產實績 | AJ45: 生產實績 | AO45: 生產實績 | AT45: 生產實績
E46: 人數 | F46: 產能／時 | G46: 人時性 | I46: 人數 | J46: 產能／時 | K46: 人時性 | P46: 人數 | Q46: 產能／時 | R46: 人時性 | S46: 排名 | U46: 人數 | V46: 產能／時 | W46: 人時性 | X46: 排名 | Z46: 人數 | AA46: 產能／時 | AB46: 人時性 | AC46: 排名 | AE46: 人數 | AF46: 產能／時 | AG46: 人時性 | AH46: 排名 | AJ46: 人數 | AK46: 產能／時 | AL46: 人時性 | AM46: 排名 | AO46: 人數 | AP46: 產能／時 | AQ46: 人時性 | AR46: 排名 | AT46: 人數 | AU46: 產能／時 | AV46: 人時性 | AW46: 排名
B47: 微波小吃 | C47: 1 | D47: 小滷青蔬 | E47: =VLOOKUP(D47,'11產線配置圖'!$A$2:$C$30,2,0) -> 13 | F47: =VLOOKUP(D47,'11產線配置圖'!$A$2:$C$30,3,0) -> 1565 | G47: =F47/E47 -> 120.38462 | H47: =AVERAGE(G47:G61) -> 127.07265 | I47: =AVERAGE(P47,U47,Z47,AE47,AJ47,AO47,AT47) -> 13 | J47: =AVERAGE(Q47,V47,AA47,AF47,AK47,AP47,AU47) -> 1494 | K47: =AVERAGE(R47,W47,AB47,AG47,AL47,AQ47,AV47) -> 114.92308 | L47: =IFERROR(AVERAGE(K47:K61),"-") -> 112.14182 | M47: =RANK(K47, K$47:$K$61) -> 2 | P47: 13 | Q47: 1471 | R47: =Q47/P47 -> 113.15385 | S47: =RANK(R47, $R$47:$R$49) -> 2 | T47: =AVERAGE(R47:R61) -> 116.16795 | U47: 13 | V47: 1556 | W47: =V47/U47 -> 119.69231 | X47: =RANK(W47, $W$47:$W$49) -> 3 | Y47: =AVERAGE(W47:W61) -> 120.78632 | Z47: 13 | AA47: 1447 | AB47: =AA47/Z47 -> 111.30769 | AC47: =RANK(AB47, $AB$47:$AB$49) -> 1 | AD47: =AVERAGE(AB47:AB61) -> 92.102564 | AE47: 13 | AF47: 1433 | AG47: =AF47/AE47 -> 110.23077 | AH47: =RANK(AG47,$AG$47:$AG$49) -> 2 | AI47: =AVERAGE(AG47:AG61) -> 105.74359 | AJ47: 13 | AK47: 1542 | AL47: =AK47/AJ47 -> 118.61538 | AM47: =RANK(AL47, $AL$47:$AL$49) -> 2 | AN47: =AVERAGE(AL47:AL61) -> 119.17735 | AO47: 13 | AP47: 1543 | AQ47: =AP47/AO47 -> 118.69231 | AR47: =RANK(AQ47,$AQ$47:$AQ$49) -> 2 | AS47: =AVERAGE(AQ47:AQ61) -> 114.39744 | AT47: 13 | AU47: 1466 | AV47: =AU47/AT47 -> 112.76923 | AW47: =RANK(AV47,$AV$47:$AV$49) -> 2 | AX47: =AVERAGE(AV47:AV61) -> 116.61752
C48: 2 | D48: 起司馬鈴薯 | E48: =VLOOKUP(D48,'11產線配置圖'!$A$2:$C$30,2,0) -> 12 | F48: =VLOOKUP(D48,'11產線配置圖'!$A$2:$C$30,3,0) -> 1565 | G48: =F48/E48 -> 130.41667 | I48: =AVERAGE(P48,U48,Z48,AE48,AJ48,AO48,AT48) -> 12 | J48: =AVERAGE(Q48,V48,AA48,AF48,AK48,AP48,AU48) -> 1466.8571 | K48: =AVERAGE(R48,W48,AB48,AG48,AL48,AQ48,AV48) -> 122.2381 | M48: =RANK(K48, K$47:$K$61) -> 1 | P48: 12 | Q48: 1527 | R48: =Q48/P48 -> 127.25 | S48: =RANK(R48, $R$47:$R$49) -> 1 | U48: 12 | V48: 1440 | W48: =V48/U48 -> 120 | X48: =RANK(W48, $W$47:$W$49) -> 2 | Z48: 12 | AA48: 1272 | AB48: =AA48/Z48 -> 106 | AC48: =RANK(AB48, $AB$47:$AB$49) -> 2 | AE48: 12 | AF48: 1509 | AG48: =AF48/AE48 -> 125.75 | AH48: =RANK(AG48,$AG$47:$AG$49) -> 1 | AJ48: 12 | AK48: 1479 | AL48: =AK48/AJ48 -> 123.25 | AM48: =RANK(AL48, $AL$47:$AL$49) -> 1 | AO48: 12 | AP48: 1501 | AQ48: =AP48/AO48 -> 125.08333 | AR48: =RANK(AQ48,$AQ$47:$AQ$49) -> 1 | AT48: 12 | AU48: 1540 | AV48: =AU48/AT48 -> 128.33333 | AW48: =RANK(AV48,$AV$47:$AV$49) -> 1
C49: 3 | D49: 台式綜合甜不辣 | E49: =VLOOKUP(D49,'11產線配置圖'!$A$2:$C$30,2,0) -> 12 | F49: =VLOOKUP(D49,'11產線配置圖'!$A$2:$C$30,3,0) -> 1565 | G49: =F49/E49 -> 130.41667 | I49: =AVERAGE(P49,U49,Z49,AE49,AJ49,AO49,AT49) -> 11.714286 | J49: =AVERAGE(Q49,V49,AA49,AF49,AK49,AP49,AU49) -> 1160.2857 | K49: =AVERAGE(R49,W49,AB49,AG49,AL49,AQ49,AV49) -> 99.264286 | M49: =RANK(K49, K$47:$K$61) -> 3 | P49: 10 | Q49: 1081 | R49: =Q49/P49 -> 108.1 | S49: =RANK(R49, $R$47:$R$49) -> 3 | U49: 12 | V49: 1472 | W49: =V49/U49 -> 122.66667 | X49: =RANK(W49, $W$47:$W$49) -> 1 | Z49: 12 | AA49: 708 | AB49: =AA49/Z49 -> 59 | AC49: =RANK(AB49, $AB$47:$AB$49) -> 3 | AE49: 12 | AF49: 975 | AG49: =AF49/AE49 -> 81.25 | AH49: =RANK(AG49,$AG$47:$AG$49) -> 3 | AJ49: 12 | AK49: 1388 | AL49: =AK49/AJ49 -> 115.66667 | AM49: =RANK(AL49, $AL$47:$AL$49) -> 3 | AO49: 12 | AP49: 1193 | AQ49: =AP49/AO49 -> 99.416667 | AR49: =RANK(AQ49,$AQ$47:$AQ$49) -> 3 | AT49: 12 | AU49: 1305 | AV49: =AU49/AT49 -> 108.75 | AW49: =RANK(AV49,$AV$47:$AV$49) -> 3
C50: 4
C51: 5
C52: 6
C53: 7
C54: 8
C55: 9
C56: 10
C57: 11
C58: 12
C59: 13
C60: 14
C61: 15
B62: 產線配置圖－每週更新 | N62: 資料繳交 | O62: 日期 | P62: 46007 | U62: 46008 | Z62: 46009 | AE62: 46010 | AJ62: 46011 | AO62: 46012 | AT62: 46013
P63: 二 | U63: 三 | Z63: 四 | AE63: 五 | AJ63: 六 | AO63: 日 | AT63: 一
B64: 品群 | C64: 商品名稱 | E64: 計畫 | H64: 平均人時性 | I64: 實績 | L64: 平均人時性 | M64: 排名 | O64: 日報 | P64: 實際 | T64: 平均人時性 | U64: 實際 | Y64: 平均人時性 | Z64: 實際 | AD64: 平均人時性 | AE64: 實際 | AI64: 平均人時性 | AJ64: 實際 | AN64: 平均人時性 | AO64: 實際 | AS64: 平均人時性 | AT64: 實際 | AX64: 平均人時性
E65: 產線配置圖 | I65: 產線配置圖 | P65: 生產實績 | U65: 生產實績 | Z65: 生產實績 | AE65: 生產實績 | AJ65: 生產實績 | AO65: 生產實績 | AT65: 生產實績
E66: 人數 | F66: 產能／時 | G66: 人時性 | I66: 人數 | J66: 產能／時 | K66: 人時性 | P66: 人數 | Q66: 產能／時 | R66: 人時性 | S66: 排名 | U66: 人數 | V66: 產能／時 | W66: 人時性 | X66: 排名 | Z66: 人數 | AA66: 產能／時 | AB66: 人時性 | AC66: 排名 | AE66: 人數 | AF66: 產能／時 | AG66: 人時性 | AH66: 排名 | AJ66: 人數 | AK66: 產能／時 | AL66: 人時性 | AM66: 排名 | AO66: 人數 | AP66: 產能／時 | AQ66: 人時性 | AR66: 排名 | AT66: 人數 | AU66: 產能／時 | AV66: 人時性 | AW66: 排名
B67: 微波小吃 | C67: 1 | D67: 小滷青蔬 | E67: =VLOOKUP(D67,'11產線配置圖'!$A$2:$C$30,2,0) -> 13 | F67: =VLOOKUP(D67,'11產線配置圖'!$A$2:$C$30,3,0) -> 1565 | G67: =F67/E67 -> 120.38462 | H67: =AVERAGE(G67:G81) -> 127.07265 | I67: =AVERAGE(P67,U67,Z66,AE67,AJ67,AO67,AT67) -> 13 | J67: =AVERAGE(Q67,V67,AA67,AF67,AK67,AP67,AU67) -> 1495.2857 | K67: =AVERAGE(R67,W67,AB67,AG67,AL67,AQ67,AV67) -> 115.02198 | L67: =IFERROR(AVERAGE(K67:K81),"-") -> 112.78083 | M67: =RANK(K67, K$67:$K$81) -> 2 | P67: 13 | Q67: 1535 | R67: =Q67/P67 -> 118.07692 | S67: =RANK(R67,$R$67:$R$81) -> 2 | T67: =AVERAGE(R67:R81) -> 118.3312 | U67: 13 | V67: 1385 | W67: =V67/U67 -> 106.53846 | X67: =RANK(W67,$W$67:$W$81) -> 2 | Y67: =AVERAGE(W67:W81) -> 104.76282 | Z67: 13 | AA67: 1554 | AB67: =AA67/Z67 -> 119.53846 | AC67: =RANK(AB67, $AB$67:$AB$69) -> 1 | AD67: =AVERAGE(AB67:AB81) -> 109.56838 | AE67: 13 | AF67: 1545 | AG67: =AF67/AE67 -> 118.84615 | AH67: =RANK(AG67, $AG$67:$AG$69) -> 2 | AI67: =AVERAGE(AG67:AG81) -> 111.50427 | AJ67: 13 | AK67: 1465 | AL67: =AK67/AJ67 -> 112.69231 | AM67: =RANK(AL67, $AL$67:$AL$69) -> 1 | AN67: =AVERAGE(AL67:AL81) -> 110.03419 | AO67: 13 | AP67: 1443 | AQ67: =AP67/AO67 -> 111 | AR67: =RANK(AQ67, $AQ$67:$AQ$69) -> 3 | AS67: =AVERAGE(AQ67:AQ81) -> 119.5 | AT67: 13 | AU67: 1540 | AV67: =AU67/AT67 -> 118.46154 | AW67: =RANK(AV67, $AV$67:$AV$69) -> 1 | AX67: =AVERAGE(AV67:AV81) -> 115.76496
C68: 2 | D68: 起司馬鈴薯 | E68: =VLOOKUP(D68,'11產線配置圖'!$A$2:$C$30,2,0) -> 12 | F68: =VLOOKUP(D68,'11產線配置圖'!$A$2:$C$30,3,0) -> 1565 | G68: =F68/E68 -> 130.41667 | I68: =AVERAGE(P68,U68,Z67,AE68,AJ68,AO68,AT68) -> 12.285714 | J68: =AVERAGE(Q68,V68,AA68,AF68,AK68,AP68,AU68) -> 1420.7143 | K68: =AVERAGE(R68,W68,AB68,AG68,AL68,AQ68,AV68) -> 117.11813 | M68: =RANK(K68, K$67:$K$81) -> 1 | P68: 12 | Q68: 1387 | R68: =Q68/P68 -> 115.58333 | S68: =RANK(R68,$R$67:$R$81) -> 3 | U68: 12 | V68: 1368 | W68: =V68/U68 -> 114 | X68: =RANK(W68,$W$67:$W$81) -> 1 | Z68: 12 | AA68: 1415 | AB68: =AA68/Z68 -> 117.91667 | AC68: =RANK(AB68, $AB$67:$AB$69) -> 2 | AE68: 12 | AF68: 1561 | AG68: =AF68/AE68 -> 130.08333 | AH68: =RANK(AG68, $AG$67:$AG$69) -> 1 | AJ68: 13 | AK68: 1392 | AL68: =AK68/AJ68 -> 107.07692 | AM68: =RANK(AL68, $AL$67:$AL$69) -> 3 | AO68: 12 | AP68: 1444 | AQ68: =AP68/AO68 -> 120.33333 | AR68: =RANK(AQ68, $AQ$67:$AQ$69) -> 2 | AT68: 12 | AU68: 1378 | AV68: =AU68/AT68 -> 114.83333 | AW68: =RANK(AV68, $AV$67:$AV$69) -> 2
C69: 3 | D69: 台式綜合甜不辣 | E69: =VLOOKUP(D69,'11產線配置圖'!$A$2:$C$30,2,0) -> 12 | F69: =VLOOKUP(D69,'11產線配置圖'!$A$2:$C$30,3,0) -> 1565 | G69: =F69/E69 -> 130.41667 | I69: =AVERAGE(P69,U69,Z69,AE69,AJ69,AO69,AT69) -> 12 | J69: =AVERAGE(Q69,V69,AA69,AF69,AK69,AP69,AU69) -> 1274.4286 | K69: =AVERAGE(R69,W69,AB69,AG69,AL69,AQ69,AV69) -> 106.20238 | M69: =RANK(K69, K$67:$K$81) -> 3 | P69: 12 | Q69: 1456 | R69: =Q69/P69 -> 121.33333 | S69: =RANK(R69,$R$67:$R$81) -> 1 | U69: 12 | V69: 1125 | W69: =V69/U69 -> 93.75 | X69: =RANK(W69,$W$67:$W$81) -> 3 | Z69: 12 | AA69: 1095 | AB69: =AA69/Z69 -> 91.25 | AC69: =RANK(AB69, $AB$67:$AB$69) -> 3 | AE69: 12 | AF69: 1027 | AG69: =AF69/AE69 -> 85.583333 | AH69: =RANK(AG69, $AG$67:$AG$69) -> 3 | AJ69: 12 | AK69: 1324 | AL69: =AK69/AJ69 -> 110.33333 | AM69: =RANK(AL69, $AL$67:$AL$69) -> 2 | AO69: 12 | AP69: 1526 | AQ69: =AP69/AO69 -> 127.16667 | AR69: =RANK(AQ69, $AQ$67:$AQ$69) -> 1 | AT69: 12 | AU69: 1368 | AV69: =AU69/AT69 -> 114 | AW69: =RANK(AV69, $AV$67:$AV$69) -> 3
C70: 4
C71: 5
C72: 6
C73: 7
C74: 8
C75: 9
C76: 10
C77: 11
C78: 12
C79: 13
C80: 14
C81: 15
B82: 產線配置圖－每週更新 | N82: 資料繳交 | O82: 日期 | P82: 46014 | U82: 46015 | Z82: 46016 | AE82: 46017 | AJ82: 46018 | AO82: 46019 | AT82: 46020
P83: 二 | U83: 三 | Z83: 四 | AE83: 五 | AJ83: 六 | AO83: 日 | AT83: 一
B84: 品群 | C84: 商品名稱 | E84: 計畫 | H84: 平均人時性 | I84: 實績 | L84: 平均人時性 | M84: 排名 | O84: 日報 | P84: 實際 | T84: 平均人時性 | U84: 實際 | Y84: 平均人時性 | Z84: 實際 | AD84: 平均人時性 | AE84: 實際 | AI84: 平均人時性 | AJ84: 實際 | AN84: 平均人時性 | AO84: 實際 | AS84: 平均人時性 | AT84: 實際 | AX84: 平均人時性
E85: 產線配置圖 | I85: 產線配置圖 | P85: 生產實績 | U85: 生產實績 | Z85: 生產實績 | AE85: 生產實績 | AJ85: 生產實績 | AO85: 生產實績 | AT85: 生產實績
E86: 人數 | F86: 產能／時 | G86: 人時性 | I86: 人數 | J86: 產能／時 | K86: 人時性 | P86: 人數 | Q86: 產能／時 | R86: 人時性 | S86: 排名 | U86: 人數 | V86: 產能／時 | W86: 人時性 | X86: 排名 | Z86: 人數 | AA86: 產能／時 | AB86: 人時性 | AC86: 排名 | AE86: 人數 | AF86: 產能／時 | AG86: 人時性 | AH86: 排名 | AJ86: 人數 | AK86: 產能／時 | AL86: 人時性 | AM86: 排名 | AO86: 人數 | AP86: 產能／時 | AQ86: 人時性 | AR86: 排名 | AT86: 人數 | AU86: 產能／時 | AV86: 人時性 | AW86: 排名
B87: 微波小吃 | C87: 1 | D87: 小滷青蔬 | E87: =VLOOKUP(D87,'11產線配置圖'!$A$2:$C$30,2,0) -> 13 | F87: =VLOOKUP(D87,'11產線配置圖'!$A$2:$C$30,3,0) -> 1565 | G87: =F87/E87 -> 120.38462 | H87: =AVERAGE(G87:G101) -> 127.07265 | I87: =AVERAGE(P87,U87,Z87,AE87,AJ87,AO87,AT87) -> 12.571429 | J87: =AVERAGE(Q87,V87,AA87,AF87,AK87,AP87,AU87) -> 1501.8571 | K87: =AVERAGE(R87,W87,AB87,AG87,AL87,AQ87,AV87) -> 119.71162 | L87: =IFERROR(AVERAGE(K87:K101),"-") -> 111.59911 | M87: =RANK(K87, K$87:$K$101) -> 1 | P87: 13 | Q87: 1563 | R87: =Q87/P87 -> 120.23077 | S87: =RANK(R87,$R$87:$R$101) -> 1 | T87: =AVERAGE(R87:R101) -> 107.88248 | U87: 13 | V87: 1543 | W87: =V87/U87 -> 118.69231 | X87: =RANK(W87,$W$87:$W$90) -> 2 | Y87: =AVERAGE(W87:W101) -> 117.53632 | Z87: 13 | AA87: 1495 | AB87: =AA87/Z87 -> 115 | AC87: =RANK(AB87,$AB$87:$AB$101) -> 1 | AD87: =AVERAGE(AB87:AB101) -> 109.52778 | AE87: 11 | AF87: 1447 | AG87: =AF87/AE87 -> 131.54545 | AH87: =RANK(AG87,$AG$87:$AG$101) -> 2 | AI87: =AVERAGE(AG87:AG101) -> 127.04848 | AJ87: 13 | AK87: 1501 | AL87: =AK87/AJ87 -> 115.46154 | AM87: =RANK(AL87,$AL$87:$AL$90) -> 1 | AN87: =AVERAGE(AL87:AL101) -> 98.487179 | AO87: 12 | AP87: 1412 | AQ87: =AP87/AO87 -> 117.66667 | AR87: =RANK(AQ87,$AQ$87:$AQ$101) -> 2 | AS87: =AVERAGE(AQ87:AQ101) -> 115.69444 | AT87: 13 | AU87: 1552 | AV87: =AU87/AT87 -> 119.38462 | AW87: =RANK(AV87,$AV$87:$AV$101) -> 1 | AX87: =AVERAGE(AV87:AV101) -> 105.01709
C88: 2 | D88: 起司馬鈴薯 | E88: =VLOOKUP(D88,'11產線配置圖'!$A$2:$C$30,2,0) -> 12 | F88: =VLOOKUP(D88,'11產線配置圖'!$A$2:$C$30,3,0) -> 1565 | G88: =F88/E88 -> 130.41667 | I88: =AVERAGE(P88,U88,Z88,AE88,AJ88,AO88,AT88) -> 11.714286 | J88: =AVERAGE(Q88,V88,AA88,AF88,AK88,AP88,AU88) -> 1282 | K88: =AVERAGE(R88,W88,AB88,AG88,AL88,AQ88,AV88) -> 110.2119 | M88: =RANK(K88, K$87:$K$101) -> 2 | P88: 12 | Q88: 1350 | R88: =Q88/P88 -> 112.5 | S88: =RANK(R88,$R$87:$R$101) -> 2 | U88: 12 | V88: 1259 | W88: =V88/U88 -> 104.91667 | X88: =RANK(W88,$W$87:$W$90) -> 3 | Z88: 12 | AA88: 1219 | AB88: =AA88/Z88 -> 101.58333 | AC88: =RANK(AB88,$AB$87:$AB$101) -> 3 | AE88: 10 | AF88: 1419 | AG88: =AF88/AE88 -> 141.9 | AH88: =RANK(AG88,$AG$87:$AG$101) -> 1 | AJ88: 12 | AK88: 1132 | AL88: =AK88/AJ88 -> 94.333333 | AM88: =RANK(AL88,$AL$87:$AL$90) -> 2 | AO88: 12 | AP88: 1316 | AQ88: =AP88/AO88 -> 109.66667 | AR88: =RANK(AQ88,$AQ$87:$AQ$101) -> 3 | AT88: 12 | AU88: 1279 | AV88: =AU88/AT88 -> 106.58333 | AW88: =RANK(AV88,$AV$87:$AV$101) -> 2
C89: 3 | D89: 台式綜合甜不辣 | E89: =VLOOKUP(D89,'11產線配置圖'!$A$2:$C$30,2,0) -> 12 | F89: =VLOOKUP(D89,'11產線配置圖'!$A$2:$C$30,3,0) -> 1565 | G89: =F89/E89 -> 130.41667 | I89: =AVERAGE(P89,U89,Z89,AE89,AJ89,AO89,AT89) -> 11.714286 | J89: =AVERAGE(Q89,V89,AA89,AF89,AK89,AP89,AU89) -> 1227.7143 | K89: =AVERAGE(R89,W89,AB89,AG89,AL89,AQ89,AV89) -> 104.87381 | M89: =RANK(K89, K$87:$K$101) -> 3 | P89: 12 | Q89: 1091 | R89: =Q89/P89 -> 90.916667 | S89: =RANK(R89,$R$87:$R$101) -> 3 | U89: 12 | V89: 1548 | W89: =V89/U89 -> 129 | X89: =RANK(W89,$W$87:$W$90) -> 1 | Z89: 12 | AA89: 1344 | AB89: =AA89/Z89 -> 112 | AC89: =RANK(AB89,$AB$87:$AB$101) -> 2 | AE89: 10 | AF89: 1077 | AG89: =AF89/AE89 -> 107.7 | AH89: =RANK(AG89,$AG$87:$AG$101) -> 3 | AJ89: 12 | AK89: 1028 | AL89: =AK89/AJ89 -> 85.666667 | AM89: =RANK(AL89,$AL$87:$AL$90) -> 3 | AO89: 12 | AP89: 1437 | AQ89: =AP89/AO89 -> 119.75 | AR89: =RANK(AQ89,$AQ$87:$AQ$101) -> 1 | AT89: 12 | AU89: 1069 | AV89: =AU89/AT89 -> 89.083333 | AW89: =RANK(AV89,$AV$87:$AV$101) -> 3
C90: 4
C91: 5
C92: 6
C93: 7
C94: 8
C95: 9
C96: 10
C97: 11
C98: 12
C99: 13
C100: 14
...

Sheet 生產管理報表 7-1(週)
A1: 生產管理報表
A3: （７）原因別分析
A5: 業績金額 | B5: 16420357 | E5: 前20名原因分析
A6: 項目 | B6: 合計 | E6: 項目 | F6: 1 | H6: 2 | J6: 3 | L6: 4
F7: 展開量高於１０5％ | H7: 調理多產 | J7: 製程不穩 | L7: 取樣不穩
B8: 金額 | C8: 比例 | F8: 金額 | G8: 比例 | H8: 金額 | I8: 比例 | J8: 金額 | K8: 比例 | L8: 金額 | M8: 比例
A9: 報廢 | B9: 123143 | C9: =B9/$B$5 -> 0.0074994106 | E9: 報廢 | F9: ='報廢－原因別分析 (週)'!AB8 -> 75486.2 | G9: ='報廢－原因別分析 (週)'!AB9 -> 0.75 | H9: ='報廢－原因別分析 (週)'!AC8 -> 0 | I9: ='報廢－原因別分析 (週)'!AC9 -> 0 | J9: ='報廢－原因別分析 (週)'!AD8 -> 0 | K9: ='報廢－原因別分析 (週)'!AD9 -> 0 | L9: ='報廢－原因別分析 (週)'!AE8 -> 3232.1 | M9: ='報廢－原因別分析 (週)'!AE9 -> 0.1
A10: 超用 | B10: 46481 | C10: =B10/$B$5 -> 0.0028306936 | E10: 超用 | F10: ='超用－原因別分析 (週) '!AB8 -> 0 | G10: ='超用－原因別分析 (週) '!AB9 -> 0 | H10: ='超用－原因別分析 (週) '!AC8 -> 0 | I10: ='超用－原因別分析 (週) '!AC9 -> 0 | J10: ='超用－原因別分析 (週) '!AD8 -> 0 | K10: ='超用－原因別分析 (週) '!AD9 -> 0 | L10: ='超用－原因別分析 (週) '!AE8 -> 33249.1 | M10: ='超用－原因別分析 (週) '!AE9 -> 0.95
E11: 項目 | F11: 5 | H11: 6 | J11: 7 | L11: 8
F12: 原物料規格 | H12: 研發設定 | J12: 其他原因 | L12: 步留不足
F13: 金額 | G13: 比例 | H13: 金額 | I13: 比例 | J13: 金額 | K13: 比例 | L13: 金額 | M13: 比例
E14: 報廢 | F14: ='報廢－原因別分析 (週)'!AF8 -> 0 | G14: ='報廢－原因別分析 (週)'!AF9 -> 0 | H14: ='報廢－原因別分析 (週)'!AG8 -> 0 | I14: ='報廢－原因別分析 (週)'!AG9 -> 0 | J14: ='報廢－原因別分析 (週)'!AH8 -> 38162.4 | K14: ='報廢－原因別分析 (週)'!AH9 -> 0.15 | L14: ='報廢－原因別分析 (週)'!AI8 -> 0 | M14: ='報廢－原因別分析 (週)'!AI9 -> 0
E15: 超用 | F15: ='超用－原因別分析 (週) '!AF8 -> 0 | G15: ='超用－原因別分析 (週) '!AF9 -> 0 | H15: ='超用－原因別分析 (週) '!AG8 -> 1366.3 | I15: ='超用－原因別分析 (週) '!AG9 -> 0.05 | J15: ='超用－原因別分析 (週) '!AH8 -> 0 | K15: ='超用－原因別分析 (週) '!AH9 -> 0 | L15: ='超用－原因別分析 (週) '!AI8 -> 0 | M15: ='超用－原因別分析 (週) '!AI9 -> 0

Sheet 生產管理報表 8-1(週報廢)
A1: 生產管理報表
A3: （８）報廢原因別前幾名品項
A5: 類型 | B5: 1 | D5: 2 | F5: 3 | H5: 4 | J5: 5 | L5: 6 | N5: 7 | P5: 8
B6: 展開量高於１０5％ | D6: 調理多產 | F6: 製程不穩 | H6: 取樣不穩 | J6: 原物料規格 | L6: 研發設定 | N6: 其他原因 | P6: 步留因素
A8: 類型 | C8: 排名 | D8: 商品名 | G8: 半成品名 | J8: 單價 | K8: 報廢率 | L8: 數量 | M8: 金額 | N8: 前週比 | O8: 主要原因&對策
A9: 1 | B9: 展開量高於１０5％ | C9: 1 | D9: 惡魔乳酪生義大利麵 | G9: 義麵-乳酪青醬(114年) | J9: 138.6 | K9: 0.106 | L9: 212.2 | M9: =L9*J9 -> 29410.92 | O9: 預估>實際→配料方式變更
C10: 2 | D10: 義式蕃茄起司義大利麵 | G10: 義麵-經典肉醬(114年) | J10: 156.7 | K10: 0.017 | L10: 68.5 | M10: =L10*J10 -> 10733.95 | O10: 預估>實際→配料方式變更
C11: 3 | D11: 焗烤明太子筆尖麵 | G11: 焗烤奶油白醬 | J11: 69.1 | K11: 0.124 | L11: 151.4 | M11: =L11*J11 -> 10461.74 | O11: 預估>實際→配料方式變更
C12: 4 | D12: 奶油培根義大利麵 | G12: 奶香白醬 | J12: 132.5 | K12: 0.026 | L12: 65.3 | M12: =L12*J12 -> 8652.25 | O12: 預估>實際→配料方式變更
C13: 5 | D13: 小滷青蔬 | G13: 義麵-奶青醬(114年) | J13: 153.8 | K13: 0.023 | L13: 51 | M13: =L13*J13 -> 7843.8 | O13: 預估>實際→配料方式變更
J14: 前幾名合計比例 | K14: =M14/#REF! -> #REF! | L14: 前幾名合計金額 | M14: =SUM(M9:M13) -> 67102.66
A16: 類型 | C16: 排名 | D16: 商品名 | G16: 半成品名 | J16: 單價 | K16: 報廢率 | L16: 數量 | M16: 金額 | N16: 前週比 | O16: 主要原因&對策
A17: 2 | B17: 調理多產 | C17: 1 | M17: =J17*L17 -> 0
C18: 2 | M18: =J18*L18 -> 0
C19: 3 | M19: =J19*L19 -> 0
C20: 4 | M20: =J20*L20 -> 0
C21: 5 | M21: =J21*L21 -> 0
J22: 前幾名合計比例 | K22: =M22/#REF! -> #REF! | L22: 前幾名合計金額 | M22: =SUM(M17:M21) -> 0
A24: 類型 | C24: 排名 | D24: 商品名 | G24: 半成品名 | J24: 單價 | K24: 報廢率 | L24: 數量 | M24: 金額 | N24: 前月比 | O24: 主要原因&對策
A25: 3 | B25: 製程不穩 | C25: 1 | M25: =L25*J25 -> 0
C26: 2 | M26: =L26*J26 -> 0
C27: 3 | M27: =L27*J27 -> 0
C28: 4 | M28: =L28*J28 -> 0
C29: 5 | M29: =L29*J29 -> 0
J30: 前幾名合計比例 | K30: =M30/#REF! -> #REF! | L30: 前幾名合計金額 | M30: =SUM(M25:M29) -> 0

Sheet 生產管理報表 8-2(週報廢)
A1: 生產管理報表
A3: （８）報廢原因別前幾名品項
A5: 類型 | B5: 1 | D5: 2 | F5: 3 | H5: 4 | J5: 5 | L5: 6 | N5: 7 | P5: 8
B6: 展開量高於１０5％ | D6: 調理多產 | F6: 製程不穩 | H6: 取樣不穩 | J6: 原物料規格 | L6: 研發設定 | N6: 其他原因 | P6: 步留因素
A8: 類型 | C8: 排名 | D8: 商品名 | G8: 半成品名 | J8: 單價 | K8: 報廢率 | L8: 數量 | M8: 金額 | N8: 前週比 | O8: 主要原因&對策
A9: 4 | B9: 取樣不穩 | C9: 1 | D9: 惡魔乳酪生義大利麵 | G9: 煮黑雞冠生義大利麵 | J9: 66.6 | K9: 0.008 | L9: 33.4 | M9: =L9*J9 -> 2224.44 | O9: 包裝取樣不穩→加強教育訓練
C10: 2 | D10: 濃拿波里義大利麵 | G10: 拿坡里義大利麵醬 | J10: 89 | K10: 0.012 | L10: 11.3 | M10: =L10*J10 -> 1005.7 | O10: 包裝超用超補→加強教育訓練
C11: 3 | M11: =L11*J11 -> 0 | O11: 包裝取樣不穩→加強教育訓練
C12: 4 | M12: =L12*J12 -> 0 | O12: 包裝取樣不穩→加強教育訓練
C13: 5 | M13: =L13*J13 -> 0 | O13: 包裝取樣不穩→加強教育訓練
J14: 前幾名合計比例 | K14: =M14/#REF! -> #REF! | L14: 前幾名合計金額 | M14: 0
A16: 類型 | C16: 排名 | D16: 商品名 | G16: 半成品名 | J16: 單價 | K16: 報廢率 | L16: 數量 | M16: 金額 | N16: 前週比 | O16: 主要原因&對策
A17: 5 | B17: 原物料規格 | C17: 1 | M17: =L17*J17 -> 0
C18: 2 | M18: =L18*J18 -> 0
C19: 3 | M19: =L19*J19 -> 0
C20: 4 | M20: =L20*J20 -> 0
C21: 5 | M21: =L21*J21 -> 0
J22: 前幾名合計比例 | K22: =M22/#REF! -> #REF! | L22: 前幾名合計金額 | M22: 0
A24: 類型 | C24: 排名 | D24: 商品名 | G24: 半成品名 | J24: 單價 | K24: 報廢率 | L24: 數量 | M24: 金額 | N24: 前月比 | O24: 主要原因&對策
A25: 6 | B25: 研發設定 | C25: 1 | M25: =L25*J25 -> 0
C26: 2
C27: 3
C28: 4
C29: 5
J30: 前幾名合計比例 | K30: =M30/#REF! -> #REF! | L30: 前幾名合計金額 | M30: 0
A32: 類型 | C32: 排名 | D32: 商品名 | G32: 半成品名 | J32: 單價 | K32: 報廢率 | L32: 數量 | M32: 金額 | N32: 前月比 | O32: 主要原因&對策
A33: 7 | B33: 製程不穩 | C33: 1 | M33: 0
C34: 2 | M34: 0
C35: 3 | M35: 0
C36: 4 | M36: 0
C37: 5 | M37: 0
J38: 前幾名合計比例 | K38: =M38/#REF! -> #REF! | L38: 前幾名合計金額 | M38: 0

Sheet 生產管理報表 8-3(週超用)
A1: 生產管理報表
A3: （８）超用原因別前幾名品項
A5: 類型 | B5: 1 | D5: 2 | F5: 3 | H5: 4 | J5: 5 | L5: 6 | N5: 7 | P5: 8
B6: 展開量高於１０5％ | D6: 調理多產 | F6: 製程不穩 | H6: 取樣不穩 | J6: 原物料規格 | L6: 研發設定 | N6: 其他原因 | P6: 步留因素
A8: 類型 | C8: 排名 | D8: 商品名 | G8: 半成品名 | J8: 單價 | K8: 超用率 | L8: 數量 | M8: 金額 | N8: 前週比 | O8: 主要原因&對策
A9: 1 | B9: 展開量高於１０5％ | C9: 1 | M9: =L9*J9 -> 0
C10: 2 | M10: =L10*J10 -> 0
C11: 3 | M11: =L11*J11 -> 0
C12: 4 | M12: =L12*J12 -> 0
C13: 5 | M13: =L13*J13 -> 0
J14: 前幾名合計比例 | K14: =M14/#REF! -> #REF! | L14: 前幾名合計金額 | M14: =SUM(M9:M13) -> 0
A16: 類型 | C16: 排名 | D16: 商品名 | G16: 半成品名 | J16: 單價 | K16: 超用率 | L16: 數量 | M16: 金額 | N16: 前週比 | O16: 主要原因&對策
A17: 2 | B17: 調理多產 | C17: 1
C18: 2
C19: 3
C20: 4
C21: 5
J22: 前幾名合計比例 | K22: =M22/#REF! -> #REF! | L22: 前幾名合計金額 | M22: =SUM(M17:M21) -> 0
A24: 類型 | C24: 排名 | D24: 商品名 | G24: 半成品名 | J24: 單價 | K24: 超用率 | L24: 數量 | M24: 金額 | N24: 前月比 | O24: 主要原因&對策
A25: 3 | B25: 製程不穩 | C25: 1 | M25: =L25*J25 -> 0
C26: 2 | M26: =L26*J26 -> 0
C27: 3 | M27: =L27*J27 -> 0
C28: 4 | M28: =L28*J28 -> 0
C29: 5 | M29: =L29*J29 -> 0
J30: 前幾名合計比例 | K30: =M30/#REF! -> #REF! | L30: 前幾名合計金額 | M30: =SUM(M25:M29) -> 0

Sheet 生產管理報表 8-4(週超用)
A1: 生產管理報表
A3: （８）超用原因別前幾名品項
A5: 類型 | B5: 1 | D5: 2 | F5: 3 | H5: 4 | J5: 5 | L5: 6 | N5: 7 | P5: 8
B6: 展開量高於１０5％ | D6: 調理多產 | F6: 製程不穩 | H6: 取樣不穩 | J6: 原物料規格 | L6: 研發設定 | N6: 其他原因 | P6: 步留因素
A8: 類型 | C8: 排名 | D8: 商品名 | G8: 半成品名 | J8: 單價 | K8: 超用率 | L8: 數量 | M8: 金額 | N8: 前週比 | O8: 主要原因&對策
A9: 4 | B9: 取樣不穩 | C9: 1 | D9: 惡魔乳酪生義大利麵 | G9: 烤熟杏仁角混花生角混帕瑪森乾酪絲 | J9: 359.1 | K9: 0.063 | L9: 21.1 | M9: =L9*J9 -> 7577.01 | O9: 加強稽核及教育訓練
C10: 2 | D10: 惡魔乳酪生義大利麵 | G10: 義麵-乳酪青醬(114年) | J10: 138.6 | K10: 0.011 | L10: 21.6 | M10: =L10*J10 -> 2993.76 | O10: 加強稽核及教育訓練
C11: 3 | D11: 惡魔乳酪生義大利麵 | G11: 自製乳酪起司 | J11: 287.2 | K11: 0.017 | L11: 9.3 | M11: =L11*J11 -> 2670.96 | N11: 0.4558 | O11: 加強稽核及教育訓練
C12: 4 | D12: 惡魔乳酪生義大利麵 | G12: 煮黑雞冠生義大利麵 | J12: 66.6 | K12: 0.008 | L12: 35.6 | M12: =L12*J12 -> 2370.96 | O12: 加強稽核及教育訓練
C13: 5 | D13: 奶油起司蝦仁通心粉 | G13: 煮單色彎管麵 | J13: 38.1 | K13: 0.014 | L13: 50.5 | M13: =L13*J13 -> 1924.05 | O13: 加強稽核及教育訓練
J14: 前幾名合計比例 | K14: =M14/#REF! -> #REF! | L14: 前幾名合計金額 | M14: 0
A16: 類型 | C16: 排名 | D16: 商品名 | G16: 半成品名 | J16: 單價 | K16: 超用率 | L16: 數量 | M16: 金額 | N16: 前週比 | O16: 主要原因&對策
A17: 5 | B17: 原物料規格 | C17: 1 | M17: =L17*J17 -> 0
C18: 2 | M18: =L18*J18 -> 0
C19: 3 | M19: =L19*J19 -> 0
C20: 4 | M20: =L20*J20 -> 0
C21: 5 | M21: =L21*J21 -> 0
J22: 前幾名合計比例 | K22: =M22/#REF! -> #REF! | L22: 前幾名合計金額 | M22: 0
A24: 類型 | C24: 排名 | D24: 商品名 | G24: 半成品名 | J24: 單價 | K24: 超用率 | L24: 數量 | M24: 金額 | N24: 前月比 | O24: 主要原因&對策
A25: 6 | B25: 研發設定 | C25: 1 | D25: 台式綜合甜不辣 | G25: 瀝水-白蘿蔔塊 | J25: 81.2 | K25: 0.13 | L25: 16.8 | M25: =L25*J25 -> 1364.16 | N25: 0.34146
C26: 2
C27: 3
C28: 4
C29: 5
J30: 前幾名合計比例 | K30: =M30/#REF! -> #REF! | L30: 前幾名合計金額 | M30: 0
A32: 類型 | C32: 排名 | D32: 商品名 | G32: 半成品名 | J32: 單價 | K32: 超用率 | L32: 數量 | M32: 金額 | N32: 前月比 | O32: 主要原因&對策
A33: 7 | B33: 製程不穩 | C33: 1 | M33: 0
C34: 2 | M34: 0
C35: 3 | M35: 0
C36: 4 | M36: 0
C37: 5 | M37: 0
J38: 前幾名合計比例 | K38: =M38/#REF! -> #REF! | L38: 前幾名合計金額 | M38: 0

Sheet 生產管理報表 9(週)
A1: 生產管理報表
A3: （9）步留因素
A5: 類型 | B5: 1 | D5: 2 | F5: 3 | H5: 4 | J5: 5 | L5: 6 | N5: 7 | P5: 8
B6: 展開量高於１０5％ | D6: 調理多產 | F6: 製程不穩 | H6: 取樣不穩 | J6: 原物料規格 | L6: 研發設定 | N6: 其他原因 | P6: 步留因素
A8: 類型 | B8: No. | C8: 商品名 | F8: 半成品名 | I8: 單價 | J8: 規格 | K8: 實績 | L8: 差異 | M8: 主要原因&對策
A9: 作業原因 | B9: 1 | L9: =K9-J9 -> 0
B10: 2 | L10: =K10-J10 -> 0
B11: 3 | L11: =K11-J11 -> 0
B12: 4 | L12: =K12-J12 -> 0
B13: 5 | L13: =K13-J13 -> 0
A15: 類型 | B15: No. | C15: 商品名 | F15: 半成品名 | I15: 單價 | J15: 規格 | K15: 實績 | L15: 差異 | M15: 主要原因&對策
A16: 原料原因 | B16: 1 | L16: =K16-J16 -> 0
B17: 2 | L17: =K17-J17 -> 0
B18: 3 | L18: =K18-J18 -> 0
B19: 4 | L19: =K19-J19 -> 0
B20: 5 | L20: =K20-J20 -> 0

Sheet 報廢－原因別分析 (週)
B2: 報廢前二十名紀錄表
B3: 週別 | D3: 明細展開 | G3: 生產資訊 | T3: 類別 | U3: 分析原因 | V3: 原因說明 | W3: 後續對策 | X3: 次數 | Y3: 備註-商品名稱 | AA3: 分析原因（件）
D4: 排序 | E4: 半成品 | G4: 生產端 | O4: 組合端
E5: 名稱 | F5: 報廢金額 | G5: 產出量 | O5: 報廢 | Q5: 超用
G6: 訂單需求 (kg) | H6: 實際產出 (kg) | I6: 實際產出占比 | J6: 補單 (kg) | K6: 補單占比 | L6: 單價 (元) | M6: 實際生產 (對比訂單需求) | N6: 差異 (元) | O6: kg | P6: 占比 | Q6: kg | R6: 占比 | S6: 金額 (元) | AA6: 總件數 | AB6: 展開量高於１０5％ | AC6: 調理多產 | AD6: 製程不穩 | AE6: 取樣不穩 | AF6: 原物料規格 | AG6: 研發設定 | AH6: 其他原因 | AI6: 步留因素
B7: 1223~1229 | D7: 1 | E7: 義麵-乳酪青醬(114年) | F7: 29397.6 | G7: 1993.6 | H7: 2227.4 | I7: =H7/G7 -> 1.1172753 | J7: 0 | K7: =J7/G7 -> 0 | L7: 138.6 | M7: =(H7+J7)/G7 -> 1.1172753 | N7: 233.8 | O7: 212.2 | P7: =O7/G7 -> 0.10644061 | Q7: =((H7+J7)-G7)-O7 -> 21.6 | R7: =Q7/G7 -> 0.010834671 | S7: 2995.9 | T7: 生管預估 | U7: 其他原因 | V7: 依PBOA配料大於訂單 | W7: 因夜間補料人員及主管缺員,為減少重工，故變更預估模式 | X7: 1 | Y7: 惡魔乳酪生義大利麵 | Z7: 週前二十 | AA7: 20 | AB7: =SUMIF($U$7:$U$26,TRIM(AB6),$X$7:$X$26) -> 15 | AC7: =SUMIF($U$7:$U$26,TRIM(AC6),$X$7:$X$26) -> 0 | AD7: =SUMIF($U$7:$U$9710,TRIM(AD6),$X$7:$X$26) -> 0 | AE7: =SUMIF($U$7:$U$9710,TRIM(AE6),$X$7:$X$26) -> 2 | AF7: =SUMIF($U$7:$U$9710,TRIM(AF6),$X$7:$X$26) -> 0 | AG7: =SUMIF($U$7:$U$9710,TRIM(AG6),$X$7:$X$26) -> 0 | AH7: =SUMIF($U$7:$U$9710,TRIM(AH6),$X$7:$X$26) -> 3 | AI7: =SUMIF($U$7:$U$9710,TRIM(AI6),$X$7:$X$26) -> 0
D8: 2 | E8: 義麵-經典肉醬(114年) | F8: 10731.9 | G8: 4124.8 | H8: 4193.2 | I8: =H8/G8 -> 1.0165826 | J8: 0 | K8: =J8/G8 -> 0 | L8: 156.7 | M8: =(H8+J8)/G8 -> 1.0165826 | N8: 68.4 | O8: 68.5 | P8: =O8/G8 -> 0.016606866 | Q8: =((H8+J8)-G8)-O8 -> -0.1 | R8: =Q8/G8 -> -2.42436e-05 | S8: -18.8 | T8: 生管預估 | U8: 展開量高於１０5％ | V8: 依PBOA配料大於訂單 | W8: 因夜間補料人員及主管缺員,為減少重工，故變更預估模式 | X8: 1 | Y8: 義式蕃茄起司義大利麵 | AB8: =SUMIF($U$7:$U$26,TRIM(AB6),$F$7:$F$26) -> 75486.2 | AC8: =SUMIF($U$7:$U$26,TRIM(AC6),$F$7:$F$26) -> 0 | AD8: =SUMIF($U$7:$U$176,TRIM(AD6),$F$7:$F$26) -> 0 | AE8: =SUMIF($U$7:$U$176,TRIM(AE6),$F$7:$F$26) -> 3232.1 | AF8: =SUMIF($U$7:$U$176,TRIM(AF6),$F$7:$F$26) -> 0 | AG8: =SUMIF($U$7:$U$176,TRIM(AG6),$F$7:$F$26) -> 0 | AH8: =SUMIF($U$7:$U$176,TRIM(AH6),$F$7:$F$26) -> 38162.4 | AI8: =SUMIF($U$7:$U$176,TRIM(AI6),$F$7:$F$26) -> 0
D9: 3 | E9: 焗烤奶油白醬 | F9: 10461.7 | G9: 1219 | H9: 1380.4 | I9: =H9/G9 -> 1.1324036 | J9: 0 | K9: =J9/G9 -> 0 | L9: 69.1 | M9: =(H9+J9)/G9 -> 1.1324036 | N9: 161.4 | O9: 151.4 | P9: =O9/G9 -> 0.12420016 | Q9: =((H9+J9)-G9)-O9 -> 10 | R9: =Q9/G9 -> 0.0082034454 | S9: 690.3 | T9: 生管預估 | U9: 展開量高於１０5％ | V9: 預估量大於訂單量 | W9: 因夜間補料人員及主管缺員,為減少重工，故變更預估模式 | X9: 1 | Y9: 焗烤明太子筆尖麵 | AB9: =AB7/$AA$7 -> 0.75 | AC9: =AC7/$AA$7 -> 0 | AD9: =AD7/$AA$7 -> 0 | AE9: =AE7/$AA$7 -> 0.1 | AF9: =AF7/$AA$7 -> 0 | AG9: =AG7/$AA$7 -> 0 | AH9: =AH7/$AA$7 -> 0.15 | AI9: =AI7/$AA$7 -> 0
D10: 4 | E10: 奶香白醬 | F10: 8650.3 | G10: 2554.9 | H10: 2627.8 | I10: =H10/G10 -> 1.0285334 | J10: 0 | K10: =J10/G10 -> 0 | L10: 132.5 | M10: =(H10+J10)/G10 -> 1.0285334 | N10: 72.9 | O10: 65.3 | P10: =O10/G10 -> 0.02555873 | Q10: =((H10+J10)-G10)-O10 -> 7.6 | R10: =Q10/G10 -> 0.0029746761 | S10: 1008.1 | T10: 生管預估 | U10: 展開量高於１０5％ | V10: 依PBOA配料大於訂單 | W10: 因夜間補料人員及主管缺員,為減少重工，故變更預估模式 | X10: 1 | Y10: 奶油培根義大利麵
D11: 5 | E11: 義麵-奶青醬(114年) | F11: 7834.1 | G11: 2194.2 | H11: 2250.5 | I11: =H11/G11 -> 1.0256586 | J11: 0 | K11: =J11/G11 -> 0 | L11: 153.8 | M11: =(H11+J11)/G11 -> 1.0256586 | N11: 56.3 | O11: 51 | P11: =O11/G11 -> 0.023243095 | Q11: =((H11+J11)-G11)-O11 -> 5.3 | R11: =Q11/G11 -> 0.0024154589 | S11: 828.8 | T11: 生管預估 | U11: 展開量高於１０5％ | V11: 預估量大於訂單量 | W11: 因夜間補料人員及主管缺員,為減少重工，故變更預估模式 | X11: 1 | Y11: 青醬蛤蜊義大利麵
D12: 6 | E12: 義麵-韓式辣奶油白醬(114年) | F12: 7177.2 | G12: 918.2 | H12: 1003.5 | I12: =H12/G12 -> 1.0928992 | J12: 0 | K12: =J12/G12 -> 0 | L12: 100 | M12: =(H12+J12)/G12 -> 1.0928992 | N12: 85.4 | O12: 71.8 | P12: =O12/G12 -> 0.078196471 | Q12: =((H12+J12)-G12)-O12 -> 13.5 | R12: =Q12/G12 -> 0.014702679 | S12: 1360.9 | T12: 生管預估 | U12: 展開量高於１０5％ | V12: 依PBOA配料大於訂單 | W12: 因夜間補料人員及主管缺員,為減少重工，故變更預估模式 | X12: 1 | Y12: 韓式炸雞義大利麵
D13: 7 | E13: 煮青花椒湯凍(114年) | F13: 6027.2 | G13: 1009.2 | H13: 1039.8 | I13: =H13/G13 -> 1.030321 | J13: 0 | K13: =J13/G13 -> 0 | L13: 193.2 | M13: =(H13+J13)/G13 -> 1.030321 | N13: 30.6 | O13: 31.2 | P13: =O13/G13 -> 0.030915577 | Q13: =((H13+J13)-G13)-O13 -> -0.6 | R13: =Q13/G13 -> -0.00059453032 | S13: -119.8 | T13: 生管預估 | U13: 展開量高於１０5％ | V13: 預估量大於訂單量 | W13: 因夜間補料人員及主管缺員,為減少重工，故變更預估模式 | X13: 1 | Y13: 青花椒麻雞肉拌麵 | AB13: 1 | AC13: 展開量高於１０5％
D14: 8 | E14: 焗烤-蕃茄紅醬 | F14: 5502.4 | G14: 1542.4 | H14: 1624.9 | I14: =H14/G14 -> 1.0534881 | J14: 0 | K14: =J14/G14 -> 0 | L14: 86.7 | M14: =(H14+J14)/G14 -> 1.0534881 | N14: 82.5 | O14: 63.4 | P14: =O14/G14 -> 0.041104772 | Q14: =((H14+J14)-G14)-O14 -> 19.1 | R14: =Q14/G14 -> 0.012383299 | S14: 1648.5 | T14: 生管預估 | U14: 其他原因 | V14: 依PBOA配料大於訂單 | W14: 因夜間補料人員及主管缺員,為減少重工，故變更預估模式 | X14: 1 | Y14: 焗烤起司肉醬筆尖麵 | AB14: 2 | AC14: 調理多產
D15: 9 | E15: 義麵-奶油起司白醬 | F15: 5445 | G15: 2519.3 | H15: 2569.5 | I15: =H15/G15 -> 1.0199262 | J15: 0 | K15: =J15/G15 -> 0 | L15: 117 | M15: =(H15+J15)/G15 -> 1.0199262 | N15: 50.2 | O15: 46.6 | P15: =O15/G15 -> 0.018497202 | Q15: =((H15+J15)-G15)-O15 -> 3.6 | R15: =Q15/G15 -> 0.0014289684 | S15: 426.8 | T15: 生管預估 | U15: 展開量高於１０5％ | V15: 預估量大於訂單量 | W15: 因夜間補料人員及主管缺員,為減少重工，故變更預估模式 | X15: 1 | Y15: 奶油起司蝦仁通心粉 | AB15: 3 | AC15: 製程不穩
D16: 10 | E16: 義麵-蛋黃白醬(113年) | F16: 4088.6 | G16: 4219.9 | H16: 4279.1 | I16: =H16/G16 -> 1.0140288 | J16: 0 | K16: =J16/G16 -> 0 | L16: 77.3 | M16: =(H16+J16)/G16 -> 1.0140288 | N16: 59.2 | O16: 52.9 | P16: =O16/G16 -> 0.012535842 | Q16: =((H16+J16)-G16)-O16 -> 6.3 | R16: =Q16/G16 -> 0.0014929264 | S16: 488.5 | T16: 生管預估 | U16: 展開量高於１０5％ | V16: 預估量大於訂單量 | W16: 因夜間補料人員及主管缺員,為減少重工，故變更預估模式 | X16: 1 | Y16: 焗烤起司雙饗筆尖麵 | AB16: 4 | AC16: 取樣不穩
D17: 11 | E17: 義麵-剝皮辣椒奶醬 | F17: 3696.9 | G17: 843.3 | H17: 899.7 | I17: =H17/G17 -> 1.0668801 | J17: 11 | K17: =J17/G17 -> 0.013043994 | L17: 80.3 | M17: =(H17+J17)/G17 -> 1.0799241 | N17: 67.4 | O17: 46 | P17: =O17/G17 -> 0.054547611 | Q17: =((H17+J17)-G17)-O17 -> 21.4 | R17: =Q17/G17 -> 0.025376497 | S17: 1716.8 | T17: 生管預估 | U17: 展開量高於１０5％ | V17: 預估量大於訂單量 | W17: 因夜間補料人員及主管缺員,為減少重工，故變更預估模式 | X17: 1 | Y17: 剝皮辣椒雞奶油細扁麵 | AB17: 5 | AC17: 原物料規格
D18: 12 | E18: 義麵-海鮮湯凍(113年) | F18: 3262.4 | G18: 1064.7 | H18: 1094.7 | I18: =H18/G18 -> 1.028177 | J18: 0 | K18: =J18/G18 -> 0 | L18: 140.6 | M18: =(H18+J18)/G18 -> 1.028177 | N18: 30 | O18: 23.2 | P18: =O18/G18 -> 0.021790176 | Q18: =((H18+J18)-G18)-O18 -> 6.8 | R18: =Q18/G18 -> 0.0063867756 | S18: 949.5 | T18: 生管預估 | U18: 其他原因 | V18: 預估量大於訂單量 | W18: 因夜間補料人員及主管缺員,為減少重工，故變更預估模式 | X18: 1 | Y18: 白酒蛤蜊義大利麵 | AB18: 6 | AC18: 研發設定
D19: 13 | E19: 義麵-蒜味奶油湯凍 | F19: 3077.1 | G19: 458.3 | H19: 481.4 | I19: =H19/G19 -> 1.0504037 | J19: 0 | K19: =J19/G19 -> 0 | L19: 162.4 | M19: =(H19+J19)/G19 -> 1.0504037 | N19: 23.1 | O19: 19 | P19: =O19/G19 -> 0.041457561 | Q19: =((H19+J19)-G19)-O19 -> 4.1 | R19: =Q19/G19 -> 0.0089461052 | S19: 677.9 | T19: 生管預估 | U19: 展開量高於１０5％ | V19: 預估量大於訂單量 | W19: 因夜間補料人員及主管缺員,為減少重工，故變更預估模式 | X19: 1 | Y19: 奶油蒜香雞義大利麵 | AB19: 7 | AC19: 其他原因
D20: 14 | E20: 煮意麵肉燥 | F20: 3071.7 | G20: 1208.6 | H20: 1232.7 | I20: =H20/G20 -> 1.0199404 | J20: 0 | K20: =J20/G20 -> 0 | L20: 125.6 | M20: =(H20+J20)/G20 -> 1.0199404 | N20: 24.1 | O20: 24.4 | P20: =O20/G20 -> 0.020188648 | Q20: =((H20+J20)-G20)-O20 -> -0.3 | R20: =Q20/G20 -> -0.00024822108 | S20: -45.2 | T20: 生管預估 | U20: 展開量高於１０5％ | V20: 預估量大於訂單量 | W20: 因夜間補料人員及主管缺員,為減少重工，故變更預估模式 | X20: 1 | Y20: 府城鹽水意麵 | AB20: 8 | AC20: 步留因素
D21: 15 | E21: 煮黑雞冠生義大利麵 | F21: 2226.4 | G21: 4430.2 | H21: 4430.2 | I21: =H21/G21 -> 1 | J21: 69 | K21: =J21/G21 -> 0.015574918 | L21: 66.6 | M21: =(H21+J21)/G21 -> 1.0155749 | N21: 69 | O21: 33.4 | P21: =O21/G21 -> 0.007539163 | Q21: =((H21+J21)-G21)-O21 -> 35.6 | R21: =Q21/G21 -> 0.0080357546 | S21: 2366.2 | T21: 包裝 | U21: 取樣不穩 | V21: 超用超補 | W21: 加強教育訓練，抓樣範圍95%~105% | X21: 1 | Y21: 惡魔乳酪生義大利麵
D22: 16 | E22: 川燙洋蔥絲 | F22: 1800.7 | G22: 66 | H22: 75.7 | I22: =H22/G22 -> 1.1469697 | J22: 0 | K22: =J22/G22 -> 0 | L22: 201.2 | M22: =(H22+J22)/G22 -> 1.1469697 | N22: 9.7 | O22: 9 | P22: =O22/G22 -> 0.13636364 | Q22: =((H22+J22)-G22)-O22 -> 0.7 | R22: =Q22/G22 -> 0.010606061 | S22: 149.7 | T22: 生管預估 | U22: 展開量高於１０5％ | V22: 預估量大於訂單量 | W22: 因夜間補料人員及主管缺員,為減少重工，故變更預估模式 | X22: 1 | Y22: 濃拿波里義大利麵
D23: 17 | E23: 油炒剝皮辣椒段 | F23: 1481.2 | G23: 109.1 | H23: 111.2 | I23: =H23/G23 -> 1.0192484 | J23: 0 | K23: =J23/G23 -> 0 | L23: 925.8 | M23: =(H23+J23)/G23 -> 1.0192484 | N23: 2.1 | O23: 1.6 | P23: =O23/G23 -> 0.014665445 | Q23: =((H23+J23)-G23)-O23 -> 0.5 | R23: =Q23/G23 -> 0.0045829514 | S23: 458.2 | T23: 生管預估 | U23: 展開量高於１０5％ | V23: 預估量大於訂單量 | W23: 因夜間補料人員及主管缺員,為減少重工，故變更預估模式 | X23: 1 | Y23: 剝皮辣椒雞奶油細扁麵 | AB23: 1 | AC23: 調理
D24: 18 | E24: 拿坡里義大利麵醬 | F24: 1005.7 | G24: 942.3 | H24: 971.6 | I24: =H24/G24 -> 1.0310941 | J24: 0 | K24: =J24/G24 -> 0 | L24: 89 | M24: =(H24+J24)/G24 -> 1.0310941 | N24: 29.4 | O24: 11.3 | P24: =O24/G24 -> 0.011991935 | Q24: =((H24+J24)-G24)-O24 -> 18 | R24: =Q24/G24 -> 0.019102197 | S24: 1606.4 | T24: 包裝 | U24: 取樣不穩 | V24: 超用超補 | W24: 加強教育訓練，抓樣範圍95%~105% | X24: 1 | Y24: 濃拿波里義大利麵 | AB24: 2 | AC24: 包裝
D25: 19 | E25: 川燙青椒絲 | F25: 986.6 | G25: 28.3 | H25: 31.9 | I25: =H25/G25 -> 1.1272085 | J25: 0 | K25: =J25/G25 -> 0 | L25: 236 | M25: =(H25+J25)/G25 -> 1.1272085 | N25: 3.6 | O25: 4.2 | P25: =O25/G25 -> 0.14840989 | Q25: =((H25+J25)-G25)-O25 -> -0.6 | R25: =Q25/G25 -> -0.021201413 | S25: -128.4 | T25: 生管預估 | U25: 展開量高於１０5％ | V25: 預估量大於訂單量 | W25: 因夜間補料人員及主管缺員,為減少重工，故變更預估模式 | X25: 1 | Y25: 濃拿波里義大利麵 | AB25: 3 | AC25: 研發
D26: 20 | E26: 川燙-切紅甜椒丁 | F26: 956 | G26: 158.7 | H26: 161.8 | I26: =H26/G26 -> 1.0195337 | J26: 0 | K26: =J26/G26 -> 0 | L26: 261.9 | M26: =(H26+J26)/G26 -> 1.0195337 | N26: 3.1 | O26: 3.6 | P26: =O26/G26 -> 0.02268431 | Q26: =((H26+J26)-G26)-O26 -> -0.5 | R26: =Q26/G26 -> -0.0031505986 | S26: -132 | T26: 生管預估 | U26: 展開量高於１０5％ | V26: 預估量大於訂單量 | W26: 因夜間補料人員及主管缺員,為減少重工，故變更預估模式 | X26: 1 | Y26: 奶油起司蝦仁通心粉 | AB26: 4 | AC26: 生管預估
AB27: 5 | AC27: 原物料
Z112: 占比
Z113: 金額

Sheet 超用－原因別分析 (週) 
B2: 超用前二十名紀錄表
B3: 週別 | D3: 明細展開 | G3: 生產資訊 | T3: 類別 | U3: 分析原因 | V3: 原因說明 | W3: 後續對策 | X3: 次數 | Y3: 備註-商品名稱 | AA3: 分析原因（件）
D4: 排序 | E4: 半成品 | G4: 生產端 | O4: 組合端
E5: 名稱 | F5: 報廢金額 | G5: 產出量 | O5: 報廢 | Q5: 超用
G6: 訂單需求 (kg) | H6: 實際產出 (kg) | I6: 實際產出占比 | J6: 補單 (kg) | K6: 補單占比 | L6: 單價 (元) | M6: 實際生產 (對比訂單需求) | N6: 差異 (元) | O6: kg | P6: 占比 | Q6: kg | R6: 占比 | S6: 金額 (元) | AA6: 總件數 | AB6: 展開量高於１０5％ | AC6: 調理多產 | AD6: 製程不穩 | AE6: 取樣不穩 | AF6: 原物料規格 | AG6: 研發設定 | AH6: 其他原因 | AI6: 步留因素
B7: 1223~1229 | D7: 1 | E7: 烤熟杏仁角混花生角混帕瑪森乾酪絲 | F7: 736.1 | G7: 332.3 | H7: 355.4 | I7: =H7/G7 -> 1.0695155 | J7: 0 | K7: =J7/G7 -> 0 | L7: 359.1 | M7: =(H7+J7)/G7 -> 1.0695155 | N7: 23.2 | O7: 2 | P7: =O7/G7 -> 0.0060186578 | Q7: =((H7+J7)-G7)-O7 -> 21.1 | R7: =Q7/G7 -> 0.06349684 | S7: 7588.9 | T7: 包裝 | U7: 取樣不穩 | V7: 超用 | W7: 加強教育訓練，抓樣範圍95%~105% | X7: 1 | Y7: 惡魔乳酪生義大利麵 | Z7: 週前二十 | AA7: 20 | AB7: =SUMIF($U$7:$U$26,TRIM(AB6),$X$7:$X$26) -> 0 | AC7: =SUMIF($U$7:$U$26,TRIM(AC6),$X$7:$X$26) -> 0 | AD7: =SUMIF($U$7:$U$9710,TRIM(AD6),$X$7:$X$26) -> 0 | AE7: =SUMIF($U$7:$U$9710,TRIM(AE6),$X$7:$X$26) -> 19 | AF7: =SUMIF($U$7:$U$9710,TRIM(AF6),$X$7:$X$26) -> 0 | AG7: =SUMIF($U$7:$U$9710,TRIM(AG6),$X$7:$X$26) -> 1 | AH7: =SUMIF($U$7:$U$9710,TRIM(AH6),$X$7:$X$26) -> 0 | AI7: =SUMIF($U$7:$U$9710,TRIM(AI6),$X$7:$X$26) -> 0
D8: 2 | E8: 義麵-乳酪青醬(114年) | F8: 29397.6 | G8: 1993.6 | H8: 2227.4 | I8: =H8/G8 -> 1.1172753 | J8: 0 | K8: =J8/G8 -> 0 | L8: 138.6 | M8: =(H8+J8)/G8 -> 1.1172753 | N8: 233.8 | O8: 212.2 | P8: =O8/G8 -> 0.10644061 | Q8: =((H8+J8)-G8)-O8 -> 21.6 | R8: =Q8/G8 -> 0.010834671 | S8: 2995.9 | T8: 包裝 | U8: 取樣不穩 | V8: 超用 | W8: 加強教育訓練，抓樣範圍95%~105% | X8: 1 | Y8: 惡魔乳酪生義大利麵 | AB8: =SUMIF($U$7:$U$26,TRIM(AB6),$S$7:$S$26) -> 0 | AC8: =SUMIF($U$7:$U$26,TRIM(AC6),$S$7:$S$26) -> 0 | AD8: =SUMIF($U$7:$U$26,TRIM(AD6),$S$7:$S$26) -> 0 | AE8: =SUMIF($U$7:$U$26,TRIM(AE6),$S$7:$S$26) -> 33249.1 | AF8: =SUMIF($U$7:$U$26,TRIM(AF6),$S$7:$S$26) -> 0 | AG8: =SUMIF($U$7:$U$26,TRIM(AG6),$S$7:$S$26) -> 1366.3 | AH8: =SUMIF($U$7:$U$26,TRIM(AH6),$S$7:$S$26) -> 0 | AI8: =SUMIF($U$7:$U$26,TRIM(AI6),$S$7:$S$26) -> 0
D9: 3 | E9: 自製乳酪起司 | F9: 71.8 | G9: 531.6 | H9: 541.1 | I9: =H9/G9 -> 1.0178706 | J9: 0 | K9: =J9/G9 -> 0 | L9: 287.2 | M9: =(H9+J9)/G9 -> 1.0178706 | N9: 9.5 | O9: 0.2 | P9: =O9/G9 -> 0.00037622272 | Q9: =((H9+J9)-G9)-O9 -> 9.3 | R9: =Q9/G9 -> 0.017494357 | S9: 2643.2 | T9: 包裝 | U9: 取樣不穩 | V9: 超用 | W9: 加強教育訓練，抓樣範圍95%~105% | X9: 1 | Y9: 惡魔乳酪生義大利麵 | AB9: =AB7/$AA$7 -> 0 | AC9: =AC7/$AA$7 -> 0 | AD9: =AD7/$AA$7 -> 0 | AE9: =AE7/$AA$7 -> 0.95 | AF9: =AF7/$AA$7 -> 0 | AG9: =AG7/$AA$7 -> 0.05 | AH9: =AH7/$AA$7 -> 0 | AI9: =AI7/$AA$7 -> 0
D10: 4 | E10: 煮黑雞冠生義大利麵 | F10: 2226.4 | G10: 4430.2 | H10: 4430.2 | I10: =H10/G10 -> 1 | J10: 69 | K10: =J10/G10 -> 0.015574918 | L10: 66.6 | M10: =(H10+J10)/G10 -> 1.0155749 | N10: 69 | O10: 33.4 | P10: =O10/G10 -> 0.007539163 | Q10: =((H10+J10)-G10)-O10 -> 35.6 | R10: =Q10/G10 -> 0.0080357546 | S10: 2366.2 | T10: 包裝 | U10: 取樣不穩 | V10: 超用 | W10: 加強教育訓練，抓樣範圍95%~105% | X10: 1 | Y10: 惡魔乳酪生義大利麵
D11: 5 | E11: 煮單色彎管麵 | F11: 780.2 | G11: 3570.7 | H11: 3570.7 | I11: =H11/G11 -> 1 | J11: 71 | K11: =J11/G11 -> 0.019884056 | L11: 38.1 | M11: =(H11+J11)/G11 -> 1.0198841 | N11: 71 | O11: 20.5 | P11: =O11/G11 -> 0.0057411712 | Q11: =((H11+J11)-G11)-O11 -> 50.5 | R11: =Q11/G11 -> 0.014142885 | S11: 1923.6 | T11: 包裝 | U11: 取樣不穩 | V11: 超用 | W11: 加強教育訓練，抓樣範圍95%~104% | X11: 1 | Y11: 奶油起司蝦仁通心粉
D12: 6 | E12: 炒蕃茄絞肉 | F12: 205 | G12: 385.6 | H12: 395.3 | I12: =H12/G12 -> 1.0251556 | J12: 0 | K12: =J12/G12 -> 0 | L12: 215.8 | M12: =(H12+J12)/G12 -> 1.0251556 | N12: 9.7 | O12: 1 | P12: =O12/G12 -> 0.002593361 | Q12: =((H12+J12)-G12)-O12 -> 8.7 | R12: =Q12/G12 -> 0.022562241 | S12: 1886.1 | T12: 包裝 | U12: 取樣不穩 | V12: 超用 | W12: 加強教育訓練，抓樣範圍95%~105% | X12: 1 | Y12: 焗烤起司肉醬筆尖麵
D13: 7 | E13: 義麵-剝皮辣椒奶醬 | F13: 3696.9 | G13: 843.3 | H13: 899.7 | I13: =H13/G13 -> 1.0668801 | J13: 11 | K13: =J13/G13 -> 0.013043994 | L13: 80.3 | M13: =(H13+J13)/G13 -> 1.0799241 | N13: 67.4 | O13: 46 | P13: =O13/G13 -> 0.054547611 | Q13: =((H13+J13)-G13)-O13 -> 21.4 | R13: =Q13/G13 -> 0.025376497 | S13: 1716.8 | T13: 包裝 | U13: 取樣不穩 | V13: 超用 | W13: 加強教育訓練，抓樣範圍95%~105% | X13: 1 | Y13: 剝皮辣椒雞奶油細扁麵 | AB13: 1 | AC13: 展開量高於１０5％
D14: 8 | E14: 焗烤-蕃茄紅醬 | F14: 5502.4 | G14: 1542.4 | H14: 1624.9 | I14: =H14/G14 -> 1.0534881 | J14: 0 | K14: =J14/G14 -> 0 | L14: 86.7 | M14: =(H14+J14)/G14 -> 1.0534881 | N14: 82.5 | O14: 63.4 | P14: =O14/G14 -> 0.041104772 | Q14: =((H14+J14)-G14)-O14 -> 19.1 | R14: =Q14/G14 -> 0.012383299 | S14: 1648.5 | T14: 包裝 | U14: 取樣不穩 | V14: 超用 | W14: 加強教育訓練，抓樣範圍95%~105% | X14: 1 | Y14: 焗烤起司肉醬筆尖麵 | AB14: 2 | AC14: 調理多產
D15: 9 | E15: 拿坡里義大利麵醬 | F15: 1005.7 | G15: 942.3 | H15: 971.6 | I15: =H15/G15 -> 1.0310941 | J15: 0 | K15: =J15/G15 -> 0 | L15: 89 | M15: =(H15+J15)/G15 -> 1.0310941 | N15: 29.4 | O15: 11.3 | P15: =O15/G15 -> 0.011991935 | Q15: =((H15+J15)-G15)-O15 -> 18 | R15: =Q15/G15 -> 0.019102197 | S15: 1606.4 | T15: 包裝 | U15: 取樣不穩 | V15: 超用 | W15: 加強教育訓練，抓樣範圍95%~105% | X15: 1 | Y15: 濃拿波里義大利麵 | AB15: 3 | AC15: 製程不穩
D16: 10 | E16: 瀝水-白蘿蔔塊 | F16: 0 | G16: 129.7 | H16: 146.5 | I16: =H16/G16 -> 1.1295297 | J16: 0 | K16: =J16/G16 -> 0 | L16: 81.2 | M16: =(H16+J16)/G16 -> 1.1295297 | N16: 16.8 | O16: 0 | P16: =O16/G16 -> 0 | Q16: =((H16+J16)-G16)-O16 -> 16.8 | R16: =Q16/G16 -> 0.12952968 | S16: 1366.3 | T16: 研發 | U16: 研發設定 | V16: 甜不辣條包裝4條不足重，使用蘿蔔補重 | X16: 1 | Y16: 台式綜合甜不辣 | AB16: 4 | AC16: 取樣不穩
D17: 11 | E17: 義麵-韓式辣奶油白醬(114年) | F17: 7177.2 | G17: 918.2 | H17: 1003.5 | I17: =H17/G17 -> 1.0928992 | J17: 0 | K17: =J17/G17 -> 0 | L17: 100 | M17: =(H17+J17)/G17 -> 1.0928992 | N17: 85.4 | O17: 71.8 | P17: =O17/G17 -> 0.078196471 | Q17: =((H17+J17)-G17)-O17 -> 13.5 | R17: =Q17/G17 -> 0.014702679 | S17: 1360.9 | T17: 包裝 | U17: 取樣不穩 | V17: 超用 | W17: 加強教育訓練，抓樣範圍95%~105% | X17: 1 | Y17: 韓式炸雞義大利麵 | AB17: 5 | AC17: 原物料規格
D18: 12 | E18: 奶香白醬 | F18: 8650.3 | G18: 2554.9 | H18: 2627.8 | I18: =H18/G18 -> 1.0285334 | J18: 0 | K18: =J18/G18 -> 0 | L18: 132.5 | M18: =(H18+J18)/G18 -> 1.0285334 | N18: 72.9 | O18: 65.3 | P18: =O18/G18 -> 0.02555873 | Q18: =((H18+J18)-G18)-O18 -> 7.6 | R18: =Q18/G18 -> 0.0029746761 | S18: 1008.1 | T18: 包裝 | U18: 取樣不穩 | V18: 超用 | W18: 加強教育訓練，抓樣範圍95%~105% | X18: 1 | Y18: 奶油培根義大利麵 | AB18: 6 | AC18: 研發設定
D19: 13 | E19: 義麵-海鮮湯凍(113年) | F19: 3262.4 | G19: 1064.7 | H19: 1094.7 | I19: =H19/G19 -> 1.028177 | J19: 0 | K19: =J19/G19 -> 0 | L19: 140.6 | M19: =(H19+J19)/G19 -> 1.028177 | N19: 30 | O19: 23.2 | P19: =O19/G19 -> 0.021790176 | Q19: =((H19+J19)-G19)-O19 -> 6.8 | R19: =Q19/G19 -> 0.0063867756 | S19: 949.5 | T19: 包裝 | U19: 取樣不穩 | V19: 超用 | W19: 加強教育訓練，抓樣範圍95%~105% | X19: 1 | Y19: 白酒蛤蜊義大利麵 | AB19: 7 | AC19: 其他原因
D20: 14 | E20: 113年炒沙茶豬肉片 | F20: 138.5 | G20: 356.6 | H20: 356.6 | I20: =H20/G20 -> 1 | J20: 3.5 | K20: =J20/G20 -> 0.0098149187 | L20: 307.8 | M20: =(H20+J20)/G20 -> 1.0098149 | N20: 3.5 | O20: 0.4 | P20: =O20/G20 -> 0.001121705 | Q20: =((H20+J20)-G20)-O20 -> 3.1 | R20: =Q20/G20 -> 0.0086932137 | S20: 940.2 | T20: 包裝 | U20: 取樣不穩 | V20: 超用 | W20: 加強教育訓練，抓樣範圍95%~105% | X20: 1 | Y20: 沙茶豬肉炒麵 | AB20: 8 | AC20: 步留因素
D21: 15 | E21: 113年煮沙茶炒麵湯凍 | F21: 347.7 | G21: 542 | H21: 551 | I21: =H21/G21 -> 1.0166052 | J21: 6 | K21: =J21/G21 -> 0.011070111 | L21: 82.8 | M21: =(H21+J21)/G21 -> 1.0276753 | N21: 15 | O21: 4.2 | P21: =O21/G21 -> 0.0077490775 | Q21: =((H21+J21)-G21)-O21 -> 10.8 | R21: =Q21/G21 -> 0.019926199 | S21: 894.9 | T21: 包裝 | U21: 取樣不穩 | V21: 超用 | W21: 加強教育訓練，抓樣範圍95%~105% | X21: 1 | Y21: 沙茶豬肉炒麵
D22: 16 | E22: 川燙油菜 | F22: 0 | G22: 172.7 | H22: 172.7 | I22: =H22/G22 -> 1 | J22: 6 | K22: =J22/G22 -> 0.034742328 | L22: 140.4 | M22: =(H22+J22)/G22 -> 1.0347423 | N22: 6 | O22: 0 | P22: =O22/G22 -> 0 | Q22: =((H22+J22)-G22)-O22 -> 6 | R22: =Q22/G22 -> 0.034742328 | S22: 841.3 | T22: 包裝 | U22: 取樣不穩 | V22: 超用 | W22: 加強教育訓練，抓樣範圍95%~105% | X22: 1 | Y22: 府城鹽水意麵
D23: 17 | E23: 義麵-奶青醬(114年) | F23: 7834.1 | G23: 2194.2 | H23: 2250.5 | I23: =H23/G23 -> 1.0256586 | J23: 0 | K23: =J23/G23 -> 0 | L23: 153.8 | M23: =(H23+J23)/G23 -> 1.0256586 | N23: 56.3 | O23: 51 | P23: =O23/G23 -> 0.023243095 | Q23: =((H23+J23)-G23)-O23 -> 5.3 | R23: =Q23/G23 -> 0.0024154589 | S23: 828.8 | T23: 包裝 | U23: 取樣不穩 | V23: 超用 | W23: 加強教育訓練，抓樣範圍95%~105% | X23: 1 | Y23: 青醬蛤蜊義大利麵 | AB23: 1 | AC23: 調理
D24: 18 | E24: 焗烤奶油白醬 | F24: 10461.7 | G24: 1219 | H24: 1380.4 | I24: =H24/G24 -> 1.1324036 | J24: 0 | K24: =J24/G24 -> 0 | L24: 69.1 | M24: =(H24+J24)/G24 -> 1.1324036 | N24: 161.4 | O24: 151.4 | P24: =O24/G24 -> 0.12420016 | Q24: =((H24+J24)-G24)-O24 -> 10 | R24: =Q24/G24 -> 0.0082034454 | S24: 690.3 | T24: 包裝 | U24: 取樣不穩 | V24: 超用 | W24: 加強教育訓練，抓樣範圍95%~105% | X24: 1 | Y24: 焗烤明太子筆尖麵 | AB24: 2 | AC24: 包裝
D25: 19 | E25: 調理包-味噌醬 | F25: 145.7 | G25: 220.9 | H25: 220.9 | I25: =H25/G25 -> 1 | J25: 15 | K25: =J25/G25 -> 0.067904029 | L25: 55 | M25: =(H25+J25)/G25 -> 1.067904 | N25: 15 | O25: 2.6 | P25: =O25/G25 -> 0.011770032 | Q25: =((H25+J25)-G25)-O25 -> 12.4 | R25: =Q25/G25 -> 0.056133997 | S25: 681.6 | T25: 包裝 | U25: 取樣不穩 | V25: 超用 | W25: 加強教育訓練，抓樣範圍95%~105% | X25: 1 | Y25: 台式綜合甜不辣 | AB25: 3 | AC25: 研發
D26: 20 | E26: 義麵-蒜味奶油湯凍 | F26: 3077.1 | G26: 458.3 | H26: 481.4 | I26: =H26/G26 -> 1.0504037 | J26: 0 | K26: =J26/G26 -> 0 | L26: 162.4 | M26: =(H26+J26)/G26 -> 1.0504037 | N26: 23.1 | O26: 19 | P26: =O26/G26 -> 0.041457561 | Q26: =((H26+J26)-G26)-O26 -> 4.1 | R26: =Q26/G26 -> 0.0089461052 | S26: 677.9 | T26: 包裝 | U26: 取樣不穩 | V26: 超用 | W26: 加強教育訓練，抓樣範圍95%~105% | X26: 1 | Y26: 奶油蒜香雞義大利麵 | AB26: 4 | AC26: 生管預估
AB27: 5 | AC27: 原物料
Z112: 占比
Z113: 金額

Sheet 日別報廢率總表 
A1: 長家廠半成品管理日別總表
A2: 日期 | B2: 營業額 | C2: 報廢額 | D2: 報廢率 KPI 0.25% | E2: 超用額 | F2: 超用率 | G2: 廢棄前10名 | I2: 超用前10名 | K2: 共用類廢棄 | M2: 週累積
G3: 金額總計 | H3: 構成比 | I3: 金額總計 | J3: 構成比 | K3: 金額總計 | L3: 構成比 KPI 15% | M3: 營業額 | N3: 週報廢 | O3: 週超用
A4: 45992 | B4: 2513777.5 | C4: 2332 | D4: =C4/B4 -> 0.00092768751 | E4: 3358 | F4: =E4/B4 -> 0.0013358382 | G4: 2332 | H4: =G4/C4 -> 1 | I4: 3358 | J4: =I4/E4 -> 1 | K4: 0 | L4: =K4/C4 -> 0
A5: =A4+1 -> 45993 | B5: 2335255 | C5: 230 | D5: =C5/B5 -> 9.8490316e-05 | E5: 741 | F5: =E5/B5 -> 0.00031731011 | G5: 230 | H5: =G5/C5 -> 1 | I5: 741 | J5: =I5/E5 -> 1 | K5: 0 | L5: =K5/C5 -> 0 | M5: =SUM(B5:B11) -> 15371291 | N5: =SUM(C5:C11) -> 21773 | O5: =SUM(E5:E11) -> 16560
A6: =A5+1 -> 45994 | B6: 2176837.3 | C6: 165 | D6: =C6/B6 -> 7.579804e-05 | E6: 310 | F6: =E6/B6 -> 0.00014240844 | G6: 165 | H6: =G6/C6 -> 1 | I6: 310 | J6: =I6/E6 -> 1 | K6: 0 | L6: =K6/C6 -> 0
A7: =A6+1 -> 45995 | B7: 2121444.9 | C7: 970 | D7: =C7/B7 -> 0.00045723554 | E7: 1057 | F7: =E7/B7 -> 0.00049824532 | G7: 970 | H7: =G7/C7 -> 1 | I7: 1057 | J7: =I7/E7 -> 1 | K7: 0 | L7: =K7/C7 -> 0
A8: =A7+1 -> 45996 | B8: 1832380.4 | C8: 6363 | D8: =C8/B8 -> 0.0034725323 | E8: 6585 | F8: =E8/B8 -> 0.0035936862 | G8: 6363 | H8: =G8/C8 -> 1 | I8: 6585 | J8: =I8/E8 -> 1 | K8: 0 | L8: =K8/C8 -> 0
A9: =A8+1 -> 45997 | B9: 1995581.1 | C9: 6208 | D9: =C9/B9 -> 0.0031108734 | E9: 3154 | F9: =E9/B9 -> 0.0015804921 | G9: 6208 | H9: =G9/C9 -> 1 | I9: 3154 | J9: =I9/E9 -> 1 | K9: 0 | L9: =K9/C9 -> 0
A10: =A9+1 -> 45998 | B10: 2513995.6 | C10: 3916 | D10: =C10/B10 -> 0.0015576797 | E10: 1799 | F10: =E10/B10 -> 0.00071559393 | G10: 3916 | H10: =G10/C10 -> 1 | I10: 1799 | J10: =I10/E10 -> 1 | K10: 0 | L10: =K10/C10 -> 0
A11: =A10+1 -> 45999 | B11: 2395796.6 | C11: 3921 | D11: =C11/B11 -> 0.0016366164 | E11: 2914 | F11: =E11/B11 -> 0.0012162969 | G11: 3921 | H11: =G11/C11 -> 1 | I11: 2914 | J11: =I11/E11 -> 1 | K11: 0 | L11: =K11/C11 -> 0
A12: =A11+1 -> 46000 | B12: 3129368 | C12: 17298 | D12: =C12/B12 -> 0.0055276336 | E12: 29379 | F12: =E12/B12 -> 0.0093881575 | G12: 17298 | H12: =G12/C12 -> 1 | I12: 29379 | J12: =I12/E12 -> 1 | K12: 0 | L12: =K12/C12 -> 0 | M12: =SUM(B12:B18) -> 17129534 | N12: =SUM(C12:C18) -> 68001 | O12: =SUM(E12:E18) -> 62072
A13: =A12+1 -> 46001 | B13: 2596020.5 | C13: 14639 | D13: =C13/B13 -> 0.0056390156 | E13: 4183 | F13: =E13/B13 -> 0.0016113124 | G13: 14639 | H13: =G13/C13 -> 1 | I13: 4183 | J13: =I13/E13 -> 1 | K13: 0 | L13: =K13/C13 -> 0
A14: =A13+1 -> 46002 | B14: 2249510.9 | C14: 7198 | D14: =C14/B14 -> 0.0031998067 | E14: 1931 | F14: =E14/B14 -> 0.00085840883 | G14: 7198 | H14: =G14/C14 -> 1 | I14: 1931 | J14: =I14/E14 -> 1 | K14: 0 | L14: =K14/C14 -> 0
A15: =A14+1 -> 46003 | B15: 1793030.3 | C15: 8582 | D15: =C15/B15 -> 0.0047863107 | E15: 6411 | F15: =E15/B15 -> 0.0035755113 | G15: 8582 | H15: =G15/C15 -> 1 | I15: 6411 | J15: =I15/E15 -> 1 | K15: 0 | L15: =K15/C15 -> 0
A16: =A15+1 -> 46004 | B16: 2044428.8 | C16: 3747 | D16: =C16/B16 -> 0.0018327858 | E16: 3693 | F16: =E16/B16 -> 0.0018063725 | G16: 3747 | H16: =G16/C16 -> 1 | I16: 3693 | J16: =I16/E16 -> 1 | K16: 0 | L16: =K16/C16 -> 0
A17: =A16+1 -> 46005 | B17: 2720484 | C17: 1763 | D17: =C17/B17 -> 0.00064804645 | E17: 9480 | F17: =E17/B17 -> 0.003484674 | G17: 1763 | H17: =G17/C17 -> 1 | I17: 9480 | J17: =I17/E17 -> 1 | K17: 0 | L17: =K17/C17 -> 0
A18: =A17+1 -> 46006 | B18: 2596691.6 | C18: 14774 | D18: =C18/B18 -> 0.0056895474 | E18: 6995 | F18: =E18/B18 -> 0.0026938124 | G18: 14774 | H18: =G18/C18 -> 1 | I18: 6995 | J18: =I18/E18 -> 1 | K18: 0 | L18: =K18/C18 -> 0
A19: =A18+1 -> 46007 | B19: 2614596.3 | C19: 5730 | D19: =C19/B19 -> 0.0021915429 | E19: 8181 | F19: =E19/B19 -> 0.0031289726 | G19: 5730 | H19: =G19/C19 -> 1 | I19: 8181 | J19: =I19/E19 -> 1 | K19: 0 | L19: =K19/C19 -> 0 | M19: =SUM(B19:B25) -> 17356992 | N19: =SUM(C19:C25) -> 46587 | O19: =SUM(E19:E25) -> 54898
A20: =A19+1 -> 46008 | B20: 2455966 | C20: 5872 | D20: =C20/B20 -> 0.0023909125 | E20: 11732 | F20: =E20/B20 -> 0.004776939 | G20: 5872 | H20: =G20/C20 -> 1 | I20: 11732 | J20: =I20/E20 -> 1 | K20: 0 | L20: =K20/C20 -> 0
A21: =A20+1 -> 46009 | B21: 2339510.5 | C21: 2548 | D21: =C21/B21 -> 0.0010891167 | E21: 7765 | F21: =E21/B21 -> 0.0033190703 | G21: 2548 | H21: =G21/C21 -> 1 | I21: 7765 | J21: =I21/E21 -> 1 | K21: 0 | L21: =K21/C21 -> 0
A22: =A21+1 -> 46010 | B22: 2112449.6 | C22: 4872 | D22: =C22/B22 -> 0.0023063273 | E22: 3181 | F22: =E22/B22 -> 0.0015058348 | G22: 4872 | H22: =G22/C22 -> 1 | I22: 3181 | J22: =I22/E22 -> 1 | K22: 0 | L22: =K22/C22 -> 0
A23: =A22+1 -> 46011 | B23: 2376517 | C23: 4116 | D23: =C23/B23 -> 0.0017319464 | E23: 9882 | F23: =E23/B23 -> 0.0041581861 | G23: 4116 | H23: =G23/C23 -> 1 | I23: 9882 | J23: =I23/E23 -> 1 | K23: 0 | L23: =K23/C23 -> 0
A24: =A23+1 -> 46012 | B24: 2783602.7 | C24: 13150 | D24: =C24/B24 -> 0.0047240936 | E24: 7455 | F24: =E24/B24 -> 0.0026781839 | G24: 13150 | H24: =G24/C24 -> 1 | I24: 7455 | J24: =I24/E24 -> 1 | K24: 0 | L24: =K24/C24 -> 0
A25: =A24+1 -> 46013 | B25: 2674350 | C25: 10299 | D25: =C25/B25 -> 0.0038510292 | E25: 6702 | F25: =E25/B25 -> 0.0025060295 | G25: 10299 | H25: =G25/C25 -> 1 | I25: 6702 | J25: =I25/E25 -> 1 | K25: 0 | L25: =K25/C25 -> 0
A26: =A25+1 -> 46014 | B26: 2842340.9 | C26: 19604 | D26: =C26/B26 -> 0.0068971318 | E26: 10398 | F26: =E26/B26 -> 0.0036582522 | G26: 19604 | H26: =G26/C26 -> 1 | I26: 10398 | J26: =I26/E26 -> 1 | K26: 0 | L26: =K26/C26 -> 0 | M26: =SUM(B26:B32) -> 16420357 | N26: =SUM(C26:C32) -> 123143 | O26: =SUM(E26:E32) -> 46481
A27: =A26+1 -> 46015 | B27: 1906561 | C27: 58214 | D27: =C27/B27 -> 0.03053351 | E27: 9016 | F27: =E27/B27 -> 0.0047289334 | G27: 58214 | H27: =G27/C27 -> 1 | I27: 9016 | J27: =I27/E27 -> 1 | K27: 0 | L27: =K27/C27 -> 0
A28: =A27+1 -> 46016 | B28: 2152805.8 | C28: 2571 | D28: =C28/B28 -> 0.0011942554 | E28: 1649 | F28: =E28/B28 -> 0.00076597712 | G28: 2571 | H28: =G28/C28 -> 1 | I28: 1649 | J28: =I28/E28 -> 1 | K28: 0 | L28: =K28/C28 -> 0
A29: =A28+1 -> 46017 | B29: 2059678.9 | C29: 13090 | D29: =C29/B29 -> 0.0063553596 | E29: 3678 | F29: =E29/B29 -> 0.0017857152 | G29: 13090 | H29: =G29/C29 -> 1 | I29: 3678 | J29: =I29/E29 -> 1 | K29: 0 | L29: =K29/C29 -> 0
A30: =A29+1 -> 46018 | B30: 2208752.2 | C30: 7749 | D30: =C30/B30 -> 0.0035083156 | E30: 7291 | F30: =E30/B30 -> 0.0033009587 | G30: 7749 | H30: =G30/C30 -> 1 | I30: 7291 | J30: =I30/E30 -> 1 | K30: 0 | L30: =K30/C30 -> 0
A31: =A30+1 -> 46019 | B31: 2697831 | C31: 16893 | D31: =C31/B31 -> 0.006261697 | E31: 4559 | F31: =E31/B31 -> 0.0016898761 | G31: 16893 | H31: =G31/C31 -> 1 | I31: 4559 | J31: =I31/E31 -> 1 | K31: 0 | L31: =K31/C31 -> 0
A32: =A31+1 -> 46020 | B32: 2552387.2 | C32: 5022 | D32: =C32/B32 -> 0.0019675698 | E32: 9890 | F32: =E32/B32 -> 0.003874804 | G32: 5022 | H32: =G32/C32 -> 1 | I32: 9890 | J32: =I32/E32 -> 1 | K32: 0 | L32: =K32/C32 -> 0
A33: =A32+1 -> 46021 | D33: =C33/B33 -> #DIV/0! | F33: =E33/B33 -> #DIV/0! | H33: =G33/C33 -> #DIV/0! | J33: =I33/E33 -> #DIV/0! | K33: 0 | L33: =K33/C33 -> #DIV/0!
A34: =A33+1 -> 46022 | D34: =C34/B34 -> #DIV/0! | F34: =E34/B34 -> #DIV/0! | H34: =G34/C34 -> #DIV/0! | J34: =I34/E34 -> #DIV/0! | L34: =K34/C34 -> #DIV/0!
A35: 平均 | B35: =AVERAGE(B4:B34) -> 2372136.3 | C35: =AVERAGE(C4:C34) -> 9028.8276 | D35: =C35/B35 -> 0.0038062011 | E35: =AVERAGE(E4:E34) -> 6323.069 | F35: =E35/B35 -> 0.0026655589 | G35: =AVERAGE(G4:G34) -> 9028.8276 | H35: =G35/C35 -> 1 | I35: =AVERAGE(I4:I34) -> 6323.069 | J35: =I35/E35 -> 1 | K35: =AVERAGE(K4:K34) -> 0 | L35: =K35/C35 -> 0
A36: 合計 | B36: =SUM(B4:B34) -> 68791952 | C36: =SUM(C4:C34) -> 261836 | D36: =C36/B36 -> 0.0038062011 | E36: =SUM(E4:E34) -> 183369 | F36: =E36/B36 -> 0.0026655589 | G36: =SUM(G4:G34) -> 261836 | H36: =G36/C36 -> 1 | I36: =SUM(I4:I34) -> 183369 | J36: =I36/E36 -> 1 | K36: =SUM(K4:K34) -> 0 | L36: =K36/C36 -> 0

Sheet 填寫舉例
A2: 7 | B2: 月別 | C2: 工廠名 | D2: ・・・・・・・・
A4: （１）收支狀況 | E4: ※單位：千元 | G4: （２）ＫＰＩ達成進度 | M4: （３）業績構成比 | S4: （４）訂單數量構成比
B5: 當月 | C5: 前月 | D5: 差異 | E5: 累計 | H5: KPI | I5: 當月 | J5: 前月 | K5: 累計 | L5: ※補充 | N5: 當月 | O5: 比例 | P5: 前月 | Q5: 差異 | T5: 當月 | U5: 比例 | V5: 前月 | W5: 差異
A6: 業績金額 | B6: 500000 | C6: 510000 | D6: =B6-C6 -> -10000 | E6: =B6+C6 -> 1010000 | G6: 人時生產性1 | H6: 110 | I6: 100 | J6: 90 | L6: 個／MH | M6: 飯糰 | N6: 150000 | O6: =IFERROR(N6/$B$6,"") -> 0.3 | P6: 0.4 | Q6: =IFERROR(O6-P6,"") -> -0.1 | S6: 飯糰 | T6: 35000 | U6: =IFERROR(T6/$B$7,"") -> 0.35 | V6: 0.3 | W6: =IFERROR(U6-V6,"") -> 0.05
A7: 訂單數量 | B7: 100000 | C7: 110000 | D7: =B7-C7 -> -10000 | E7: =B7+C7 -> 210000 | G7: 人時生產性2 | H7: 0.8 | I7: 0.85 | J7: 0.81 | K7: 0.84 | L7: 達成率 | M7: 大口飯糰 | N7: 100000 | O7: =IFERROR(N7/$B$6,"") -> 0.2 | P7: 0.15 | Q7: =IFERROR(O7-P7,"") -> 0.05 | S7: 大口飯糰 | T7: 30000 | U7: =IFERROR(T7/$B$7,"") -> 0.3 | V7: 0.15 | W7: =IFERROR(U7-V7,"") -> 0.15
A8: 材料費 | B8: 250000 | C8: 260000 | D8: =B8-C8 -> -10000 | E8: =B8+C8 -> 510000 | G8: 半成品報廢 | H8: 0.0025 | I8: 0.0024 | J8: 0.0023 | K8: 0.00235 | L8: 報廢率 | M8: 便當 | N8: 160000 | O8: =IFERROR(N8/$B$6,"") -> 0.32 | P8: 0.28 | Q8: =IFERROR(O8-P8,"") -> 0.04 | S8: 便當 | T8: 20000 | U8: =IFERROR(T8/$B$7,"") -> 0.2 | V8: 0.28 | W8: =IFERROR(U8-V8,"") -> -0.08
A9: 材料費率 | B9: =B8/B6 -> 0.5 | C9: =C8/C6 -> 0.50980392 | D9: =B9-C9 -> -0.0098039216 | E9: =(B9+C9)/2 -> 0.50490196 | G9: 半成品超用 | H9: 0.006 | I9: 0.009 | J9: 0.0095 | K9: 0.0092 | L9: 超用率 | M9: 調理麵 | N9: 90000 | O9: =IFERROR(N9/$B$6,"") -> 0.18 | P9: 0.17 | Q9: =IFERROR(O9-P9,"") -> 0.01 | S9: 調理麵 | T9: 15000 | U9: =IFERROR(T9/$B$7,"") -> 0.15 | V9: 0.27 | W9: =IFERROR(U9-V9,"") -> -0.12
A10: 勞務成本 | B10: 100000 | C10: 105000 | D10: =B10-C10 -> -5000 | E10: =B10+C10 -> 205000 | G10: 固定產線 | H10: 0.95 | I10: 0.9 | J10: 0.92 | K10: 0.91 | L10: 導入率 | M10: 調理麵包 | N10: - | O10: =IFERROR(N10/$B$6,"") | P10: -% | Q10: =IFERROR(O10-P10,"") | S10: 調理麵包 | T10: - | U10: =IFERROR(T10/$B$7,"") | V10: -% | W10: =IFERROR(U10-V10,"")
A11: 勞務費率 | B11: =B10/B6 -> 0.2 | C11: =C10/C6 -> 0.20588235 | D11: =B11-C11 -> -0.0058823529 | E11: =(B11+C11)/2 -> 0.20294118 | G11: 教育訓練 | H11: 0.8 | I11: 0.85 | J11: 1 | K11: 0.92 | L11: 實施率 | M11: 袋裝調理麵包 | N11: - | O11: =IFERROR(N11/$B$6,"") | P11: -% | Q11: =IFERROR(O11-P11,"") | S11: 袋裝調理麵包 | T11: - | U11: =IFERROR(T11/$B$7,"") | V11: -% | W11: =IFERROR(U11-V11,"")
M12: 義大利麵 | N12: - | O12: =IFERROR(N12/$B$6,"") | P12: -% | Q12: =IFERROR(O12-P12,"") | S12: 義大利麵 | T12: - | U12: =IFERROR(T12/$B$7,"") | V12: -% | W12: =IFERROR(U12-V12,"")
A13: （５）品群別人時生產性 | M13: 調理包 | N13: - | O13: =IFERROR(N13/$B$6,"") | P13: -% | Q13: =IFERROR(O13-P13,"") | S13: 調理包 | T13: - | U13: =IFERROR(T13/$B$7,"") | V13: -% | W13: =IFERROR(U13-V13,"")
B14: 當月 | C14: 前月 | D14: 差異 | E14: 累計 | H14: 當月 | I14: 前月 | J14: 差異 | K14: 累計 | O14: =SUM(O6:O13) -> 1 | P14: =SUM(P6:P13) -> 1 | U14: =SUM(U6:U13) -> 1 | V14: =SUM(V6:V13) -> 1
A15: 飯糰 | B15: 600 | C15: 660 | D15: =B15-C15 -> -60 | E15: =(B15+C15)/2 -> 630 | G15: 調理麵包 | J15: =H15-I15 -> 0 | M15: （７）原因別分析
A16: 大口飯糰 | B16: 800 | C16: 780 | D16: =B16-C16 -> 20 | E16: =(B16+C16)/2 -> 790 | G16: 袋裝調理麵包 | J16: =H16-I16 -> 0 | N16: 合計 | P16: 作業原因 | R16: 規格原因
A17: 便當 | B17: 130 | C17: 111 | D17: =B17-C17 -> 19 | E17: =(B17+C17)/2 -> 120.5 | G17: 義大利麵 | J17: =H17-I17 -> 0 | N17: 金額 | O17: 比例 | P17: 金額 | Q17: 比例 | R17: 金額 | S17: 比例
A18: 調理麵 | B18: 140 | C18: 165 | D18: =B18-C18 -> -25 | E18: =(B18+C18)/2 -> 152.5 | G18: 調理包 | J18: =H18-I18 -> 0 | M18: 半成品報廢 | N18: 1200 | O18: =N18/$B$6 -> 0.0024 | P18: 900 | Q18: =IFERROR(P18/$B$6,"") -> 0.0018 | R18: 300 | S18: =IFERROR(R18/$B$6,"") -> 0.0006
M19: 半成品超用 | N19: 4500 | O19: =N19/$B$6 -> 0.009 | P19: 3500 | Q19: =IFERROR(P19/$B$6,"") -> 0.007 | R19: 1000 | S19: =IFERROR(R19/$B$6,"") -> 0.002
A20: （６）人時生產性前幾名品項
B21: 排名 | C21: 商品名 | F21: 人數 | G21: 產能 | H21: 人時生產性 | I21: 前月比 | J21: 主要原因&對策 | M21: （８）報廢原因別前幾名品項
A22: 飯糰 | B22: 1 | C22: 手巻明太子 | F22: 3 | G22: 3000 | H22: 1000 | I22: 10 | J22: 減少暫時停止生產,人時UP | M22: 半成品報廢 | N22: 排名 | O22: 商品名 | R22: 半成品名 | U22: 單價 | V22: 報廢率 | W22: 數量 | X22: 金額 | Y22: 前月比 | Z22: 主要原因&對策
B23: 2 | M23: 作業原因 | N23: 1 | O23: 明太子海苔便當 | R23: 油炸白身魚 | U23: 10 | V23: 0.15 | W23: 10 | X23: =W23*U23 -> 100 | Y23: 80 | Z23: 油調過多報廢。變更條件。
B24: 3 | N24: 2 | X24: =W24*U24 -> 0
B25: 4 | N25: 3 | X25: =W25*U25 -> 0
B26: 5 | N26: 4 | X26: =W26*U26 -> 0
B27: ▼1 | C27: 手巻卵黄雞絞肉 | F27: 4 | G27: 2800 | H27: 700 | I27: 6/30新商品 | J27: 因組裝2食材,人員增加,產速減少 | N27: 5 | X27: =W27*U27 -> 0
B28: ▼2 | U28: 前幾名合計比例 | V28: =X28/N18 -> 0.083333333 | W28: 前幾名合計金額 | X28: =SUM(X23:X27) -> 100
B29: ▼3 | M29: 規格原因 | N29: 1 | O29: 海老炒飯 | R29: 川燙蝦子拌醬 | U29: 5.55 | V29: 0.21 | W29: 50 | X29: =W29*U29 -> 277.5 | Y29: 35 | Z29: 蝦子入數不足
B30: ▼4 | N30: 2 | X30: =W30*U30 -> 0
B31: ▼5 | N31: 3 | X31: =W31*U31 -> 0
N32: 4 | X32: =W32*U32 -> 0
B33: 排名 | C33: 商品名 | F33: 人數 | G33: 產能 | H33: 人時生產性 | I33: 前月比 | J33: 主要原因&對策 | N33: 5 | X33: =W33*U33 -> 0
A34: 大口飯糰 | B34: 1 | C34: 直巻明太子美奶茲 | F34: 3 | G34: 2500 | H34: 833.33 | I34: 20 | J34: 透由調整速度提升。 | U34: 前幾名合計比例 | V34: =X34/N18 -> 0.23125 | W34: 前幾名合計金額 | X34: =SUM(X29:X33) -> 277.5
B35: 2
B36: 3 | M36: 半成品超用 | N36: 排名 | O36: 商品名 | R36: 半成品名 | U36: 單價 | V36: 報廢率 | W36: 數量 | X36: 金額 | Y36: 前月比 | Z36: 主要原因&對策
B37: 4 | M37: 作業原因 | N37: 1 | O37: 特製醬汁炙燒牛五花便當 | R37: 牛五花醬汁 | U37: 25 | V37: 0.25 | W37: 10 | X37: =W37*U37 -> 250 | Y37: 150 | Z37: 難度有差異。調理指導。
B38: 5 | N38: 2 | X38: =W38*U38 -> 0
B39: ▼1 | C39: 大口飯糰燒肉美奶滋 | F39: 7 | G39: 2200 | H39: 314.29 | I39: -15 | J39: 因摺疊增員。實施教育訓練。 | N39: 3 | X39: =W39*U39 -> 0
B40: ▼2 | N40: 4 | X40: =W40*U40 -> 0
B41: ▼3 | N41: 5 | X41: =W41*U41 -> 0
B42: ▼4 | U42: 前幾名合計比例 | V42: =X42/N19 -> 0.055555556 | W42: 前幾名合計金額 | X42: =SUM(X37:X41) -> 250
B43: ▼5 | M43: 規格原因 | N43: 1 | O43: 特製醬汁炙燒牛五花便當 | R43: 牛五花燒成 | U43: 30 | V43: 0.1 | W43: 20 | X43: =W43*U43 -> 600 | Y43: 400 | Z43: 因原料變更。
N44: 2 | X44: =W44*U44 -> 0
B45: 排名 | C45: 商品名 | F45: 人數 | G45: 產能 | H45: 人時生產性 | I45: 前月比 | J45: 主要原因&對策 | N45: 3 | X45: =W45*U45 -> 0
A46: 便當 | B46: 1 | C46: 明太子海苔便當 | F46: 15 | G46: 1200 | H46: 80 | I46: 5 | J46: 指導鋪開炒柴魚片 | N46: 4 | X46: =W46*U46 -> 0
B47: 2 | N47: 5 | X47: =W47*U47 -> 0
B48: 3 | U48: 前幾名合計比例 | V48: =X48/N19 -> 0.13333333 | W48: 前幾名合計金額 | X48: =SUM(X43:X47) -> 600
B49: 4
B50: 5 | M50: （９）歩留
B51: ▼1 | C51: 特製醬汁炙燒牛五花便當 | F51: 18 | G51: 800 | H51: 44.44 | I51: -15 | J51: 肉狀態不良，已連動開發 | N51: No. | O51: 商品名 | R51: 半成品名 | U51: 單價 | V51: 規格 | W51: 實績 | X51: 差異 | Y51: 主要原因&對策
B52: ▼2 | M52: 作業原因 | N52: 1 | O52: 特製醬汁炙燒牛五花便當 | R52: 牛五花燒成 | U52: 30 | V52: 0.62 | W52: 0.58 | X52: =W52-V52 -> -0.04 | Y52: 燒成過多，調整調理條件。
B53: ▼3 | N53: 2 | X53: =W53-V53 -> 0
B54: ▼4 | M54: 規格原因 | N54: 1 | O54: 大口飯糰三種起司午餐肉 | R54: ３種起司燒成 | U54: 20 | V54: 0.9 | W54: 0.82 | X54: =W54-V54 -> -0.08 | Y54: 與燒成範本不同。
B55: ▼5 | N55: 2 | X55: =W55-V55 -> 0

Sheet 鮮食品群番
B2: 鮮食品群番
B3: 06 | C3: 飯糰 | E3: 10 | F3: 三明治
B4: 061 | C4: 飯糰一配 | E4: 106 | F4: 三明治４度Ｃ
B5: 063 | C5: 飯糰二配 | E5: 107 | F5: 調理麵包４度Ｃ
B6: 065 | C6: 飯糰４度Ｃ | E6: 11 | F6: 季節調理麵
B7: 07 | C7: 壽司、手卷 | E7: 111 | F7: 涼麵
B8: 071 | C8: 壽司一配 | E8: 112 | F8: 熱湯麵
B9: 072 | C9: 手卷一配 | E9: 12 | F9: 熱食義麵
B10: 075 | C10: 壽司二配 | E10: 122 | F10: 熱食麵
B11: 076 | C11: 手卷２配 | E11: 123 | F11: 熱湯麵
B12: 077 | C12: ４℃壽司手卷 | E12: 124 | F12: 義大利麵
B13: 08 | C13: 便當 | E13: 126 | F13: 冷凍調理麵
B14: 083 | C14: 便當４℃ | E14: 14 | F14: 沙拉
... B19: 094 | C19: 粥品 | E19: 155 | F19: 特色小吃
B20: 095 | C20: 其他飯類

Sheet 11產線配置圖
A1: 品項 | B1: 人數 | C1: 產能
A2: 白酒蛤蜊義大利麵 | B2: 13 | C2: 2000 | D2: ET-600
A3: 白酒蛤蜊義大利麵-手 | B3: 15 | C3: 1565 | D3: ET-55
A4: 青醬蛤蜊義大利麵 | B4: 15 | C4: 2000
A5: 義式蕃茄起司義大利麵 | B5: 12 | C5: 2000
A6: 焗烤起司雙饗筆尖麵 | B6: 18 | C6: 1565
A7: 奶油培根義大利麵 | B7: 13 | C7: 2000
A8: 韓式起司炸雞義大利麵 | B8: 14 | C8: 1895
A9: 剝皮辣椒雞奶油扁麵 | B9: 17 | C9: 1500
A10: 青花椒麻雞肉拌麵 | B10: 17 | C10: 1565
A11: 青花椒麻雞肉拌麵-降速生產 | B11: 14 | C11: 1385
A12: 奶油蒜香雞義大利麵 | B12: 18 | C12: 1385
A13: 奶油蒜香雞義大利麵-降速生產 | B13: 16 | C13: 1385
A14: 焗烤明太子筆尖麵 | B14: 17 | C14: 1385
A15: 濃拿坡里義大利麵 | B15: 15 | C15: 1440
... A21: 焗烤起司肉醬筆尖麵 | B21: 15 | C21: 1440
E23: 更新日期12/09
A25: 小滷青蔬 | B25: 13 | C25: 1565
A26: 起司馬鈴薯 | B26: 12 | C26: 1565
A27: 台式綜合甜不辣 | B27: 12 | C27: 1565
