Workbook

Sheet 生產管理報表(週) 
A1: 長家廠生產管理報表
A3: 月別 | B3: 11 | C3: 週別 | D3: W23 | E3: 工廠 | F3: 長家廠
A4: （１）收支狀況 | E4: ※單位：千元 | G4: （２）ＫＰＩ達成進度
A5: 項目 | B5: 當週 | C5: 前週 | D5: 差異 | E5: 累計 | G5: 項目 | H5: KPI | I5: 當週 | J5: 前週 | K5: 累計 | L5: ※補充
A6: 業績金額 | B6: 16910.8 | C6: 17347.5 | D6: =B6-C6 -> -436.7 | E6: 59929.5 | G6: 人時性(個/月均) | H6: 113 | I6: 102.3 | J6: 102.5 | K6: 101.7 | L6: 個／MH
A7: 訂單數量 | B7: 354039 | C7: 365747 | D7: =B7-C7 -> -11708 | E7: 1260014 | G7: 人時達成率(%/月均) | H7: 0.8 | I7: =I6/H6 -> 0.90530973 | J7: =J6/H6 -> 0.90707965 | K7: =K6/H6 -> 0.9 | L7: 達成率
A8: 材料費 | B8: 10655 | C8: 10927.4 | D8: =B8-C8 -> -272.4 | E8: 37772.7 | G8: 半成品-報廢(%) | H8: 0.0025 | I8: 0.003 | J8: 0.0026 | K8: 0.0024 | L8: 報廢率
A9: 材料費率 | B9: =B8/B6 -> 0.63007072 | C9: =C8/C6 -> 0.62991209 | D9: =B9-C9 -> 0.00015863295 | E9: =E8/E6 -> 0.63028559 | G9: 半成品-超用(%) | H9: 0.0025 | I9: 0.0009 | J9: 0.0028 | K9: 0.0022 | L9: 超用率
A10: 勞務成本 | D10: =B10-C10 -> 0 | G10: 固定產線-導入率(%) | H10: 1 | I10: 0.429 | J10: 0.429 | K10: 0.429 | L10: 導入率
A11: 勞務費率 | D11: =B11-C11 -> 0 | G11: 教育訓練-實施率(%) | H11: 1 | I11: 0.9 | J11: 0.9 | K11: 0.894 | L11: 實施率
A13: （３）業績構成比 | G13: （４）訂單數量構成比
B14: 當週 | C14: 比例 | D14: 前週 | E14: 差異 | H14: 當週 | I14: 比例 | J14: 前週 | K14: 差異
A15: 熱食義麵(122,123,124,126) | B15: 15522.2 | C15: =B15/B6 -> 0.91788679 | D15: 0.9164 | E15: =IFERROR(C15-D15,"") -> 0.0014867942 | G15: 熱食義麵(122,123,124,126) | H15: 303669 | I15: =IFERROR(H15/$B$7,"") -> 0.85772754 | J15: 0.8562 | K15: =IFERROR(I15-J15,"") -> 0.0015275385
A16: 季節調理麵(111,112) | C16: =IFERROR(B16/$B$6,"") -> 0 | D16: 0 | E16: =IFERROR(C16-D16,"") -> 0 | G16: 季節調理麵(111,112) | I16: =IFERROR(H16/$B$7,"") -> 0 | J16: 0 | K16: =IFERROR(I16-J16,"") -> 0
A17: 微波小吃(153,154,155) | B17: 1388.5 | C17: =B17/B6 -> 0.082107292 | D17: 0.0836 | E17: =IFERROR(C17-D17,"") -> -0.0014927076 | G17: 微波小吃(153,154,155) | H17: 50370 | I17: =IFERROR(H17/$B$7,"") -> 0.14227246 | J17: 0.1438 | K17: =IFERROR(I17-J17,"") -> -0.0015275385
C18: =SUM(C15:C17) -> 0.99999409 | D18: =SUM(D15:D17) -> 1 | I18: =SUM(I15:I17) -> 1 | J18: =SUM(J15:J17) -> 1
A20: （５）品群別人時生產性
A21: 品群 | B21: 當週 | C21: 前週 | D21: 差異 | E21: 累計
A22: 熱食義麵(122,123,124,126) | B22: 99.4 | C22: 100.8 | D22: =B22-C22 -> -1.4 | E22: 100.3
A23: 季節調理麵(111,112) | D23: =B23-C23 -> 0
A24: 微波小吃(153,154,155) | B24: 109 | C24: 113.2 | D24: =B24-C24 -> -4.2 | E24: 111.7

Sheet （１）收支狀況
B2: （１）收支狀況
B3: 資料繳交日 | C3: 月份 | D3: 日期 | F3: 營業額(元) | I3: 訂單數量(個) | L3: 材料費(元) | O3: 材料費率（材料費／營業額） | R3: 勞務成本（全廠人事成本） | U3: 勞務費率（勞務成本／營業額）
F4: 日 | G4: 週累積 | H4: 月累積 | I4: 日 | J4: 週累積 | K4: 月累積 | L4: 日 | M4: 週累積 | N4: 月累積 | O4: 日 | P4: 週累積 | Q4: 月累積 | R4: 日 | S4: 週累積 | T4: 月累積 | U4: 日 | V4: 週累積 | W4: 月累積
C5: 十一 | D5: 45962 | E5: 六 | F5: 2264329.1 | H5: =SUM(F5:F35) -> 59929511 | I5: 47648 | K5: =SUM(I5:I34) -> 1260014 | L5: 1430695 | N5: =SUM(L5:L34) -> 37772746 | O5: =L5/F5 -> 0.63184057 | Q5: =N5/H5 -> 0.63028624 | S5: =SUM(R5) -> 0 | T5: =SUM(R5:R33) -> 0 | U5: =R5/F5 -> 0 | V5: =SUM(U5) -> 0 | W5: =T5/H5 -> 0
D6: 45963 | E6: 日 | F6: 3123033.5 | I6: 65527 | L6: 1971002 | O6: =L6/F6 -> 0.63111779 | S6: =SUM(R6:R12) -> 0 | U6: =R6/F6 -> 0 | V6: =SUM(U6:U12) -> 0
D7: 45964 | E7: 一 | F7: 2673556.9 | I7: 56473 | L7: 1685565 | O7: =L7/F7 -> 0.63045787 | U7: =R7/F7 -> 0
B8: 45973 | D8: 45965 | E8: 二 | F8: 2527418.3 | G8: =SUM(F8:F14) -> 17610222 | I8: 53251 | J8: =SUM(I8:I14) -> 370580 | L8: 1594646 | M8: =SUM(L8:L14) -> 11103030 | O8: =L8/F8 -> 0.6309387 | P8: =M8/G8 -> 0.63048781 | U8: =R8/F8 -> 0
D9: 45966 | E9: 三 | F9: 2528793.2 | I9: 53267 | L9: 1594646 | O9: =L9/F9 -> 0.63059565 | U9: =R9/F9 -> 0
D10: 45967 | E10: 四 | F10: 2482738.1 | I10: 52136 | L10: 1565778 | O10: =L10/F10 -> 0.63066579 | U10: =R10/F10 -> 0
D11: 45968 | E11: 五 | F11: 2173366.7 | I11: 45764 | L11: 1370695 | O11: =L11/F11 -> 0.63067819 | U11: =R11/F11 -> 0
D12: 45969 | E12: 六 | F12: 2234998.1 | I12: 47070 | L12: 1408695 | O12: =L12/F12 -> 0.63028913 | U12: =R12/F12 -> 0
D13: 45970 | E13: 日 | F13: 2858713.4 | I13: 60100 | L13: 1801005 | O13: =L13/F13 -> 0.63000544 | S13: =SUM(R13:R19) -> 0 | U13: =R13/F13 -> 0 | V13: =SUM(U13:U19) -> 0
D14: 45971 | E14: 一 | F14: 2804193.7 | I14: 58992 | L14: 1767565 | O14: =L14/F14 -> 0.63032915 | U14: =R14/F14 -> 0
B15: 45980 | D15: 45972 | E15: 二 | F15: 2660726.3 | G15: =SUM(F15:F21) -> 17347543 | I15: 56087 | J15: =SUM(I15:I21) -> 365747 | L15: 1675565 | M15: =SUM(L15:L21) -> 10927428 | O15: =L15/F15 -> 0.62973971 | P15: =M15/G15 -> 0.62991214 | U15: =R15/F15 -> 0
D16: 45973 | E16: 三 | F16: 2790787.2 | I16: 58816 | L16: 1757565 | O16: =L16/F16 -> 0.62977391 | U16: =R16/F16 -> 0
D17: 45974 | E17: 四 | F17: 2510222.5 | I17: 52853 | L17: 1580778 | O17: =L17/F17 -> 0.6297362 | U17: =R17/F17 -> 0
D18: 45975 | E18: 五 | F18: 2068483 | I18: 43532 | L18: 1303695 | O18: =L18/F18 -> 0.63026624 | U18: =R18/F18 -> 0
D19: 45976 | E19: 六 | F19: 2006658 | I19: 42341 | L19: 1263695 | O19: =L19/F19 -> 0.62975105 | U19: =R19/F19 -> 0
D20: 45977 | E20: 日 | F20: 2660160.4 | I20: 56127 | L20: 1675565 | O20: =L20/F20 -> 0.62987368 | S20: =SUM(R20:R26) -> 0 | U20: =R20/F20 -> 0 | V20: =SUM(U20:U26) -> 0
D21: 45978 | E21: 一 | F21: 2650505.6 | I21: 55991 | L21: 1670565 | O21: =L21/F21 -> 0.63028163 | U21: =R21/F21 -> 0
B22: 45987 | D22: 45979 | E22: 二 | F22: 2921128 | G22: =SUM(F22:F28) -> 16910827 | I22: 60555 | J22: =SUM(I22:I28) -> 354039 | L22: 1840005 | M22: =SUM(L22:L28) -> 10655026 | O22: =L22/F22 -> 0.62989536 | P22: =M22/G22 -> 0.63007126 | U22: =R22/F22 -> 0
D23: 45980 | E23: 三 | F23: 2664581.2 | I23: 55596 | L23: 1679565 | O23: =L23/F23 -> 0.63032982 | U23: =R23/F23 -> 0
D24: 45981 | E24: 四 | F24: 2302855.1 | I24: 48162 | L24: 1449855 | O24: =L24/F24 -> 0.62959021 | U24: =R24/F24 -> 0
D25: 45982 | E25: 五 | F25: 1818810.1 | I25: 38475 | L25: 1146695 | O25: =L25/F25 -> 0.63046438 | U25: =R25/F25 -> 0
D26: 45983 | E26: 六 | F26: 1959163.5 | I26: 41274 | L26: 1233695 | O26: =L26/F26 -> 0.62970498 | U26: =R26/F26 -> 0
D27: 45984 | E27: 日 | F27: 2710208.8 | I27: 56648 | L27: 1708565 | O27: =L27/F27 -> 0.63041823 | S27: =SUM(R27:R33) -> 0 | U27: =R27/F27 -> 0 | V27: =SUM(U27:U33) -> #DIV/0!
D28: 45985 | E28: 一 | F28: 2534080.2 | I28: 53329 | L28: 1596646 | O28: =L28/F28 -> 0.63006925 | U28: =R28/F28 -> 0
B29: 45994 | D29: 45986 | E29: 二 | G29: =SUM(F29:F35) -> 0 | J29: =SUM(I29:I35) -> 0 | M29: =SUM(L29:L35) -> 0 | O29: =L29/F29 -> #DIV/0! | P29: =M29/G29 -> #DIV/0! | U29: =R29/F29 -> #DIV/0!
D30: 45987 | E30: 三 | O30: =L30/F30 -> #DIV/0! | U30: =R30/F30 -> #DIV/0!
D31: 45988 | E31: 四 | O31: =L31/F31 -> #DIV/0! | U31: =R31/F31 -> #DIV/0!
D32: 45989 | E32: 五 | O32: =L32/F32 -> #DIV/0! | U32: =R32/F32 -> #DIV/0!
D33: 45990 | E33: 六 | O33: =L33/F33 -> #DIV/0! | U33: =R33/F33 -> #DIV/0!
D34: 45991 | E34: 日 | O34: =L34/F34 -> #DIV/0! | U34: =R34/F34 -> #DIV/0!
D35: 45992 | E35: 一 | U35: =R35/F35 -> #DIV/0!
S37: =SUM(R37:R43) -> 0 | V37: =SUM(U37:U43) -> 0

Sheet （２）ＫＰＩ達成進度
C1: 112.8
B2: （２）ＫＰＩ達成進度
B3: 資料繳交日 | C3: 月份 | D3: 日期 | F3: 人時生產性(個/人) | I3: 人時生產性達成率(%) | L3: 半成品報廢(%) | O3: 半成品超用(%) | R3: 固定產線-導入率(固定產線數/總產線數) | U3: 教育訓練-實施率(進度/計畫)
F4: 日 | G4: 週平均 | H4: 月平均 | I4: 日 | J4: 週平均 | K4: 月平均 | L4: 日 | M4: 週平均 | N4: 月平均 | O4: 日 | P4: 週平均 | Q4: 月平均 | R4: 日 | S4: 週平均 | T4: 月平均 | U4: 日 | V4: 週平均 | W4: 月平均
C5: 十一 | D5: 45962 | E5: 六 | F5: 93.6 | H5: =AVERAGE(F5:F34) -> 101.69583 | I5: =F5/$C$1 -> 0.82978723 | K5: =AVERAGE(I5:I34) -> 0.72124704 | L5: 0.00062932549 | N5: =AVERAGE(L5:L34) -> 0.0024460919 | O5: 0.0042922206 | Q5: =AVERAGE(O5:O34) -> 0.0021817314 | R5: 0.429 | T5: =AVERAGE(R5:R34) -> 0.429 | U5: 0.85 | W5: =AVERAGE(U5:U34) -> 0.89375
D6: 45963 | E6: 日 | F6: 102.7 | I6: =F6/$C$1 -> 0.91046099 | L6: 0.0023505992 | O6: 0.0037162586 | R6: 0.429 | U6: 0.85
D7: 45964 | E7: 一 | F7: 102.2 | I7: =F7/$C$1 -> 0.90602837 | L7: 0.011514623 | O7: 0.0087808117 | R7: 0.429 | U7: 0.85
B8: 45973 | D8: 45965 | E8: 二 | F8: 103 | G8: =AVERAGE(F8:F14) -> 101.21429 | I8: =F8/$C$1 -> 0.91312057 | J8: =AVERAGE(I8:I14) -> 0.89728977 | L8: 0.0018125215 | M8: =AVERAGE(L8:L14) -> 0.00070247025 | O8: 0.0045955986 | P8: =AVERAGE(O8:O14) -> 0.0014565599 | R8: 0.429 | S8: =AVERAGE(R8:R14) -> 0.429 | U8: 0.9 | V8: =AVERAGE(U8:U14) -> 0.9
D9: 45966 | E9: 三 | F9: 103.9 | I9: =F9/$C$1 -> 0.92109929 | L9: 0 | O9: 5.7339603e-05 | R9: 0.429 | U9: 0.9
D10: 45967 | E10: 四 | F10: 98.9 | I10: =F10/$C$1 -> 0.87677305 | L10: 0.0006843251 | O10: 0.001760959 | R10: 0.429 | U10: 0.9
D11: 45968 | E11: 五 | F11: 99.3 | I11: =F11/$C$1 -> 0.88031915 | L11: 0.00093541507 | O11: 0.0012285087 | R11: 0.429 | U11: 0.9
D12: 45969 | E12: 六 | F12: 101 | I12: =F12/$C$1 -> 0.89539007 | L12: 0.00073154425 | O12: 0.0015360192 | R12: 0.429 | U12: 0.9
D13: 45970 | E13: 日 | F13: 101.6 | I13: =F13/$C$1 -> 0.90070922 | L13: 0.00075348582 | O13: 0.00093083833 | R13: 0.429 | U13: 0.9
D14: 45971 | E14: 一 | F14: 100.8 | I14: =F14/$C$1 -> 0.89361702 | L14: 0 | O14: 8.6655927e-05 | R14: 0.429 | U14: 0.9
B15: 45980 | D15: 45972 | E15: 二 | F15: 100.2 | G15: =AVERAGE(F15:F21) -> 102.51429 | I15: =F15/$C$1 -> 0.88829787 | J15: =AVERAGE(I15:I21) -> 0.90881459 | L15: 0.0034167363 | M15: =AVERAGE(L15:L21) -> 0.0025746898 | O15: 0.0026774644 | P15: =AVERAGE(O15:O21) -> 0.0027603965 | R15: 0.429 | S15: =AVERAGE(R15:R21) -> 0.429 | U15: 0.9 | V15: =AVERAGE(U15:U21) -> 0.9
D16: 45973 | E16: 三 | F16: 104.5 | I16: =F16/$C$1 -> 0.92641844 | L16: 0.00099004322 | O16: 0.00033574756 | R16: 0.429 | U16: 0.9
D17: 45974 | E17: 四 | F17: 102.7 | I17: =F17/$C$1 -> 0.91046099 | L17: 0.0030650669 | O17: 0.0035275757 | R17: 0.429 | U17: 0.9
D18: 45975 | E18: 五 | F18: 98.8 | I18: =F18/$C$1 -> 0.87588652 | L18: 0.0063234747 | O18: 0.0096234776 | R18: 0.429 | U18: 0.9
D19: 45976 | E19: 六 | F19: 104.1 | I19: =F19/$C$1 -> 0.92287234 | L19: 0.0032561602 | O19: 0.00078289373 | R19: 0.429 | U19: 0.9
D20: 45977 | E20: 日 | F20: 103.5 | I20: =F20/$C$1 -> 0.91755319 | L20: 0.00087400746 | O20: 0.0019074038 | R20: 0.429 | U20: 0.9
D21: 45978 | E21: 一 | F21: 103.8 | I21: =F21/$C$1 -> 0.92021277 | L21: 9.7339918e-05 | O21: 0.00046821255 | R21: 0.429 | U21: 0.9
B22: 45987 | D22: 45979 | E22: 二 | F22: 104.4 | G22: =AVERAGE(F22:F28) -> 102.3 | I22: =F22/$C$1 -> 0.92553191 | J22: =AVERAGE(I22:I28) -> 0.90691489 | L22: 0.008609003 | M22: =AVERAGE(L22:L28) -> 0.003038791 | O22: 0.0023638129 | P22: =AVERAGE(O22:O28) -> 0.00086479546 | R22: 0.429 | S22: =AVERAGE(R22:R28) -> 0.429 | U22: 0.9 | V22: =AVERAGE(U22:U28) -> 0.9
D23: 45980 | E23: 三 | F23: 100.6 | I23: =F23/$C$1 -> 0.89184397 | L23: 0.0037859608 | O23: 0.00059746725 | R23: 0.429 | U23: 0.9
D24: 45981 | E24: 四 | F24: 102.8 | I24: =F24/$C$1 -> 0.91134752 | L24: 0.0028060819 | O24: 0.0014620981 | R24: 0.429 | U24: 0.9
D25: 45982 | E25: 五 | F25: 96.9 | I25: =F25/$C$1 -> 0.85904255 | L25: 0.0025527678 | O25: 0.00037607004 | R25: 0.429 | U25: 0.9
D26: 45983 | E26: 六 | F26: 100.5 | I26: =F26/$C$1 -> 0.89095745 | L26: 8.5750884e-05 | O26: 0.0003026802 | R26: 0.429 | U26: 0.9
D27: 45984 | E27: 日 | F27: 105.1 | I27: =F27/$C$1 -> 0.93173759 | L27: 0.0012213081 | O27: 0.00056194933 | R27: 0.429 | U27: 0.9
D28: 45985 | E28: 一 | F28: 105.8 | I28: =F28/$C$1 -> 0.93794326 | L28: 0.0022106641 | O28: 0.00038949044 | R28: 0.429 | U28: 0.9
B29: 45994 | D29: 45986 | E29: 二 | G29: =AVERAGE(F29:F35) -> #DIV/0! | I29: =F29/$C$1 -> 0 | J29: =AVERAGE(I29:I35) -> 0 | M29: =AVERAGE(L29:L35) -> #DIV/0! | P29: =AVERAGE(O29:O35) -> #DIV/0! | S29: =AVERAGE(R29:R35) -> #DIV/0! | V29: =AVERAGE(U29:U35) -> #DIV/0!
D30: 45987 | E30: 三 | I30: =F30/$C$1 -> 0
D31: 45988 | E31: 四 | I31: =F31/$C$1 -> 0
D32: 45989 | E32: 五 | I32: =F32/$C$1 -> 0
D33: 45990 | E33: 六 | I33: =F33/$C$1 -> 0
D34: 45991 | E34: 日 | I34: =F34/$C$1 -> 0
D35: 45992 | E35: 一 | I35: =F35/$C$1 -> 0
I36: =F36/$C$1 -> 0
G37: =AVERAGE(F37:F43) -> #DIV/0! | I37: =F37/$C$1 -> 0 | J37: =AVERAGE(I37:I43) -> 0 | M37: =AVERAGE(L37:L43) -> #DIV/0! | P37: =AVERAGE(O37:O43) -> #DIV/0! | S37: =AVERAGE(R37:R43) -> #DIV/0! | V37: =AVERAGE(U37:U43) -> #DIV/0!
I38: =F38/$C$1 -> 0
I39: =F39/$C$1 -> 0
I40: =F40/$C$1 -> 0
I41: =F41/$C$1 -> 0
I42: =F42/$C$1 -> 0
I43: =F43/$C$1 -> 0

Sheet （３）業績構成比
B2: （3）業績構成比
B3: 資料繳交日 | C3: 月份 | D3: 日期 | F3: 營業額 | I3: 品類業績
I4: 熱食義麵 | K4: 季節調理麵 | M4: 微波小吃
F5: 日 | G5: 週累積 | H5: 月累積 | I5: 一配 | K5: 一配 | M5: 一配
I6: 業績(元) | J6: 比例(%) | K6: 業績(元) | L6: 比例(%) | M6: 業績(元) | N6: 比例(%)
C7: 十一 | D7: 45962 | E7: 六 | F7: =SUM(I7,K7,M7) -> 2264329.1 | H7: =SUM(F7:F36) -> 59929511 | I7: 2076011.4 | J7: =I7/F7 -> 0.91683288 | L7: =K7/F7 -> 0 | M7: 188317.73 | N7: =M7/F7 -> 0.083167121
D8: 45963 | E8: 日 | F8: =SUM(I8,K8,M8) -> 3123033.5 | I8: 2875684.5 | J8: =I8/F8 -> 0.92079849 | L8: =K8/F8 -> 0 | M8: 247348.95 | N8: =M8/F8 -> 0.079201505
D9: 45964 | E9: 一 | F9: =SUM(I9,K9,M9) -> 2673556.9 | I9: 2430499.5 | J9: =I9/F9 -> 0.90908837 | L9: =K9/F9 -> 0 | M9: 243057.43 | N9: =M9/F9 -> 0.090911635
B10: 45973 | D10: 45965 | E10: 二 | F10: =SUM(I10,K10,M10) -> 2527418.3 | G10: =SUM(F10:F16) -> 17610222 | I10: 2307469.9 | J10: =I10/F10 -> 0.91297507 | L10: =K10/F10 -> 0 | M10: 219948.41 | N10: =M10/F10 -> 0.087024934
D11: 45966 | E11: 三 | F11: =SUM(I11,K11,M11) -> 2528793.2 | I11: 2308154.6 | J11: =I11/F11 -> 0.91274942 | L11: =K11/F11 -> 0 | M11: 220638.67 | N11: =M11/F11 -> 0.087250578
D12: 45967 | E12: 四 | F12: =SUM(I12,K12,M12) -> 2482738.1 | I12: 2280236.8 | J12: =I12/F12 -> 0.91843631 | L12: =K12/F12 -> 0 | M12: 202501.29 | N12: =M12/F12 -> 0.081563693
D13: 45968 | E13: 五 | F13: =SUM(I13,K13,M13) -> 2173366.7 | I13: 1995602.4 | J13: =I13/F13 -> 0.91820785 | L13: =K13/F13 -> 0 | M13: 177764.34 | N13: =M13/F13 -> 0.081792151
D14: 45969 | E14: 六 | F14: =SUM(I14,K14,M14) -> 2234998.1 | I14: 2048061.4 | J14: =I14/F14 -> 0.91635938 | L14: =K14/F14 -> 0 | M14: 186936.63 | N14: =M14/F14 -> 0.083640622
D15: 45970 | E15: 日 | F15: =SUM(I15,K15,M15) -> 2858713.4 | I15: 2627998.3 | J15: =I15/F15 -> 0.91929409 | L15: =K15/F15 -> 0 | M15: 230715.06 | N15: =M15/F15 -> 0.080705908
D16: 45971 | E16: 一 | F16: =SUM(I16,K16,M16) -> 2804193.7 | I16: 2574252.6 | J16: =I16/F16 -> 0.918001 | L16: =K16/F16 -> 0 | M16: 229941.08 | N16: =M16/F16 -> 0.081999001
B17: 45980 | D17: 45972 | E17: 二 | F17: =SUM(I17,K17,M17) -> 2660726.3 | G17: =SUM(F17:F23) -> 17347543 | I17: 2437313.5 | J17: =I17/F17 -> 0.91603317 | L17: =K17/F17 -> 0 | M17: 223412.74 | N17: =M17/F17 -> 0.083966825
D18: 45973 | E18: 三 | F18: =SUM(I18,K18,M18) -> 2790787.2 | I18: 2560267.4 | J18: =I18/F18 -> 0.9173997 | L18: =K18/F18 -> 0 | M18: 230519.86 | N18: =M18/F18 -> 0.082600299
D19: 45974 | E19: 四 | F19: =SUM(I19,K19,M19) -> 2510222.5 | I19: 2303427.9 | J19: =I19/F19 -> 0.91761898 | L19: =K19/F19 -> 0 | M19: 206794.69 | N19: =M19/F19 -> 0.082381018
D20: 45975 | E20: 五 | F20: =SUM(I20,K20,M20) -> 2068483 | I20: 1898103.2 | J20: =I20/F20 -> 0.91763054 | L20: =K20/F20 -> 0 | M20: 170379.82 | N20: =M20/F20 -> 0.082369456
D21: 45976 | E21: 六 | F21: =SUM(I21,K21,M21) -> 2006658 | I21: 1833409.2 | J21: =I21/F21 -> 0.91366298 | L21: =K21/F21 -> 0 | M21: 173248.87 | N21: =M21/F21 -> 0.086337017
D22: 45977 | E22: 日 | F22: =SUM(I22,K22,M22) -> 2660160.4 | I22: 2437424.2 | J22: =I22/F22 -> 0.91626965 | L22: =K22/F22 -> 0 | M22: 222736.17 | N22: =M22/F22 -> 0.083730355
D23: 45978 | E23: 一 | F23: =SUM(I23,K23,M23) -> 2650505.6 | I23: 2426717.5 | J23: =I23/F23 -> 0.91556778 | L23: =K23/F23 -> 0 | M23: 223788.07 | N23: =M23/F23 -> 0.084432219
B24: 45987 | D24: 45979 | E24: 二 | F24: =SUM(I24,K24,M24) -> 2921128 | G24: =SUM(F24:F30) -> 16910827 | I24: 2707161.4 | J24: =I24/F24 -> 0.92675205 | L24: =K24/F24 -> 0 | M24: 213966.63 | N24: =M24/F24 -> 0.073247947
D25: 45980 | E25: 三 | F25: =SUM(I25,K25,M25) -> 2664581.2 | I25: 2454829.4 | J25: =I25/F25 -> 0.92128152 | L25: =K25/F25 -> 0 | M25: 209751.78 | N25: =M25/F25 -> 0.078718479
D26: 45981 | E26: 四 | F26: =SUM(I26,K26,M26) -> 2302855.1 | I26: 2106897.2 | J26: =I26/F26 -> 0.91490657 | L26: =K26/F26 -> 0 | M26: 195957.84 | N26: =M26/F26 -> 0.085093431
D27: 45982 | E27: 五 | F27: =SUM(I27,K27,M27) -> 1818810.1 | I27: 1647129.2 | J27: =I27/F27 -> 0.90560809 | L27: =K27/F27 -> 0 | M27: 171680.96 | N27: =M27/F27 -> 0.094391909
D28: 45983 | E28: 六 | F28: =SUM(I28,K28,M28) -> 1959163.5 | I28: 1784992 | J28: =I28/F28 -> 0.91109908 | L28: =K28/F28 -> 0 | M28: 174171.44 | N28: =M28/F28 -> 0.088900923
D29: 45984 | E29: 日 | F29: =SUM(I29,K29,M29) -> 2710208.8 | I29: 2496599.1 | J29: =I29/F29 -> 0.92118333 | L29: =K29/F29 -> 0 | M29: 213609.63 | N29: =M29/F29 -> 0.07881667
D30: 45985 | E30: 一 | F30: =SUM(I30,K30,M30) -> 2534080.2 | I30: 2324639.8 | J30: =I30/F30 -> 0.91735054 | L30: =K30/F30 -> 0 | M30: 209440.35 | N30: =M30/F30 -> 0.082649457
B31: 45994 | D31: 45986 | E31: 二 | F31: =SUM(I31,K31,M31) -> 0 | G31: =SUM(F31:F37) -> 0 | J31: =I31/F31 -> #DIV/0! | L31: =K31/F31 -> #DIV/0! | N31: =M31/F31 -> #DIV/0!
D32: 45987 | E32: 三 | F32: =SUM(I32,K32,M32) -> 0 | J32: =I32/F32 -> #DIV/0! | L32: =K32/F32 -> #DIV/0! | N32: =M32/F32 -> #DIV/0!
D33: 45988 | E33: 四 | F33: =SUM(I33,K33,M33) -> 0 | J33: =I33/F33 -> #DIV/0! | L33: =K33/F33 -> #DIV/0! | N33: =M33/F33 -> #DIV/0!
D34: 45989 | E34: 五 | F34: =SUM(I34,K34,M34) -> 0 | J34: =I34/F34 -> #DIV/0! | L34: =K34/F34 -> #DIV/0! | N34: =M34/F34 -> #DIV/0!
D35: 45990 | E35: 六 | F35: =SUM(I35,K35,M35) -> 0 | J35: =I35/F35 -> #DIV/0! | L35: =K35/F35 -> #DIV/0! | N35: =M35/F35 -> #DIV/0!
D36: 45991 | E36: 日 | F36: =SUM(I36,K36,M36) -> 0 | J36: =I36/F36 -> #DIV/0! | L36: =K36/F36 -> #DIV/0! | N36: =M36/F36 -> #DIV/0!
D37: 45992 | E37: 一 | F37: =SUM(I37,K37,M37) -> 0

Sheet （４）訂單數量構成比
B2: （4）訂單數量構成比
B3: 資料繳交日 | C3: 月份 | D3: 日期 | F3: 訂單量 | I3: 品類訂單量
I4: 熱食義麵 | K4: 季節調理麵 | M4: 微波小吃
F5: 日 | G5: 週累積 | H5: 月累積 | I5: 一配 | K5: 一配 | M5: 一配
I6: 訂單數 | J6: 比例(%) | K6: 訂單數 | L6: 比例(%) | M6: 訂單數 | N6: 比例(%)
C7: 十一 | D7: 45962 | E7: 六 | F7: =SUM(I7,K7,M7) -> 47648 | H7: =SUM(F7:F36) -> 1260014 | I7: 40826 | J7: =I7/F7 -> 0.85682505 | L7: =K7/F7 -> 0 | M7: 6822 | N7: =M7/F7 -> 0.14317495
D8: 45963 | E8: 日 | F8: =SUM(I8,K8,M8) -> 65527 | I8: 56546 | J8: =I8/F8 -> 0.86294199 | L8: =K8/F8 -> 0 | M8: 8981 | N8: =M8/F8 -> 0.13705801
D9: 45964 | E9: 一 | F9: =SUM(I9,K9,M9) -> 56473 | I9: 47653 | J9: =I9/F9 -> 0.84381917 | L9: =K9/F9 -> 0 | M9: 8820 | N9: =M9/F9 -> 0.15618083
B10: 45973 | D10: 45965 | E10: 二 | F10: =SUM(I10,K10,M10) -> 53251 | G10: =SUM(F10:F16) -> 370580 | I10: 45275 | J10: =I10/F10 -> 0.85021878 | L10: =K10/F10 -> 0 | M10: 7976 | N10: =M10/F10 -> 0.14978122
D11: 45966 | E11: 三 | F11: =SUM(I11,K11,M11) -> 53267 | I11: 45273 | J11: =I11/F11 -> 0.84992585 | L11: =K11/F11 -> 0 | M11: 7994 | N11: =M11/F11 -> 0.15007415
D12: 45967 | E12: 四 | F12: =SUM(I12,K12,M12) -> 52136 | I12: 44801 | J12: =I12/F12 -> 0.85931027 | L12: =K12/F12 -> 0 | M12: 7335 | N12: =M12/F12 -> 0.14068973
D13: 45968 | E13: 五 | F13: =SUM(I13,K13,M13) -> 45764 | I13: 39326 | J13: =I13/F13 -> 0.85932174 | L13: =K13/F13 -> 0 | M13: 6438 | N13: =M13/F13 -> 0.14067826
D14: 45969 | E14: 六 | F14: =SUM(I14,K14,M14) -> 47070 | I14: 40304 | J14: =I14/F14 -> 0.85625664 | L14: =K14/F14 -> 0 | M14: 6766 | N14: =M14/F14 -> 0.14374336
D15: 45970 | E15: 日 | F15: =SUM(I15,K15,M15) -> 60100 | I15: 51723 | J15: =I15/F15 -> 0.86061564 | L15: =K15/F15 -> 0 | M15: 8377 | N15: =M15/F15 -> 0.13938436
D16: 45971 | E16: 一 | F16: =SUM(I16,K16,M16) -> 58992 | I16: 50650 | J16: =I16/F16 -> 0.858591 | L16: =K16/F16 -> 0 | M16: 8342 | N16: =M16/F16 -> 0.141409
B17: 45980 | D17: 45972 | E17: 二 | F17: =SUM(I17,K17,M17) -> 56087 | G17: =SUM(F17:F23) -> 365747 | I17: 47983 | J17: =I17/F17 -> 0.85551019 | L17: =K17/F17 -> 0 | M17: 8104 | N17: =M17/F17 -> 0.14448981
D18: 45973 | E18: 三 | F18: =SUM(I18,K18,M18) -> 58816 | I18: 50457 | J18: =I18/F18 -> 0.85787881 | L18: =K18/F18 -> 0 | M18: 8359 | N18: =M18/F18 -> 0.14212119
D19: 45974 | E19: 四 | F19: =SUM(I19,K19,M19) -> 52853 | I19: 45358 | J19: =I19/F19 -> 0.85819159 | L19: =K19/F19 -> 0 | M19: 7495 | N19: =M19/F19 -> 0.14180841
D20: 45975 | E20: 五 | F20: =SUM(I20,K20,M20) -> 43532 | I20: 37360 | J20: =I20/F20 -> 0.85821924 | L20: =K20/F20 -> 0 | M20: 6172 | N20: =M20/F20 -> 0.14178076
D21: 45976 | E21: 六 | F21: =SUM(I21,K21,M21) -> 42341 | I21: 36066 | J21: =I21/F21 -> 0.85179849 | L21: =K21/F21 -> 0 | M21: 6275 | N21: =M21/F21 -> 0.14820151
D22: 45977 | E22: 日 | F22: =SUM(I22,K22,M22) -> 56127 | I22: 48040 | J22: =I22/F22 -> 0.85591605 | L22: =K22/F22 -> 0 | M22: 8087 | N22: =M22/F22 -> 0.14408395
D23: 45978 | E23: 一 | F23: =SUM(I23,K23,M23) -> 55991 | I23: 47872 | J23: =I23/F23 -> 0.85499455 | L23: =K23/F23 -> 0 | M23: 8119 | N23: =M23/F23 -> 0.14500545
B24: 45987 | D24: 45979 | E24: 二 | F24: =SUM(I24,K24,M24) -> 60555 | G24: =SUM(F24:F30) -> 354039 | I24: 52788 | J24: =I24/F24 -> 0.87173644 | L24: =K24/F24 -> 0 | M24: 7767 | N24: =M24/F24 -> 0.12826356
D25: 45980 | E25: 三 | F25: =SUM(I25,K25,M25) -> 55596 | I25: 47984 | J25: =I25/F25 -> 0.86308368 | L25: =K25/F25 -> 0 | M25: 7612 | N25: =M25/F25 -> 0.13691632
D26: 45981 | E26: 四 | F26: =SUM(I26,K26,M26) -> 48162 | I26: 41060 | J26: =I26/F26 -> 0.85253935 | L26: =K26/F26 -> 0 | M26: 7102 | N26: =M26/F26 -> 0.14746065
D27: 45982 | E27: 五 | F27: =SUM(I27,K27,M27) -> 38475 | I27: 32260 | J27: =I27/F27 -> 0.83846654 | L27: =K27/F27 -> 0 | M27: 6215 | N27: =M27/F27 -> 0.16153346
D28: 45983 | E28: 六 | F28: =SUM(I28,K28,M28) -> 41274 | I28: 34961 | J28: =I28/F28 -> 0.84704657 | L28: =K28/F28 -> 0 | M28: 6313 | N28: =M28/F28 -> 0.15295343
D29: 45984 | E29: 日 | F29: =SUM(I29,K29,M29) -> 56648 | I29: 48889 | J29: =I29/F29 -> 0.86303135 | L29: =K29/F29 -> 0 | M29: 7759 | N29: =M29/F29 -> 0.13696865
D30: 45985 | E30: 一 | F30: =SUM(I30,K30,M30) -> 53329 | I30: 45727 | J30: =I30/F30 -> 0.85745092 | L30: =K30/F30 -> 0 | M30: 7602 | N30: =M30/F30 -> 0.14254908
B31: 45994 | D31: 45986 | E31: 二 | F31: =SUM(I31,K31,M31) -> 0 | G31: =SUM(F31:F37) -> 0 | J31: =I31/F31 -> #DIV/0! | L31: =K31/F31 -> #DIV/0! | N31: =M31/F31 -> #DIV/0!
D32: 45987 | E32: 三 | F32: =SUM(I32,K32,M32) -> 0 | J32: =I32/F32 -> #DIV/0! | L32: =K32/F32 -> #DIV/0! | N32: =M32/F32 -> #DIV/0!
D33: 45988 | E33: 四 | F33: =SUM(I33,K33,M33) -> 0 | J33: =I33/F33 -> #DIV/0! | L33: =K33/F33 -> #DIV/0! | N33: =M33/F33 -> #DIV/0!
D34: 45989 | E34: 五 | F34: =SUM(I34,K34,M34) -> 0 | J34: =I34/F34 -> #DIV/0! | L34: =K34/F34 -> #DIV/0! | N34: =M34/F34 -> #DIV/0!
D35: 45990 | E35: 六 | F35: =SUM(I35,K35,M35) -> 0 | J35: =I35/F35 -> #DIV/0! | L35: =K35/F35 -> #DIV/0! | N35: =M35/F35 -> #DIV/0!
D36: 45991 | E36: 日 | F36: =SUM(I36,K36,M36) -> 0 | J36: =I36/F36 -> #DIV/0! | L36: =K36/F36 -> #DIV/0! | N36: =M36/F36 -> #DIV/0!
D37: 45992 | E37: 一 | F37: =SUM(I37,K37,M37) -> 0

Sheet （５-1）品群別人時生產性（熱食義麵）
B1: 月平均人時性 | C1: =AVERAGE(L7,L30,L53,L73,L96,L119) -> 100.31891
B2: 產線配置圖－每週更新 | N2: 資料繳交 | O2: 日期 | AJ2: 45962 | AO2: 45963 | AT2: 45964
P3: 二 | U3: 三 | Z3: 四 | AE3: 五 | AJ3: 六 | AO3: 日 | AT3: 一
B4: 品群 | C4: 商品名稱 | E4: 計畫 | H4: 平均人時性 | I4: 實績 | L4: 平均人時性 | M4: 排名 | O4: 日報 | P4: 實際 | T4: 平均人時性 | U4: 實際 | Y4: 平均人時性 | Z4: 實際 | AD4: 平均人時性 | AE4: 實際 | AI4: 平均人時性 | AJ4: 實際 | AN4: 平均人時性 | AO4: 實際 | AS4: 平均人時性 | AT4: 實際 | AX4: 平均人時性
E5: 產線配置圖 | I5: 產線配置圖 | P5: 生產實績 | U5: 生產實績 | Z5: 生產實績 | AE5: 生產實績 | AJ5: 生產實績 | AO5: 生產實績 | AT5: 生產實績
E6: 人數 | F6: 產能／時 | G6: 人時性 | I6: 人數 | J6: 產能／時 | K6: 人時性 | P6: 人數 | Q6: 產能／時 | R6: 人時性 | S6: 排名 | U6: 人數 | V6: 產能／時 | W6: 人時性 | X6: 排名 | Z6: 人數 | AA6: 產能／時 | AB6: 人時性 | AC6: 排名 | AE6: 人數 | AF6: 產能／時 | AG6: 人時性 | AH6: 排名 | AJ6: 人數 | AK6: 產能／時 | AL6: 人時性 | AM6: 排名 | AO6: 人數 | AP6: 產能／時 | AQ6: 人時性 | AR6: 排名 | AT6: 人數 | AU6: 產能／時 | AV6: 人時性 | AW6: 排名
B7: 熱食義麵 | C7: 1 | D7: 義式蕃茄起司義大利麵 | E7: =VLOOKUP(D7,'11產線配置圖'!$A$2:$C$25,2,0) -> 12 | F7: =VLOOKUP(D7,'11產線配置圖'!$A$2:$C$25,3,0) -> 2000 | G7: =F7/E7 -> 166.66667 | H7: =AVERAGE(G7:G24) -> 112.60546 | I7: =AVERAGE(AJ7,AO7,AT7) -> 12 | J7: =AVERAGE(AK7,AP7,AU7) -> 1672 | K7: =AVERAGE(AL7,AQ7,AV7) -> 139.33333 | L7: =IFERROR(AVERAGE(K7:K24),"-") -> 100.97297 | M7: =RANK(K7, K$7:$K$24) -> 2 | R7: =Q7/P7 -> #DIV/0! | S7: =RANK(R7, R$7:R$24) -> #DIV/0! | T7: =AVERAGE(R7:R24) -> #DIV/0! | W7: =V7/U7 -> #DIV/0! | X7: =RANK(W7, W$7:W$24) -> #DIV/0! | Y7: =AVERAGE(W7:W24) -> #DIV/0! | AB7: =AA7/Z7 -> #DIV/0! | AC7: =RANK(AB7, AB$7:AB$24) -> #DIV/0! | AD7: =AVERAGE(AB7:AB24) -> #DIV/0! | AG7: =AF7/AE7 -> #DIV/0! | AH7: =RANK(AG7, AG$7:AG$24) -> #DIV/0! | AI7: =AVERAGE(AG7:AG24) -> #DIV/0! | AJ7: 12 | AK7: 1529 | AL7: =AK7/AJ7 -> 127.41667 | AM7: =RANK(AL7, AL$7:AL$24) -> 3 | AN7: =AVERAGE(AL7:AL24) -> 97.046672 | AO7: 12 | AP7: 1865 | AQ7: =AP7/AO7 -> 155.41667 | AR7: =RANK(AQ7, AQ$7:AQ$24) -> 1 | AS7: =AVERAGE(AQ7:AQ24) -> 103.34742 | AT7: 12 | AU7: 1622 | AV7: =AU7/AT7 -> 135.16667 | AW7: =RANK(AV7, AV$7:AV$24) -> 2 | AX7: =AVERAGE(AV7:AV24) -> 104.62707
C8: 2 | D8: 奶油培根義大利麵 | E8: =VLOOKUP(D8,'11產線配置圖'!$A$2:$C$25,2,0) -> 13 | F8: =VLOOKUP(D8,'11產線配置圖'!$A$2:$C$25,3,0) -> 2000 | G8: =F8/E8 -> 153.84615 | I8: =AVERAGE(AJ8,AO8,AT8) -> 13 | J8: =AVERAGE(AK8,AP8,AU8) -> 1764.6667 | K8: =AVERAGE(AL8,AQ8,AV8) -> 135.74359 | M8: =RANK(K8, K$7:$K$24) -> 3 | R8: =Q8/P8 -> #DIV/0! | S8: =RANK(R8, R$7:R$24) -> #DIV/0! | W8: =V8/U8 -> #DIV/0! | X8: =RANK(W8, W$7:W$24) -> #DIV/0! | AB8: =AA8/Z8 -> #DIV/0! | AC8: =RANK(AB8, AB$7:AB$24) -> #DIV/0! | AG8: =AF8/AE8 -> #DIV/0! | AH8: =RANK(AG8, AG$7:AG$24) -> #DIV/0! | AJ8: 13 | AK8: 1835 | AL8: =AK8/AJ8 -> 141.15385 | AM8: =RANK(AL8, AL$7:AL$24) -> 2 | AO8: 13 | AP8: 1808 | AQ8: =AP8/AO8 -> 139.07692 | AR8: =RANK(AQ8, AQ$7:AQ$24) -> 3 | AT8: 13 | AU8: 1651 | AV8: =AU8/AT8 -> 127 | AW8: =RANK(AV8, AV$7:AV$24) -> 4
C9: 3 | D9: 青醬蛤蜊義大利麵 | E9: =VLOOKUP(D9,'11產線配置圖'!$A$2:$C$25,2,0) -> 15 | F9: =VLOOKUP(D9,'11產線配置圖'!$A$2:$C$25,3,0) -> 2000 | G9: =F9/E9 -> 133.33333 | I9: =AVERAGE(AJ9,AO9,AT9) -> 15 | J9: =AVERAGE(AK9,AP9,AU9) -> 1889 | K9: =AVERAGE(AL9,AQ9,AV9) -> 125.93333 | M9: =RANK(K9, K$7:$K$24) -> 5 | R9: =Q9/P9 -> #DIV/0! | S9: =RANK(R9, R$7:R$24) -> #DIV/0! | W9: =V9/U9 -> #DIV/0! | X9: =RANK(W9, W$7:W$24) -> #DIV/0! | AB9: =AA9/Z9 -> #DIV/0! | AC9: =RANK(AB9, AB$7:AB$24) -> #DIV/0! | AG9: =AF9/AE9 -> #DIV/0! | AH9: =RANK(AG9, AG$7:AG$24) -> #DIV/0! | AJ9: 15 | AK9: 1871 | AL9: =AK9/AJ9 -> 124.73333 | AM9: =RANK(AL9, AL$7:AL$24) -> 4 | AO9: 15 | AP9: 1910 | AQ9: =AP9/AO9 -> 127.33333 | AR9: =RANK(AQ9, AQ$7:AQ$24) -> 4 | AT9: 15 | AU9: 1886 | AV9: =AU9/AT9 -> 125.73333 | AW9: =RANK(AV9, AV$7:AV$24) -> 5
C10: 4 | D10: 焗烤起司雙饗筆尖麵 | E10: =VLOOKUP(D10,'11產線配置圖'!$A$2:$C$25,2,0) -> 18 | F10: =VLOOKUP(D10,'11產線配置圖'!$A$2:$C$25,3,0) -> 1565 | G10: =F10/E10 -> 86.944444 | I10: =AVERAGE(AJ10,AO10,AT10) -> 18 | J10: =AVERAGE(AK10,AP10,AU10) -> 1548.3333 | K10: =AVERAGE(AL10,AQ10,AV10) -> 86.018519 | M10: =RANK(K10, K$7:$K$24) -> 6 | R10: =Q10/P10 -> #DIV/0! | S10: =RANK(R10, R$7:R$24) -> #DIV/0! | W10: =V10/U10 -> #DIV/0! | X10: =RANK(W10, W$7:W$24) -> #DIV/0! | AB10: =AA10/Z10 -> #DIV/0! | AC10: =RANK(AB10, AB$7:AB$24) -> #DIV/0! | AG10: =AF10/AE10 -> #DIV/0! | AH10: =RANK(AG10, AG$7:AG$24) -> #DIV/0! | AJ10: 18 | AK10: 1536 | AL10: =AK10/AJ10 -> 85.333333 | AM10: =RANK(AL10, AL$7:AL$24) -> 6 | AO10: 18 | AP10: 1551 | AQ10: =AP10/AO10 -> 86.166667 | AR10: =RANK(AQ10, AQ$7:AQ$24) -> 6 | AT10: 18 | AU10: 1558 | AV10: =AU10/AT10 -> 86.555556 | AW10: =RANK(AV10, AV$7:AV$24) -> 7
C11: 5 | D11: 白酒蛤蜊義大利麵 | E11: =VLOOKUP(D11,'11產線配置圖'!$A$2:$C$25,2,0) -> 13 | F11: =VLOOKUP(D11,'11產線配置圖'!$A$2:$C$25,3,0) -> 2000 | G11: =F11/E11 -> 153.84615 | I11: =AVERAGE(AJ11,AO11,AT11) -> 13 | J11: =AVERAGE(AK11,AP11,AU11) -> 1915 | K11: =AVERAGE(AL11,AQ11,AV11) -> 147.30769 | M11: =RANK(K11, K$7:$K$24) -> 1 | R11: =Q11/P11 -> #DIV/0! | S11: =RANK(R11, R$7:R$24) -> #DIV/0! | W11: =V11/U11 -> #DIV/0! | X11: =RANK(W11, W$7:W$24) -> #DIV/0! | AB11: =AA11/Z11 -> #DIV/0! | AC11: =RANK(AB11, AB$7:AB$24) -> #DIV/0! | AG11: =AF11/AE11 -> #DIV/0! | AH11: =RANK(AG11, AG$7:AG$24) -> #DIV/0! | AJ11: 13 | AK11: 1890 | AL11: =AK11/AJ11 -> 145.38462 | AM11: =RANK(AL11, AL$7:AL$24) -> 1 | AO11: 13 | AP11: 1954 | AQ11: =AP11/AO11 -> 150.30769 | AR11: =RANK(AQ11, AQ$7:AQ$24) -> 2 | AT11: 13 | AU11: 1901 | AV11: =AU11/AT11 -> 146.23077 | AW11: =RANK(AV11, AV$7:AV$24) -> 1
C12: 6 | D12: 韓式起司炸雞義大利麵 | E12: =VLOOKUP(D12,'11產線配置圖'!$A$2:$C$25,2,0) -> 14 | F12: =VLOOKUP(D12,'11產線配置圖'!$A$2:$C$25,3,0) -> 1895 | G12: =F12/E12 -> 135.35714 | I12: =AVERAGE(AJ12,AO12,AT12) -> 14 | J12: =AVERAGE(AK12,AP12,AU12) -> 1764.3333 | K12: =AVERAGE(AL12,AQ12,AV12) -> 126.02381 | M12: =RANK(K12, K$7:$K$24) -> 4 | R12: =Q12/P12 -> #DIV/0! | S12: =RANK(R12, R$7:R$24) -> #DIV/0! | W12: =V12/U12 -> #DIV/0! | X12: =RANK(W12, W$7:W$24) -> #DIV/0! | AB12: =AA12/Z12 -> #DIV/0! | AC12: =RANK(AB12, AB$7:AB$24) -> #DIV/0! | AG12: =AF12/AE12 -> #DIV/0! | AH12: =RANK(AG12, AG$7:AG$24) -> #DIV/0! | AJ12: 14 | AK12: 1643 | AL12: =AK12/AJ12 -> 117.35714 | AM12: =RANK(AL12, AL$7:AL$24) -> 5 | AO12: 14 | AP12: 1779 | AQ12: =AP12/AO12 -> 127.07143 | AR12: =RANK(AQ12, AQ$7:AQ$24) -> 5 | AT12: 14 | AU12: 1871 | AV12: =AU12/AT12 -> 133.64286 | AW12: =RANK(AV12, AV$7:AV$24) -> 3
C13: 7 | D13: 焗烤明太子筆尖麵 | E13: =VLOOKUP(D13,'11產線配置圖'!$A$2:$C$25,2,0) -> 17 | F13: =VLOOKUP(D13,'11產線配置圖'!$A$2:$C$25,3,0) -> 1385 | G13: =F13/E13 -> 81.470588 | I13: =AVERAGE(AJ13,AO13,AT13) -> 15 | J13: =AVERAGE(AK13,AP13,AU13) -> 1015.6667 | K13: =AVERAGE(AL13,AQ13,AV13) -> 67.889881 | M13: =RANK(K13, K$7:$K$24) -> 12 | R13: =Q13/P13 -> #DIV/0! | S13: =RANK(R13, R$7:R$24) -> #DIV/0! | W13: =V13/U13 -> #DIV/0! | X13: =RANK(W13, W$7:W$24) -> #DIV/0! | AB13: =AA13/Z13 -> #DIV/0! | AC13: =RANK(AB13, AB$7:AB$24) -> #DIV/0! | AG13: =AF13/AE13 -> #DIV/0! | AH13: =RANK(AG13, AG$7:AG$24) -> #DIV/0! | AJ13: 16 | AK13: 925 | AL13: =AK13/AJ13 -> 57.8125 | AM13: =RANK(AL13, AL$7:AL$24) -> 12 | AO13: 14 | AP13: 922 | AQ13: =AP13/AO13 -> 65.857143 | AR13: =RANK(AQ13, AQ$7:AQ$24) -> 12 | AT13: 15 | AU13: 1200 | AV13: =AU13/AT13 -> 80 | AW13: =RANK(AV13, AV$7:AV$24) -> 9
C14: 8 | D14: 奶油蒜香雞義大利麵 | E14: =VLOOKUP(D14,'11產線配置圖'!$A$2:$C$25,2,0) -> 18 | F14: =VLOOKUP(D14,'11產線配置圖'!$A$2:$C$25,3,0) -> 1385 | G14: =F14/E14 -> 76.944444 | I14: =AVERAGE(AJ14,AO14,AT14) -> 16.666667 | J14: =AVERAGE(AK14,AP14,AU14) -> 1138 | K14: =AVERAGE(AL14,AQ14,AV14) -> 68.415033 | M14: =RANK(K14, K$7:$K$24) -> 11 | R14: =Q14/P14 -> #DIV/0! | S14: =RANK(R14, R$7:R$24) -> #DIV/0! | W14: =V14/U14 -> #DIV/0! | X14: =RANK(W14, W$7:W$24) -> #DIV/0! | AB14: =AA14/Z14 -> #DIV/0! | AC14: =RANK(AB14, AB$7:AB$24) -> #DIV/0! | AG14: =AF14/AE14 -> #DIV/0! | AH14: =RANK(AG14, AG$7:AG$24) -> #DIV/0! | AJ14: 17 | AK14: 1078 | AL14: =AK14/AJ14 -> 63.411765 | AM14: =RANK(AL14, AL$7:AL$24) -> 11 | AO14: 18 | AP14: 1251 | AQ14: =AP14/AO14 -> 69.5 | AR14: =RANK(AQ14, AQ$7:AQ$24) -> 11 | AT14: 15 | AU14: 1085 | AV14: =AU14/AT14 -> 72.333333 | AW14: =RANK(AV14, AV$7:AV$24) -> 11
C15: 9 | D15: 青花椒麻雞肉拌麵 | E15: =VLOOKUP(D15,'11產線配置圖'!$A$2:$C$25,2,0) -> 17 | F15: =VLOOKUP(D15,'11產線配置圖'!$A$2:$C$25,3,0) -> 1565 | G15: =F15/E15 -> 92.058824 | I15: =AVERAGE(AJ15,AO15,AT15) -> 16.333333 | J15: =AVERAGE(AK15,AP15,AU15) -> 1273.3333 | K15: =AVERAGE(AL15,AQ15,AV15) -> 78.162092 | M15: =RANK(K15, K$7:$K$24) -> 9 | R15: =Q15/P15 -> #DIV/0! | S15: =RANK(R15, R$7:R$24) -> #DIV/0! | W15: =V15/U15 -> #DIV/0! | X15: =RANK(W15, W$7:W$24) -> #DIV/0! | AB15: =AA15/Z15 -> #DIV/0! | AC15: =RANK(AB15, AB$7:AB$24) -> #DIV/0! | AG15: =AF15/AE15 -> #DIV/0! | AH15: =RANK(AG15, AG$7:AG$24) -> #DIV/0! | AJ15: 17 | AK15: 1275 | AL15: =AK15/AJ15 -> 75 | AM15: =RANK(AL15, AL$7:AL$24) -> 9 | AO15: 17 | AP15: 1298 | AQ15: =AP15/AO15 -> 76.352941 | AR15: =RANK(AQ15, AQ$7:AQ$24) -> 10 | AT15: 15 | AU15: 1247 | AV15: =AU15/AT15 -> 83.133333 | AW15: =RANK(AV15, AV$7:AV$24) -> 8
C16: 10 | D16: 剝皮辣椒雞奶油扁麵 | E16: =VLOOKUP(D16,'11產線配置圖'!$A$2:$C$25,2,0) -> 17 | F16: =VLOOKUP(D16,'11產線配置圖'!$A$2:$C$25,3,0) -> 1500 | G16: =F16/E16 -> 88.235294 | I16: =AVERAGE(AJ16,AO16,AT16) -> 17 | J16: =AVERAGE(AK16,AP16,AU16) -> 1424.6667 | K16: =AVERAGE(AL16,AQ16,AV16) -> 83.803922 | M16: =RANK(K16, K$7:$K$24) -> 7 | R16: =Q16/P16 -> #DIV/0! | S16: =RANK(R16, R$7:R$24) -> #DIV/0! | W16: =V16/U16 -> #DIV/0! | X16: =RANK(W16, W$7:W$24) -> #DIV/0! | AB16: =AA16/Z16 -> #DIV/0! | AC16: =RANK(AB16, AB$7:AB$24) -> #DIV/0! | AG16: =AF16/AE16 -> #DIV/0! | AH16: =RANK(AG16, AG$7:AG$24) -> #DIV/0! | AJ16: 17 | AK16: 1357 | AL16: =AK16/AJ16 -> 79.823529 | AM16: =RANK(AL16, AL$7:AL$24) -> 7 | AO16: 17 | AP16: 1434 | AQ16: =AP16/AO16 -> 84.352941 | AR16: =RANK(AQ16, AQ$7:AQ$24) -> 7 | AT16: 17 | AU16: 1483 | AV16: =AU16/AT16 -> 87.235294 | AW16: =RANK(AV16, AV$7:AV$24) -> 6
C17: 11 | D17: 濃拿坡里義大利麵 | E17: =VLOOKUP(D17,'11產線配置圖'!$A$2:$C$25,2,0) -> 15 | F17: =VLOOKUP(D17,'11產線配置圖'!$A$2:$C$25,3,0) -> 1440 | G17: =F17/E17 -> 96 | I17: =AVERAGE(AJ17,AO17,AT17) -> 15 | J17: =AVERAGE(AK17,AP17,AU17) -> 1104.6667 | K17: =AVERAGE(AL17,AQ17,AV17) -> 73.644444 | M17: =RANK(K17, K$7:$K$24) -> 10 | R17: =Q17/P17 -> #DIV/0! | S17: =RANK(R17, R$7:R$24) -> #DIV/0! | W17: =V17/U17 -> #DIV/0! | X17: =RANK(W17, W$7:W$24) -> #DIV/0! | AB17: =AA17/Z17 -> #DIV/0! | AC17: =RANK(AB17, AB$7:AB$24) -> #DIV/0! | AG17: =AF17/AE17 -> #DIV/0! | AH17: =RANK(AG17, AG$7:AG$24) -> #DIV/0! | AJ17: 15 | AK17: 1034 | AL17: =AK17/AJ17 -> 68.933333 | AM17: =RANK(AL17, AL$7:AL$24) -> 10 | AO17: 15 | AP17: 1172 | AQ17: =AP17/AO17 -> 78.133333 | AR17: =RANK(AQ17, AQ$7:AQ$24) -> 9 | AT17: 15 | AU17: 1108 | AV17: =AU17/AT17 -> 73.866667 | AW17: =RANK(AV17, AV$7:AV$24) -> 10
C18: 12 | D18: 奶油起司蝦仁通心粉 | E18: =VLOOKUP(D18,'11產線配置圖'!$A$2:$C$25,2,0) -> 16 | F18: =VLOOKUP(D18,'11產線配置圖'!$A$2:$C$25,3,0) -> 1385 | G18: =F18/E18 -> 86.5625 | I18: =AVERAGE(AJ18,AO18,AT18) -> 15 | J18: =AVERAGE(AK18,AP18,AU18) -> 1191 | K18: =AVERAGE(AL18,AQ18,AV18) -> 79.4 | M18: =RANK(K18, K$7:$K$24) -> 8 | R18: =Q18/P18 -> #DIV/0! | S18: =RANK(R18, R$7:R$24) -> #DIV/0! | W18: =V18/U18 -> #DIV/0! | X18: =RANK(W18, W$7:W$24) -> #DIV/0! | AB18: =AA18/Z18 -> #DIV/0! | AC18: =RANK(AB18, AB$7:AB$24) -> #DIV/0! | AG18: =AF18/AE18 -> #DIV/0! | AH18: =RANK(AG18, AG$7:AG$24) -> #DIV/0! | AJ18: 15 | AK18: 1173 | AL18: =AK18/AJ18 -> 78.2 | AM18: =RANK(AL18, AL$7:AL$24) -> 8 | AO18: 15 | AP18: 1209 | AQ18: =AP18/AO18 -> 80.6 | AR18: =RANK(AQ18, AQ$7:AQ$24) -> 8
C19: 13 | R19: =Q19/P19 -> #DIV/0! | S19: =RANK(R19, R$7:R$24) -> #DIV/0! | W19: =V19/U19 -> #DIV/0! | X19: =RANK(W19, W$7:W$24) -> #DIV/0! | AB19: =AA19/Z19 -> #DIV/0! | AC19: =RANK(AB19, AB$7:AB$24) -> #DIV/0! | AG19: =AF19/AE19 -> #DIV/0! | AH19: =RANK(AG19, AG$7:AG$24) -> #DIV/0!
C20: 14 | R20: =Q20/P20 -> #DIV/0! | S20: =RANK(R20, R$7:R$24) -> #DIV/0! | W20: =V20/U20 -> #DIV/0! | X20: =RANK(W20, W$7:W$24) -> #DIV/0! | AB20: =AA20/Z20 -> #DIV/0! | AC20: =RANK(AB20, AB$7:AB$24) -> #DIV/0! | AG20: =AF20/AE20 -> #DIV/0! | AH20: =RANK(AG20, AG$7:AG$24) -> #DIV/0!
C21: 15 | R21: =Q21/P21 -> #DIV/0! | S21: =RANK(R21, R$7:R$24) -> #DIV/0!
C22: 16 | R22: =Q22/P22 -> #DIV/0! | S22: =RANK(R22, R$7:R$24) -> #DIV/0!
C23: 17 | R23: =Q23/P23 -> #DIV/0! | S23: =RANK(R23, R$7:R$24) -> #DIV/0!
C24: 18 | R24: =Q24/P24 -> #DIV/0! | S24: =RANK(R24, R$7:R$24) -> #DIV/0!
B25: 產線配置圖－每週更新 | N25: 資料繳交 | O25: 日期 | P25: 45965 | U25: 45966 | Z25: 45967 | AE25: 45968 | AJ25: 45969 | AO25: 45970 | AT25: 45971
P26: 二 | U26: 三 | Z26: 四 | AE26: 五 | AJ26: 六 | AO26: 日 | AT26: 一
B27: 品群 | C27: 商品名稱 | E27: 計畫 | H27: 平均人時性 | I27: 實績 | L27: 平均人時性 | M27: 排名 | O27: 日報 | P27: 實際 | T27: 平均人時性 | U27: 實際 | Y27: 平均人時性 | Z27: 實際 | AD27: 平均人時性 | AE27: 實際 | AI27: 平均人時性 | AJ27: 實際 | AN27: 平均人時性 | AO27: 實際 | AS27: 平均人時性 | AT27: 實際 | AX27: 平均人時性
E28: 產線配置圖 | I28: 產線配置圖 | P28: 生產實績 | U28: 生產實績 | Z28: 生產實績 | AE28: 生產實績 | AJ28: 生產實績 | AO28: 生產實績 | AT28: 生產實績
E29: 人數 | F29: 產能／時 | G29: 人時性 | I29: 人數 | J29: 產能／時 | K29: 人時性 | P29: 人數 | Q29: 產能／時 | R29: 人時性 | S29: 排名 | U29: 人數 | V29: 產能／時 | W29: 人時性 | X29: 排名 | Z29: 人數 | AA29: 產能／時 | AB29: 人時性 | AC29: 排名 | AE29: 人數 | AF29: 產能／時 | AG29: 人時性 | AH29: 排名 | AJ29: 人數 | AK29: 產能／時 | AL29: 人時性 | AM29: 排名 | AO29: 人數 | AP29: 產能／時 | AQ29: 人時性 | AR29: 排名 | AT29: 人數 | AU29: 產能／時 | AV29: 人時性 | AW29: 排名
B30: 熱食義麵 | C30: 1 | D30: 義式蕃茄起司義大利麵 | E30: =VLOOKUP(D30,'11產線配置圖'!$A$2:$C$25,2,0) -> 12 | F30: =VLOOKUP(D30,'11產線配置圖'!$A$2:$C$25,3,0) -> 2000 | G30: =F30/E30 -> 166.66667 | H30: =AVERAGE(G30:G47) -> 112.60546 | I30: =AVERAGE(P30,U30,Z30,AE30,AJ30,AO30,AT30) -> 12.428571 | J30: =AVERAGE(Q30,V30,AA30,AF30,AK30,AP30,AU30) -> 1859 | K30: =AVERAGE(R30,W30,AB30,AG30,AL30,AQ30,AV30) -> 149.66667 | L30: =IFERROR(AVERAGE(K30:K47),"-") -> 100.13525 | M30: =RANK(K30, K$30:$K$47) -> 1 | P30: 12 | Q30: 1917 | R30: =Q30/P30 -> 159.75 | S30: =RANK(R30,$R$30:$R$47) -> 1 | T30: =AVERAGE(R30:R47) -> 103.83546 | U30: 12 | V30: 1889 | W30: =V30/U30 -> 157.41667 | X30: =RANK(W30, $W$30:$W$47) -> 1 | Y30: =AVERAGE(W30:W47) -> 104.07621 | Z30: 13 | AA30: 1842 | AB30: =AA30/Z30 -> 141.69231 | AC30: =RANK(AB30, $AB$30:$AB$47) -> 1 | AD30: =AVERAGE(AB30:AB47) -> 97.652558 | AE30: 12 | AF30: 1766 | AG30: =AF30/AE30 -> 147.16667 | AH30: =RANK(AG30, $AG$30:$AG$47) -> 1 | AI30: =AVERAGE(AG30:AG47) -> 98.493758 | AJ30: 12 | AK30: 1708 | AL30: =AK30/AJ30 -> 142.33333 | AM30: =RANK(AL30, $AL$30:$AL$47) -> 1 | AN30: =AVERAGE(AL30:AL47) -> 100.19224 | AO30: 13 | AP30: 1967 | AQ30: =AP30/AO30 -> 151.30769 | AR30: =RANK(AQ30,$AQ$30:$AQ$47) -> 1 | AS30: =AVERAGE(AQ30:AQ47) -> 98.659491 | AT30: 13 | AU30: 1924 | AV30: =AU30/AT30 -> 148 | AW30: =RANK(AV30, $AV$30:$AV$47) -> 1 | AX30: =AVERAGE(AV30:AV47) -> 98.037053
C31: 2 | D31: 奶油培根義大利麵 | E31: =VLOOKUP(D31,'11產線配置圖'!$A$2:$C$25,2,0) -> 13 | F31: =VLOOKUP(D31,'11產線配置圖'!$A$2:$C$25,3,0) -> 2000 | G31: =F31/E31 -> 153.84615 | I31: =AVERAGE(P31,U31,Z31,AE31,AJ31,AO31,AT31) -> 14 | J31: =AVERAGE(Q31,V31,AA31,AF31,AK31,AP31,AU31) -> 1897.1429 | K31: =AVERAGE(R31,W31,AB31,AG31,AL31,AQ31,AV31) -> 135.87849 | M31: =RANK(K31, K$30:$K$47) -> 3 | P31: 13 | Q31: 1902 | R31: =Q31/P31 -> 146.30769 | S31: =RANK(R31,$R$30:$R$47) -> 3 | U31: 13 | V31: 1942 | W31: =V31/U31 -> 149.38462 | X31: =RANK(W31, $W$30:$W$47) -> 2 | Z31: 14 | AA31: 1900 | AB31: =AA31/Z31 -> 135.71429 | AC31: =RANK(AB31, $AB$30:$AB$47) -> 2 | AE31: 14 | AF31: 1784 | AG31: =AF31/AE31 -> 127.42857 | AH31: =RANK(AG31, $AG$30:$AG$47) -> 4 | AJ31: 14 | AK31: 1858 | AL31: =AK31/AJ31 -> 132.71429 | AM31: =RANK(AL31, $AL$30:$AL$47) -> 3 | AO31: 15 | AP31: 1946 | AQ31: =AP31/AO31 -> 129.73333 | AR31: =RANK(AQ31,$AQ$30:$AQ$47) -> 3 | AT31: 15 | AU31: 1948 | AV31: =AU31/AT31 -> 129.86667 | AW31: =RANK(AV31, $AV$30:$AV$47) -> 3
C32: 3 | D32: 青醬蛤蜊義大利麵 | E32: =VLOOKUP(D32,'11產線配置圖'!$A$2:$C$25,2,0) -> 15 | F32: =VLOOKUP(D32,'11產線配置圖'!$A$2:$C$25,3,0) -> 2000 | G32: =F32/E32 -> 133.33333 | I32: =AVERAGE(P32,U32,Z32,AE32,AJ32,AO32,AT32) -> 13.714286 | J32: =AVERAGE(Q32,V32,AA32,AF32,AK32,AP32,AU32) -> 1868.2857 | K32: =AVERAGE(R32,W32,AB32,AG32,AL32,AQ32,AV32) -> 136.37049 | M32: =RANK(K32, K$30:$K$47) -> 2 | P32: 13 | Q32: 1918 | R32: =Q32/P32 -> 147.53846 | S32: =RANK(R32,$R$30:$R$47) -> 2 | U32: 13 | V32: 1804 | W32: =V32/U32 -> 138.76923 | X32: =RANK(W32, $W$30:$W$47) -> 4 | Z32: 14 | AA32: 1802 | AB32: =AA32/Z32 -> 128.71429 | AC32: =RANK(AB32, $AB$30:$AB$47) -> 3 | AE32: 14 | AF32: 1959 | AG32: =AF32/AE32 -> 139.92857 | AH32: =RANK(AG32, $AG$30:$AG$47) -> 2 | AJ32: 14 | AK32: 1980 | AL32: =AK32/AJ32 -> 141.42857 | AM32: =RANK(AL32, $AL$30:$AL$47) -> 2 | AO32: 14 | AP32: 1837 | AQ32: =AP32/AO32 -> 131.21429 | AR32: =RANK(AQ32,$AQ$30:$AQ$47) -> 2 | AT32: 14 | AU32: 1778 | AV32: =AU32/AT32 -> 127 | AW32: =RANK(AV32, $AV$30:$AV$47) -> 4
C33: 4 | D33: 焗烤起司雙饗筆尖麵 | E33: =VLOOKUP(D33,'11產線配置圖'!$A$2:$C$25,2,0) -> 18 | F33: =VLOOKUP(D33,'11產線配置圖'!$A$2:$C$25,3,0) -> 1565 | G33: =F33/E33 -> 86.944444 | I33: =AVERAGE(P33,U33,Z33,AE33,AJ33,AO33,AT33) -> 18 | J33: =AVERAGE(Q33,V33,AA33,AF33,AK33,AP33,AU33) -> 1520.7143 | K33: =AVERAGE(R33,W33,AB33,AG33,AL33,AQ33,AV33) -> 84.484127 | M33: =RANK(K33, K$30:$K$47) -> 7 | P33: 18 | Q33: 1537 | R33: =Q33/P33 -> 85.388889 | S33: =RANK(R33,$R$30:$R$47) -> 6 | U33: 18 | V33: 1460 | W33: =V33/U33 -> 81.111111 | X33: =RANK(W33, $W$30:$W$47) -> 9 | Z33: 18 | AA33: 1600 | AB33: =AA33/Z33 -> 88.888889 | AC33: =RANK(AB33, $AB$30:$AB$47) -> 6 | AE33: 18 | AF33: 1467 | AG33: =AF33/AE33 -> 81.5 | AH33: =RANK(AG33, $AG$30:$AG$47) -> 9 | AJ33: 18 | AK33: 1473 | AL33: =AK33/AJ33 -> 81.833333 | AM33: =RANK(AL33, $AL$30:$AL$47) -> 8 | AO33: 18 | AP33: 1581 | AQ33: =AP33/AO33 -> 87.833333 | AR33: =RANK(AQ33,$AQ$30:$AQ$47) -> 7 | AT33: 18 | AU33: 1527 | AV33: =AU33/AT33 -> 84.833333 | AW33: =RANK(AV33, $AV$30:$AV$47) -> 7
C34: 5 | D34: 白酒蛤蜊義大利麵 | E34: =VLOOKUP(D34,'11產線配置圖'!$A$2:$C$25,2,0) -> 13 | F34: =VLOOKUP(D34,'11產線配置圖'!$A$2:$C$25,3,0) -> 2000 | G34: =F34/E34 -> 153.84615 | I34: =AVERAGE(P34,U34,Z34,AE34,AJ34,AO34,AT34) -> 13.714286 | J34: =AVERAGE(Q34,V34,AA34,AF34,AK34,AP34,AU34) -> 1829.5714 | K34: =AVERAGE(R34,W34,AB34,AG34,AL34,AQ34,AV34) -> 133.57457 | M34: =RANK(K34, K$30:$K$47) -> 4 | P34: 13 | Q34: 1799 | R34: =Q34/P34 -> 138.38462 | S34: =RANK(R34,$R$30:$R$47) -> 4 | U34: 13 | V34: 1884 | W34: =V34/U34 -> 144.92308 | X34: =RANK(W34, $W$30:$W$47) -> 3 | Z34: 14 | AA34: 1787 | AB34: =AA34/Z34 -> 127.64286 | AC34: =RANK(AB34, $AB$30:$AB$47) -> 4 | AE34: 14 | AF34: 1939 | AG34: =AF34/AE34 -> 138.5 | AH34: =RANK(AG34, $AG$30:$AG$47) -> 3 | AJ34: 14 | AK34: 1813 | AL34: =AK34/AJ34 -> 129.5 | AM34: =RANK(AL34, $AL$30:$AL$47) -> 4 | AO34: 14 | AP34: 1746 | AQ34: =AP34/AO34 -> 124.71429 | AR34: =RANK(AQ34,$AQ$30:$AQ$47) -> 4 | AT34: 14 | AU34: 1839 | AV34: =AU34/AT34 -> 131.35714 | AW34: =RANK(AV34, $AV$30:$AV$47) -> 2
C35: 6 | D35: 韓式起司炸雞義大利麵 | E35: =VLOOKUP(D35,'11產線配置圖'!$A$2:$C$25,2,0) -> 14 | F35: =VLOOKUP(D35,'11產線配置圖'!$A$2:$C$25,3,0) -> 1895 | G35: =F35/E35 -> 135.35714 | I35: =AVERAGE(P35,U35,Z35,AE35,AJ35,AO35,AT35) -> 17.714286 | J35: =AVERAGE(Q35,V35,AA35,AF35,AK35,AP35,AU35) -> 1780.4286 | K35: =AVERAGE(R35,W35,AB35,AG35,AL35,AQ35,AV35) -> 100.55042 | M35: =RANK(K35, K$30:$K$47) -> 5 | P35: 17 | Q35: 1805 | R35: =Q35/P35 -> 106.17647 | S35: =RANK(R35,$R$30:$R$47) -> 5 | U35: 17 | V35: 1703 | W35: =V35/U35 -> 100.17647 | X35: =RANK(W35, $W$30:$W$47) -> 5 | Z35: 18 | AA35: 1791 | AB35: =AA35/Z35 -> 99.5 | AC35: =RANK(AB35, $AB$30:$AB$47) -> 5 | AE35: 18 | AF35: 1698 | AG35: =AF35/AE35 -> 94.333333 | AH35: =RANK(AG35, $AG$30:$AG$47) -> 6 | AJ35: 18 | AK35: 1733 | AL35: =AK35/AJ35 -> 96.277778 | AM35: =RANK(AL35, $AL$30:$AL$47) -> 5 | AO35: 18 | AP35: 1884 | AQ35: =AP35/AO35 -> 104.66667 | AR35: =RANK(AQ35,$AQ$30:$AQ$47) -> 5 | AT35: 18 | AU35: 1849 | AV35: =AU35/AT35 -> 102.72222 | AW35: =RANK(AV35, $AV$30:$AV$47) -> 5
C36: 7 | D36: 焗烤明太子筆尖麵 | E36: =VLOOKUP(D36,'11產線配置圖'!$A$2:$C$25,2,0) -> 17 | F36: =VLOOKUP(D36,'11產線配置圖'!$A$2:$C$25,3,0) -> 1385 | G36: =F36/E36 -> 81.470588 | I36: =AVERAGE(P36,U36,Z36,AE36,AJ36,AO36,AT36) -> 15.857143 | J36: =AVERAGE(Q36,V36,AA36,AF36,AK36,AP36,AU36) -> 1078.7143 | K36: =AVERAGE(R36,W36,AB36,AG36,AL36,AQ36,AV36) -> 68.012735 | M36: =RANK(K36, K$30:$K$47) -> 12 | P36: 16 | Q36: 1024 | R36: =Q36/P36 -> 64 | S36: =RANK(R36,$R$30:$R$47) -> 12 | U36: 16 | V36: 1158 | W36: =V36/U36 -> 72.375 | X36: =RANK(W36, $W$30:$W$47) -> 10 | Z36: 16 | AA36: 1148 | AB36: =AA36/Z36 -> 71.75 | AC36: =RANK(AB36, $AB$30:$AB$47) -> 11 | AE36: 15 | AF36: 814 | AG36: =AF36/AE36 -> 54.266667 | AH36: =RANK(AG36, $AG$30:$AG$47) -> 12 | AJ36: 14 | AK36: 1054 | AL36: =AK36/AJ36 -> 75.285714 | AM36: =RANK(AL36, $AL$30:$AL$47) -> 12 | AO36: 17 | AP36: 1020 | AQ36: =AP36/AO36 -> 60 | AR36: =RANK(AQ36,$AQ$30:$AQ$47) -> 12 | AT36: 17 | AU36: 1333 | AV36: =AU36/AT36 -> 78.411765 | AW36: =RANK(AV36, $AV$30:$AV$47) -> 9
C37: 8 | D37: 奶油蒜香雞義大利麵 | E37: =VLOOKUP(D37,'11產線配置圖'!$A$2:$C$25,2,0) -> 18 | F37: =VLOOKUP(D37,'11產線配置圖'!$A$2:$C$25,3,0) -> 1385 | G37: =F37/E37 -> 76.944444 | I37: =AVERAGE(P37,U37,Z37,AE37,AJ37,AO37,AT37) -> 15.428571 | J37: =AVERAGE(Q37,V37,AA37,AF37,AK37,AP37,AU37) -> 1099.2857 | K37: =AVERAGE(R37,W37,AB37,AG37,AL37,AQ37,AV37) -> 71.377721 | M37: =RANK(K37, K$30:$K$47) -> 11 | P37: 16 | Q37: 1263 | R37: =Q37/P37 -> 78.9375 | S37: =RANK(R37,$R$30:$R$47) -> 10 | U37: 15 | V37: 1049 | W37: =V37/U37 -> 69.933333 | X37: =RANK(W37, $W$30:$W$47) -> 12 | Z37: 15 | AA37: 1137 | AB37: =AA37/Z37 -> 75.8 | AC37: =RANK(AB37, $AB$30:$AB$47) -> 9 | AE37: 16 | AF37: 1004 | AG37: =AF37/AE37 -> 62.75 | AH37: =RANK(AG37, $AG$30:$AG$47) -> 11 | AJ37: 14 | AK37: 1075 | AL37: =AK37/AJ37 -> 76.785714 | AM37: =RANK(AL37, $AL$30:$AL$47) -> 10 | AO37: 16 | AP37: 1128 | AQ37: =AP37/AO37 -> 70.5 | AR37: =RANK(AQ37,$AQ$30:$AQ$47) -> 11 | AT37: 16 | AU37: 1039 | AV37: =AU37/AT37 -> 64.9375 | AW37: =RANK(AV37, $AV$30:$AV$47) -> 12
C38: 9 | D38: 青花椒麻雞肉拌麵 | E38: =VLOOKUP(D38,'11產線配置圖'!$A$2:$C$25,2,0) -> 17 | F38: =VLOOKUP(D38,'11產線配置圖'!$A$2:$C$25,3,0) -> 1565 | G38: =F38/E38 -> 92.058824 | I38: =AVERAGE(P38,U38,Z38,AE38,AJ38,AO38,AT38) -> 15.285714 | J38: =AVERAGE(Q38,V38,AA38,AF38,AK38,AP38,AU38) -> 1242.2857 | K38: =AVERAGE(R38,W38,AB38,AG38,AL38,AQ38,AV38) -> 81.573384 | M38: =RANK(K38, K$30:$K$47) -> 8 | P38: 16 | Q38: 1272 | R38: =Q38/P38 -> 79.5 | S38: =RANK(R38,$R$30:$R$47) -> 9 | U38: 14 | V38: 1270 | W38: =V38/U38 -> 90.714286 | X38: =RANK(W38, $W$30:$W$47) -> 6 | Z38: 16 | AA38: 1304 | AB38: =AA38/Z38 -> 81.5 | AC38: =RANK(AB38, $AB$30:$AB$47) -> 8 | AE38: 15 | AF38: 1289 | AG38: =AF38/AE38 -> 85.933333 | AH38: =RANK(AG38, $AG$30:$AG$47) -> 7 | AJ38: 14 | AK38: 1210 | AL38: =AK38/AJ38 -> 86.428571 | AM38: =RANK(AL38, $AL$30:$AL$47) -> 6 | AO38: 16 | AP38: 1258 | AQ38: =AP38/AO38 -> 78.625 | AR38: =RANK(AQ38,$AQ$30:$AQ$47) -> 9 | AT38: 16 | AU38: 1093 | AV38: =AU38/AT38 -> 68.3125 | AW38: =RANK(AV38, $AV$30:$AV$47) -> 11
C39: 10 | D39: 剝皮辣椒雞奶油扁麵 | E39: =VLOOKUP(D39,'11產線配置圖'!$A$2:$C$25,2,0) -> 17 | F39: =VLOOKUP(D39,'11產線配置圖'!$A$2:$C$25,3,0) -> 1500 | G39: =F39/E39 -> 88.235294 | I39: =AVERAGE(P39,U39,Z39,AE39,AJ39,AO39,AT39) -> 19 | J39: =AVERAGE(Q39,V39,AA39,AF39,AK39,AP39,AU39) -> 1521.8571 | K39: =AVERAGE(R39,W39,AB39,AG39,AL39,AQ39,AV39) -> 80.097744 | M39: =RANK(K39, K$30:$K$47) -> 9 | P39: 19 | Q39: 1554 | R39: =Q39/P39 -> 81.789474 | S39: =RANK(R39,$R$30:$R$47) -> 7 | U39: 19 | V39: 1560 | W39: =V39/U39 -> 82.105263 | X39: =RANK(W39, $W$30:$W$47) -> 8 | Z39: 19 | AA39: 1366 | AB39: =AA39/Z39 -> 71.894737 | AC39: =RANK(AB39, $AB$30:$AB$47) -> 10 | AE39: 19 | AF39: 1558 | AG39: =AF39/AE39 -> 82 | AH39: =RANK(AG39, $AG$30:$AG$47) -> 8 | AJ39: 19 | AK39: 1541 | AL39: =AK39/AJ39 -> 81.105263 | AM39: =RANK(AL39, $AL$30:$AL$47) -> 9 | AO39: 19 | AP39: 1559 | AQ39: =AP39/AO39 -> 82.052632 | AR39: =RANK(AQ39,$AQ$30:$AQ$47) -> 8 | AT39: 19 | AU39: 1515 | AV39: =AU39/AT39 -> 79.736842 | AW39: =RANK(AV39, $AV$30:$AV$47) -> 8
C40: 11 | D40: 濃拿坡里義大利麵 | E40: =VLOOKUP(D40,'11產線配置圖'!$A$2:$C$25,2,0) -> 15 | F40: =VLOOKUP(D40,'11產線配置圖'!$A$2:$C$25,3,0) -> 1440 | G40: =F40/E40 -> 96 | I40: =AVERAGE(P40,U40,Z40,AE40,AJ40,AO40,AT40) -> 14.857143 | J40: =AVERAGE(Q40,V40,AA40,AF40,AK40,AP40,AU40) -> 1068.5714 | K40: =AVERAGE(R40,W40,AB40,AG40,AL40,AQ40,AV40) -> 71.923129 | M40: =RANK(K40, K$30:$K$47) -> 10 | P40: 15 | Q40: 1162 | R40: =Q40/P40 -> 77.466667 | S40: =RANK(R40,$R$30:$R$47) -> 11 | U40: 14 | V40: 1007 | W40: =V40/U40 -> 71.928571 | X40: =RANK(W40, $W$30:$W$47) -> 11 | Z40: 15 | AA40: 925 | AB40: =AA40/Z40 -> 61.666667 | AC40: =RANK(AB40, $AB$30:$AB$47) -> 12 | AE40: 15 | AF40: 1061 | AG40: =AF40/AE40 -> 70.733333 | AH40: =RANK(AG40, $AG$30:$AG$47) -> 10 | AJ40: 15 | AK40: 1131 | AL40: =AK40/AJ40 -> 75.4 | AM40: =RANK(AL40, $AL$30:$AL$47) -> 11 | AO40: 15 | AP40: 1114 | AQ40: =AP40/AO40 -> 74.266667 | AR40: =RANK(AQ40,$AQ$30:$AQ$47) -> 10 | AT40: 15 | AU40: 1080 | AV40: =AU40/AT40 -> 72 | AW40: =RANK(AV40, $AV$30:$AV$47) -> 10
C41: 12 | D41: 奶油起司蝦仁通心粉 | E41: =VLOOKUP(D41,'11產線配置圖'!$A$2:$C$25,2,0) -> 16 | F41: =VLOOKUP(D41,'11產線配置圖'!$A$2:$C$25,3,0) -> 1385 | G41: =F41/E41 -> 86.5625 | I41: =AVERAGE(P41,U41,Z41,AE41,AJ41,AO41,AT41) -> 14.142857 | J41: =AVERAGE(Q41,V41,AA41,AF41,AK41,AP41,AU41) -> 1244.7143 | K41: =AVERAGE(R41,W41,AB41,AG41,AL41,AQ41,AV41) -> 88.113553 | M41: =RANK(K41, K$30:$K$47) -> 6 | P41: 14 | Q41: 1131 | R41: =Q41/P41 -> 80.785714 | S41: =RANK(R41,$R$30:$R$47) -> 8 | U41: 13 | V41: 1171 | W41: =V41/U41 -> 90.076923 | X41: =RANK(W41, $W$30:$W$47) -> 7 | Z41: 15 | AA41: 1306 | AB41: =AA41/Z41 -> 87.066667 | AC41: =RANK(AB41, $AB$30:$AB$47) -> 7 | AE41: 13 | AF41: 1266 | AG41: =AF41/AE41 -> 97.384615 | AH41: =RANK(AG41, $AG$30:$AG$47) -> 5 | AJ41: 14 | AK41: 1165 | AL41: =AK41/AJ41 -> 83.214286 | AM41: =RANK(AL41, $AL$30:$AL$47) -> 7 | AO41: 15 | AP41: 1335 | AQ41: =AP41/AO41 -> 89 | AR41: =RANK(AQ41,$AQ$30:$AQ$47) -> 6 | AT41: 15 | AU41: 1339 | AV41: =AU41/AT41 -> 89.266667 | AW41: =RANK(AV41, $AV$30:$AV$47) -> 6
C42: 13
C43: 14
C44: 15
C45: 16
C46: 17
C47: 18
B48: 產線配置圖－每週更新 | N48: 資料繳交 | O48: 日期 | P48: 45972 | U48: 45973 | Z48: 45974 | AE48: 45975 | AJ48: 45976 | AO48: 45977 | AT48: 45978
P49: 二 | U49: 三 | Z49: 四 | AE49: 五 | AJ49: 六 | AO49: 日 | AT49: 一
B50: 品群 | C50: 商品名稱 | E50: 計畫 | H50: 平均人時性 | I50: 實績 | L50: 平均人時性 | M50: 排名 | O50: 日報 | P50: 實際 | T50: 平均人時性 | U50: 實際 | Y50: 平均人時性 | Z50: 實際 | AD50: 平均人時性 | AE50: 實際 | AI50: 平均人時性 | AJ50: 實際 | AN50: 平均人時性 | AO50: 實際 | AS50: 平均人時性 | AT50: 實際 | AX50: 平均人時性
E51: 產線配置圖 | I51: 產線配置圖 | P51: 生產實績 | U51: 生產實績 | Z51: 生產實績 | AE51: 生產實績 | AJ51: 生產實績 | AO51: 生產實績 | AT51: 生產實績
E52: 人數 | F52: 產能／時 | G52: 人時性 | I52: 人數 | J52: 產能／時 | K52: 人時性 | P52: 人數 | Q52: 產能／時 | R52: 人時性 | S52: 排名 | U52: 人數 | V52: 產能／時 | W52: 人時性 | X52: 排名 | Z52: 人數 | AA52: 產能／時 | AB52: 人時性 | AC52: 排名 | AE52: 人數 | AF52: 產能／時 | AG52: 人時性 | AH52: 排名 | AJ52: 人數 | AK52: 產能／時 | AL52: 人時性 | AM52: 排名 | AO52: 人數 | AP52: 產能／時 | AQ52: 人時性 | AR52: 排名 | AT52: 人數 | AU52: 產能／時 | AV52: 人時性 | AW52: 排名
B53: 熱食義麵 | C53: 1 | D53: 義式蕃茄起司義大利麵 | E53: =VLOOKUP(D53,'11產線配置圖'!$A$2:$C$25,2,0) -> 12 | F53: =VLOOKUP(D53,'11產線配置圖'!$A$2:$C$25,3,0) -> 2000 | G53: =F53/E53 -> 166.66667 | H53: =AVERAGE(G53:G67) -> 112.60546 | I53: =AVERAGE(P53,U53,Z53,AE53,AJ53,AO53,AT53) -> 13 | J53: =AVERAGE(Q53,V53,AA53,AF53,AK53,AP53,AU53) -> 1887.7143 | K53: =AVERAGE(R53,W53,AB53,AG53,AL53,AQ53,AV53) -> 145.20879 | L53: =IFERROR(AVERAGE(K53:K67),"-") -> 100.81252 | M53: =RANK(K53, K$53:$K$67) -> 1 | P53: 13 | Q53: 1978 | R53: =Q53/P53 -> 152.15385 | S53: =RANK(R53, $R$53:$R$67) -> 1 | T53: =AVERAGE(R53:R67) -> 98.845787 | U53: 13 | V53: 1920 | W53: =V53/U53 -> 147.69231 | X53: =RANK(W53,$W$53:$W$67) -> 1 | Y53: =AVERAGE(W53:W67) -> 101.24376 | Z53: 13 | AA53: 1924 | AB53: =AA53/Z53 -> 148 | AC53: =RANK(AB53, $AB$53:$AB$67) -> 1 | AD53: =AVERAGE(AB53:AB67) -> 104.21033 | AE53: 13 | AF53: 1735 | AG53: =AF53/AE53 -> 133.46154 | AH53: =RANK(AG53, $AG$53:$AG$67) -> 1 | AI53: =AVERAGE(AG53:AG67) -> 95.790609 | AJ53: 13 | AK53: 1838 | AL53: =AK53/AJ53 -> 141.38462 | AM53: =RANK(AL53,$AL$53:$AL$67) -> 2 | AN53: =AVERAGE(AL53:AL67) -> 101.29546 | AO53: 13 | AP53: 1931 | AQ53: =AP53/AO53 -> 148.53846 | AR53: =RANK(AQ53,$AQ$53:$AQ$67) -> 1 | AS53: =AVERAGE(AQ53:AQ67) -> 101.26804 | AT53: 13 | AU53: 1888 | AV53: =AU53/AT53 -> 145.23077 | AW53: =RANK(AV53,$AV$53:$AV$67) -> 1 | AX53: =AVERAGE(AV53:AV67) -> 103.03364
C54: 2 | D54: 奶油培根義大利麵 | E54: =VLOOKUP(D54,'11產線配置圖'!$A$2:$C$25,2,0) -> 13 | F54: =VLOOKUP(D54,'11產線配置圖'!$A$2:$C$25,3,0) -> 2000 | G54: =F54/E54 -> 153.84615 | I54: =AVERAGE(P54,U54,Z54,AE54,AJ54,AO54,AT54) -> 14 | J54: =AVERAGE(Q54,V54,AA54,AF54,AK54,AP54,AU54) -> 1912.8571 | K54: =AVERAGE(R54,W54,AB54,AG54,AL54,AQ54,AV54) -> 136.63265 | M54: =RANK(K54, K$53:$K$67) -> 2 | P54: 14 | Q54: 1896 | R54: =Q54/P54 -> 135.42857 | S54: =RANK(R54, $R$53:$R$67) -> 2 | U54: 14 | V54: 1944 | W54: =V54/U54 -> 138.85714 | X54: =RANK(W54,$W$53:$W$67) -> 2 | Z54: 14 | AA54: 1934 | AB54: =AA54/Z54 -> 138.14286 | AC54: =RANK(AB54, $AB$53:$AB$67) -> 3 | AE54: 14 | AF54: 1733 | AG54: =AF54/AE54 -> 123.78571 | AH54: =RANK(AG54, $AG$53:$AG$67) -> 3 | AJ54: 14 | AK54: 1995 | AL54: =AK54/AJ54 -> 142.5 | AM54: =RANK(AL54,$AL$53:$AL$67) -> 1 | AO54: 14 | AP54: 1941 | AQ54: =AP54/AO54 -> 138.64286 | AR54: =RANK(AQ54,$AQ$53:$AQ$67) -> 2 | AT54: 14 | AU54: 1947 | AV54: =AU54/AT54 -> 139.07143 | AW54: =RANK(AV54,$AV$53:$AV$67) -> 2
C55: 3 | D55: 青醬蛤蜊義大利麵 | E55: =VLOOKUP(D55,'11產線配置圖'!$A$2:$C$25,2,0) -> 15 | F55: =VLOOKUP(D55,'11產線配置圖'!$A$2:$C$25,3,0) -> 2000 | G55: =F55/E55 -> 133.33333 | I55: =AVERAGE(P55,U55,Z55,AE55,AJ55,AO55,AT55) -> 14 | J55: =AVERAGE(Q55,V55,AA55,AF55,AK55,AP55,AU55) -> 1869.1429 | K55: =AVERAGE(R55,W55,AB55,AG55,AL55,AQ55,AV55) -> 133.5102 | M55: =RANK(K55, K$53:$K$67) -> 3 | P55: 14 | Q55: 1808 | R55: =Q55/P55 -> 129.14286 | S55: =RANK(R55, $R$53:$R$67) -> 4 | U55: 14 | V55: 1861 | W55: =V55/U55 -> 132.92857 | X55: =RANK(W55,$W$53:$W$67) -> 4 | Z55: 14 | AA55: 1989 | AB55: =AA55/Z55 -> 142.07143 | AC55: =RANK(AB55, $AB$53:$AB$67) -> 2 | AE55: 14 | AF55: 1665 | AG55: =AF55/AE55 -> 118.92857 | AH55: =RANK(AG55, $AG$53:$AG$67) -> 4 | AJ55: 14 | AK55: 1950 | AL55: =AK55/AJ55 -> 139.28571 | AM55: =RANK(AL55,$AL$53:$AL$67) -> 3 | AO55: 14 | AP55: 1935 | AQ55: =AP55/AO55 -> 138.21429 | AR55: =RANK(AQ55,$AQ$53:$AQ$67) -> 3 | AT55: 14 | AU55: 1876 | AV55: =AU55/AT55 -> 134 | AW55: =RANK(AV55,$AV$53:$AV$67) -> 3
C56: 4 | D56: 焗烤起司雙饗筆尖麵 | E56: =VLOOKUP(D56,'11產線配置圖'!$A$2:$C$25,2,0) -> 18 | F56: =VLOOKUP(D56,'11產線配置圖'!$A$2:$C$25,3,0) -> 1565 | G56: =F56/E56 -> 86.944444 | I56: =AVERAGE(P56,U56,Z56,AE56,AJ56,AO56,AT56) -> 17.714286 | J56: =AVERAGE(Q56,V56,AA56,AF56,AK56,AP56,AU56) -> 1563.5714 | K56: =AVERAGE(R56,W56,AB56,AG56,AL56,AQ56,AV56) -> 88.228291 | M56: =RANK(K56, K$53:$K$67) -> 6 | P56: 18 | Q56: 1486 | R56: =Q56/P56 -> 82.555556 | S56: =RANK(R56, $R$53:$R$67) -> 7 | U56: 18 | V56: 1533 | W56: =V56/U56 -> 85.166667 | X56: =RANK(W56,$W$53:$W$67) -> 8 | Z56: 18 | AA56: 1856 | AB56: =AA56/Z56 -> 103.11111 | AC56: =RANK(AB56, $AB$53:$AB$67) -> 6 | AE56: 17 | AF56: 1463 | AG56: =AF56/AE56 -> 86.058824 | AH56: =RANK(AG56, $AG$53:$AG$67) -> 7 | AJ56: 17 | AK56: 1457 | AL56: =AK56/AJ56 -> 85.705882 | AM56: =RANK(AL56,$AL$53:$AL$67) -> 8 | AO56: 18 | AP56: 1581 | AQ56: =AP56/AO56 -> 87.833333 | AR56: =RANK(AQ56,$AQ$53:$AQ$67) -> 7 | AT56: 18 | AU56: 1569 | AV56: =AU56/AT56 -> 87.166667 | AW56: =RANK(AV56,$AV$53:$AV$67) -> 9
C57: 5 | D57: 白酒蛤蜊義大利麵 | E57: =VLOOKUP(D57,'11產線配置圖'!$A$2:$C$25,2,0) -> 13 | F57: =VLOOKUP(D57,'11產線配置圖'!$A$2:$C$25,3,0) -> 2000 | G57: =F57/E57 -> 153.84615 | I57: =AVERAGE(P57,U57,Z57,AE57,AJ57,AO57,AT57) -> 14 | J57: =AVERAGE(Q57,V57,AA57,AF57,AK57,AP57,AU57) -> 1816.5714 | K57: =AVERAGE(R57,W57,AB57,AG57,AL57,AQ57,AV57) -> 129.7551 | M57: =RANK(K57, K$53:$K$67) -> 4 | P57: 14 | Q57: 1856 | R57: =Q57/P57 -> 132.57143 | S57: =RANK(R57, $R$53:$R$67) -> 3 | U57: 14 | V57: 1869 | W57: =V57/U57 -> 133.5 | X57: =RANK(W57,$W$53:$W$67) -> 3 | Z57: 14 | AA57: 1824 | AB57: =AA57/Z57 -> 130.28571 | AC57: =RANK(AB57, $AB$53:$AB$67) -> 4 | AE57: 14 | AF57: 1777 | AG57: =AF57/AE57 -> 126.92857 | AH57: =RANK(AG57, $AG$53:$AG$67) -> 2 | AJ57: 14 | AK57: 1697 | AL57: =AK57/AJ57 -> 121.21429 | AM57: =RANK(AL57,$AL$53:$AL$67) -> 4 | AO57: 14 | AP57: 1912 | AQ57: =AP57/AO57 -> 136.57143 | AR57: =RANK(AQ57,$AQ$53:$AQ$67) -> 4 | AT57: 14 | AU57: 1781 | AV57: =AU57/AT57 -> 127.21429 | AW57: =RANK(AV57,$AV$53:$AV$67) -> 4
C58: 6 | D58: 韓式起司炸雞義大利麵 | E58: =VLOOKUP(D58,'11產線配置圖'!$A$2:$C$25,2,0) -> 14 | F58: =VLOOKUP(D58,'11產線配置圖'!$A$2:$C$25,3,0) -> 1895 | G58: =F58/E58 -> 135.35714 | I58: =AVERAGE(P58,U58,Z58,AE58,AJ58,AO58,AT58) -> 18 | J58: =AVERAGE(Q58,V58,AA58,AF58,AK58,AP58,AU58) -> 1782.7143 | K58: =AVERAGE(R58,W58,AB58,AG58,AL58,AQ58,AV58) -> 99.039683 | M58: =RANK(K58, K$53:$K$67) -> 5 | P58: 18 | Q58: 1865 | R58: =Q58/P58 -> 103.61111 | S58: =RANK(R58, $R$53:$R$67) -> 5 | U58: 18 | V58: 1705 | W58: =V58/U58 -> 94.722222 | X58: =RANK(W58,$W$53:$W$67) -> 5 | Z58: 18 | AA58: 1869 | AB58: =AA58/Z58 -> 103.83333 | AC58: =RANK(AB58, $AB$53:$AB$67) -> 5 | AE58: 18 | AF58: 1707 | AG58: =AF58/AE58 -> 94.833333 | AH58: =RANK(AG58, $AG$53:$AG$67) -> 5 | AJ58: 18 | AK58: 1841 | AL58: =AK58/AJ58 -> 102.27778 | AM58: =RANK(AL58,$AL$53:$AL$67) -> 5 | AO58: 18 | AP58: 1728 | AQ58: =AP58/AO58 -> 96 | AR58: =RANK(AQ58,$AQ$53:$AQ$67) -> 5 | AT58: 18 | AU58: 1764 | AV58: =AU58/AT58 -> 98 | AW58: =RANK(AV58,$AV$53:$AV$67) -> 5
C59: 7 | D59: 焗烤明太子筆尖麵 | E59: =VLOOKUP(D59,'11產線配置圖'!$A$2:$C$25,2,0) -> 17 | F59: =VLOOKUP(D59,'11產線配置圖'!$A$2:$C$25,3,0) -> 1385 | G59: =F59/E59 -> 81.470588 | I59: =AVERAGE(P59,U59,Z59,AE59,AJ59,AO59,AT59) -> 17 | J59: =AVERAGE(Q59,V59,AA59,AF59,AK59,AP59,AU59) -> 1343 | K59: =AVERAGE(R59,W59,AB59,AG59,AL59,AQ59,AV59) -> 78.993873 | M59: =RANK(K59, K$53:$K$67) -> 10 | P59: 17 | Q59: 1282 | R59: =Q59/P59 -> 75.411765 | S59: =RANK(R59, $R$53:$R$67) -> 10 | U59: 17 | V59: 1462 | W59: =V59/U59 -> 86 | X59: =RANK(W59,$W$53:$W$67) -> 7 | Z59: 17 | AA59: 1430 | AB59: =AA59/Z59 -> 84.117647 | AC59: =RANK(AB59, $AB$53:$AB$67) -> 8 | AE59: 17 | AF59: 1363 | AG59: =AF59/AE59 -> 80.176471 | AH59: =RANK(AG59, $AG$53:$AG$67) -> 9 | AJ59: 16 | AK59: 1287 | AL59: =AK59/AJ59 -> 80.4375 | AM59: =RANK(AL59,$AL$53:$AL$67) -> 11 | AO59: 17 | AP59: 1116 | AQ59: =AP59/AO59 -> 65.647059 | AR59: =RANK(AQ59,$AQ$53:$AQ$67) -> 12 | AT59: 18 | AU59: 1461 | AV59: =AU59/AT59 -> 81.166667 | AW59: =RANK(AV59,$AV$53:$AV$67) -> 10
C60: 8 | D60: 奶油蒜香雞義大利麵 | E60: =VLOOKUP(D60,'11產線配置圖'!$A$2:$C$25,2,0) -> 18 | F60: =VLOOKUP(D60,'11產線配置圖'!$A$2:$C$25,3,0) -> 1385 | G60: =F60/E60 -> 76.944444 | I60: =AVERAGE(P60,U60,Z60,AE60,AJ60,AO60,AT60) -> 15.857143 | J60: =AVERAGE(Q60,V60,AA60,AF60,AK60,AP60,AU60) -> 1089.2857 | K60: =AVERAGE(R60,W60,AB60,AG60,AL60,AQ60,AV60) -> 68.610844 | M60: =RANK(K60, K$53:$K$67) -> 12 | P60: 17 | Q60: 1083 | R60: =Q60/P60 -> 63.705882 | S60: =RANK(R60, $R$53:$R$67) -> 12 | U60: 17 | V60: 1218 | W60: =V60/U60 -> 71.647059 | X60: =RANK(W60,$W$53:$W$67) -> 12 | Z60: 15 | AA60: 1082 | AB60: =AA60/Z60 -> 72.133333 | AC60: =RANK(AB60, $AB$53:$AB$67) -> 12 | AE60: 15 | AF60: 1043 | AG60: =AF60/AE60 -> 69.533333 | AH60: =RANK(AG60, $AG$53:$AG$67) -> 12 | AJ60: 14 | AK60: 879 | AL60: =AK60/AJ60 -> 62.785714 | AM60: =RANK(AL60,$AL$53:$AL$67) -> 12 | AO60: 16 | AP60: 1088 | AQ60: =AP60/AO60 -> 68 | AR60: =RANK(AQ60,$AQ$53:$AQ$67) -> 11 | AT60: 17 | AU60: 1232 | AV60: =AU60/AT60 -> 72.470588 | AW60: =RANK(AV60,$AV$53:$AV$67) -> 12
C61: 9 | D61: 青花椒麻雞肉拌麵 | E61: =VLOOKUP(D61,'11產線配置圖'!$A$2:$C$25,2,0) -> 17 | F61: =VLOOKUP(D61,'11產線配置圖'!$A$2:$C$25,3,0) -> 1565 | G61: =F61/E61 -> 92.058824 | I61: =AVERAGE(P61,U61,Z61,AE61,AJ61,AO61,AT61) -> 14.571429 | J61: =AVERAGE(Q61,V61,AA61,AF61,AK61,AP61,AU61) -> 1214.2857 | K61: =AVERAGE(R61,W61,AB61,AG61,AL61,AQ61,AV61) -> 83.475007 | M61: =RANK(K61, K$53:$K$67) -> 8 | P61: 16 | Q61: 1264 | R61: =Q61/P61 -> 79 | S61: =RANK(R61, $R$53:$R$67) -> 9 | U61: 16 | V61: 1215 | W61: =V61/U61 -> 75.9375 | X61: =RANK(W61,$W$53:$W$67) -> 11 | Z61: 14 | AA61: 1266 | AB61: =AA61/Z61 -> 90.428571 | AC61: =RANK(AB61, $AB$53:$AB$67) -> 7 | AE61: 14 | AF61: 1123 | AG61: =AF61/AE61 -> 80.214286 | AH61: =RANK(AG61, $AG$53:$AG$67) -> 8 | AJ61: 13 | AK61: 1088 | AL61: =AK61/AJ61 -> 83.692308 | AM61: =RANK(AL61,$AL$53:$AL$67) -> 9 | AO61: 14 | AP61: 1145 | AQ61: =AP61/AO61 -> 81.785714 | AR61: =RANK(AQ61,$AQ$53:$AQ$67) -> 9 | AT61: 15 | AU61: 1399 | AV61: =AU61/AT61 -> 93.266667 | AW61: =RANK(AV61,$AV$53:$AV$67) -> 6
C62: 10 | D62: 剝皮辣椒雞奶油扁麵 | E62: =VLOOKUP(D62,'11產線配置圖'!$A$2:$C$25,2,0) -> 17 | F62: =VLOOKUP(D62,'11產線配置圖'!$A$2:$C$25,3,0) -> 1500 | G62: =F62/E62 -> 88.235294 | I62: =AVERAGE(P62,U62,Z62,AE62,AJ62,AO62,AT62) -> 16.857143 | J62: =AVERAGE(Q62,V62,AA62,AF62,AK62,AP62,AU62) -> 1390.4286 | K62: =AVERAGE(R62,W62,AB62,AG62,AL62,AQ62,AV62) -> 82.539944 | M62: =RANK(K62, K$53:$K$67) -> 9 | P62: 19 | Q62: 1565 | R62: =Q62/P62 -> 82.368421 | S62: =RANK(R62, $R$53:$R$67) -> 8 | U62: 19 | V62: 1529 | W62: =V62/U62 -> 80.473684 | X62: =RANK(W62,$W$53:$W$67) -> 10 | Z62: 16 | AA62: 1312 | AB62: =AA62/Z62 -> 82 | AC62: =RANK(AB62, $AB$53:$AB$67) -> 9 | AE62: 16 | AF62: 1160 | AG62: =AF62/AE62 -> 72.5 | AH62: =RANK(AG62, $AG$53:$AG$67) -> 11 | AJ62: 16 | AK62: 1303 | AL62: =AK62/AJ62 -> 81.4375 | AM62: =RANK(AL62,$AL$53:$AL$67) -> 10 | AO62: 16 | AP62: 1428 | AQ62: =AP62/AO62 -> 89.25 | AR62: =RANK(AQ62,$AQ$53:$AQ$67) -> 6 | AT62: 16 | AU62: 1436 | AV62: =AU62/AT62 -> 89.75 | AW62: =RANK(AV62,$AV$53:$AV$67) -> 7
C63: 11 | D63: 濃拿坡里義大利麵 | E63: =VLOOKUP(D63,'11產線配置圖'!$A$2:$C$25,2,0) -> 15 | F63: =VLOOKUP(D63,'11產線配置圖'!$A$2:$C$25,3,0) -> 1440 | G63: =F63/E63 -> 96 | I63: =AVERAGE(P63,U63,Z63,AE63,AJ63,AO63,AT63) -> 14.714286 | J63: =AVERAGE(Q63,V63,AA63,AF63,AK63,AP63,AU63) -> 1144.4286 | K63: =AVERAGE(R63,W63,AB63,AG63,AL63,AQ63,AV63) -> 77.962637 | M63: =RANK(K63, K$53:$K$67) -> 11 | P63: 15 | Q63: 1009 | R63: =Q63/P63 -> 67.266667 | S63: =RANK(R63, $R$53:$R$67) -> 11 | U63: 15 | V63: 1216 | W63: =V63/U63 -> 81.066667 | X63: =RANK(W63,$W$53:$W$67) -> 9 | Z63: 15 | AA63: 1128 | AB63: =AA63/Z63 -> 75.2 | AC63: =RANK(AB63, $AB$53:$AB$67) -> 11 | AE63: 15 | AF63: 1143 | AG63: =AF63/AE63 -> 76.2 | AH63: =RANK(AG63, $AG$53:$AG$67) -> 10 | AJ63: 13 | AK63: 1138 | AL63: =AK63/AJ63 -> 87.538462 | AM63: =RANK(AL63,$AL$53:$AL$67) -> 6 | AO63: 15 | AP63: 1179 | AQ63: =AP63/AO63 -> 78.6 | AR63: =RANK(AQ63,$AQ$53:$AQ$67) -> 10 | AT63: 15 | AU63: 1198 | AV63: =AU63/AT63 -> 79.866667 | AW63: =RANK(AV63,$AV$53:$AV$67) -> 11
C64: 12 | D64: 奶油起司蝦仁通心粉 | E64: =VLOOKUP(D64,'11產線配置圖'!$A$2:$C$25,2,0) -> 16 | F64: =VLOOKUP(D64,'11產線配置圖'!$A$2:$C$25,3,0) -> 1385 | G64: =F64/E64 -> 86.5625 | I64: =AVERAGE(P64,U64,Z64,AE64,AJ64,AO64,AT64) -> 14.857143 | J64: =AVERAGE(Q64,V64,AA64,AF64,AK64,AP64,AU64) -> 1274.4286 | K64: =AVERAGE(R64,W64,AB64,AG64,AL64,AQ64,AV64) -> 85.793197 | M64: =RANK(K64, K$53:$K$67) -> 7 | P64: 15 | Q64: 1244 | R64: =Q64/P64 -> 82.933333 | S64: =RANK(R64, $R$53:$R$67) -> 6 | U64: 15 | V64: 1304 | W64: =V64/U64 -> 86.933333 | X64: =RANK(W64,$W$53:$W$67) -> 6 | Z64: 15 | AA64: 1218 | AB64: =AA64/Z64 -> 81.2 | AC64: =RANK(AB64, $AB$53:$AB$67) -> 10 | AE64: 15 | AF64: 1303 | AG64: =AF64/AE64 -> 86.866667 | AH64: =RANK(AG64, $AG$53:$AG$67) -> 6 | AJ64: 14 | AK64: 1222 | AL64: =AK64/AJ64 -> 87.285714 | AM64: =RANK(AL64,$AL$53:$AL$67) -> 7 | AO64: 15 | AP64: 1292 | AQ64: =AP64/AO64 -> 86.133333 | AR64: =RANK(AQ64,$AQ$53:$AQ$67) -> 8 | AT64: 15 | AU64: 1338 | AV64: =AU64/AT64 -> 89.2 | AW64: =RANK(AV64,$AV$53:$AV$67) -> 8
C65: 13
C66: 14
C67: 15
B68: 產線配置圖－每週更新 | N68: 資料繳交 | O68: 日期 | P68: 45979 | U68: 45980 | Z68: 45981 | AE68: 45982 | AJ68: 45983 | AO68: 45984 | AT68: 45985
P69: 二 | U69: 三 | Z69: 四 | AE69: 五 | AJ69: 六 | AO69: 日 | AT69: 一
B70: 品群 | C70: 商品名稱 | E70: 計畫 | H70: 平均人時性 | I70: 實績 | L70: 平均人時性 | M70: 排名 | O70: 日報 | P70: 實際 | T70: 平均人時性 | U70: 實際 | Y70: 平均人時性 | Z70: 實際 | AD70: 平均人時性 | AE70: 實際 | AI70: 平均人時性 | AJ70: 實際 | AN70: 平均人時性 | AO70: 實際 | AS70: 平均人時性 | AT70: 實際 | AX70: 平均人時性
E71: 產線配置圖 | I71: 產線配置圖 | P71: 生產實績 | U71: 生產實績 | Z71: 生產實績 | AE71: 生產實績 | AJ71: 生產實績 | AO71: 生產實績 | AT71: 生產實績
E72: 人數 | F72: 產能／時 | G72: 人時性 | I72: 人數 | J72: 產能／時 | K72: 人時性 | P72: 人數 | Q72: 產能／時 | R72: 人時性 | S72: 排名 | U72: 人數 | V72: 產能／時 | W72: 人時性 | X72: 排名 | Z72: 人數 | AA72: 產能／時 | AB72: 人時性 | AC72: 排名 | AE72: 人數 | AF72: 產能／時 | AG72: 人時性 | AH72: 排名 | AJ72: 人數 | AK72: 產能／時 | AL72: 人時性 | AM72: 排名 | AO72: 人數 | AP72: 產能／時 | AQ72: 人時性 | AR72: 排名 | AT72: 人數 | AU72: 產能／時 | AV72: 人時性 | AW72: 排名
B73: 熱食義麵 | C73: 1 | D73: 義式蕃茄起司義大利麵 | E73: =VLOOKUP(D73,'11產線配置圖'!$A$2:$C$25,2,0) -> 12 | F73: =VLOOKUP(D73,'11產線配置圖'!$A$2:$C$25,3,0) -> 2000 | G73: =F73/E73 -> 166.66667 | H73: =AVERAGE(G73:G87) -> 112.33325 | I73: =AVERAGE(P73,U73,Z73,AE73,AJ73,AO73,AT73) -> 12.428571 | J73: =AVERAGE(Q73,V73,AA73,AF73,AK73,AP73,AU73) -> 1861.8571 | K73: =AVERAGE(R73,W73,AB73,AG73,AL73,AQ73,AV73) -> 150.11905 | L73: =IFERROR(AVERAGE(K73:K90),"-") -> 99.354902 | M73: =RANK(K73, $K$73:$K$90) -> 1 | P73: 13 | Q73: 1874 | R73: =Q73/P73 -> 144.15385 | S73: =RANK(R73, $R$73:$R$90) -> 1 | T73: =AVERAGE(R73:R90) -> 101.222 | U73: 13 | V73: 1869 | W73: =V73/U73 -> 143.76923 | X73: =RANK(W73, $W$73:$W$90) -> 1 | Y73: =AVERAGE(W73:W90) -> 98.758444 | Z73: 13 | AA73: 1756 | AB73: =AA73/Z73 -> 135.07692 | AC73: =RANK(AB73, $AB$73:$AB$90) -> 1 | AD73: =AVERAGE(AB73:AB90) -> 98.249588 | AE73: 12 | AF73: 1957 | AG73: =AF73/AE73 -> 163.08333 | AH73: =RANK(AG73, $AG$73:$AG$90) -> 1 | AI73: =AVERAGE(AG73:AG90) -> 96.808945 | AJ73: 12 | AK73: 1867 | AL73: =AK73/AJ73 -> 155.58333 | AM73: =RANK(AL73, $AL$73:$AL$90) -> 1 | AN73: =AVERAGE(AL73:AL90) -> 97.304587 | AO73: 12 | AP73: 1790 | AQ73: =AP73/AO73 -> 149.16667 | AR73: =RANK(AQ73, $AQ$73:$AQ$90) -> 1 | AS73: =AVERAGE(AQ73:AQ90) -> 101.70473 | AT73: 12 | AU73: 1920 | AV73: =AU73/AT73 -> 160 | AW73: =RANK(AV73, $AV$73:$AV$90) -> 1 | AX73: =AVERAGE(AV73:AV90) -> 101.43602
C74: 2 | D74: 奶油培根義大利麵 | E74: =VLOOKUP(D74,'11產線配置圖'!$A$2:$C$25,2,0) -> 13 | F74: =VLOOKUP(D74,'11產線配置圖'!$A$2:$C$25,3,0) -> 2000 | G74: =F74/E74 -> 153.84615 | I74: =AVERAGE(P74,U74,Z74,AE74,AJ74,AO74,AT74) -> 13.714286 | J74: =AVERAGE(Q74,V74,AA74,AF74,AK74,AP74,AU74) -> 1898.7143 | K74: =AVERAGE(R74,W74,AB74,AG74,AL74,AQ74,AV74) -> 138.4843 | M74: =RANK(K74, $K$73:$K$90) -> 2 | P74: 14 | Q74: 1929 | R74: =Q74/P74 -> 137.78571 | S74: =RANK(R74, $R$73:$R$90) -> 2 | U74: 14 | V74: 1979 | W74: =V74/U74 -> 141.35714 | X74: =RANK(W74, $W$73:$W$90) -> 2 | Z74: 14 | AA74: 1785 | AB74: =AA74/Z74 -> 127.5 | AC74: =RANK(AB74, $AB$73:$AB$90) -> 3 | AE74: 14 | AF74: 1984 | AG74: =AF74/AE74 -> 141.71429 | AH74: =RANK(AG74, $AG$73:$AG$90) -> 2 | AJ74: 14 | AK74: 1968 | AL74: =AK74/AJ74 -> 140.57143 | AM74: =RANK(AL74, $AL$73:$AL$90) -> 2 | AO74: 13 | AP74: 1755 | AQ74: =AP74/AO74 -> 135 | AR74: =RANK(AQ74, $AQ$73:$AQ$90) -> 3 | AT74: 13 | AU74: 1891 | AV74: =AU74/AT74 -> 145.46154 | AW74: =RANK(AV74, $AV$73:$AV$90) -> 2
C75: 3 | D75: 青醬蛤蜊義大利麵 | E75: =VLOOKUP(D75,'11產線配置圖'!$A$2:$C$25,2,0) -> 15 | F75: =VLOOKUP(D75,'11產線配置圖'!$A$2:$C$25,3,0) -> 2000 | G75: =F75/E75 -> 133.33333 | I75: =AVERAGE(P75,U75,Z75,AE75,AJ75,AO75,AT75) -> 13.714286 | J75: =AVERAGE(Q75,V75,AA75,AF75,AK75,AP75,AU75) -> 1733.7143 | K75: =AVERAGE(R75,W75,AB75,AG75,AL75,AQ75,AV75) -> 126.72449 | M75: =RANK(K75, $K$73:$K$90) -> 3 | P75: 14 | Q75: 1691 | R75: =Q75/P75 -> 120.78571 | S75: =RANK(R75, $R$73:$R$90) -> 3 | U75: 14 | V75: 1726 | W75: =V75/U75 -> 123.28571 | X75: =RANK(W75, $W$73:$W$90) -> 3 | Z75: 14 | AA75: 1875 | AB75: =AA75/Z75 -> 133.92857 | AC75: =RANK(AB75, $AB$73:$AB$90) -> 2 | AE75: 14 | AF75: 1380 | AG75: =AF75/AE75 -> 98.571429 | AH75: =RANK(AG75, $AG$73:$AG$90) -> 5 | AJ75: 14 | AK75: 1785 | AL75: =AK75/AJ75 -> 127.5 | AM75: =RANK(AL75, $AL$73:$AL$90) -> 3 | AO75: 13 | AP75: 1812 | AQ75: =AP75/AO75 -> 139.38462 | AR75: =RANK(AQ75, $AQ$73:$AQ$90) -> 2 | AT75: 13 | AU75: 1867 | AV75: =AU75/AT75 -> 143.61538 | AW75: =RANK(AV75, $AV$73:$AV$90) -> 3
C76: 4 | D76: 焗烤起司雙饗筆尖麵 | E76: =VLOOKUP(D76,'11產線配置圖'!$A$2:$C$25,2,0) -> 18 | F76: =VLOOKUP(D76,'11產線配置圖'!$A$2:$C$25,3,0) -> 1565 | G76: =F76/E76 -> 86.944444 | I76: =AVERAGE(P76,U76,Z76,AE76,AJ76,AO76,AT76) -> 17 | J76: =AVERAGE(Q76,V76,AA76,AF76,AK76,AP76,AU76) -> 1427 | K76: =AVERAGE(R76,W76,AB76,AG76,AL76,AQ76,AV76) -> 83.846387 | M76: =RANK(K76, $K$73:$K$90) -> 9 | P76: 18 | Q76: 1548 | R76: =Q76/P76 -> 86 | S76: =RANK(R76, $R$73:$R$90) -> 10 | U76: 18 | V76: 1528 | W76: =V76/U76 -> 84.888889 | X76: =RANK(W76, $W$73:$W$90) -> 8 | Z76: 15 | AA76: 1333 | AB76: =AA76/Z76 -> 88.866667 | AC76: =RANK(AB76, $AB$73:$AB$90) -> 8 | AE76: 16 | AF76: 1326 | AG76: =AF76/AE76 -> 82.875 | AH76: =RANK(AG76, $AG$73:$AG$90) -> 9 | AJ76: 15 | AK76: 1132 | AL76: =AK76/AJ76 -> 75.466667 | AM76: =RANK(AL76, $AL$73:$AL$90) -> 10 | AO76: 18 | AP76: 1543 | AQ76: =AP76/AO76 -> 85.722222 | AR76: =RANK(AQ76, $AQ$73:$AQ$90) -> 10 | AT76: 19 | AU76: 1579 | AV76: =AU76/AT76 -> 83.105263 | AW76: =RANK(AV76, $AV$73:$AV$90) -> 10
C77: 5 | D77: 白酒蛤蜊義大利麵 | E77: =VLOOKUP(D77,'11產線配置圖'!$A$2:$C$25,2,0) -> 13 | F77: =VLOOKUP(D77,'11產線配置圖'!$A$2:$C$25,3,0) -> 2000 | G77: =F77/E77 -> 153.84615 | I77: =AVERAGE(P77,U77,Z77,AE77,AJ77,AO77,AT77) -> 15 | J77: =AVERAGE(Q77,V77,AA77,AF77,AK77,AP77,AU77) -> 1378.5714 | K77: =AVERAGE(R77,W77,AB77,AG77,AL77,AQ77,AV77) -> 91.895833 | M77: =RANK(K77, $K$73:$K$90) -> 6 | P77: 15 | Q77: 1462 | R77: =Q77/P77 -> 97.466667 | S77: =RANK(R77, $R$73:$R$90) -> 6 | U77: 15 | V77: 1419 | W77: =V77/U77 -> 94.6 | X77: =RANK(W77, $W$73:$W$90) -> 6 | Z77: 14 | AA77: 1302 | AB77: =AA77/Z77 -> 93 | AC77: =RANK(AB77, $AB$73:$AB$90) -> 6 | AE77: 16 | AF77: 1503 | AG77: =AF77/AE77 -> 93.9375 | AH77: =RANK(AG77, $AG$73:$AG$90) -> 6 | AJ77: 15 | AK77: 1266 | AL77: =AK77/AJ77 -> 84.4 | AM77: =RANK(AL77, $AL$73:$AL$90) -> 8 | AO77: 15 | AP77: 1290 | AQ77: =AP77/AO77 -> 86 | AR77: =RANK(AQ77, $AQ$73:$AQ$90) -> 8 | AT77: 15 | AU77: 1408 | AV77: =AU77/AT77 -> 93.866667 | AW77: =RANK(AV77, $AV$73:$AV$90) -> 6
C78: 6 | D78: 韓式起司炸雞義大利麵 | E78: =VLOOKUP(D78,'11產線配置圖'!$A$2:$C$25,2,0) -> 14 | F78: =VLOOKUP(D78,'11產線配置圖'!$A$2:$C$25,3,0) -> 1895 | G78: =F78/E78 -> 135.35714 | I78: =AVERAGE(P78,U78,Z78,AE78,AJ78,AO78,AT78) -> 16.714286 | J78: =AVERAGE(Q78,V78,AA78,AF78,AK78,AP78,AU78) -> 1780.8571 | K78: =AVERAGE(R78,W78,AB78,AG78,AL78,AQ78,AV78) -> 106.39552 | M78: =RANK(K78, $K$73:$K$90) -> 5 | P78: 17 | Q78: 1812 | R78: =Q78/P78 -> 106.58824 | S78: =RANK(R78, $R$73:$R$90) -> 5 | U78: 17 | V78: 1893 | W78: =V78/U78 -> 111.35294 | X78: =RANK(W78, $W$73:$W$90) -> 4 | Z78: 17 | AA78: 1826 | AB78: =AA78/Z78 -> 107.41176 | AC78: =RANK(AB78, $AB$73:$AB$90) -> 5 | AE78: 17 | AF78: 1773 | AG78: =AF78/AE78 -> 104.29412 | AH78: =RANK(AG78, $AG$73:$AG$90) -> 4 | AJ78: 17 | AK78: 1808 | AL78: =AK78/AJ78 -> 106.35294 | AM78: =RANK(AL78, $AL$73:$AL$90) -> 5 | AO78: 17 | AP78: 1891 | AQ78: =AP78/AO78 -> 111.23529 | AR78: =RANK(AQ78, $AQ$73:$AQ$90) -> 5 | AT78: 15 | AU78: 1463 | AV78: =AU78/AT78 -> 97.533333 | AW78: =RANK(AV78, $AV$73:$AV$90) -> 5
C79: 7 | D79: 焗烤明太子筆尖麵 | E79: =VLOOKUP(D79,'11產線配置圖'!$A$2:$C$25,2,0) -> 17 | F79: =VLOOKUP(D79,'11產線配置圖'!$A$2:$C$25,3,0) -> 1385 | G79: =F79/E79 -> 81.470588 | I79: =AVERAGE(P79,U79,Z79,AE79,AJ79,AO79,AT79) -> 15 | J79: =AVERAGE(Q79,V79,AA79,AF79,AK79,AP79,AU79) -> 1326.4286 | K79: =AVERAGE(R79,W79,AB79,AG79,AL79,AQ79,AV79) -> 88.31362 | M79: =RANK(K79, $K$73:$K$90) -> 8 | P79: 17 | Q79: 1638 | R79: =Q79/P79 -> 96.352941 | S79: =RANK(R79, $R$73:$R$90) -> 7 | U79: 16 | V79: 1358 | W79: =V79/U79 -> 84.875 | X79: =RANK(W79, $W$73:$W$90) -> 9 | Z79: 15 | AA79: 1374 | AB79: =AA79/Z79 -> 91.6 | AC79: =RANK(AB79, $AB$73:$AB$90) -> 7 | AE79: 14 | AF79: 1083 | AG79: =AF79/AE79 -> 77.357143 | AH79: =RANK(AG79, $AG$73:$AG$90) -> 11 | AJ79: 13 | AK79: 1223 | AL79: =AK79/AJ79 -> 94.076923 | AM79: =RANK(AL79, $AL$73:$AL$90) -> 6 | AO79: 15 | AP79: 1280 | AQ79: =AP79/AO79 -> 85.333333 | AR79: =RANK(AQ79, $AQ$73:$AQ$90) -> 11 | AT79: 15 | AU79: 1329 | AV79: =AU79/AT79 -> 88.6 | AW79: =RANK(AV79, $AV$73:$AV$90) -> 8
C80: 8 | D80: 奶油蒜香雞義大利麵 | E80: =VLOOKUP(D80,'11產線配置圖'!$A$2:$C$25,2,0) -> 18 | F80: =VLOOKUP(D80,'11產線配置圖'!$A$2:$C$25,3,0) -> 1385 | G80: =F80/E80 -> 76.944444 | I80: =AVERAGE(P80,U80,Z80,AE80,AJ80,AO80,AT80) -> 16 | J80: =AVERAGE(Q80,V80,AA80,AF80,AK80,AP80,AU80) -> 1119.5714 | K80: =AVERAGE(R80,W80,AB80,AG80,AL80,AQ80,AV80) -> 69.835177 | M80: =RANK(K80, $K$73:$K$90) -> 13 | P80: 18 | Q80: 1279 | R80: =Q80/P80 -> 71.055556 | S80: =RANK(R80, $R$73:$R$90) -> 13 | U80: 17 | V80: 1239 | W80: =V80/U80 -> 72.882353 | X80: =RANK(W80, $W$73:$W$90) -> 12 | Z80: 16 | AA80: 1178 | AB80: =AA80/Z80 -> 73.625 | AC80: =RANK(AB80, $AB$73:$AB$90) -> 12 | AE80: 15 | AF80: 975 | AG80: =AF80/AE80 -> 65 | AH80: =RANK(AG80, $AG$73:$AG$90) -> 13 | AJ80: 15 | AK80: 972 | AL80: =AK80/AJ80 -> 64.8 | AM80: =RANK(AL80, $AL$73:$AL$90) -> 13 | AO80: 16 | AP80: 1148 | AQ80: =AP80/AO80 -> 71.75 | AR80: =RANK(AQ80, $AQ$73:$AQ$90) -> 13 | AT80: 15 | AU80: 1046 | AV80: =AU80/AT80 -> 69.733333 | AW80: =RANK(AV80, $AV$73:$AV$90) -> 13
C81: 9 | D81: 青花椒麻雞肉拌麵 | E81: =VLOOKUP(D81,'11產線配置圖'!$A$2:$C$25,2,0) -> 17 | F81: =VLOOKUP(D81,'11產線配置圖'!$A$2:$C$25,3,0) -> 1565 | G81: =F81/E81 -> 92.058824 | I81: =AVERAGE(P81,U81,Z81,AE81,AJ81,AO81,AT81) -> 16.142857 | J81: =AVERAGE(Q81,V81,AA81,AF81,AK81,AP81,AU81) -> 1308.5714 | K81: =AVERAGE(R81,W81,AB81,AG81,AL81,AQ81,AV81) -> 81.221113 | M81: =RANK(K81, $K$73:$K$90) -> 10 | P81: 17 | Q81: 1325 | R81: =Q81/P81 -> 77.941176 | S81: =RANK(R81, $R$73:$R$90) -> 12 | U81: 17 | V81: 1161 | W81: =V81/U81 -> 68.294118 | X81: =RANK(W81, $W$73:$W$90) -> 13 | Z81: 16 | AA81: 1274 | AB81: =AA81/Z81 -> 79.625 | AC81: =RANK(AB81, $AB$73:$AB$90) -> 11 | AE81: 15 | AF81: 1245 | AG81: =AF81/AE81 -> 83 | AH81: =RANK(AG81, $AG$73:$AG$90) -> 8 | AJ81: 16 | AK81: 1328 | AL81: =AK81/AJ81 -> 83 | AM81: =RANK(AL81, $AL$73:$AL$90) -> 9 | AO81: 16 | AP81: 1373 | AQ81: =AP81/AO81 -> 85.8125 | AR81: =RANK(AQ81, $AQ$73:$AQ$90) -> 9 | AT81: 16 | AU81: 1454 | AV81: =AU81/AT81 -> 90.875 | AW81: =RANK(AV81, $AV$73:$AV$90) -> 7
C82: 10 | D82: 剝皮辣椒雞奶油扁麵 | E82: =VLOOKUP(D82,'11產線配置圖'!$A$2:$C$25,2,0) -> 17 | F82: =VLOOKUP(D82,'11產線配置圖'!$A$2:$C$25,3,0) -> 1500 | G82: =F82/E82 -> 88.235294 | I82: =AVERAGE(P82,U82,Z82,AE82,AJ82,AO82,AT82) -> 17.285714 | J82: =AVERAGE(Q82,V82,AA82,AF82,AK82,AP82,AU82) -> 1352.7143 | K82: =AVERAGE(R82,W82,AB82,AG82,AL82,AQ82,AV82) -> 78.258343 | M82: =RANK(K82, $K$73:$K$90) -> 11 | P82: 19 | Q82: 1554 | R82: =Q82/P82 -> 81.789474 | S82: =RANK(R82, $R$73:$R$90) -> 11 | U82: 19 | V82: 1414 | W82: =V82/U82 -> 74.421053 | X82: =RANK(W82, $W$73:$W$90) -> 11 | Z82: 15 | AA82: 1228 | AB82: =AA82/Z82 -> 81.866667 | AC82: =RANK(AB82, $AB$73:$AB$90) -> 10 | AE82: 17 | AF82: 1319 | AG82: =AF82/AE82 -> 77.588235 | AH82: =RANK(AG82, $AG$73:$AG$90) -> 10 | AJ82: 16 | AK82: 1142 | AL82: =AK82/AJ82 -> 71.375 | AM82: =RANK(AL82, $AL$73:$AL$90) -> 11 | AO82: 17 | AP82: 1391 | AQ82: =AP82/AO82 -> 81.823529 | AR82: =RANK(AQ82, $AQ$73:$AQ$90) -> 12 | AT82: 18 | AU82: 1421 | AV82: =AU82/AT82 -> 78.944444 | AW82: =RANK(AV82, $AV$73:$AV$90) -> 11
C83: 11 | D83: 濃拿坡里義大利麵 | E83: =VLOOKUP(D83,'11產線配置圖'!$A$2:$C$25,2,0) -> 15 | F83: =VLOOKUP(D83,'11產線配置圖'!$A$2:$C$25,3,0) -> 1440 | G83: =F83/E83 -> 96 | I83: =AVERAGE(P83,U83,Z83,AE83,AJ83,AO83,AT83) -> 14.714286 | J83: =AVERAGE(Q83,V83,AA83,AF83,AK83,AP83,AU83) -> 1144.1429 | K83: =AVERAGE(R83,W83,AB83,AG83,AL83,AQ83,AV83) -> 77.611565 | M83: =RANK(K83, $K$73:$K$90) -> 12 | P83: 15 | Q83: 1327 | R83: =Q83/P83 -> 88.466667 | S83: =RANK(R83, $R$73:$R$90) -> 9 | U83: 15 | V83: 1249 | W83: =V83/U83 -> 83.266667 | X83: =RANK(W83, $W$73:$W$90) -> 10 | Z83: 14 | AA83: 949 | AB83: =AA83/Z83 -> 67.785714 | AC83: =RANK(AB83, $AB$73:$AB$90) -> 13 | AE83: 14 | AF83: 1014 | AG83: =AF83/AE83 -> 72.428571 | AH83: =RANK(AG83, $AG$73:$AG$90) -> 12 | AJ83: 15 | AK83: 1033 | AL83: =AK83/AJ83 -> 68.866667 | AM83: =RANK(AL83, $AL$73:$AL$90) -> 12 | AO83: 15 | AP83: 1296 | AQ83: =AP83/AO83 -> 86.4 | AR83: =RANK(AQ83, $AQ$73:$AQ$90) -> 7 | AT83: 15 | AU83: 1141 | AV83: =AU83/AT83 -> 76.066667 | AW83: =RANK(AV83, $AV$73:$AV$90) -> 12
C84: 12 | D84: 奶油起司蝦仁通心粉 | E84: =VLOOKUP(D84,'11產線配置圖'!$A$2:$C$25,2,0) -> 16 | F84: =VLOOKUP(D84,'11產線配置圖'!$A$2:$C$25,3,0) -> 1385 | G84: =F84/E84 -> 86.5625 | I84: =AVERAGE(P84,U84,Z84,AE84,AJ84,AO84,AT84) -> 15.428571 | J84: =AVERAGE(Q84,V84,AA84,AF84,AK84,AP84,AU84) -> 1378.1429 | K84: =AVERAGE(R84,W84,AB84,AG84,AL84,AQ84,AV84) -> 89.270238 | M84: =RANK(K84, $K$73:$K$90) -> 7 | P84: 18 | Q84: 1665 | R84: =Q84/P84 -> 92.5 | S84: =RANK(R84, $R$73:$R$90) -> 8 | U84: 15 | V84: 1379 | W84: =V84/U84 -> 91.933333 | X84: =RANK(W84, $W$73:$W$90) -> 7 | Z84: 16 | AA84: 1322 | AB84: =AA84/Z84 -> 82.625 | AC84: =RANK(AB84, $AB$73:$AB$90) -> 9 | AE84: 15 | AF84: 1355 | AG84: =AF84/AE84 -> 90.333333 | AH84: =RANK(AG84, $AG$73:$AG$90) -> 7 | AJ84: 14 | AK84: 1211 | AL84: =AK84/AJ84 -> 86.5 | AM84: =RANK(AL84, $AL$73:$AL$90) -> 7 | AO84: 15 | AP84: 1391 | AQ84: =AP84/AO84 -> 92.733333 | AR84: =RANK(AQ84, $AQ$73:$AQ$90) -> 6 | AT84: 15 | AU84: 1324 | AV84: =AU84/AT84 -> 88.266667 | AW84: =RANK(AV84, $AV$73:$AV$90) -> 9
C85: 13 | D85: 南洋紅咖哩豬義大利麵 | E85: =VLOOKUP(D85,'11產線配置圖'!$A$2:$C$25,2,0) -> 15 | F85: =VLOOKUP(D85,'11產線配置圖'!$A$2:$C$25,3,0) -> 1636 | G85: =F85/E85 -> 109.06667 | I85: =AVERAGE(P85,U85,Z85,AE85,AJ85,AO85,AT85) -> 15.142857 | J85: =AVERAGE(Q85,V85,AA85,AF85,AK85,AP85,AU85) -> 1661 | K85: =AVERAGE(R85,W85,AB85,AG85,AL85,AQ85,AV85) -> 109.6381 | M85: =RANK(K85, $K$73:$K$90) -> 4 | P85: 16 | Q85: 1840 | R85: =Q85/P85 -> 115 | S85: =RANK(R85, $R$73:$R$90) -> 4 | U85: 15 | V85: 1634 | W85: =V85/U85 -> 108.93333 | X85: =RANK(W85, $W$73:$W$90) -> 5 | Z85: 15 | AA85: 1715 | AB85: =AA85/Z85 -> 114.33333 | AC85: =RANK(AB85, $AB$73:$AB$90) -> 4 | AE85: 15 | AF85: 1625 | AG85: =AF85/AE85 -> 108.33333 | AH85: =RANK(AG85, $AG$73:$AG$90) -> 3 | AJ85: 15 | AK85: 1597 | AL85: =AK85/AJ85 -> 106.46667 | AM85: =RANK(AL85, $AL$73:$AL$90) -> 4 | AO85: 15 | AP85: 1677 | AQ85: =AP85/AO85 -> 111.8 | AR85: =RANK(AQ85, $AQ$73:$AQ$90) -> 4 | AT85: 15 | AU85: 1539 | AV85: =AU85/AT85 -> 102.6 | AW85: =RANK(AV85, $AV$73:$AV$90) -> 4
C86: 14
C87: 15
C88: 16
C89: 17
C90: 18
B91: 產線配置圖－每週更新 | N91: 資料繳交 | O91: 日期 | P91: 45986 | U91: 45987 | Z91: 45988 | AE91: 45989 | AJ91: 45990 | AO91: 45991 | AT91: 45992
P92: 二 | U92: 三 | Z92: 四 | AE92: 五 | AJ92: 六 | AO92: 日 | AT92: 一
B93: 品群 | C93: 商品名稱 | E93: 計畫 | H93: 平均人時性 | I93: 實績 | L93: 平均人時性 | M93: 排名 | O93: 日報 | P93: 實際 | T93: 平均人時性 | U93: 實際 | Y93: 平均人時性 | Z93: 實際 | AD93: 平均人時性 | AE93: 實際 | AI93: 平均人時性 | AJ93: 實際 | AN93: 平均人時性 | AO93: 實際 | AS93: 平均人時性 | AT93: 實際 | AX93: 平均人時性
E94: 產線配置圖 | I94: 產線配置圖 | P94: 生產實績 | U94: 生產實績 | Z94: 生產實績 | AE94: 生產實績 | AJ94: 生產實績 | AO94: 生產實績 | AT94: 生產實績
E95: 人數 | F95: 產能／時 | G95: 人時性 | I95: 人數 | J95: 產能／時 | K95: 人時性 | P95: 人數 | Q95: 產能／時 | R95: 人時性 | S95: 排名 | U95: 人數 | V95: 產能／時 | W95: 人時性 | X95: 排名 | Z95: 人數 | AA95: 產能／時 | AB95: 人時性 | AC95: 排名 | AE95: 人數 | AF95: 產能／時 | AG95: 人時性 | AH95: 排名 | AJ95: 人數 | AK95: 產能／時 | AL95: 人時性 | AM95: 排名 | AO95: 人數 | AP95: 產能／時 | AQ95: 人時性 | AR95: 排名 | AT95: 人數 | AU95: 產能／時 | AV95: 人時性 | AW95: 排名
B96: 熱食義麵 | C96: 1 | D96: 義式蕃茄起司義大利麵 | E96: =VLOOKUP(D96,'11產線配置圖'!$A$2:$C$25,2,0) -> 12 | F96: =VLOOKUP(D96,'11產線配置圖'!$A$2:$C$25,3,0) -> 2000 | G96: =F96/E96 -> 166.66667 | H96: =AVERAGE(G96:G110) -> #N/A | I96: =AVERAGE(P96,U96,Z96,AE96,AJ96,AO96,AT96) -> #DIV/0! | J96: =AVERAGE(Q96,V96,AA96,AF96,AK96,AP96,AU96) -> #DIV/0! | K96: =AVERAGE(R96,W96,AB96,AG96,AL96,AQ96,AV96) -> #DIV/0! | L96: =IFERROR(AVERAGE(K96:K113),"-") -> - | M96: =RANK(K96, K$96:$K$113) -> #DIV/0! | R96: =Q96/P96 -> #DIV/0! | S96: =RANK(R96,$R$96:$R$113) -> #DIV/0! | T96: =AVERAGE(R96:R113) -> #DIV/0! | W96: =V96/U96 -> #DIV/0! | X96: =RANK(W96,$W$96:$W$113) -> #DIV/0! | Y96: =AVERAGE(W96:W113) -> #DIV/0! | AB96: =AA96/Z96 -> #DIV/0! | AC96: =RANK(AB96, $AB$96:$AB$113) -> #DIV/0! | AD96: =AVERAGE(AB96:AB113) -> #DIV/0! | AG96: =AF96/AE96 -> #DIV/0! | AH96: =RANK(AG96,$AG$96:$AG$113) -> #DIV/0! | AI96: =AVERAGE(AG96:AG113) -> #DIV/0! | AL96: =AK96/AJ96 -> #DIV/0! | AM96: =RANK(AL96,$AL$96:$AL$113) -> #DIV/0! | AN96: =AVERAGE(AL96:AL113) -> #DIV/0! | AQ96: =AP96/AO96 -> #DIV/0! | AR96: =RANK(AQ96,$AQ$96:$AQ$113) -> #DIV/0! | AS96: =AVERAGE(AQ96:AQ113) -> #DIV/0! | AV96: =AU96/AT96 -> #DIV/0! | AW96: =RANK(AV96,$AV$96:$AV$113) -> #DIV/0! | AX96: =AVERAGE(AV96:AV113) -> #DIV/0!
C97: 2 | D97: 奶油培根義大利麵 | E97: =VLOOKUP(D97,'11產線配置圖'!$A$2:$C$25,2,0) -> 13 | F97: =VLOOKUP(D97,'11產線配置圖'!$A$2:$C$25,3,0) -> 2000 | G97: =F97/E97 -> 153.84615 | I97: =AVERAGE(P97,U97,Z97,AE97,AJ97,AO97,AT97) -> #DIV/0! | J97: =AVERAGE(Q97,V97,AA97,AF97,AK97,AP97,AU97) -> #DIV/0! | K97: =AVERAGE(R97,W97,AB97,AG97,AL97,AQ97,AV97) -> #DIV/0! | M97: =RANK(K97, K$96:$K$113) -> #DIV/0! | R97: =Q97/P97 -> #DIV/0! | S97: =RANK(R97,$R$96:$R$113) -> #DIV/0! | W97: =V97/U97 -> #DIV/0! | X97: =RANK(W97,$W$96:$W$113) -> #DIV/0! | AB97: =AA97/Z97 -> #DIV/0! | AC97: =RANK(AB97, $AB$96:$AB$113) -> #DIV/0! | AG97: =AF97/AE97 -> #DIV/0! | AH97: =RANK(AG97,$AG$96:$AG$113) -> #DIV/0! | AL97: =AK97/AJ97 -> #DIV/0! | AM97: =RANK(AL97,$AL$96:$AL$113) -> #DIV/0! | AQ97: =AP97/AO97 -> #DIV/0! | AR97: =RANK(AQ97,$AQ$96:$AQ$113) -> #DIV/0! | AV97: =AU97/AT97 -> #DIV/0! | AW97: =RANK(AV97,$AV$96:$AV$113) -> #DIV/0!
C98: 3 | D98: 青醬蛤蜊義大利麵 | E98: =VLOOKUP(D98,'11產線配置圖'!$A$2:$C$25,2,0) -> 15 | F98: =VLOOKUP(D98,'11產線配置圖'!$A$2:$C$25,3,0) -> 2000 | G98: =F98/E98 -> 133.33333 | I98: =AVERAGE(P98,U98,Z98,AE98,AJ98,AO98,AT98) -> #DIV/0! | J98: =AVERAGE(Q98,V98,AA98,AF98,AK98,AP98,AU98) -> #DIV/0! | K98: =AVERAGE(R98,W98,AB98,AG98,AL98,AQ98,AV98) -> #DIV/0! | M98: =RANK(K98, K$96:$K$113) -> #DIV/0! | R98: =Q98/P98 -> #DIV/0! | S98: =RANK(R98,$R$96:$R$113) -> #DIV/0! | W98: =V98/U98 -> #DIV/0! | X98: =RANK(W98,$W$96:$W$113) -> #DIV/0! | AB98: =AA98/Z98 -> #DIV/0! | AC98: =RANK(AB98, $AB$96:$AB$113) -> #DIV/0! | AG98: =AF98/AE98 -> #DIV/0! | AH98: =RANK(AG98,$AG$96:$AG$113) -> #DIV/0! | AL98: =AK98/AJ98 -> #DIV/0! | AM98: =RANK(AL98,$AL$96:$AL$113) -> #DIV/0! | AQ98: =AP98/AO98 -> #DIV/0! | AR98: =RANK(AQ98,$AQ$96:$AQ$113) -> #DIV/0! | AV98: =AU98/AT98 -> #DIV/0! | AW98: =RANK(AV98,$AV$96:$AV$113) -> #DIV/0!
A99: 18 | C99: 4 | D99: 焗烤起司雙饗筆尖麵 | E99: =VLOOKUP(D99,'11產線配置圖'!$A$2:$C$25,2,0) -> 18 | F99: =VLOOKUP(D99,'11產線配置圖'!$A$2:$C$25,3,0) -> 1565 | G99: =F99/E99 -> 86.944444 | I99: =AVERAGE(P99,U99,Z99,AE99,AJ99,AO99,AT99) -> #DIV/0! | J99: =AVERAGE(Q99,V99,AA99,AF99,AK99,AP99,AU99) -> #DIV/0! | K99: =AVERAGE(R99,W99,AB99,AG99,AL99,AQ99,AV99) -> #DIV/0! | M99: =RANK(K99, K$96:$K$113) -> #DIV/0! | R99: =Q99/P99 -> #DIV/0! | S99: =RANK(R99,$R$96:$R$113) -> #DIV/0! | W99: =V99/U99 -> #DIV/0! | X99: =RANK(W99,$W$96:$W$113) -> #DIV/0! | AB99: =AA99/Z99 -> #DIV/0! | AC99: =RANK(AB99, $AB$96:$AB$113) -> #DIV/0! | AG99: =AF99/AE99 -> #DIV/0! | AH99: =RANK(AG99,$AG$96:$AG$113) -> #DIV/0! | AL99: =AK99/AJ99 -> #DIV/0! | AM99: =RANK(AL99,$AL$96:$AL$113) -> #DIV/0! | AQ99: =AP99/AO99 -> #DIV/0! | AR99: =RANK(AQ99,$AQ$96:$AQ$113) -> #DIV/0! | AV99: =AU99/AT99 -> #DIV/0! | AW99: =RANK(AV99,$AV$96:$AV$113) -> #DIV/0!
C100: 5 | D100: 白酒蛤蜊義大利麵 | E100: =VLOOKUP(D100,'11產線配置圖'!$A$2:$C$25,2,0) -> 13 | F100: =VLOOKUP(D100,'11產線配置圖'!$A$2:$C$25,3,0) -> 2000 | G100: =F100/E100 -> 153.84615 | I100: =AVERAGE(P100,U100,Z100,AE100,AJ100,AO100,AT100) -> #DIV/0! | J100: =AVERAGE(Q100,V100,AA100,AF100,AK100,AP100,AU100) -> #DIV/0! | K100: =AVERAGE(R100,W100,AB100,AG100,AL100,AQ100,AV100) -> #DIV/0! | M100: =RANK(K100, K$96:$K$113) -> #DIV/0! | R100: =Q100/P100 -> #DIV/0! | S100: =RANK(R100,$R$96:$R$113) -> #DIV/0! | W100: =V100/U100 -> #DIV/0! | X100: =RANK(W100,$W$96:$W$113) -> #DIV/0! | AB100: =AA100/Z100 -> #DIV/0! | AC100: =RANK(AB100, $AB$96:$AB$113) -> #DIV/0! | AG100: =AF100/AE100 -> #DIV/0! | AH100: =RANK(AG100,$AG$96:$AG$113) -> #DIV/0! | AL100: =AK100/AJ100 -> #DIV/0! | AM100: =RANK(AL100,$AL$96:$AL$113) -> #DIV/0! | AQ100: =AP100/AO100 -> #DIV/0! | AR100: =RANK(AQ100,$AQ$96:$AQ$113) -> #DIV/0! | AV100: =AU100/AT100 -> #DIV/0! | AW100: =RANK(AV100,$AV$96:$AV$113) -> #DIV/0!
...

Sheet （５-2）品群別人時生產性(季節調理麵) 
B1: 月平均人時性 | C1: =AVERAGE(L7,L27,L47,L67,L87) -> #DIV/0!
B2: 產線配置圖－每週更新 | N2: 資料繳交 | O2: 日期 | AE2: 45870 | AJ2: 45871 | AO2: 45872 | AT2: 45873
P3: 二 | U3: 三 | Z3: 四 | AE3: 五 | AJ3: 六 | AO3: 日 | AT3: 一
B4: 品群 | C4: 商品名稱 | E4: 計畫 | H4: 平均人時性 | I4: 實績 | L4: 平均人時性 | M4: 排名 | O4: 日報 | P4: 實際 | T4: 平均人時性 | U4: 實際 | Y4: 平均人時性 | Z4: 實際 | AD4: 平均人時性 | AE4: 實際 | AI4: 平均人時性 | AJ4: 實際 | AN4: 平均人時性 | AO4: 實際 | AS4: 平均人時性 | AT4: 實際 | AX4: 平均人時性
E5: 產線配置圖 | I5: 產線配置圖 | P5: 生產實績 | U5: 生產實績 | Z5: 生產實績 | AE5: 生產實績 | AJ5: 生產實績 | AO5: 生產實績 | AT5: 生產實績
E6: 人數 | F6: 產能／時 | G6: 人時性 | I6: 人數 | J6: 產能／時 | K6: 人時性 | P6: 人數 | Q6: 產能／時 | R6: 人時性 | S6: 排名 | U6: 人數 | V6: 產能／時 | W6: 人時性 | X6: 排名 | Z6: 人數 | AA6: 產能／時 | AB6: 人時性 | AC6: 排名 | AE6: 人數 | AF6: 產能／時 | AG6: 人時性 | AH6: 排名 | AJ6: 人數 | AK6: 產能／時 | AL6: 人時性 | AM6: 排名 | AO6: 人數 | AP6: 產能／時 | AQ6: 人時性 | AR6: 排名 | AT6: 人數 | AU6: 產能／時 | AV6: 人時性 | AW6: 排名
B7: 熱食調理麵 | C7: 1 | H7: =AVERAGE(G7:G21) -> #DIV/0! | I7: =AVERAGE(P7,U7,Z7,AE7,AJ7,AO7,AT7) -> #DIV/0! | J7: =AVERAGE(Q7,V7,AA7,AF7,AK7,AP7,AU7) -> #DIV/0! | K7: =AVERAGE(R7,W7,AB7,AG7,AL7,AQ7,AV7) -> #DIV/0! | L7: =AVERAGE(K7:K21) -> #DIV/0! | M7: =RANK(K7, K$7:$K$21) -> #DIV/0! | S7: =RANK(R7, R$7:R$21) -> #N/A | T7: =AVERAGE(R7:R21) -> #DIV/0! | X7: =RANK(W7, W$7:W$21) -> #N/A | Y7: =AVERAGE(W7:W21) -> #DIV/0! | AC7: =RANK(AB7, AB$7:AB$21) -> #N/A | AD7: =AVERAGE(AB7:AB21) -> #DIV/0! | AH7: =RANK(AG7, AG$7:AG$21) -> #N/A | AI7: =AVERAGE(AG7:AG21) -> #DIV/0! | AM7: =RANK(AL7, AL$7:AL$21) -> #N/A | AN7: =AVERAGE(AL7:AL21) -> #DIV/0! | AR7: =RANK(AQ7, AQ$7:AQ$21) -> #N/A | AS7: =AVERAGE(AQ7:AQ21) -> #DIV/0! | AW7: =RANK(AV7, AV$7:AV$21) -> #N/A | AX7: =AVERAGE(AV7:AV21) -> #DIV/0!
C8: 2 | I8: =AVERAGE(P8,U8,Z8,AE8,AJ8,AO8,AT8) -> #DIV/0! | J8: =AVERAGE(Q8,V8,AA8,AF8,AK8,AP8,AU8) -> #DIV/0! | K8: =AVERAGE(R8,W8,AB8,AG8,AL8,AQ8,AV8) -> #DIV/0! | M8: =RANK(K8, K$7:$K$21) -> #DIV/0! | S8: =RANK(R8, R$7:R$21) -> #N/A | X8: =RANK(W8, W$7:W$21) -> #N/A | AC8: =RANK(AB8, AB$7:AB$21) -> #N/A | AH8: =RANK(AG8, AG$7:AG$21) -> #N/A | AM8: =RANK(AL8, AL$7:AL$21) -> #N/A | AR8: =RANK(AQ8, AQ$7:AQ$21) -> #N/A | AW8: =RANK(AV8, AV$7:AV$21) -> #N/A
C9: 3 | I9: =AVERAGE(P9,U9,Z9,AE9,AJ9,AO9,AT9) -> #DIV/0! | J9: =AVERAGE(Q9,V9,AA9,AF9,AK9,AP9,AU9) -> #DIV/0! | K9: =AVERAGE(R9,W9,AB9,AG9,AL9,AQ9,AV9) -> #DIV/0! | M9: =RANK(K9, K$7:$K$21) -> #DIV/0! | S9: =RANK(R9, R$7:R$21) -> #N/A | X9: =RANK(W9, W$7:W$21) -> #N/A | AC9: =RANK(AB9, AB$7:AB$21) -> #N/A | AH9: =RANK(AG9, AG$7:AG$21) -> #N/A | AM9: =RANK(AL9, AL$7:AL$21) -> #N/A | AR9: =RANK(AQ9, AQ$7:AQ$21) -> #N/A | AW9: =RANK(AV9, AV$7:AV$21) -> #N/A
C10: 4 | I10: =AVERAGE(P10,U10,Z10,AE10,AJ10,AO10,AT10) -> #DIV/0! | J10: =AVERAGE(Q10,V10,AA10,AF10,AK10,AP10,AU10) -> #DIV/0! | K10: =AVERAGE(R10,W10,AB10,AG10,AL10,AQ10,AV10) -> #DIV/0! | M10: =RANK(K10, K$7:$K$21) -> #DIV/0! | S10: =RANK(R10, R$7:R$21) -> #N/A | X10: =RANK(W10, W$7:W$21) -> #N/A | AC10: =RANK(AB10, AB$7:AB$21) -> #N/A | AH10: =RANK(AG10, AG$7:AG$21) -> #N/A | AM10: =RANK(AL10, AL$7:AL$21) -> #N/A | AR10: =RANK(AQ10, AQ$7:AQ$21) -> #N/A | AW10: =RANK(AV10, AV$7:AV$21) -> #N/A
C11: 5 | I11: =AVERAGE(P11,U11,Z11,AE11,AJ11,AO11,AT11) -> #DIV/0! | J11: =AVERAGE(Q11,V11,AA11,AF11,AK11,AP11,AU11) -> #DIV/0! | K11: =AVERAGE(R11,W11,AB11,AG11,AL11,AQ11,AV11) -> #DIV/0! | M11: =RANK(K11, K$7:$K$21) -> #DIV/0! | S11: =RANK(R11, R$7:R$21) -> #N/A | X11: =RANK(W11, W$7:W$21) -> #N/A | AC11: =RANK(AB11, AB$7:AB$21) -> #N/A | AH11: =RANK(AG11, AG$7:AG$21) -> #N/A | AM11: =RANK(AL11, AL$7:AL$21) -> #N/A | AR11: =RANK(AQ11, AQ$7:AQ$21) -> #N/A | AW11: =RANK(AV11, AV$7:AV$21) -> #N/A
C12: 6 | I12: =AVERAGE(P12,U12,Z12,AE12,AJ12,AO12,AT12) -> #DIV/0! | J12: =AVERAGE(Q12,V12,AA12,AF12,AK12,AP12,AU12) -> #DIV/0! | K12: =AVERAGE(R12,W12,AB12,AG12,AL12,AQ12,AV12) -> #DIV/0! | M12: =RANK(K12, K$7:$K$21) -> #DIV/0! | S12: =RANK(R12, R$7:R$21) -> #N/A | X12: =RANK(W12, W$7:W$21) -> #N/A | AC12: =RANK(AB12, AB$7:AB$21) -> #N/A | AH12: =RANK(AG12, AG$7:AG$21) -> #N/A | AM12: =RANK(AL12, AL$7:AL$21) -> #N/A | AR12: =RANK(AQ12, AQ$7:AQ$21) -> #N/A | AW12: =RANK(AV12, AV$7:AV$21) -> #N/A
C13: 7 | I13: =AVERAGE(P13,U13,Z13,AE13,AJ13,AO13,AT13) -> #DIV/0! | J13: =AVERAGE(Q13,V13,AA13,AF13,AK13,AP13,AU13) -> #DIV/0! | K13: =AVERAGE(R13,W13,AB13,AG13,AL13,AQ13,AV13) -> #DIV/0! | M13: =RANK(K13, K$7:$K$21) -> #DIV/0! | S13: =RANK(R13, R$7:R$21) -> #N/A | X13: =RANK(W13, W$7:W$21) -> #N/A | AC13: =RANK(AB13, AB$7:AB$21) -> #N/A | AH13: =RANK(AG13, AG$7:AG$21) -> #N/A | AM13: =RANK(AL13, AL$7:AL$21) -> #N/A | AR13: =RANK(AQ13, AQ$7:AQ$21) -> #N/A | AW13: =RANK(AV13, AV$7:AV$21) -> #N/A
C14: 8 | I14: =AVERAGE(P14,U14,Z14,AE14,AJ14,AO14,AT14) -> #DIV/0! | J14: =AVERAGE(Q14,V14,AA14,AF14,AK14,AP14,AU14) -> #DIV/0! | K14: =AVERAGE(R14,W14,AB14,AG14,AL14,AQ14,AV14) -> #DIV/0! | M14: =RANK(K14, K$7:$K$21) -> #DIV/0! | S14: =RANK(R14, R$7:R$21) -> #N/A | X14: =RANK(W14, W$7:W$21) -> #N/A | AC14: =RANK(AB14, AB$7:AB$21) -> #N/A | AH14: =RANK(AG14, AG$7:AG$21) -> #N/A | AM14: =RANK(AL14, AL$7:AL$21) -> #N/A | AR14: =RANK(AQ14, AQ$7:AQ$21) -> #N/A | AW14: =RANK(AV14, AV$7:AV$21) -> #N/A
C15: 9 | I15: =AVERAGE(P15,U15,Z15,AE15,AJ15,AO15,AT15) -> #DIV/0! | J15: =AVERAGE(Q15,V15,AA15,AF15,AK15,AP15,AU15) -> #DIV/0! | K15: =AVERAGE(R15,W15,AB15,AG15,AL15,AQ15,AV15) -> #DIV/0! | M15: =RANK(K15, K$7:$K$21) -> #DIV/0! | S15: =RANK(R15, R$7:R$21) -> #N/A | X15: =RANK(W15, W$7:W$21) -> #N/A | AC15: =RANK(AB15, AB$7:AB$21) -> #N/A | AH15: =RANK(AG15, AG$7:AG$21) -> #N/A | AM15: =RANK(AL15, AL$7:AL$21) -> #N/A | AR15: =RANK(AQ15, AQ$7:AQ$21) -> #N/A | AW15: =RANK(AV15, AV$7:AV$21) -> #N/A
C16: 10 | I16: =AVERAGE(P16,U16,Z16,AE16,AJ16,AO16,AT16) -> #DIV/0! | J16: =AVERAGE(Q16,V16,AA16,AF16,AK16,AP16,AU16) -> #DIV/0! | K16: =AVERAGE(R16,W16,AB16,AG16,AL16,AQ16,AV16) -> #DIV/0! | M16: =RANK(K16, K$7:$K$21) -> #DIV/0! | S16: =RANK(R16, R$7:R$21) -> #N/A | X16: =RANK(W16, W$7:W$21) -> #N/A | AC16: =RANK(AB16, AB$7:AB$21) -> #N/A | AH16: =RANK(AG16, AG$7:AG$21) -> #N/A | AM16: =RANK(AL16, AL$7:AL$21) -> #N/A | AR16: =RANK(AQ16, AQ$7:AQ$21) -> #N/A | AW16: =RANK(AV16, AV$7:AV$21) -> #N/A
C17: 11 | M17: =RANK(K17, K$7:$K$21) -> #DIV/0! | S17: =RANK(R17, R$7:R$21) -> #N/A | X17: =RANK(W17, W$7:W$21) -> #N/A | AC17: =RANK(AB17, AB$7:AB$21) -> #N/A | AH17: =RANK(AG17, AG$7:AG$21) -> #N/A | AM17: =RANK(AL17, AL$7:AL$21) -> #N/A | AR17: =RANK(AQ17, AQ$7:AQ$21) -> #N/A | AW17: =RANK(AV17, AV$7:AV$21) -> #N/A
C18: 12 | M18: =RANK(K18, K$7:$K$21) -> #DIV/0! | S18: =RANK(R18, R$7:R$21) -> #N/A | X18: =RANK(W18, W$7:W$21) -> #N/A | AC18: =RANK(AB18, AB$7:AB$21) -> #N/A | AH18: =RANK(AG18, AG$7:AG$21) -> #N/A | AM18: =RANK(AL18, AL$7:AL$21) -> #N/A | AR18: =RANK(AQ18, AQ$7:AQ$21) -> #N/A | AW18: =RANK(AV18, AV$7:AV$21) -> #N/A
C19: 13 | M19: =RANK(K19, K$7:$K$21) -> #DIV/0! | S19: =RANK(R19, R$7:R$21) -> #N/A | X19: =RANK(W19, W$7:W$21) -> #N/A | AC19: =RANK(AB19, AB$7:AB$21) -> #N/A | AH19: =RANK(AG19, AG$7:AG$21) -> #N/A | AM19: =RANK(AL19, AL$7:AL$21) -> #N/A | AR19: =RANK(AQ19, AQ$7:AQ$21) -> #N/A | AW19: =RANK(AV19, AV$7:AV$21) -> #N/A
C20: 14 | M20: =RANK(K20, K$7:$K$21) -> #DIV/0! | S20: =RANK(R20, R$7:R$21) -> #N/A | X20: =RANK(W20, W$7:W$21) -> #N/A | AC20: =RANK(AB20, AB$7:AB$21) -> #N/A | AH20: =RANK(AG20, AG$7:AG$21) -> #N/A | AM20: =RANK(AL20, AL$7:AL$21) -> #N/A | AR20: =RANK(AQ20, AQ$7:AQ$21) -> #N/A | AW20: =RANK(AV20, AV$7:AV$21) -> #N/A
C21: 15 | M21: =RANK(K21, K$7:$K$21) -> #DIV/0! | S21: =RANK(R21, R$7:R$21) -> #N/A | X21: =RANK(W21, W$7:W$21) -> #N/A | AC21: =RANK(AB21, AB$7:AB$21) -> #N/A | AH21: =RANK(AG21, AG$7:AG$21) -> #N/A | AM21: =RANK(AL21, AL$7:AL$21) -> #N/A | AR21: =RANK(AQ21, AQ$7:AQ$21) -> #N/A | AW21: =RANK(AV21, AV$7:AV$21) -> #N/A
B22: 產線配置圖－每週更新 | N22: 資料繳交 | O22: 日期 | P22: 45874 | U22: 45875 | Z22: 45876 | AE22: 45877 | AJ22: 45878 | AO22: 45879 | AT22: 45880
P23: 二 | U23: 三 | Z23: 四 | AE23: 五 | AJ23: 六 | AO23: 日 | AT23: 一
B24: 品群 | C24: 商品名稱 | E24: 計畫 | H24: 平均人時性 | I24: 實績 | L24: 平均人時性 | M24: 排名 | O24: 日報 | P24: 實際 | T24: 平均人時性 | U24: 實際 | Y24: 平均人時性 | Z24: 實際 | AD24: 平均人時性 | AE24: 實際 | AI24: 平均人時性 | AJ24: 實際 | AN24: 平均人時性 | AO24: 實際 | AS24: 平均人時性 | AT24: 實際 | AX24: 平均人時性
E25: 產線配置圖 | I25: 產線配置圖 | P25: 生產實績 | U25: 生產實績 | Z25: 生產實績 | AE25: 生產實績 | AJ25: 生產實績 | AO25: 生產實績 | AT25: 生產實績
E26: 人數 | F26: 產能／時 | G26: 人時性 | I26: 人數 | J26: 產能／時 | K26: 人時性 | P26: 人數 | Q26: 產能／時 | R26: 人時性 | S26: 排名 | U26: 人數 | V26: 產能／時 | W26: 人時性 | X26: 排名 | Z26: 人數 | AA26: 產能／時 | AB26: 人時性 | AC26: 排名 | AE26: 人數 | AF26: 產能／時 | AG26: 人時性 | AH26: 排名 | AJ26: 人數 | AK26: 產能／時 | AL26: 人時性 | AM26: 排名 | AO26: 人數 | AP26: 產能／時 | AQ26: 人時性 | AR26: 排名 | AT26: 人數 | AU26: 產能／時 | AV26: 人時性 | AW26: 排名
B27: 季節調理麵 | C27: 1 | H27: =AVERAGE(G27:G41) -> #DIV/0! | I27: =AVERAGE(P27,U27,Z27,AE27,AJ27,AO27,AT27) -> #DIV/0! | J27: =AVERAGE(Q27,V27,AA27,AF27,AK27,AP27,AU27) -> #DIV/0! | K27: =AVERAGE(R27,W27,AB27,AG27,AL27,AQ27,AV27) -> #DIV/0! | L27: =AVERAGE(K27:K41) -> #DIV/0! | M27: =RANK(K27, K$27:$K$41) -> #DIV/0! | T27: =AVERAGE(R27:R41) -> #DIV/0! | Y27: =AVERAGE(W27:W41) -> #DIV/0! | AD27: =AVERAGE(AB27:AB41) -> #DIV/0! | AI27: =AVERAGE(AG27:AG41) -> #DIV/0! | AN27: =AVERAGE(AL27:AL41) -> #DIV/0! | AS27: =AVERAGE(AQ27:AQ41) -> #DIV/0! | AX27: =AVERAGE(AV27:AV41) -> #DIV/0!
C28: 2 | I28: =AVERAGE(P28,U28,Z28,AE28,AJ28,AO28,AT28) -> #DIV/0! | J28: =AVERAGE(Q28,V28,AA28,AF28,AK28,AP28,AU28) -> #DIV/0! | K28: =AVERAGE(R28,W28,AB28,AG28,AL28,AQ28,AV28) -> #DIV/0! | M28: =RANK(K28, K$27:$K$41) -> #DIV/0!
C29: 3 | I29: =AVERAGE(P29,U29,Z29,AE29,AJ29,AO29,AT29) -> #DIV/0! | J29: =AVERAGE(Q29,V29,AA29,AF29,AK29,AP29,AU29) -> #DIV/0! | K29: =AVERAGE(R29,W29,AB29,AG29,AL29,AQ29,AV29) -> #DIV/0! | M29: =RANK(K29, K$27:$K$41) -> #DIV/0!
C30: 4 | I30: =AVERAGE(P30,U30,Z30,AE30,AJ30,AO30,AT30) -> #DIV/0! | J30: =AVERAGE(Q30,V30,AA30,AF30,AK30,AP30,AU30) -> #DIV/0! | K30: =AVERAGE(R30,W30,AB30,AG30,AL30,AQ30,AV30) -> #DIV/0! | M30: =RANK(K30, K$27:$K$41) -> #DIV/0!
C31: 5 | I31: =AVERAGE(P31,U31,Z31,AE31,AJ31,AO31,AT31) -> #DIV/0! | J31: =AVERAGE(Q31,V31,AA31,AF31,AK31,AP31,AU31) -> #DIV/0! | K31: =AVERAGE(R31,W31,AB31,AG31,AL31,AQ31,AV31) -> #DIV/0! | M31: =RANK(K31, K$27:$K$41) -> #DIV/0!
C32: 6 | I32: =AVERAGE(P32,U32,Z32,AE32,AJ32,AO32,AT32) -> #DIV/0! | J32: =AVERAGE(Q32,V32,AA32,AF32,AK32,AP32,AU32) -> #DIV/0! | K32: =AVERAGE(R32,W32,AB32,AG32,AL32,AQ32,AV32) -> #DIV/0! | M32: =RANK(K32, K$27:$K$41) -> #DIV/0!
C33: 7 | I33: =AVERAGE(P33,U33,Z33,AE33,AJ33,AO33,AT33) -> #DIV/0! | J33: =AVERAGE(Q33,V33,AA33,AF33,AK33,AP33,AU33) -> #DIV/0! | K33: =AVERAGE(R33,W33,AB33,AG33,AL33,AQ33,AV33) -> #DIV/0! | M33: =RANK(K33, K$27:$K$41) -> #DIV/0!
C34: 8 | I34: =AVERAGE(P34,U34,Z34,AE34,AJ34,AO34,AT34) -> #DIV/0! | J34: =AVERAGE(Q34,V34,AA34,AF34,AK34,AP34,AU34) -> #DIV/0! | K34: =AVERAGE(R34,W34,AB34,AG34,AL34,AQ34,AV34) -> #DIV/0! | M34: =RANK(K34, K$27:$K$41) -> #DIV/0!
C35: 9 | I35: =AVERAGE(P35,U35,Z35,AE35,AJ35,AO35,AT35) -> #DIV/0! | J35: =AVERAGE(Q35,V35,AA35,AF35,AK35,AP35,AU35) -> #DIV/0! | K35: =AVERAGE(R35,W35,AB35,AG35,AL35,AQ35,AV35) -> #DIV/0! | M35: =RANK(K35, K$27:$K$41) -> #DIV/0!
C36: 10 | I36: =AVERAGE(P36,U36,Z36,AE36,AJ36,AO36,AT36) -> #DIV/0! | J36: =AVERAGE(Q36,V36,AA36,AF36,AK36,AP36,AU36) -> #DIV/0! | K36: =AVERAGE(R36,W36,AB36,AG36,AL36,AQ36,AV36) -> #DIV/0! | M36: =RANK(K36, K$27:$K$41) -> #DIV/0!
C37: 11 | M37: =RANK(K37, K$27:$K$41) -> #DIV/0!
C38: 12 | M38: =RANK(K38, K$27:$K$41) -> #DIV/0!
C39: 13 | M39: =RANK(K39, K$27:$K$41) -> #DIV/0!
C40: 14 | M40: =RANK(K40, K$27:$K$41) -> #DIV/0!
C41: 15 | M41: =RANK(K41, K$27:$K$41) -> #DIV/0!
B42: 產線配置圖－每週更新 | N42: 資料繳交 | O42: 日期 | P42: 45881 | U42: 45882 | Z42: 45883 | AE42: 45884 | AJ42: 45885 | AO42: 45886 | AT42: 45887
P43: 二 | U43: 三 | Z43: 四 | AE43: 五 | AJ43: 六 | AO43: 日 | AT43: 一
B44: 品群 | C44: 商品名稱 | E44: 計畫 | H44: 平均人時性 | I44: 實績 | L44: 平均人時性 | M44: 排名 | O44: 日報 | P44: 實際 | T44: 平均人時性 | U44: 實際 | Y44: 平均人時性 | Z44: 實際 | AD44: 平均人時性 | AE44: 實際 | AI44: 平均人時性 | AJ44: 實際 | AN44: 平均人時性 | AO44: 實際 | AS44: 平均人時性 | AT44: 實際 | AX44: 平均人時性
E45: 產線配置圖 | I45: 產線配置圖 | P45: 生產實績 | U45: 生產實績 | Z45: 生產實績 | AE45: 生產實績 | AJ45: 生產實績 | AO45: 生產實績 | AT45: 生產實績
E46: 人數 | F46: 產能／時 | G46: 人時性 | I46: 人數 | J46: 產能／時 | K46: 人時性 | P46: 人數 | Q46: 產能／時 | R46: 人時性 | S46: 排名 | U46: 人數 | V46: 產能／時 | W46: 人時性 | X46: 排名 | Z46: 人數 | AA46: 產能／時 | AB46: 人時性 | AC46: 排名 | AE46: 人數 | AF46: 產能／時 | AG46: 人時性 | AH46: 排名 | AJ46: 人數 | AK46: 產能／時 | AL46: 人時性 | AM46: 排名 | AO46: 人數 | AP46: 產能／時 | AQ46: 人時性 | AR46: 排名 | AT46: 人數 | AU46: 產能／時 | AV46: 人時性 | AW46: 排名
B47: 季節調理麵 | C47: 1 | H47: =AVERAGE(G47:G61) -> #DIV/0! | I47: =AVERAGE(P47,U47,Z47,AE47,AJ47,AO47,AT47) -> #DIV/0! | J47: =AVERAGE(Q47,V47,AA47,AF47,AK47,AP47,AU47) -> #DIV/0! | K47: =AVERAGE(R47,W47,AB47,AG47,AL47,AQ47,AV47) -> #DIV/0! | L47: =AVERAGE(K47:K61) -> #DIV/0! | M47: =RANK(K47, K$47:$K$61) -> #DIV/0! | T47: =AVERAGE(R47:R61) -> #DIV/0! | Y47: =AVERAGE(W47:W61) -> #DIV/0! | AD47: =AVERAGE(AB47:AB61) -> #DIV/0! | AI47: =AVERAGE(AG47:AG61) -> #DIV/0! | AN47: =AVERAGE(AL47:AL61) -> #DIV/0! | AS47: =AVERAGE(AQ47:AQ61) -> #DIV/0! | AX47: =AVERAGE(AV47:AV61) -> #DIV/0!
C48: 2 | I48: =AVERAGE(P48,U48,Z48,AE48,AJ48,AO48,AT48) -> #DIV/0! | J48: =AVERAGE(Q48,V48,AA48,AF48,AK48,AP48,AU48) -> #DIV/0! | K48: =AVERAGE(R48,W48,AB48,AG48,AL48,AQ48,AV48) -> #DIV/0! | M48: =RANK(K48, K$47:$K$61) -> #DIV/0!
C49: 3 | I49: =AVERAGE(P49,U49,Z49,AE49,AJ49,AO49,AT49) -> #DIV/0! | J49: =AVERAGE(Q49,V49,AA49,AF49,AK49,AP49,AU49) -> #DIV/0! | K49: =AVERAGE(R49,W49,AB49,AG49,AL49,AQ49,AV49) -> #DIV/0! | M49: =RANK(K49, K$47:$K$61) -> #DIV/0!
C50: 4 | I50: =AVERAGE(P50,U50,Z50,AE50,AJ50,AO50,AT50) -> #DIV/0! | J50: =AVERAGE(Q50,V50,AA50,AF50,AK50,AP50,AU50) -> #DIV/0! | K50: =AVERAGE(R50,W50,AB50,AG50,AL50,AQ50,AV50) -> #DIV/0! | M50: =RANK(K50, K$47:$K$61) -> #DIV/0!
C51: 5 | I51: =AVERAGE(P51,U51,Z51,AE51,AJ51,AO51,AT51) -> #DIV/0! | J51: =AVERAGE(Q51,V51,AA51,AF51,AK51,AP51,AU51) -> #DIV/0! | K51: =AVERAGE(R51,W51,AB51,AG51,AL51,AQ51,AV51) -> #DIV/0! | M51: =RANK(K51, K$47:$K$61) -> #DIV/0!
C52: 6 | I52: =AVERAGE(P52,U52,Z52,AE52,AJ52,AO52,AT52) -> #DIV/0! | J52: =AVERAGE(Q52,V52,AA52,AF52,AK52,AP52,AU52) -> #DIV/0! | K52: =AVERAGE(R52,W52,AB52,AG52,AL52,AQ52,AV52) -> #DIV/0! | M52: =RANK(K52, K$47:$K$61) -> #DIV/0!
C53: 7 | I53: =AVERAGE(P53,U53,Z53,AE53,AJ53,AO53,AT53) -> #DIV/0! | J53: =AVERAGE(Q53,V53,AA53,AF53,AK53,AP53,AU53) -> #DIV/0! | K53: =AVERAGE(R53,W53,AB53,AG53,AL53,AQ53,AV53) -> #DIV/0! | M53: =RANK(K53, K$47:$K$61) -> #DIV/0!
C54: 8 | I54: =AVERAGE(P54,U54,Z54,AE54,AJ54,AO54,AT54) -> #DIV/0! | J54: =AVERAGE(Q54,V54,AA54,AF54,AK54,AP54,AU54) -> #DIV/0! | K54: =AVERAGE(R54,W54,AB54,AG54,AL54,AQ54,AV54) -> #DIV/0! | M54: =RANK(K54, K$47:$K$61) -> #DIV/0!
C55: 9 | I55: =AVERAGE(P55,U55,Z55,AE55,AJ55,AO55,AT55) -> #DIV/0! | J55: =AVERAGE(Q55,V55,AA55,AF55,AK55,AP55,AU55) -> #DIV/0! | K55: =AVERAGE(R55,W55,AB55,AG55,AL55,AQ55,AV55) -> #DIV/0! | M55: =RANK(K55, K$47:$K$61) -> #DIV/0!
C56: 10 | I56: =AVERAGE(P56,U56,Z56,AE56,AJ56,AO56,AT56) -> #DIV/0! | J56: =AVERAGE(Q56,V56,AA56,AF56,AK56,AP56,AU56) -> #DIV/0! | K56: =AVERAGE(R56,W56,AB56,AG56,AL56,AQ56,AV56) -> #DIV/0! | M56: =RANK(K56, K$47:$K$61) -> #DIV/0!
C57: 11 | M57: =RANK(K57, K$47:$K$61) -> #DIV/0!
C58: 12 | M58: =RANK(K58, K$47:$K$61) -> #DIV/0!
C59: 13 | M59: =RANK(K59, K$47:$K$61) -> #DIV/0!
C60: 14 | M60: =RANK(K60, K$47:$K$61) -> #DIV/0!
C61: 15 | M61: =RANK(K61, K$47:$K$61) -> #DIV/0!
B62: 產線配置圖－每週更新 | N62: 資料繳交 | O62: 日期 | P62: 45888 | U62: 45889 | Z62: 45890 | AE62: 45891 | AJ62: 45892 | AO62: 45893 | AT62: 45894
P63: 二 | U63: 三 | Z63: 四 | AE63: 五 | AJ63: 六 | AO63: 日 | AT63: 一
B64: 品群 | C64: 商品名稱 | E64: 計畫 | H64: 平均人時性 | I64: 實績 | L64: 平均人時性 | M64: 排名 | O64: 日報 | P64: 實際 | T64: 平均人時性 | U64: 實際 | Y64: 平均人時性 | Z64: 實際 | AD64: 平均人時性 | AE64: 實際 | AI64: 平均人時性 | AJ64: 實際 | AN64: 平均人時性 | AO64: 實際 | AS64: 平均人時性 | AT64: 實際 | AX64: 平均人時性
E65: 產線配置圖 | I65: 產線配置圖 | P65: 生產實績 | U65: 生產實績 | Z65: 生產實績 | AE65: 生產實績 | AJ65: 生產實績 | AO65: 生產實績 | AT65: 生產實績
E66: 人數 | F66: 產能／時 | G66: 人時性 | I66: 人數 | J66: 產能／時 | K66: 人時性 | P66: 人數 | Q66: 產能／時 | R66: 人時性 | S66: 排名 | U66: 人數 | V66: 產能／時 | W66: 人時性 | X66: 排名 | Z66: 人數 | AA66: 產能／時 | AB66: 人時性 | AC66: 排名 | AE66: 人數 | AF66: 產能／時 | AG66: 人時性 | AH66: 排名 | AJ66: 人數 | AK66: 產能／時 | AL66: 人時性 | AM66: 排名 | AO66: 人數 | AP66: 產能／時 | AQ66: 人時性 | AR66: 排名 | AT66: 人數 | AU66: 產能／時 | AV66: 人時性 | AW66: 排名
B67: 季節調理麵 | C67: 1 | H67: =AVERAGE(G67:G81) -> #DIV/0! | I67: =AVERAGE(P67,U67,Z67,AE67,AJ67,AO67,AT67) -> #DIV/0! | J67: =AVERAGE(Q67,V67,AA67,AF67,AK67,AP67,AU67) -> #DIV/0! | K67: =AVERAGE(R67,W67,AB67,AG67,AL67,AQ67,AV67) -> #DIV/0! | L67: =AVERAGE(K67:K81) -> #DIV/0! | M67: =RANK(K67, K$67:$K$81) -> #DIV/0! | T67: =AVERAGE(R67:R81) -> #DIV/0! | Y67: =AVERAGE(W67:W81) -> #DIV/0! | AD67: =AVERAGE(AB67:AB81) -> #DIV/0! | AI67: =AVERAGE(AG67:AG81) -> #DIV/0! | AN67: =AVERAGE(AL67:AL81) -> #DIV/0! | AS67: =AVERAGE(AQ67:AQ81) -> #DIV/0! | AX67: =AVERAGE(AV67:AV81) -> #DIV/0!
C68: 2 | I68: =AVERAGE(P68,U68,Z68,AE68,AJ68,AO68,AT68) -> #DIV/0! | J68: =AVERAGE(Q68,V68,AA68,AF68,AK68,AP68,AU68) -> #DIV/0! | K68: =AVERAGE(R68,W68,AB68,AG68,AL68,AQ68,AV68) -> #DIV/0! | M68: =RANK(K68, K$67:$K$81) -> #DIV/0!
C69: 3 | I69: =AVERAGE(P69,U69,Z69,AE69,AJ69,AO69,AT69) -> #DIV/0! | J69: =AVERAGE(Q69,V69,AA69,AF69,AK69,AP69,AU69) -> #DIV/0! | K69: =AVERAGE(R69,W69,AB69,AG69,AL69,AQ69,AV69) -> #DIV/0! | M69: =RANK(K69, K$67:$K$81) -> #DIV/0!
C70: 4 | I70: =AVERAGE(P70,U70,Z70,AE70,AJ70,AO70,AT70) -> #DIV/0! | J70: =AVERAGE(Q70,V70,AA70,AF70,AK70,AP70,AU70) -> #DIV/0! | K70: =AVERAGE(R70,W70,AB70,AG70,AL70,AQ70,AV70) -> #DIV/0! | M70: =RANK(K70, K$67:$K$81) -> #DIV/0!
C71: 5 | I71: =AVERAGE(P71,U71,Z71,AE71,AJ71,AO71,AT71) -> #DIV/0! | J71: =AVERAGE(Q71,V71,AA71,AF71,AK71,AP71,AU71) -> #DIV/0! | K71: =AVERAGE(R71,W71,AB71,AG71,AL71,AQ71,AV71) -> #DIV/0! | M71: =RANK(K71, K$67:$K$81) -> #DIV/0!
C72: 6 | I72: =AVERAGE(P72,U72,Z72,AE72,AJ72,AO72,AT72) -> #DIV/0! | J72: =AVERAGE(Q72,V72,AA72,AF72,AK72,AP72,AU72) -> #DIV/0! | K72: =AVERAGE(R72,W72,AB72,AG72,AL72,AQ72,AV72) -> #DIV/0! | M72: =RANK(K72, K$67:$K$81) -> #DIV/0!
C73: 7 | I73: =AVERAGE(P73,U73,Z73,AE73,AJ73,AO73,AT73) -> #DIV/0! | J73: =AVERAGE(Q73,V73,AA73,AF73,AK73,AP73,AU73) -> #DIV/0! | K73: =AVERAGE(R73,W73,AB73,AG73,AL73,AQ73,AV73) -> #DIV/0! | M73: =RANK(K73, K$67:$K$81) -> #DIV/0!
C74: 8 | I74: =AVERAGE(P74,U74,Z74,AE74,AJ74,AO74,AT74) -> #DIV/0! | J74: =AVERAGE(Q74,V74,AA74,AF74,AK74,AP74,AU74) -> #DIV/0! | K74: =AVERAGE(R74,W74,AB74,AG74,AL74,AQ74,AV74) -> #DIV/0! | M74: =RANK(K74, K$67:$K$81) -> #DIV/0!
C75: 9 | I75: =AVERAGE(P75,U75,Z75,AE75,AJ75,AO75,AT75) -> #DIV/0! | J75: =AVERAGE(Q75,V75,AA75,AF75,AK75,AP75,AU75) -> #DIV/0! | K75: =AVERAGE(R75,W75,AB75,AG75,AL75,AQ75,AV75) -> #DIV/0! | M75: =RANK(K75, K$67:$K$81) -> #DIV/0!
C76: 10 | I76: =AVERAGE(P76,U76,Z76,AE76,AJ76,AO76,AT76) -> #DIV/0! | J76: =AVERAGE(Q76,V76,AA76,AF76,AK76,AP76,AU76) -> #DIV/0! | K76: =AVERAGE(R76,W76,AB76,AG76,AL76,AQ76,AV76) -> #DIV/0! | M76: =RANK(K76, K$67:$K$81) -> #DIV/0!
C77: 11 | I77: =AVERAGE(P77,U77,Z77,AE77,AJ77,AO77,AT77) -> #DIV/0! | J77: =AVERAGE(Q77,V77,AA77,AF77,AK77,AP77,AU77) -> #DIV/0! | K77: =AVERAGE(R77,W77,AB77,AG77,AL77,AQ77,AV77) -> #DIV/0! | M77: =RANK(K77, K$67:$K$81) -> #DIV/0!
C78: 12 | I78: =AVERAGE(P78,U78,Z78,AE78,AJ78,AO78,AT78) -> #DIV/0! | J78: =AVERAGE(Q78,V78,AA78,AF78,AK78,AP78,AU78) -> #DIV/0! | K78: =AVERAGE(R78,W78,AB78,AG78,AL78,AQ78,AV78) -> #DIV/0! | M78: =RANK(K78, K$67:$K$81) -> #DIV/0!
C79: 13 | I79: =AVERAGE(P79,U79,Z79,AE79,AJ79,AO79,AT79) -> #DIV/0! | J79: =AVERAGE(Q79,V79,AA79,AF79,AK79,AP79,AU79) -> #DIV/0! | K79: =AVERAGE(R79,W79,AB79,AG79,AL79,AQ79,AV79) -> #DIV/0! | M79: =RANK(K79, K$67:$K$81) -> #DIV/0!
C80: 14 | I80: =AVERAGE(P80,U80,Z80,AE80,AJ80,AO80,AT80) -> #DIV/0! | J80: =AVERAGE(Q80,V80,AA80,AF80,AK80,AP80,AU80) -> #DIV/0! | K80: =AVERAGE(R80,W80,AB80,AG80,AL80,AQ80,AV80) -> #DIV/0! | M80: =RANK(K80, K$67:$K$81) -> #DIV/0!
C81: 15 | M81: =RANK(K81, K$67:$K$81) -> #DIV/0!
B82: 產線配置圖－每週更新 | N82: 資料繳交 | O82: 日期 | P82: 45895 | U82: 45896 | Z82: 45897 | AE82: 45898 | AJ82: 45899 | AO82: 45900
P83: 二 | U83: 三 | Z83: 四 | AE83: 五 | AJ83: 六 | AO83: 日 | AT83: 一
B84: 品群 | C84: 商品名稱 | E84: 計畫 | H84: 平均人時性 | I84: 實績 | L84: 平均人時性 | M84: 排名 | O84: 日報 | P84: 實際 | T84: 平均人時性 | U84: 實際 | Y84: 平均人時性 | Z84: 實際 | AD84: 平均人時性 | AE84: 實際 | AI84: 平均人時性 | AJ84: 實際 | AN84: 平均人時性 | AO84: 實際 | AS84: 平均人時性 | AT84: 實際 | AX84: 平均人時性
E85: 產線配置圖 | I85: 產線配置圖 | P85: 生產實績 | U85: 生產實績 | Z85: 生產實績 | AE85: 生產實績 | AJ85: 生產實績 | AO85: 生產實績 | AT85: 生產實績
E86: 人數 | F86: 產能／時 | G86: 人時性 | I86: 人數 | J86: 產能／時 | K86: 人時性 | P86: 人數 | Q86: 產能／時 | R86: 人時性 | S86: 排名 | U86: 人數 | V86: 產能／時 | W86: 人時性 | X86: 排名 | Z86: 人數 | AA86: 產能／時 | AB86: 人時性 | AC86: 排名 | AE86: 人數 | AF86: 產能／時 | AG86: 人時性 | AH86: 排名 | AJ86: 人數 | AK86: 產能／時 | AL86: 人時性 | AM86: 排名 | AO86: 人數 | AP86: 產能／時 | AQ86: 人時性 | AR86: 排名 | AT86: 人數 | AU86: 產能／時 | AV86: 人時性 | AW86: 排名
B87: 季節調理麵 | C87: 1 | H87: =AVERAGE(G87:G101) -> #DIV/0! | I87: =AVERAGE(P87,U87,Z87,AE87,AJ87,AO87,AT87) -> #DIV/0! | J87: =AVERAGE(Q87,V87,AA87,AF87,AK87,AP87,AU87) -> #DIV/0! | K87: =AVERAGE(R87,W87,AB87,AG87,AL87,AQ87,AV87) -> #DIV/0! | L87: =AVERAGE(K87:K101) -> #DIV/0! | M87: =RANK(K87, K$87:$K$101) -> #DIV/0! | T87: =AVERAGE(R87:R101) -> #DIV/0! | Y87: =AVERAGE(W87:W101) -> #DIV/0! | AD87: =AVERAGE(AB87:AB101) -> #DIV/0! | AI87: =AVERAGE(AG87:AG101) -> #DIV/0! | AN87: =AVERAGE(AL87:AL101) -> #DIV/0! | AS87: =AVERAGE(AQ87:AQ101) -> #DIV/0! | AX87: =AVERAGE(AV87:AV101) -> #DIV/0!
C88: 2 | I88: =AVERAGE(P88,U88,Z88,AE88,AJ88,AO88,AT88) -> #DIV/0! | J88: =AVERAGE(Q88,V88,AA88,AF88,AK88,AP88,AU88) -> #DIV/0! | K88: =AVERAGE(R88,W88,AB88,AG88,AL88,AQ88,AV88) -> #DIV/0! | M88: =RANK(K88, K$87:$K$101) -> #DIV/0!
C89: 3 | I89: =AVERAGE(P89,U89,Z89,AE89,AJ89,AO89,AT89) -> #DIV/0! | J89: =AVERAGE(Q89,V89,AA89,AF89,AK89,AP89,AU89) -> #DIV/0! | K89: =AVERAGE(R89,W89,AB89,AG89,AL89,AQ89,AV89) -> #DIV/0! | M89: =RANK(K89, K$87:$K$101) -> #DIV/0!
C90: 4 | I90: =AVERAGE(P90,U90,Z90,AE90,AJ90,AO90,AT90) -> #DIV/0! | J90: =AVERAGE(Q90,V90,AA90,AF90,AK90,AP90,AU90) -> #DIV/0! | K90: =AVERAGE(R90,W90,AB90,AG90,AL90,AQ90,AV90) -> #DIV/0! | M90: =RANK(K90, K$87:$K$101) -> #DIV/0!
C91: 5 | I91: =AVERAGE(P91,U91,Z91,AE91,AJ91,AO91,AT91) -> #DIV/0! | J91: =AVERAGE(Q91,V91,AA91,AF91,AK91,AP91,AU91) -> #DIV/0! | K91: =AVERAGE(R91,W91,AB91,AG91,AL91,AQ91,AV91) -> #DIV/0! | M91: =RANK(K91, K$87:$K$101) -> #DIV/0!
C92: 6 | I92: =AVERAGE(P92,U92,Z92,AE92,AJ92,AO92,AT92) -> #DIV/0! | J92: =AVERAGE(Q92,V92,AA92,AF92,AK92,AP92,AU92) -> #DIV/0! | K92: =AVERAGE(R92,W92,AB92,AG92,AL92,AQ92,AV92) -> #DIV/0! | M92: =RANK(K92, K$87:$K$101) -> #DIV/0!
C93: 7 | I93: =AVERAGE(P93,U93,Z93,AE93,AJ93,AO93,AT93) -> #DIV/0! | J93: =AVERAGE(Q93,V93,AA93,AF93,AK93,AP93,AU93) -> #DIV/0! | K93: =AVERAGE(R93,W93,AB93,AG93,AL93,AQ93,AV93) -> #DIV/0! | M93: =RANK(K93, K$87:$K$101) -> #DIV/0!
C94: 8 | I94: =AVERAGE(P94,U94,Z94,AE94,AJ94,AO94,AT94) -> #DIV/0! | J94: =AVERAGE(Q94,V94,AA94,AF94,AK94,AP94,AU94) -> #DIV/0! | K94: =AVERAGE(R94,W94,AB94,AG94,AL94,AQ94,AV94) -> #DIV/0! | M94: =RANK(K94, K$87:$K$101) -> #DIV/0!
C95: 9 | I95: =AVERAGE(P95,U95,Z95,AE95,AJ95,AO95,AT95) -> #DIV/0! | J95: =AVERAGE(Q95,V95,AA95,AF95,AK95,AP95,AU95) -> #DIV/0! | K95: =AVERAGE(R95,W95,AB95,AG95,AL95,AQ95,AV95) -> #DIV/0! | M95: =RANK(K95, K$87:$K$101) -> #DIV/0!
C96: 10 | I96: =AVERAGE(P96,U96,Z96,AE96,AJ96,AO96,AT96) -> #DIV/0! | J96: =AVERAGE(Q96,V96,AA96,AF96,AK96,AP96,AU96) -> #DIV/0! | K96: =AVERAGE(R96,W96,AB96,AG96,AL96,AQ96,AV96) -> #DIV/0! | M96: =RANK(K96, K$87:$K$101) -> #DIV/0!
C97: 11 | M97: =RANK(K97, K$87:$K$101) -> #DIV/0!
C98: 12 | M98: =RANK(K98, K$87:$K$101) -> #DIV/0!
C99: 13 | M99: =RANK(K99, K$87:$K$101) -> #DIV/0!
C100: 14 | M100: =RANK(K100, K$87:$K$101) -> #DIV/0!
...

Sheet （５-3）品群別人時生產性(微波小吃)
B1: 月平均人時性 | C1: 111.7
B2: 產線配置圖－每週更新 | N2: 資料繳交 | O2: 日期 | AJ2: 45962 | AO2: 45963 | AT2: 45964
P3: 二 | U3: 三 | Z3: 四 | AE3: 五 | AJ3: 六 | AO3: 日 | AT3: 一
B4: 品群 | C4: 商品名稱 | E4: 計畫 | H4: 平均人時性 | I4: 實績 | L4: 平均人時性 | M4: 排名 | O4: 日報 | P4: 實際 | T4: 平均人時性 | U4: 實際 | Y4: 平均人時性 | Z4: 實際 | AD4: 平均人時性 | AE4: 實際 | AI4: 平均人時性 | AJ4: 實際 | AN4: 平均人時性 | AO4: 實際 | AS4: 平均人時性 | AT4: 實際 | AX4: 平均人時性
E5: 產線配置圖 | I5: 產線配置圖 | P5: 生產實績 | U5: 生產實績 | Z5: 生產實績 | AE5: 生產實績 | AJ5: 生產實績 | AO5: 生產實績 | AT5: 生產實績
E6: 人數 | F6: 產能／時 | G6: 人時性 | I6: 人數 | J6: 產能／時 | K6: 人時性 | P6: 人數 | Q6: 產能／時 | R6: 人時性 | S6: 排名 | U6: 人數 | V6: 產能／時 | W6: 人時性 | X6: 排名 | Z6: 人數 | AA6: 產能／時 | AB6: 人時性 | AC6: 排名 | AE6: 人數 | AF6: 產能／時 | AG6: 人時性 | AH6: 排名 | AJ6: 人數 | AK6: 產能／時 | AL6: 人時性 | AM6: 排名 | AO6: 人數 | AP6: 產能／時 | AQ6: 人時性 | AR6: 排名 | AT6: 人數 | AU6: 產能／時 | AV6: 人時性 | AW6: 排名
B7: 微波小吃 | C7: 1 | D7: 小滷青蔬 | E7: =VLOOKUP(D7,'11產線配置圖'!$A$2:$C$30,2,0) -> 13 | F7: =VLOOKUP(D7,'11產線配置圖'!$A$2:$C$30,3,0) -> 1565 | G7: =F7/E7 -> 120.38462 | H7: =AVERAGE(G7:G21) -> 127.07265 | I7: =AVERAGE(P7,U7,Z7,AE7,AJ7,AO7,AT7) -> 13 | J7: =AVERAGE(Q7,V7,AA7,AF7,AK7,AP7,AU7) -> 1309.6667 | K7: =AVERAGE(WAL7,AQ7,AV7) -> 109.69231 | L7: =IFERROR(AVERAGE(K7:K21),"-") -> 105.9358 | M7: =RANK(K7, K$7:$K$21) -> 1 | R7: =Q7/P7 -> #DIV/0! | S7: =RANK(R7, R$7:R$21) -> #DIV/0! | T7: =AVERAGE(R7:R21) -> #DIV/0! | W7: =V7/U7 -> #DIV/0! | X7: =RANK(W7, W$7:W$21) -> #DIV/0! | Y7: =AVERAGE(W7:W21) -> #DIV/0! | AB7: =AA7/Z7 -> #DIV/0! | AC7: =RANK(AB7, AB$7:AB$21) -> #DIV/0! | AD7: =AVERAGE(AB7:AB21) -> #DIV/0! | AG7: =AF7/AE7 -> #DIV/0! | AH7: =RANK(AG7, AG$7:AG$21) -> #DIV/0! | AI7: =AVERAGE(AG7:AG21) -> #DIV/0! | AJ7: 13 | AK7: 1077 | AL7: =AK7/AJ7 -> 82.846154 | AM7: =RANK(AL7, AL$7:AL$21) -> 3 | AN7: =AVERAGE(AL7:AL21) -> 91.865385 | AO7: 13 | AP7: 1407 | AQ7: =AP7/AO7 -> 108.23077 | AR7: =RANK(AQ7, AQ$7:AQ$21) -> 3 | AS7: =AVERAGE(AQ7:AQ21) -> 110.43803 | AT7: 13 | AU7: 1445 | AV7: =AU7/AT7 -> 111.15385 | AW7: =RANK(AV7, AV$7:AV$21) -> 2 | AX7: =AVERAGE(AV7:AV21) -> 106.55525
C8: 2 | D8: 起司馬鈴薯 | E8: =VLOOKUP(D8,'11產線配置圖'!$A$2:$C$30,2,0) -> 12 | F8: =VLOOKUP(D8,'11產線配置圖'!$A$2:$C$30,3,0) -> 1565 | G8: =F8/E8 -> 130.41667 | I8: =AVERAGE(P8,U8,Z8,AE8,AJ8,AO8,AT8) -> 12 | J8: =AVERAGE(Q8,V8,AA8,AF8,AK8,AP8,AU8) -> 1308.3333 | K8: =AVERAGE(AL8,AQ8,AV8) -> 109.02778 | M8: =RANK(K8, K$7:$K$21) -> 2 | R8: =Q8/P8 -> #DIV/0! | S8: =RANK(R8, R$7:R$21) -> #DIV/0! | W8: =V8/U8 -> #DIV/0! | X8: =RANK(W8, W$7:W$21) -> #DIV/0! | AB8: =AA8/Z8 -> #DIV/0! | AC8: =RANK(AB8, AB$7:AB$21) -> #DIV/0! | AG8: =AF8/AE8 -> #DIV/0! | AH8: =RANK(AG8, AG$7:AG$21) -> #DIV/0! | AJ8: 12 | AK8: 1168 | AL8: =AK8/AJ8 -> 97.333333 | AM8: =RANK(AL8, AL$7:AL$21) -> 1 | AO8: 12 | AP8: 1346 | AQ8: =AP8/AO8 -> 112.16667 | AR8: =RANK(AQ8, AQ$7:AQ$21) -> 1 | AT8: 12 | AU8: 1411 | AV8: =AU8/AT8 -> 117.58333 | AW8: =RANK(AV8, AV$7:AV$21) -> 1
C9: 3 | D9: 台式綜合甜不辣 | E9: =VLOOKUP(D9,'11產線配置圖'!$A$2:$C$30,2,0) -> 12 | F9: =VLOOKUP(D9,'11產線配置圖'!$A$2:$C$30,3,0) -> 1565 | G9: =F9/E9 -> 130.41667 | I9: =AVERAGE(P9,U9,Z9,AE9,AJ9,AO9,AT9) -> 12.666667 | J9: =AVERAGE(Q9,V9,AA9,AF9,AK9,AP9,AU9) -> 1249.6667 | K9: =AVERAGE(AL9,AQ9,AV9) -> 99.087302 | M9: =RANK(K9, K$7:$K$21) -> 3 | R9: =Q9/P9 -> #DIV/0! | S9: =RANK(R9, R$7:R$21) -> #DIV/0! | W9: =V9/U9 -> #DIV/0! | X9: =RANK(W9, W$7:W$21) -> #DIV/0! | AB9: =AA9/Z9 -> #DIV/0! | AC9: =RANK(AB9, AB$7:AB$21) -> #DIV/0! | AG9: =AF9/AE9 -> #DIV/0! | AH9: =RANK(AG9, AG$7:AG$21) -> #DIV/0! | AJ9: 12 | AK9: 1145 | AL9: =AK9/AJ9 -> 95.416667 | AM9: =RANK(AL9, AL$7:AL$21) -> 2 | AO9: 12 | AP9: 1331 | AQ9: =AP9/AO9 -> 110.91667 | AR9: =RANK(AQ9, AQ$7:AQ$21) -> 2 | AT9: 14 | AU9: 1273 | AV9: =AU9/AT9 -> 90.928571 | AW9: =RANK(AV9, AV$7:AV$21) -> 3
C10: 4 | R10: =Q10/P10 -> #DIV/0! | S10: =RANK(R10, R$7:R$21) -> #DIV/0!
C11: 5 | R11: =Q11/P11 -> #DIV/0! | S11: =RANK(R11, R$7:R$21) -> #DIV/0!
C12: 6 | R12: =Q12/P12 -> #DIV/0! | S12: =RANK(R12, R$7:R$21) -> #DIV/0!
C13: 7 | R13: =Q13/P13 -> #DIV/0! | S13: =RANK(R13, R$7:R$21) -> #DIV/0!
C14: 8
C15: 9
C16: 10
C17: 11
C18: 12
C19: 13
C20: 14
C21: 15
B22: 產線配置圖－每週更新 | N22: 資料繳交 | O22: 日期 | P22: 45965 | U22: 45966 | Z22: 45967 | AE22: 45968 | AJ22: 45969 | AO22: 45970 | AT22: 45971
P23: 二 | U23: 三 | Z23: 四 | AE23: 五 | AJ23: 六 | AO23: 日 | AT23: 一
B24: 品群 | C24: 商品名稱 | E24: 計畫 | H24: 平均人時性 | I24: 實績 | L24: 平均人時性 | M24: 排名 | O24: 日報 | P24: 實際 | T24: 平均人時性 | U24: 實際 | Y24: 平均人時性 | Z24: 實際 | AD24: 平均人時性 | AE24: 實際 | AI24: 平均人時性 | AJ24: 實際 | AN24: 平均人時性 | AO24: 實際 | AS24: 平均人時性 | AT24: 實際 | AX24: 平均人時性
E25: 產線配置圖 | I25: 產線配置圖 | P25: 生產實績 | U25: 生產實績 | Z25: 生產實績 | AE25: 生產實績 | AJ25: 生產實績 | AO25: 生產實績 | AT25: 生產實績
E26: 人數 | F26: 產能／時 | G26: 人時性 | I26: 人數 | J26: 產能／時 | K26: 人時性 | P26: 人數 | Q26: 產能／時 | R26: 人時性 | S26: 排名 | U26: 人數 | V26: 產能／時 | W26: 人時性 | X26: 排名 | Z26: 人數 | AA26: 產能／時 | AB26: 人時性 | AC26: 排名 | AE26: 人數 | AF26: 產能／時 | AG26: 人時性 | AH26: 排名 | AJ26: 人數 | AK26: 產能／時 | AL26: 人時性 | AM26: 排名 | AO26: 人數 | AP26: 產能／時 | AQ26: 人時性 | AR26: 排名 | AT26: 人數 | AU26: 產能／時 | AV26: 人時性 | AW26: 排名
B27: 微波小吃 | C27: 1 | D27: 小滷青蔬 | E27: =VLOOKUP(D27,'11產線配置圖'!$A$2:$C$30,2,0) -> 13 | F27: =VLOOKUP(D27,'11產線配置圖'!$A$2:$C$30,3,0) -> 1565 | G27: =F27/E27 -> 120.38462 | H27: =AVERAGE(G27:G41) -> 127.07265 | I27: =AVERAGE(P27,U27,Z27,AE27,AJ27,AO27,AT27) -> 13 | J27: =AVERAGE(Q27,V27,AA27,AF27,AK27,AP27,AU27) -> 1458.7143 | K27: =AVERAGE(R27,W27,AB27,AG27,AL27,AQ27,AV27) -> 112.20879 | L27: =IFERROR(AVERAGE(K27:K41),"-") -> 112.24817 | M27: =RANK(K27, K$27:$K$41) -> 2 | P27: 13 | Q27: 1518 | R27: =Q27/P27 -> 116.76923 | S27: =RANK(R27, $R$27:$R$41) -> 1 | T27: =AVERAGE(R27:R41) -> 113.11752 | U27: 13 | V27: 1559 | W27: =V27/U27 -> 119.92308 | X27: =RANK(W27, $W$27:$W$41) -> 1 | Y27: =AVERAGE(W27:W41) -> 104.50214 | Z27: 13 | AA27: 1431 | AB27: =AA27/Z27 -> 110.07692 | AC27: =RANK(AB27, $AB$27:$AB$29) -> 3 | AD27: =AVERAGE(AB27:AB41) -> 112.44231 | AE27: 13 | AF27: 1374 | AG27: =AF27/AE27 -> 105.69231 | AH27: =RANK(AG27, $AG$27:$AG$29) -> 3 | AI27: =AVERAGE(AG27:AG41) -> 113.42521 | AJ27: 13 | AK27: 1410 | AL27: =AK27/AJ27 -> 108.46154 | AM27: =RANK(AL27, $AL$27:$AL$29) -> 2 | AN27: =AVERAGE(AL27:AL41) -> 110.04274 | AO27: 13 | AP27: 1505 | AQ27: =AP27/AO27 -> 115.76923 | AR27: =RANK(AQ27, $AQ$27:$AQ$41) -> 2 | AS27: =AVERAGE(AQ27:AQ41) -> 118.58974 | AT27: 13 | AU27: 1414 | AV27: =AU27/AT27 -> 108.76923 | AW27: =RANK(AV27, $AV$27:$AV$41) -> 3 | AX27: =AVERAGE(AV27:AV41) -> 113.61752
C28: 2 | D28: 起司馬鈴薯 | E28: =VLOOKUP(D28,'11產線配置圖'!$A$2:$C$30,2,0) -> 12 | F28: =VLOOKUP(D28,'11產線配置圖'!$A$2:$C$30,3,0) -> 1565 | G28: =F28/E28 -> 130.41667 | I28: =AVERAGE(P28,U28,Z28,AE28,AJ28,AO28,AT28) -> 12 | J28: =AVERAGE(Q28,V28,AA28,AF28,AK28,AP28,AU28) -> 1401.2857 | K28: =AVERAGE(R28,W28,AB28,AG28,AL28,AQ28,AV28) -> 116.77381 | M28: =RANK(K28, K$27:$K$41) -> 1 | P28: 12 | Q28: 1340 | R28: =Q28/P28 -> 111.66667 | S28: =RANK(R28, $R$27:$R$41) -> 2 | U28: 12 | V28: 1409 | W28: =V28/U28 -> 117.41667 | X28: =RANK(W28, $W$27:$W$41) -> 2 | Z28: 12 | AA28: 1351 | AB28: =AA28/Z28 -> 112.58333 | AC28: =RANK(AB28, $AB$27:$AB$29) -> 2 | AE28: 12 | AF28: 1509 | AG28: =AF28/AE28 -> 125.75 | AH28: =RANK(AG28, $AG$27:$AG$29) -> 1 | AJ28: 12 | AK28: 1379 | AL28: =AK28/AJ28 -> 114.91667 | AM28: =RANK(AL28, $AL$27:$AL$29) -> 1 | AO28: 12 | AP28: 1506 | AQ28: =AP28/AO28 -> 125.5 | AR28: =RANK(AQ28, $AQ$27:$AQ$41) -> 1 | AT28: 12 | AU28: 1315 | AV28: =AU28/AT28 -> 109.58333 | AW28: =RANK(AV28, $AV$27:$AV$41) -> 2
C29: 3 | D29: 台式綜合甜不辣 | E29: =VLOOKUP(D29,'11產線配置圖'!$A$2:$C$30,2,0) -> 12 | F29: =VLOOKUP(D29,'11產線配置圖'!$A$2:$C$30,3,0) -> 1565 | G29: =F29/E29 -> 130.41667 | I29: =AVERAGE(P29,U29,Z29,AE29,AJ29,AO29,AT29) -> 12 | J29: =AVERAGE(Q29,V29,AA29,AF29,AK29,AP29,AU29) -> 1293.1429 | K29: =AVERAGE(R29,W29,AB29,AG29,AL29,AQ29,AV29) -> 107.7619 | M29: =RANK(K29, K$27:$K$41) -> 3 | P29: 12 | Q29: 1331 | R29: =Q29/P29 -> 110.91667 | S29: =RANK(R29, $R$27:$R$41) -> 3 | U29: 12 | V29: 914 | W29: =V29/U29 -> 76.166667 | X29: =RANK(W29, $W$27:$W$41) -> 3 | Z29: 12 | AA29: 1376 | AB29: =AA29/Z29 -> 114.66667 | AC29: =RANK(AB29, $AB$27:$AB$29) -> 1 | AE29: 12 | AF29: 1306 | AG29: =AF29/AE29 -> 108.83333 | AH29: =RANK(AG29, $AG$27:$AG$29) -> 2 | AJ29: 12 | AK29: 1281 | AL29: =AK29/AJ29 -> 106.75 | AM29: =RANK(AL29, $AL$27:$AL$29) -> 3 | AO29: 12 | AP29: 1374 | AQ29: =AP29/AO29 -> 114.5 | AR29: =RANK(AQ29, $AQ$27:$AQ$41) -> 3 | AT29: 12 | AU29: 1470 | AV29: =AU29/AT29 -> 122.5 | AW29: =RANK(AV29, $AV$27:$AV$41) -> 1
C30: 4
C31: 5
C32: 6
C33: 7
C34: 8
C35: 9
C36: 10
C37: 11
C38: 12
C39: 13
C40: 14
C41: 15
B42: 產線配置圖－每週更新 | N42: 資料繳交 | O42: 日期 | P42: 45972 | U42: 45973 | Z42: 45974 | AE42: 45975 | AJ42: 45976 | AO42: 45977 | AT42: 45978
P43: 二 | U43: 三 | Z43: 四 | AE43: 五 | AJ43: 六 | AO43: 日 | AT43: 一
B44: 品群 | C44: 商品名稱 | E44: 計畫 | H44: 平均人時性 | I44: 實績 | L44: 平均人時性 | M44: 排名 | O44: 日報 | P44: 實際 | T44: 平均人時性 | U44: 實際 | Y44: 平均人時性 | Z44: 實際 | AD44: 平均人時性 | AE44: 實際 | AI44: 平均人時性 | AJ44: 實際 | AN44: 平均人時性 | AO44: 實際 | AS44: 平均人時性 | AT44: 實際 | AX44: 平均人時性
E45: 產線配置圖 | I45: 產線配置圖 | P45: 生產實績 | U45: 生產實績 | Z45: 生產實績 | AE45: 生產實績 | AJ45: 生產實績 | AO45: 生產實績 | AT45: 生產實績
E46: 人數 | F46: 產能／時 | G46: 人時性 | I46: 人數 | J46: 產能／時 | K46: 人時性 | P46: 人數 | Q46: 產能／時 | R46: 人時性 | S46: 排名 | U46: 人數 | V46: 產能／時 | W46: 人時性 | X46: 排名 | Z46: 人數 | AA46: 產能／時 | AB46: 人時性 | AC46: 排名 | AE46: 人數 | AF46: 產能／時 | AG46: 人時性 | AH46: 排名 | AJ46: 人數 | AK46: 產能／時 | AL46: 人時性 | AM46: 排名 | AO46: 人數 | AP46: 產能／時 | AQ46: 人時性 | AR46: 排名 | AT46: 人數 | AU46: 產能／時 | AV46: 人時性 | AW46: 排名
B47: 微波小吃 | C47: 1 | D47: 小滷青蔬 | E47: =VLOOKUP(D47,'11產線配置圖'!$A$2:$C$30,2,0) -> 13 | F47: =VLOOKUP(D47,'11產線配置圖'!$A$2:$C$30,3,0) -> 1565 | G47: =F47/E47 -> 120.38462 | H47: =AVERAGE(G47:G61) -> 127.07265 | I47: =AVERAGE(P47,U47,Z47,AE47,AJ47,AO47,AT47) -> 13 | J47: =AVERAGE(Q47,V47,AA47,AF47,AK47,AP47,AU47) -> 1467.1429 | K47: =AVERAGE(R47,W47,AB47,AG47,AL47,AQ47,AV47) -> 112.85714 | L47: =IFERROR(AVERAGE(K47:K61),"-") -> 113.24206 | M47: =RANK(K47, K$47:$K$61) -> 2 | P47: 13 | Q47: 1457 | R47: =Q47/P47 -> 112.07692 | S47: =RANK(R47, $R$47:$R$49) -> 3 | T47: =AVERAGE(R47:R61) -> 116.02564 | U47: 13 | V47: 1534 | W47: =V47/U47 -> 118 | X47: =RANK(W47, $W$47:$W$49) -> 2 | Y47: =AVERAGE(W47:W61) -> 116.05556 | Z47: 13 | AA47: 1421 | AB47: =AA47/Z47 -> 109.30769 | AC47: =RANK(AB47, $AB$47:$AB$49) -> 1 | AD47: =AVERAGE(AB47:AB61) -> 107.32479 | AE47: 13 | AF47: 1469 | AG47: =AF47/AE47 -> 113 | AH47: =RANK(AG47,$AG$47:$AG$49) -> 2 | AI47: =AVERAGE(AG47:AG61) -> 112.44444 | AJ47: 13 | AK47: 1554 | AL47: =AK47/AJ47 -> 119.53846 | AM47: =RANK(AL47, $AL$47:$AL$49) -> 1 | AN47: =AVERAGE(AL47:AL61) -> 118.17949 | AO47: 13 | AP47: 1419 | AQ47: =AP47/AO47 -> 109.15385 | AR47: =RANK(AQ47,$AQ$47:$AQ$49) -> 3 | AS47: =AVERAGE(AQ47:AQ61) -> 115.57906 | AT47: 13 | AU47: 1416 | AV47: =AU47/AT47 -> 108.92308 | AW47: =RANK(AV47,$AV$47:$AV$49) -> 1 | AX47: =AVERAGE(AV47:AV61) -> 107.08547
C48: 2 | D48: 起司馬鈴薯 | E48: =VLOOKUP(D48,'11產線配置圖'!$A$2:$C$30,2,0) -> 12 | F48: =VLOOKUP(D48,'11產線配置圖'!$A$2:$C$30,3,0) -> 1565 | G48: =F48/E48 -> 130.41667 | I48: =AVERAGE(P48,U48,Z48,AE48,AJ48,AO48,AT48) -> 12 | J48: =AVERAGE(Q48,V48,AA48,AF48,AK48,AP48,AU48) -> 1405.8571 | K48: =AVERAGE(R48,W48,AB48,AG48,AL48,AQ48,AV48) -> 117.15476 | M48: =RANK(K48, K$47:$K$61) -> 1 | P48: 12 | Q48: 1411 | R48: =Q48/P48 -> 117.58333 | S48: =RANK(R48, $R$47:$R$49) -> 2 | U48: 12 | V48: 1488 | W48: =V48/U48 -> 124 | X48: =RANK(W48, $W$47:$W$49) -> 1 | Z48: 12 | AA48: 1270 | AB48: =AA48/Z48 -> 105.83333 | AC48: =RANK(AB48, $AB$47:$AB$49) -> 3 | AE48: 12 | AF48: 1415 | AG48: =AF48/AE48 -> 117.91667 | AH48: =RANK(AG48,$AG$47:$AG$49) -> 1 | AJ48: 12 | AK48: 1431 | AL48: =AK48/AJ48 -> 119.25 | AM48: =RANK(AL48, $AL$47:$AL$49) -> 2 | AO48: 12 | AP48: 1534 | AQ48: =AP48/AO48 -> 127.83333 | AR48: =RANK(AQ48,$AQ$47:$AQ$49) -> 1 | AT48: 12 | AU48: 1292 | AV48: =AU48/AT48 -> 107.66667 | AW48: =RANK(AV48,$AV$47:$AV$49) -> 2
C49: 3 | D49: 台式綜合甜不辣 | E49: =VLOOKUP(D49,'11產線配置圖'!$A$2:$C$30,2,0) -> 12 | F49: =VLOOKUP(D49,'11產線配置圖'!$A$2:$C$30,3,0) -> 1565 | G49: =F49/E49 -> 130.41667 | I49: =AVERAGE(P49,U49,Z49,AE49,AJ49,AO49,AT49) -> 12 | J49: =AVERAGE(Q49,V49,AA49,AF49,AK49,AP49,AU49) -> 1316.5714 | K49: =AVERAGE(R49,W49,AB49,AG49,AL49,AQ49,AV49) -> 109.71429 | M49: =RANK(K49, K$47:$K$61) -> 3 | P49: 12 | Q49: 1421 | R49: =Q49/P49 -> 118.41667 | S49: =RANK(R49, $R$47:$R$49) -> 1 | U49: 12 | V49: 1274 | W49: =V49/U49 -> 106.16667 | X49: =RANK(W49, $W$47:$W$49) -> 3 | Z49: 12 | AA49: 1282 | AB49: =AA49/Z49 -> 106.83333 | AC49: =RANK(AB49, $AB$47:$AB$49) -> 2 | AE49: 12 | AF49: 1277 | AG49: =AF49/AE49 -> 106.41667 | AH49: =RANK(AG49,$AG$47:$AG$49) -> 3 | AJ49: 12 | AK49: 1389 | AL49: =AK49/AJ49 -> 115.75 | AM49: =RANK(AL49, $AL$47:$AL$49) -> 3 | AO49: 12 | AP49: 1317 | AQ49: =AP49/AO49 -> 109.75 | AR49: =RANK(AQ49,$AQ$47:$AQ$49) -> 2 | AT49: 12 | AU49: 1256 | AV49: =AU49/AT49 -> 104.66667 | AW49: =RANK(AV49,$AV$47:$AV$49) -> 3
C50: 4
C51: 5
C52: 6
C53: 7
C54: 8
C55: 9
C56: 10
C57: 11
C58: 12
C59: 13
C60: 14
C61: 15
B62: 產線配置圖－每週更新 | N62: 資料繳交 | O62: 日期 | P62: 45979 | U62: 45980 | Z62: 45981 | AE62: 45982 | AJ62: 45983 | AO62: 45984 | AT62: 45985
P63: 二 | U63: 三 | Z63: 四 | AE63: 五 | AJ63: 六 | AO63: 日 | AT63: 一
B64: 品群 | C64: 商品名稱 | E64: 計畫 | H64: 平均人時性 | I64: 實績 | L64: 平均人時性 | M64: 排名 | O64: 日報 | P64: 實際 | T64: 平均人時性 | U64: 實際 | Y64: 平均人時性 | Z64: 實際 | AD64: 平均人時性 | AE64: 實際 | AI64: 平均人時性 | AJ64: 實際 | AN64: 平均人時性 | AO64: 實際 | AS64: 平均人時性 | AT64: 實際 | AX64: 平均人時性
E65: 產線配置圖 | I65: 產線配置圖 | P65: 生產實績 | U65: 生產實績 | Z65: 生產實績 | AE65: 生產實績 | AJ65: 生產實績 | AO65: 生產實績 | AT65: 生產實績
E66: 人數 | F66: 產能／時 | G66: 人時性 | I66: 人數 | J66: 產能／時 | K66: 人時性 | P66: 人數 | Q66: 產能／時 | R66: 人時性 | S66: 排名 | U66: 人數 | V66: 產能／時 | W66: 人時性 | X66: 排名 | Z66: 人數 | AA66: 產能／時 | AB66: 人時性 | AC66: 排名 | AE66: 人數 | AF66: 產能／時 | AG66: 人時性 | AH66: 排名 | AJ66: 人數 | AK66: 產能／時 | AL66: 人時性 | AM66: 排名 | AO66: 人數 | AP66: 產能／時 | AQ66: 人時性 | AR66: 排名 | AT66: 人數 | AU66: 產能／時 | AV66: 人時性 | AW66: 排名
B67: 微波小吃 | C67: 1 | D67: 小滷青蔬 | E67: =VLOOKUP(D67,'11產線配置圖'!$A$2:$C$30,2,0) -> 13 | F67: =VLOOKUP(D67,'11產線配置圖'!$A$2:$C$30,3,0) -> 1565 | G67: =F67/E67 -> 120.38462 | H67: =AVERAGE(G67:G81) -> 127.07265 | I67: =AVERAGE(P67,U67,Z66,AE67,AJ67,AO67,AT67) -> 13 | J67: =AVERAGE(Q67,V67,AA67,AF67,AK67,AP67,AU67) -> 1492.4286 | K67: =AVERAGE(R67,W67,AB67,AG67,AL67,AQ67,AV67) -> 114.8022 | L67: =IFERROR(AVERAGE(K67:K81),"-") -> 108.97375 | M67: =RANK(K67, K$67:$K$81) -> 1 | P67: 13 | Q67: 1377 | R67: =Q67/P67 -> 105.92308 | S67: =RANK(R67,$R$67:$R$81) -> 2 | T67: =AVERAGE(R67:R81) -> 107.89103 | U67: 13 | V67: 1524 | W67: =V67/U67 -> 117.23077 | X67: =RANK(W67,$W$67:$W$81) -> 1 | Y67: =AVERAGE(W67:W81) -> 101.99359 | Z67: 13 | AA67: 1472 | AB67: =AA67/Z67 -> 113.23077 | AC67: =RANK(AB67, $AB$67:$AB$69) -> 2 | AD67: =AVERAGE(AB67:AB81) -> 113.1047 | AE67: 13 | AF67: 1553 | AG67: =AF67/AE67 -> 119.46154 | AH67: =RANK(AG67, $AG$67:$AG$69) -> 2 | AI67: =AVERAGE(AG67:AG81) -> 110.18162 | AJ67: 13 | AK67: 1482 | AL67: =AK67/AJ67 -> 114 | AM67: =RANK(AL67, $AL$67:$AL$69) -> 3 | AN67: =AVERAGE(AL67:AL81) -> 116.19444 | AO67: 13 | AP67: 1532 | AQ67: =AP67/AO67 -> 117.84615 | AR67: =RANK(AQ67, $AQ$67:$AQ$69) -> 1 | AS67: =AVERAGE(AQ67:AQ81) -> 107.83761 | AT67: 13 | AU67: 1507 | AV67: =AU67/AT67 -> 115.92308 | AW67: =RANK(AV67, $AV$67:$AV$69) -> 1 | AX67: =AVERAGE(AV67:AV81) -> 105.61325
C68: 2 | D68: 起司馬鈴薯 | E68: =VLOOKUP(D68,'11產線配置圖'!$A$2:$C$30,2,0) -> 12 | F68: =VLOOKUP(D68,'11產線配置圖'!$A$2:$C$30,3,0) -> 1565 | G68: =F68/E68 -> 130.41667 | I68: =AVERAGE(P68,U68,Z67,AE68,AJ68,AO68,AT68) -> 12.142857 | J68: =AVERAGE(Q68,V68,AA68,AF68,AK68,AP68,AU68) -> 1333.8571 | K68: =AVERAGE(R68,W68,AB68,AG68,AL68,AQ68,AV68) -> 111.15476 | M68: =RANK(K68, K$67:$K$81) -> 2 | P68: 12 | Q68: 1356 | R68: =Q68/P68 -> 113 | S68: =RANK(R68,$R$67:$R$81) -> 1 | U68: 12 | V68: 1145 | W68: =V68/U68 -> 95.416667 | X68: =RANK(W68,$W$67:$W$81) -> 2 | Z68: 12 | AA68: 1415 | AB68: =AA68/Z68 -> 117.91667 | AC68: =RANK(AB68, $AB$67:$AB$69) -> 1 | AE68: 12 | AF68: 1436 | AG68: =AF68/AE68 -> 119.66667 | AH68: =RANK(AG68, $AG$67:$AG$69) -> 1 | AJ68: 12 | AK68: 1407 | AL68: =AK68/AJ68 -> 117.25 | AM68: =RANK(AL68, $AL$67:$AL$69) -> 2 | AO68: 12 | AP68: 1276 | AQ68: =AP68/AO68 -> 106.33333 | AR68: =RANK(AQ68, $AQ$67:$AQ$69) -> 2 | AT68: 12 | AU68: 1302 | AV68: =AU68/AT68 -> 108.5 | AW68: =RANK(AV68, $AV$67:$AV$69) -> 2
C69: 3 | D69: 台式綜合甜不辣 | E69: =VLOOKUP(D69,'11產線配置圖'!$A$2:$C$30,2,0) -> 12 | F69: =VLOOKUP(D69,'11產線配置圖'!$A$2:$C$30,3,0) -> 1565 | G69: =F69/E69 -> 130.41667 | I69: =AVERAGE(P69,U69,Z69,AE69,AJ69,AO69,AT69) -> 12 | J69: =AVERAGE(Q69,V69,AA69,AF69,AK69,AP69,AU69) -> 1211.5714 | K69: =AVERAGE(R69,W69,AB69,AG69,AL69,AQ69,AV69) -> 100.96429 | M69: =RANK(K69, K$67:$K$81) -> 3 | P69: 12 | Q69: 1257 | R69: =Q69/P69 -> 104.75 | S69: =RANK(R69,$R$67:$R$81) -> 3 | U69: 12 | V69: 1120 | W69: =V69/U69 -> 93.333333 | X69: =RANK(W69,$W$67:$W$81) -> 3 | Z69: 12 | AA69: 1298 | AB69: =AA69/Z69 -> 108.16667 | AC69: =RANK(AB69, $AB$67:$AB$69) -> 3 | AE69: 12 | AF69: 1097 | AG69: =AF69/AE69 -> 91.416667 | AH69: =RANK(AG69, $AG$67:$AG$69) -> 3 | AJ69: 12 | AK69: 1408 | AL69: =AK69/AJ69 -> 117.33333 | AM69: =RANK(AL69, $AL$67:$AL$69) -> 1 | AO69: 12 | AP69: 1192 | AQ69: =AP69/AO69 -> 99.333333 | AR69: =RANK(AQ69, $AQ$67:$AQ$69) -> 3 | AT69: 12 | AU69: 1109 | AV69: =AU69/AT69 -> 92.416667 | AW69: =RANK(AV69, $AV$67:$AV$69) -> 3
C70: 4
C71: 5
C72: 6
C73: 7
C74: 8
C75: 9
C76: 10
C77: 11
C78: 12
C79: 13
C80: 14
C81: 15
B82: 產線配置圖－每週更新 | N82: 資料繳交 | O82: 日期 | P82: 45986 | U82: 45987 | Z82: 45988 | AE82: 45989 | AJ82: 45990 | AO82: 45991 | AT82: 45992
P83: 二 | U83: 三 | Z83: 四 | AE83: 五 | AJ83: 六 | AO83: 日 | AT83: 一
B84: 品群 | C84: 商品名稱 | E84: 計畫 | H84: 平均人時性 | I84: 實績 | L84: 平均人時性 | M84: 排名 | O84: 日報 | P84: 實際 | T84: 平均人時性 | U84: 實際 | Y84: 平均人時性 | Z84: 實際 | AD84: 平均人時性 | AE84: 實際 | AI84: 平均人時性 | AJ84: 實際 | AN84: 平均人時性 | AO84: 實際 | AS84: 平均人時性 | AT84: 實際 | AX84: 平均人時性
E85: 產線配置圖 | I85: 產線配置圖 | P85: 生產實績 | U85: 生產實績 | Z85: 生產實績 | AE85: 生產實績 | AJ85: 生產實績 | AO85: 生產實績 | AT85: 生產實績
E86: 人數 | F86: 產能／時 | G86: 人時性 | I86: 人數 | J86: 產能／時 | K86: 人時性 | P86: 人數 | Q86: 產能／時 | R86: 人時性 | S86: 排名 | U86: 人數 | V86: 產能／時 | W86: 人時性 | X86: 排名 | Z86: 人數 | AA86: 產能／時 | AB86: 人時性 | AC86: 排名 | AE86: 人數 | AF86: 產能／時 | AG86: 人時性 | AH86: 排名 | AJ86: 人數 | AK86: 產能／時 | AL86: 人時性 | AM86: 排名 | AO86: 人數 | AP86: 產能／時 | AQ86: 人時性 | AR86: 排名 | AT86: 人數 | AU86: 產能／時 | AV86: 人時性 | AW86: 排名
B87: 微波小吃 | C87: 1 | D87: 小滷青蔬 | E87: =VLOOKUP(D87,'11產線配置圖'!$A$2:$C$30,2,0) -> 13 | F87: =VLOOKUP(D87,'11產線配置圖'!$A$2:$C$30,3,0) -> 1565 | G87: =F87/E87 -> 120.38462 | H87: =AVERAGE(G87:G101) -> 127.07265 | I87: =AVERAGE(P87,U87,Z87,AE87,AJ87,AO87,AT87) -> #DIV/0! | J87: =AVERAGE(Q87,V87,AA87,AF87,AK87,AP87,AU87) -> #DIV/0! | K87: =AVERAGE(R87,W87,AB87,AG87,AL87,AQ87,AV87) -> #DIV/0! | L87: =IFERROR(AVERAGE(K87:K101),"-") -> - | M87: =RANK(K87, K$87:$K$101) -> #DIV/0! | R87: =Q87/P87 -> #DIV/0! | S87: =RANK(R87,$R$87:$R$101) -> #DIV/0! | T87: =AVERAGE(R87:R101) -> #DIV/0! | W87: =V87/U87 -> #DIV/0! | X87: =RANK(W87,$W$87:$W$90) -> #DIV/0! | Y87: =AVERAGE(W87:W101) -> #DIV/0! | AB87: =AA87/Z87 -> #DIV/0! | AC87: =RANK(AB87,$AB$87:$AB$101) -> #DIV/0! | AD87: =AVERAGE(AB87:AB101) -> #DIV/0! | AG87: =AF87/AE87 -> #DIV/0! | AH87: =RANK(AG87,$AG$87:$AG$101) -> #DIV/0! | AI87: =AVERAGE(AG87:AG101) -> #DIV/0! | AL87: =AK87/AJ87 -> #DIV/0! | AM87: =RANK(AL87,$AL$87:$AL$90) -> #DIV/0! | AN87: =AVERAGE(AL87:AL101) -> #DIV/0! | AQ87: =AP87/AO87 -> #DIV/0! | AR87: =RANK(AQ87,$AQ$87:$AQ$101) -> #DIV/0! | AS87: =AVERAGE(AQ87:AQ101) -> #DIV/0! | AV87: =AU87/AT87 -> #DIV/0! | AW87: =RANK(AV87,$AV$87:$AV$101) -> #DIV/0! | AX87: =AVERAGE(AV87:AV101) -> #DIV/0!
C88: 2 | D88: 起司馬鈴薯 | E88: =VLOOKUP(D88,'11產線配置圖'!$A$2:$C$30,2,0) -> 12 | F88: =VLOOKUP(D88,'11產線配置圖'!$A$2:$C$30,3,0) -> 1565 | G88: =F88/E88 -> 130.41667 | I88: =AVERAGE(P88,U88,Z88,AE88,AJ88,AO88,AT88) -> #DIV/0! | J88: =AVERAGE(Q88,V88,AA88,AF88,AK88,AP88,AU88) -> #DIV/0! | K88: =AVERAGE(R88,W88,AB88,AG88,AL88,AQ88,AV88) -> #DIV/0! | M88: =RANK(K88, K$87:$K$101) -> #DIV/0! | R88: =Q88/P88 -> #DIV/0! | S88: =RANK(R88,$R$87:$R$101) -> #DIV/0! | W88: =V88/U88 -> #DIV/0! | X88: =RANK(W88,$W$87:$W$90) -> #DIV/0! | AB88: =AA88/Z88 -> #DIV/0! | AC88: =RANK(AB88,$AB$87:$AB$101) -> #DIV/0! | AG88: =AF88/AE88 -> #DIV/0! | AH88: =RANK(AG88,$AG$87:$AG$101) -> #DIV/0! | AL88: =AK88/AJ88 -> #DIV/0! | AM88: =RANK(AL88,$AL$87:$AL$90) -> #DIV/0! | AQ88: =AP88/AO88 -> #DIV/0! | AR88: =RANK(AQ88,$AQ$87:$AQ$101) -> #DIV/0! | AV88: =AU88/AT88 -> #DIV/0! | AW88: =RANK(AV88,$AV$87:$AV$101) -> #DIV/0!
C89: 3 | D89: 台式綜合甜不辣 | E89: =VLOOKUP(D89,'11產線配置圖'!$A$2:$C$30,2,0) -> 12 | F89: =VLOOKUP(D89,'11產線配置圖'!$A$2:$C$30,3,0) -> 1565 | G89: =F89/E89 -> 130.41667 | I89: =AVERAGE(P89,U89,Z89,AE89,AJ89,AO89,AT89) -> #DIV/0! | J89: =AVERAGE(Q89,V89,AA89,AF89,AK89,AP89,AU89) -> #DIV/0! | K89: =AVERAGE(R89,W89,AB89,AG89,AL89,AQ89,AV89) -> #DIV/0! | M89: =RANK(K89, K$87:$K$101) -> #DIV/0! | R89: =Q89/P89 -> #DIV/0! | S89: =RANK(R89,$R$87:$R$101) -> #DIV/0! | W89: =V89/U89 -> #DIV/0! | X89: =RANK(W89,$W$87:$W$90) -> #DIV/0! | AB89: =AA89/Z89 -> #DIV/0! | AC89: =RANK(AB89,$AB$87:$AB$101) -> #DIV/0! | AG89: =AF89/AE89 -> #DIV/0! | AH89: =RANK(AG89,$AG$87:$AG$101) -> #DIV/0! | AL89: =AK89/AJ89 -> #DIV/0! | AM89: =RANK(AL89,$AL$87:$AL$90) -> #DIV/0! | AQ89: =AP89/AO89 -> #DIV/0! | AR89: =RANK(AQ89,$AQ$87:$AQ$101) -> #DIV/0! | AV89: =AU89/AT89 -> #DIV/0! | AW89: =RANK(AV89,$AV$87:$AV$101) -> #DIV/0!
C90: 4
C91: 5
C92: 6
C93: 7
C94: 8
C95: 9
C96: 10
C97: 11
C98: 12
C99: 13
C100: 14
...

Sheet 生產管理報表 6-1(週)
A1: 生產管理報表
A3: （６）人時生產性前幾名品項
A5: 品群 | B5: 1 | C5: 2 | D5: 3
B6: 熱食義麵 | C6: 季節調理麵 | D6: 微波小吃
A7: 品群 | C7: 排名 | D7: 商品名 | G7: 人數 | H7: 產能 | I7: 人時生產性 | J7: 前月比 | K7: 主要原因&對策
A8: 1 | B8: 熱食義麵 | C8: 1 | D8: 義式蕃茄起司義大利麵 | G8: 12.428571 | H8: 1861.8571 | I8: 150.11905 | J8: 1.077
C9: 2 | D9: 奶油培根義大利麵 | G9: 13.714286 | H9: 1898.7143 | I9: 138.4843 | J9: 1.02
C10: 3 | D10: 青醬蛤蜊義大利麵 | G10: 13.714286 | H10: 1733.7143 | I10: 126.72449 | J10: 1.006
C11: 4 | D11: 南洋紅咖哩豬義大利麵 | G11: 15.142857 | H11: 1661 | I11: 109.6381
C12: 5 | D12: 韓式起司炸雞義大利麵 | G12: 16.714286 | H12: 1780.8571 | I12: 106.39552 | J12: 0.844 | K12: 配料模式變更待料
C13: ▼1 | D13: 奶油蒜香雞義大利麵 | G13: 16 | H13: 1119.5714 | I13: 69.835177 | J13: 1.021
C14: ▼2 | D14: 濃拿坡里義大利麵 | G14: 14.714286 | H14: 1144.1429 | I14: 77.611565 | J14: 1.054
C15: ▼3 | D15: 剝皮辣椒雞奶油扁麵 | G15: 17.285714 | H15: 1352.7143 | I15: 78.258343 | J15: 0.934 | K15: 新線製作，熟練度不足
C16: ▼4 | D16: 青花椒麻雞肉拌麵 | G16: 16.142857 | H16: 1308.5714 | I16: 81.221113 | J16: 1.039
C17: ▼5 | D17: 焗烤起司雙饗筆尖麵 | G17: 17 | H17: 1427 | I17: 83.846387 | J17: 0.975 | K17: 人員不足
A18: 品群 | C18: 排名 | D18: 商品名 | G18: 人數 | H18: 產能 | I18: 人時生產性 | J18: 前月比 | K18: 主要原因&對策
A19: 2 | B19: 季節調理麵 | C19: 1
C20: 2
C21: 3
C22: 4
C23: 5
C24: ▼1
C25: ▼2
C26: ▼3
C27: ▼4
C28: ▼5
A29: 品群 | C29: 排名 | D29: 商品名 | G29: 人數 | H29: 產能 | I29: 人時生產性 | J29: 前月比 | K29: 主要原因&對策
A30: 3 | B30: 微波小吃 | C30: 1 | D30: 小滷青蔬 | G30: 13 | H30: 1492.4286 | I30: 114.8022 | J30: 1.0172347
C31: 2 | D31: 起司馬鈴薯 | G31: 12 | H31: 1333.8571 | I31: 111.15476 | J31: 0.94878569
C32: 3 | D32: 台式綜合甜不辣 | G32: 12 | H32: 1211.5714 | I32: 100.96429 | J32: 0.9202474 | K32: 生產量過少
C33: 4
C34: 5
C35: ▼1
C36: ▼2
C37: ▼3
C38: ▼4
C39: ▼5

Sheet 生產管理報表 7-1(週)
A1: 生產管理報表
A3: （７）原因別分析
A5: 業績金額 | B5: 16910827 | E5: 前20名原因分析
A6: 項目 | B6: 合計 | E6: 項目 | F6: 1 | H6: 2 | J6: 3 | L6: 4
F7: 展開量高於１０5％ | H7: 調理多產 | J7: 製程不穩 | L7: 取樣不穩
B8: 金額 | C8: 比例 | F8: 金額 | G8: 比例 | H8: 金額 | I8: 比例 | J8: 金額 | K8: 比例 | L8: 金額 | M8: 比例
A9: 報廢 | B9: 55421 | C9: =B9/$B$5 -> 0.0032772495 | E9: 報廢 | F9: ='報廢－原因別分析 (週)'!AB8 -> 40483.789 | G9: ='報廢－原因別分析 (週)'!AB9 -> 0.73333333 | H9: ='報廢－原因別分析 (週)'!AC8 -> 12551.765 | I9: ='報廢－原因別分析 (週)'!AC9 -> 0.066666667 | J9: ='報廢－原因別分析 (週)'!AD8 -> 0 | K9: ='報廢－原因別分析 (週)'!AD9 -> 0 | L9: ='報廢－原因別分析 (週)'!AE8 -> 2385.293 | M9: ='報廢－原因別分析 (週)'!AE9 -> 0.2
A10: 超用 | B10: 15651 | C10: =B10/$B$5 -> 0.00092550175 | E10: 超用 | F10: ='超用－原因別分析 (週) '!AB8 -> 0 | G10: ='超用－原因別分析 (週) '!AB9 -> 0 | H10: ='超用－原因別分析 (週) '!AC8 -> 0 | I10: ='超用－原因別分析 (週) '!AC9 -> 0 | J10: ='超用－原因別分析 (週) '!AD8 -> 0 | K10: ='超用－原因別分析 (週) '!AD9 -> 0 | L10: ='超用－原因別分析 (週) '!AE8 -> 11190.265 | M10: ='超用－原因別分析 (週) '!AE9 -> 0.92307692
E11: 項目 | F11: 5 | H11: 6 | J11: 7 | L11: 8
F12: 原物料規格 | H12: 研發設定 | J12: 其他原因 | L12: 步留不足
F13: 金額 | G13: 比例 | H13: 金額 | I13: 比例 | J13: 金額 | K13: 比例 | L13: 金額 | M13: 比例
E14: 報廢 | F14: ='報廢－原因別分析 (週)'!AF8 -> 0 | G14: ='報廢－原因別分析 (週)'!AF9 -> 0 | H14: ='報廢－原因別分析 (週)'!AG8 -> 0 | I14: ='報廢－原因別分析 (週)'!AG9 -> 0 | J14: ='報廢－原因別分析 (週)'!AH8 -> 0 | K14: ='報廢－原因別分析 (週)'!AH9 -> 0 | L14: ='報廢－原因別分析 (週)'!AI8 -> 0 | M14: ='報廢－原因別分析 (週)'!AI9 -> 0
E15: 超用 | F15: ='超用－原因別分析 (週) '!AF8 -> 2258.5434 | G15: ='超用－原因別分析 (週) '!AF9 -> 0.076923077 | H15: ='超用－原因別分析 (週) '!AG8 -> 0 | I15: ='超用－原因別分析 (週) '!AG9 -> 0 | J15: ='超用－原因別分析 (週) '!AH8 -> 0 | K15: ='超用－原因別分析 (週) '!AH9 -> 0 | L15: ='超用－原因別分析 (週) '!AI8 -> 0 | M15: ='超用－原因別分析 (週) '!AI9 -> 0

Sheet 生產管理報表 8-1(週報廢)
A1: 生產管理報表
A3: （８）報廢原因別前幾名品項
A5: 類型 | B5: 1 | D5: 2 | F5: 3 | H5: 4 | J5: 5 | L5: 6 | N5: 7 | P5: 8
B6: 展開量高於１０5％ | D6: 調理多產 | F6: 製程不穩 | H6: 取樣不穩 | J6: 原物料規格 | L6: 研發設定 | N6: 其他原因 | P6: 步留因素
A8: 類型 | C8: 排名 | D8: 商品名 | G8: 半成品名 | J8: 單價 | K8: 報廢率 | L8: 數量 | M8: 金額 | N8: 前週比 | O8: 主要原因&對策
A9: 1 | B9: 展開量高於１０5％ | C9: 1 | D9: 南洋紅咖哩豬義大利麵 | G9: 義麵-紅咖哩醬 | J9: 117.6 | K9: 0.05 | L9: 159 | M9: =L9*J9 -> 18698.4 | O9: 新品上巿→調整出料率
C10: 2 | D10: 焗烤明太子筆尖麵 | G10: 焗烤奶油白醬 | J10: 117 | K10: 0.075 | L10: 71.2 | M10: =L10*J10 -> 8330.4 | O10: 預估>實際→配料方式變更
C11: 3 | D11: 奶油起司蝦仁通心粉 | G11: 義麵-奶油起司白醬 | J11: 69.1 | K11: 0.01 | L11: 37.2 | M11: =L11*J11 -> 2570.52 | O11: 預估>實際→配料方式變更
C12: 4 | D12: 焗烤起司雙饗筆尖麵 | G12: 義麵-蛋黃白醬(113年) | J12: 77.3 | K12: 0.01 | L12: 44.5 | M12: =L12*J12 -> 3439.85 | O12: 預估>實際→配料方式變更
C13: 5 | D13: 韓式炸雞義大利麵 | G13: 義麵-韓式辣奶油白醬(114年) | J13: 100 | K13: 0.026 | L13: 32.1 | M13: =L13*J13 -> 3210 | O13: 預估>實際→配料方式變更
J14: 前幾名合計比例 | K14: =M14/#REF! -> #REF! | L14: 前幾名合計金額 | M14: =SUM(M9:M13) -> 36249.17
A16: 類型 | C16: 排名 | D16: 商品名 | G16: 半成品名 | J16: 單價 | K16: 報廢率 | L16: 數量 | M16: 金額 | N16: 前週比 | O16: 主要原因&對策
A17: 2 | B17: 調理多產 | C17: 1 | D17: 南洋紅咖哩豬義大利麵 | G17: 炒-紅咖哩豬肉片 | J17: 383.3 | K17: 0.026 | L17: 32.8 | M17: =J17*L17 -> 12572.24 | O17: 新品上巿→調整出料率
C18: 2 | M18: =J18*L18 -> 0
C19: 3 | M19: =J19*L19 -> 0
C20: 4 | M20: =J20*L20 -> 0
C21: 5 | M21: =J21*L21 -> 0
J22: 前幾名合計比例 | K22: =M22/#REF! -> #REF! | L22: 前幾名合計金額 | M22: =SUM(M17:M21) -> 12572.24
A24: 類型 | C24: 排名 | D24: 商品名 | G24: 半成品名 | J24: 單價 | K24: 報廢率 | L24: 數量 | M24: 金額 | N24: 前月比 | O24: 主要原因&對策
A25: 3 | B25: 製程不穩 | C25: 1 | M25: =L25*J25 -> 0
C26: 2 | M26: =L26*J26 -> 0
C27: 3 | M27: =L27*J27 -> 0
C28: 4 | M28: =L28*J28 -> 0
C29: 5 | M29: =L29*J29 -> 0
J30: 前幾名合計比例 | K30: =M30/#REF! -> #REF! | L30: 前幾名合計金額 | M30: =SUM(M25:M29) -> 0

Sheet 生產管理報表 8-2(週報廢)
A1: 生產管理報表
A3: （８）報廢原因別前幾名品項
A5: 類型 | B5: 1 | D5: 2 | F5: 3 | H5: 4 | J5: 5 | L5: 6 | N5: 7 | P5: 8
B6: 展開量高於１０5％ | D6: 調理多產 | F6: 製程不穩 | H6: 取樣不穩 | J6: 原物料規格 | L6: 研發設定 | N6: 其他原因 | P6: 步留因素
A8: 類型 | C8: 排名 | D8: 商品名 | G8: 半成品名 | J8: 單價 | K8: 報廢率 | L8: 數量 | M8: 金額 | N8: 前週比 | O8: 主要原因&對策
A9: 4 | B9: 取樣不穩 | C9: 1 | D9: 奶油起司蝦仁通心粉 | G9: 煮單色彎管麵 | J9: 38.1 | K9: 0.008 | L9: 43.1 | M9: =L9*J9 -> 1642.11 | N9: 0.518 | O9: 包裝超用超補→加強教育訓練
C10: 2 | D10: 剝皮辣椒雞奶油細扁麵 | G10: 細扁麵 | J10: 40 | K10: 0.003 | L10: 10.3 | M10: =L10*J10 -> 412 | N10: 0.278 | O10: 包裝超用超補→加強教育訓練
C11: 3 | D11: 台式綜合甜不辣 | G11: 調理包-味噌醬 | J11: 55 | K11: 0.024 | L11: 6.1 | M11: =L11*J11 -> 335.5 | N11: 0.642 | O11: 包裝超用超補→加強教育訓練
C12: 4 | M12: =L12*J12 -> 0
C13: 5 | M13: =L13*J13 -> 0
J14: 前幾名合計比例 | K14: =M14/#REF! -> #REF! | L14: 前幾名合計金額 | M14: 0
A16: 類型 | C16: 排名 | D16: 商品名 | G16: 半成品名 | J16: 單價 | K16: 報廢率 | L16: 數量 | M16: 金額 | N16: 前週比 | O16: 主要原因&對策
A17: 5 | B17: 原物料規格 | C17: 1 | M17: =L17*J17 -> 0
C18: 2 | M18: =L18*J18 -> 0
C19: 3 | M19: =L19*J19 -> 0
C20: 4 | M20: =L20*J20 -> 0
C21: 5 | M21: =L21*J21 -> 0
J22: 前幾名合計比例 | K22: =M22/#REF! -> #REF! | L22: 前幾名合計金額 | M22: 0
A24: 類型 | C24: 排名 | D24: 商品名 | G24: 半成品名 | J24: 單價 | K24: 報廢率 | L24: 數量 | M24: 金額 | N24: 前月比 | O24: 主要原因&對策
A25: 6 | B25: 研發設定 | C25: 1 | M25: =L25*J25 -> 0
C26: 2
C27: 3
C28: 4
C29: 5
J30: 前幾名合計比例 | K30: =M30/#REF! -> #REF! | L30: 前幾名合計金額 | M30: 0
A32: 類型 | C32: 排名 | D32: 商品名 | G32: 半成品名 | J32: 單價 | K32: 報廢率 | L32: 數量 | M32: 金額 | N32: 前月比 | O32: 主要原因&對策
A33: 7 | B33: 製程不穩 | C33: 1 | M33: 0
C34: 2 | M34: 0
C35: 3 | M35: 0
C36: 4 | M36: 0
C37: 5 | M37: 0
J38: 前幾名合計比例 | K38: =M38/#REF! -> #REF! | L38: 前幾名合計金額 | M38: 0

Sheet 生產管理報表 8-3(週超用)
A1: 生產管理報表
A3: （８）超用原因別前幾名品項
A5: 類型 | B5: 1 | D5: 2 | F5: 3 | H5: 4 | J5: 5 | L5: 6 | N5: 7 | P5: 8
B6: 展開量高於１０5％ | D6: 調理多產 | F6: 製程不穩 | H6: 取樣不穩 | J6: 原物料規格 | L6: 研發設定 | N6: 其他原因 | P6: 步留因素
A8: 類型 | C8: 排名 | D8: 商品名 | G8: 半成品名 | J8: 單價 | K8: 超用率 | L8: 數量 | M8: 金額 | N8: 前週比 | O8: 主要原因&對策
A9: 1 | B9: 展開量高於１０5％ | C9: 1 | M9: =L9*J9 -> 0
C10: 2 | M10: =L10*J10 -> 0
C11: 3 | M11: =L11*J11 -> 0
C12: 4 | M12: =L12*J12 -> 0
C13: 5 | M13: =L13*J13 -> 0
J14: 前幾名合計比例 | K14: =M14/#REF! -> #REF! | L14: 前幾名合計金額 | M14: =SUM(M9:M13) -> 0
A16: 類型 | C16: 排名 | D16: 商品名 | G16: 半成品名 | J16: 單價 | K16: 超用率 | L16: 數量 | M16: 金額 | N16: 前週比 | O16: 主要原因&對策
A17: 2 | B17: 調理多產 | C17: 1
C18: 2
C19: 3
C20: 4
C21: 5
J22: 前幾名合計比例 | K22: =M22/#REF! -> #REF! | L22: 前幾名合計金額 | M22: =SUM(M17:M21) -> 0
A24: 類型 | C24: 排名 | D24: 商品名 | G24: 半成品名 | J24: 單價 | K24: 超用率 | L24: 數量 | M24: 金額 | N24: 前月比 | O24: 主要原因&對策
A25: 3 | B25: 製程不穩 | C25: 1 | M25: =L25*J25 -> 0
C26: 2 | M26: =L26*J26 -> 0
C27: 3 | M27: =L27*J27 -> 0
C28: 4 | M28: =L28*J28 -> 0
C29: 5 | M29: =L29*J29 -> 0
J30: 前幾名合計比例 | K30: =M30/#REF! -> #REF! | L30: 前幾名合計金額 | M30: =SUM(M25:M29) -> 0

Sheet 生產管理報表 8-4(週超用)
A1: 生產管理報表
A3: （８）超用原因別前幾名品項
A5: 類型 | B5: 1 | D5: 2 | F5: 3 | H5: 4 | J5: 5 | L5: 6 | N5: 7 | P5: 8
B6: 展開量高於１０5％ | D6: 調理多產 | F6: 製程不穩 | H6: 取樣不穩 | J6: 原物料規格 | L6: 研發設定 | N6: 其他原因 | P6: 步留因素
A8: 類型 | C8: 排名 | D8: 商品名 | G8: 半成品名 | J8: 單價 | K8: 超用率 | L8: 數量 | M8: 金額 | N8: 前週比 | O8: 主要原因&對策
A9: 4 | B9: 取樣不穩 | C9: 1 | D9: 南洋紅咖哩豬義大利麵 | G9: 炒-紅咖哩豬肉片 | J9: 383.3 | K9: 0.006 | L9: 7.9 | M9: =L9*J9 -> 3028.07 | O9: 加強稽核及教育訓練
C10: 2 | D10: 奶油起司蝦仁通心粉 | G10: 川燙-切紅甜椒丁 | J10: 261.9 | K10: 0.041 | L10: 9.7 | M10: =L10*J10 -> 2540.43 | O10: 加強稽核及教育訓練
C11: 3 | D11: 剝皮辣椒雞奶油細扁麵 | G11: 煮細扁麵 | J11: 40 | K11: 0.026 | L11: 34.5 | M11: =L11*J11 -> 1380 | N11: 0.307 | O11: 加強稽核及教育訓練
C12: 4 | D12: 奶油起司蝦仁通心粉 | G12: 煮單色彎管麵 | J12: 38.1 | K12: 0.01 | L12: 30.5 | M12: =L12*J12 -> 1162.05 | N12: 0.197 | O12: 加強稽核及教育訓練
C13: 5 | D13: 韓式炸雞義大利麵 | G13: 義麵-韓式辣奶油白醬(114年) | J13: 100 | K13: 0.006 | L13: 7.4 | M13: =L13*J13 -> 740 | O13: 加強稽核及教育訓練
J14: 前幾名合計比例 | K14: =M14/#REF! -> #REF! | L14: 前幾名合計金額 | M14: 0
A16: 類型 | C16: 排名 | D16: 商品名 | G16: 半成品名 | J16: 單價 | K16: 超用率 | L16: 數量 | M16: 金額 | N16: 前週比 | O16: 主要原因&對策
A17: 5 | B17: 原物料規格 | C17: 1 | D17: 台式綜合甜不辣 | G17: 瀝水-白蘿蔔塊 | J17: 81.2 | K17: 0.189 | L17: 27.8 | M17: =L17*J17 -> 2257.36
C18: 2 | M18: =L18*J18 -> 0
C19: 3 | M19: =L19*J19 -> 0
C20: 4 | M20: =L20*J20 -> 0
C21: 5 | M21: =L21*J21 -> 0
J22: 前幾名合計比例 | K22: =M22/#REF! -> #REF! | L22: 前幾名合計金額 | M22: 0
A24: 類型 | C24: 排名 | D24: 商品名 | G24: 半成品名 | J24: 單價 | K24: 超用率 | L24: 數量 | M24: 金額 | N24: 前月比 | O24: 主要原因&對策
A25: 6 | B25: 研發設定 | C25: 1 | M25: =L25*J25 -> 0
C26: 2
C27: 3
C28: 4
C29: 5
J30: 前幾名合計比例 | K30: =M30/#REF! -> #REF! | L30: 前幾名合計金額 | M30: 0
A32: 類型 | C32: 排名 | D32: 商品名 | G32: 半成品名 | J32: 單價 | K32: 超用率 | L32: 數量 | M32: 金額 | N32: 前月比 | O32: 主要原因&對策
A33: 7 | B33: 製程不穩 | C33: 1 | M33: 0
C34: 2 | M34: 0
C35: 3 | M35: 0
C36: 4 | M36: 0
C37: 5 | M37: 0
J38: 前幾名合計比例 | K38: =M38/#REF! -> #REF! | L38: 前幾名合計金額 | M38: 0

Sheet 生產管理報表 9(週)
A1: 生產管理報表
A3: （9）步留因素
A5: 類型 | B5: 1 | D5: 2 | F5: 3 | H5: 4 | J5: 5 | L5: 6 | N5: 7 | P5: 8
B6: 展開量高於１０5％ | D6: 調理多產 | F6: 製程不穩 | H6: 取樣不穩 | J6: 原物料規格 | L6: 研發設定 | N6: 其他原因 | P6: 步留因素
A8: 類型 | B8: No. | C8: 商品名 | F8: 半成品名 | I8: 單價 | J8: 規格 | K8: 實績 | L8: 差異 | M8: 主要原因&對策
A9: 作業原因 | B9: 1 | L9: =K9-J9 -> 0
B10: 2 | L10: =K10-J10 -> 0
B11: 3 | L11: =K11-J11 -> 0
B12: 4 | L12: =K12-J12 -> 0
B13: 5 | L13: =K13-J13 -> 0
A15: 類型 | B15: No. | C15: 商品名 | F15: 半成品名 | I15: 單價 | J15: 規格 | K15: 實績 | L15: 差異 | M15: 主要原因&對策
A16: 原料原因 | B16: 1 | L16: =K16-J16 -> 0
B17: 2 | L17: =K17-J17 -> 0
B18: 3 | L18: =K18-J18 -> 0
B19: 4 | L19: =K19-J19 -> 0
B20: 5 | L20: =K20-J20 -> 0

Sheet 報廢－原因別分析 (週)
B2: 報廢前二十名紀錄表
B3: 週別 | D3: 明細展開 | G3: 生產資訊 | T3: 類別 | U3: 分析原因 | V3: 原因說明 | W3: 後續對策 | X3: 次數 | Y3: 備註-商品名稱 | AA3: 分析原因（件）
D4: 排序 | E4: 半成品 | G4: 生產端 | O4: 組合端
E5: 名稱 | F5: 報廢金額 | G5: 產出量 | O5: 報廢 | Q5: 超用
G6: 訂單需求 (kg) | H6: 實際產出 (kg) | I6: 實際產出占比 | J6: 補單 (kg) | K6: 補單占比 | L6: 單價 (元) | M6: 實際生產 (對比訂單需求) | N6: 差異 (元) | O6: kg | P6: 占比 | Q6: kg | R6: 占比 | S6: 金額 (元) | AA6: 總件數 | AB6: 展開量高於１０5％ | AC6: 調理多產 | AD6: 製程不穩 | AE6: 取樣不穩 | AF6: 原物料規格 | AG6: 研發設定 | AH6: 其他原因 | AI6: 步留因素
B7: 1118~1124 | D7: 1 | E7: 義麵-紅咖哩醬 | F7: 18698.4 | G7: 3152.6 | H7: 3313.15 | I7: =H7/G7 -> 1.0509262 | J7: 0 | K7: =J7/G7 -> 0 | L7: 117.6 | M7: =(H7+J7)/G7 -> 1.0509262 | N7: 18880.68 | O7: 159 | P7: =O7/G7 -> 0.050434562 | Q7: =((H7+J7)-G7)-O7 -> 1.55 | R7: =Q7/G7 -> 0.00049165768 | S7: -593.9 | T7: 調理 | U7: 展開量高於１０5％ | V7: 新品上巿出料較多 | X7: 1 | Y7: 南洋紅咖哩豬義大利麵 | Z7: 週前二十 | AA7: 15 | AB7: =SUMIF($U$7:$U$26,TRIM(AB6),$X$7:$X$26) -> 11 | AC7: =SUMIF($U$7:$U$26,TRIM(AC6),$X$7:$X$26) -> 1 | AD7: =SUMIF($U$7:$U$9710,TRIM(AD6),$X$7:$X$26) -> 0 | AE7: =SUMIF($U$7:$U$9710,TRIM(AE6),$X$7:$X$26) -> 3 | AF7: =SUMIF($U$7:$U$9710,TRIM(AF6),$X$7:$X$26) -> 0 | AG7: =SUMIF($U$7:$U$9710,TRIM(AG6),$X$7:$X$26) -> 0 | AH7: =SUMIF($U$7:$U$9710,TRIM(AH6),$X$7:$X$26) -> 0 | AI7: =SUMIF($U$7:$U$9710,TRIM(AI6),$X$7:$X$26) -> 0
D8: 2 | E8: 炒-紅咖哩豬肉片 | F8: 12551.765 | G8: 1261.04 | H8: 1301.68 | I8: =H8/G8 -> 1.0322274 | J8: 0 | K8: =J8/G8 -> 0 | L8: 383.3 | M8: =(H8+J8)/G8 -> 1.0322274 | N8: 15575.686 | O8: 32.75 | P8: =O8/G8 -> 0.025970627 | Q8: =((H8+J8)-G8)-O8 -> 7.89 | R8: =Q8/G8 -> 0.0062567405 | S8: 3023.9 | T8: 調理 | U8: 調理多產 | V8: 新品上巿出料較多 | X8: 1 | Y8: 南洋紅咖哩豬義大利麵 | AB8: =SUMIF($U$7:$U$26,TRIM(AB6),$F$7:$F$26) -> 40483.789 | AC8: =SUMIF($U$7:$U$26,TRIM(AC6),$F$7:$F$26) -> 12551.765 | AD8: =SUMIF($U$7:$U$176,TRIM(AD6),$F$7:$F$26) -> 0 | AE8: =SUMIF($U$7:$U$176,TRIM(AE6),$F$7:$F$26) -> 2385.293 | AF8: =SUMIF($U$7:$U$176,TRIM(AF6),$F$7:$F$26) -> 0 | AG8: =SUMIF($U$7:$U$176,TRIM(AG6),$F$7:$F$26) -> 0 | AH8: =SUMIF($U$7:$U$176,TRIM(AH6),$F$7:$F$26) -> 0 | AI8: =SUMIF($U$7:$U$176,TRIM(AI6),$F$7:$F$26) -> 0
D9: 3 | E9: 焗烤奶油白醬 | F9: 4919.92 | G9: 955.145 | H9: 1017.915 | I9: =H9/G9 -> 1.0657178 | J9: 0 | K9: =J9/G9 -> 0 | L9: 117 | M9: =(H9+J9)/G9 -> 1.0657178 | N9: 4337.407 | O9: 71.2 | P9: =O9/G9 -> 0.074543656 | Q9: =((H9+J9)-G9)-O9 -> -8.43 | R9: =Q9/G9 -> -0.0088258851 | S9: 441.8 | T9: 生管預估 | U9: 展開量高於１０5％ | V9: 預估量大於訂單量 | W9: 配料方式變更-預估訂單80%日班配料,20%及調整由夜班配料 | X9: 1 | Y9: 焗烤明太子筆尖麵 | AB9: =AB7/$AA$7 -> 0.73333333 | AC9: =AC7/$AA$7 -> 0.066666667 | AD9: =AD7/$AA$7 -> 0 | AE9: =AE7/$AA$7 -> 0.2 | AF9: =AF7/$AA$7 -> 0 | AG9: =AG7/$AA$7 -> 0 | AH9: =AH7/$AA$7 -> 0 | AI9: =AI7/$AA$7 -> 0
D10: 4 | E10: 義麵-奶油起司白醬 | F10: 4345.4355 | G10: 3788.537 | H10: 3829.464 | I10: =H10/G10 -> 1.0108029 | J10: 0 | K10: =J10/G10 -> 0 | L10: 69.1 | M10: =(H10+J10)/G10 -> 1.0108029 | N10: 4787.2312 | O10: 37.15 | P10: =O10/G10 -> 0.009805896 | Q10: =((H10+J10)-G10)-O10 -> 3.777 | R10: =Q10/G10 -> 0.00099695476 | S10: -245.3 | T10: 生管預估 | U10: 展開量高於１０5％ | V10: 預估量大於訂單量 | W10: 配料方式變更-預估訂單80%日班配料,20%及調整由夜班配料 | X10: 1 | Y10: 奶油起司蝦仁通心粉
D11: 5 | E11: 義麵-蛋黃白醬(113年) | F11: 3439.405 | G11: 4299.72 | H11: 4330.98 | I11: =H11/G11 -> 1.0072702 | J11: 0 | K11: =J11/G11 -> 0 | L11: 77.3 | M11: =(H11+J11)/G11 -> 1.0072702 | N11: 2416.0854 | O11: 44.5 | P11: =O11/G11 -> 0.010349511 | Q11: =((H11+J11)-G11)-O11 -> -13.24 | R11: =Q11/G11 -> -0.0030792703 | S11: -1023.3 | T11: 生管預估 | U11: 展開量高於１０5％ | V11: 預估量大於訂單量 | W11: 配料方式變更-預估訂單80%日班配料,20%及調整由夜班配料 | X11: 1 | Y11: 焗烤起司雙饗筆尖麵
D12: 6 | E12: 義麵-韓式辣奶油白醬(114年) | F12: 3205.9615 | G12: 1226.07 | H12: 1265.5 | I12: =H12/G12 -> 1.0321597 | J12: 0 | K12: =J12/G12 -> 0 | L12: 100 | M12: =(H12+J12)/G12 -> 1.0321597 | N12: 3944.1829 | O12: 32.05 | P12: =O12/G12 -> 0.026140432 | Q12: =((H12+J12)-G12)-O12 -> 7.38 | R12: =Q12/G12 -> 0.0060192322 | S12: 738.2 | T12: 生管預估 | U12: 展開量高於１０5％ | V12: 預估量大於訂單量 | W12: 配料方式變更-預估訂單80%日班配料,20%及調整由夜班配料 | X12: 1 | Y12: 韓式炸雞義大利麵
D13: 7 | E13: 義麵-海鮮湯凍(113年) | F13: 2334.292 | G13: 1279.42 | H13: 1293.652 | I13: =H13/G13 -> 1.0111238 | J13: 0 | K13: =J13/G13 -> 0 | L13: 140.6 | M13: =(H13+J13)/G13 -> 1.0111238 | N13: 2001.3038 | O13: 16.6 | P13: =O13/G13 -> 0.012974629 | Q13: =((H13+J13)-G13)-O13 -> -2.368 | R13: =Q13/G13 -> -0.0018508387 | S13: -333 | T13: 生管預估 | U13: 展開量高於１０5％ | V13: 預估量大於訂單量 | W13: 配料方式變更-預估訂單80%日班配料,20%及調整由夜班配料 | X13: 1 | Y13: 白酒蛤蜊義大利麵 | AB13: 1 | AC13: 展開量高於１０5％
D14: 8 | E14: 煮單色彎管麵 | F14: 1640.386 | G14: 5369.58 | H14: 5369.58 | I14: =H14/G14 -> 1 | J14: 73.65 | K14: =J14/G14 -> 0.013716157 | L14: 38.1 | M14: =(H14+J14)/G14 -> 1.0137162 | N14: 2803.119 | O14: 43.1 | P14: =O14/G14 -> 0.0080266985 | Q14: =((H14+J14)-G14)-O14 -> 30.55 | R14: =Q14/G14 -> 0.005689458 | S14: 1162.7 | T14: 包裝 | U14: 取樣不穩 | V14: 超用 | W14: 加強教育訓練，抓樣範圍95%~105% | X14: 1 | Y14: 奶油起司蝦仁通心粉 | AB14: 2 | AC14: 調理多產
D15: 9 | E15: 調理包-起司醬 | F15: 1428.79 | G15: 258.12 | H15: 267.35 | I15: =H15/G15 -> 1.0357586 | J15: 0 | K15: =J15/G15 -> 0 | L15: 83.8 | M15: =(H15+J15)/G15 -> 1.0357586 | N15: 773.474 | O15: 17.05 | P15: =O15/G15 -> 0.066054548 | Q15: =((H15+J15)-G15)-O15 -> -7.82 | R15: =Q15/G15 -> -0.030295986 | S15: -655.3 | T15: 生管預估 | U15: 展開量高於１０5％ | V15: 預估量大於訂單量 | W15: 配料方式變更-預估訂單80%日班配料,20%及調整由夜班配料 | X15: 1 | Y15: 韓式炸雞義大利麵 | AB15: 3 | AC15: 製程不穩
D16: 10 | E16: 川燙玉米筍塊 | F16: 1016.1515 | G16: 378.312 | H16: 382.354 | I16: =H16/G16 -> 1.0106843 | J16: 0 | K16: =J16/G16 -> 0 | L16: 162.4 | M16: =(H16+J16)/G16 -> 1.0106843 | N16: 902.69986 | O16: 4.55 | P16: =O16/G16 -> 0.01202711 | Q16: =((H16+J16)-G16)-O16 -> -0.508 | R16: =Q16/G16 -> -0.001342807 | S16: 252.5 | T16: 生管預估 | U16: 展開量高於１０5％ | V16: 預估量大於訂單量 | W16: 配料方式變更-預估訂單80%日班配料,20%及調整由夜班配料 | X16: 1 | Y16: 南洋紅咖哩豬義大利麵 | AB16: 4 | AC16: 取樣不穩
D17: 11 | E17: 義麵-蒜味奶油湯凍 | F17: 673.877 | G17: 629.235 | H17: 634.94 | I17: =H17/G17 -> 1.0090666 | J17: 0 | K17: =J17/G17 -> 0 | L17: 223.3 | M17: =(H17+J17)/G17 -> 1.0090666 | N17: 926.3779 | O17: 4.15 | P17: =O17/G17 -> 0.0065953102 | Q17: =((H17+J17)-G17)-O17 -> 1.555 | R17: =Q17/G17 -> 0.0024712548 | S17: -42.4 | T17: 生管預估 | U17: 展開量高於１０5％ | V17: 預估量大於訂單量 | W17: 配料方式變更-預估訂單80%日班配料,20%及調整由夜班配料 | X17: 1 | Y17: 奶油蒜香雞義大利麵 | AB17: 5 | AC17: 原物料規格
D18: 12 | E18: 煮細扁麵 | F18: 409.59 | G18: 3562.24 | H18: 3562.24 | I18: =H18/G18 -> 1 | J18: 44.78 | K18: =J18/G18 -> 0.012570742 | L18: 40 | M18: =(H18+J18)/G18 -> 1.0125707 | N18: 1789.4088 | O18: 10.25 | P18: =O18/G18 -> 0.002877403 | Q18: =((H18+J18)-G18)-O18 -> 34.53 | R18: =Q18/G18 -> 0.009693339 | S18: 1379.8 | T18: 包裝 | U18: 取樣不穩 | V18: 超用 | W18: 加強教育訓練，抓樣範圍95%~104% | X18: 1 | Y18: 剝皮辣椒雞奶油細扁麵 | AB18: 6 | AC18: 研發設定
D19: 13 | E19: 調理包-味噌醬 | F19: 335.317 | G19: 250.746 | H19: 250.746 | I19: =H19/G19 -> 1 | J19: 10.79 | K19: =J19/G19 -> 0.043031594 | L19: 55 | M19: =(H19+J19)/G19 -> 1.0430316 | N19: 593.1263 | O19: 6.1 | P19: =O19/G19 -> 0.024327407 | Q19: =((H19+J19)-G19)-O19 -> 4.69 | R19: =Q19/G19 -> 0.018704187 | S19: 257.8 | T19: 包裝 | U19: 取樣不穩 | V19: 超用 | W19: 加強教育訓練，抓樣範圍95%~104% | X19: 1 | Y19: 台式綜合甜不辣 | AB19: 7 | AC19: 其他原因
D20: 14 | E20: 川燙洋蔥絲 | F20: 291.74 | G20: 114.968 | H20: 118.349 | I20: =H20/G20 -> 1.0294082 | J20: 0 | K20: =J20/G20 -> 0 | L20: 201.2 | M20: =(H20+J20)/G20 -> 1.0294082 | N20: 680.2572 | O20: 1.45 | P20: =O20/G20 -> 0.012612205 | Q20: =((H20+J20)-G20)-O20 -> 1.931 | R20: =Q20/G20 -> 0.016795978 | S20: 388.5 | T20: 生管預估 | U20: 展開量高於１０5％ | V20: 預估量大於訂單量 | W20: 配料方式變更-預估訂單80%日班配料,20%及調整由夜班配料 | X20: 1 | Y20: 濃拿波里義大利麵 | AB20: 8 | AC20: 步留因素
D21: 15 | E21: 川燙青椒絲 | F21: 129.8165 | G21: 49.272 | H21: 50.771 | I21: =H21/G21 -> 1.030423 | J21: 0 | K21: =J21/G21 -> 0 | L21: 236 | M21: =(H21+J21)/G21 -> 1.030423 | N21: 353.80897 | O21: 0.55 | P21: =O21/G21 -> 0.011162526 | Q21: =((H21+J21)-G21)-O21 -> 0.949 | R21: =Q21/G21 -> 0.019260432 | S21: 224 | T21: 生管預估 | U21: 展開量高於１０5％ | V21: 預估量大於訂單量 | W21: 配料方式變更-預估訂單80%日班配料,20%及調整由夜班配料 | X21: 1 | Y21: 濃拿波里義大利麵
D22: 16
D23: 17 | AB23: 1 | AC23: 調理
D24: 18 | AB24: 2 | AC24: 包裝
D25: 19 | AB25: 3 | AC25: 研發
D26: 20 | AB26: 4 | AC26: 生管預估
AB27: 5 | AC27: 原物料
Z112: 占比
Z113: 金額

Sheet 超用－原因別分析 (週) 
B2: 超用前二十名紀錄表
B3: 週別 | D3: 明細展開 | G3: 生產資訊 | T3: 類別 | U3: 分析原因 | V3: 原因說明 | W3: 後續對策 | X3: 次數 | Y3: 備註-商品名稱 | AA3: 分析原因（件）
D4: 排序 | E4: 半成品 | G4: 生產端 | O4: 組合端
E5: 名稱 | F5: 報廢金額 | G5: 產出量 | O5: 報廢 | Q5: 超用
G6: 訂單需求 (kg) | H6: 實際產出 (kg) | I6: 實際產出占比 | J6: 補單 (kg) | K6: 補單占比 | L6: 單價 (元) | M6: 實際生產 (對比訂單需求) | N6: 差異 (元) | O6: kg | P6: 占比 | Q6: kg | R6: 占比 | S6: 金額 (元) | AA6: 總件數 | AB6: 展開量高於１０5％ | AC6: 調理多產 | AD6: 製程不穩 | AE6: 取樣不穩 | AF6: 原物料規格 | AG6: 研發設定 | AH6: 其他原因 | AI6: 步留因素
B7: 1118~1124 | D7: 1 | E7: 炒-紅咖哩豬肉片 | F7: 12551.765 | G7: 1261.04 | H7: 1301.68 | I7: =H7/G7 -> 1.0322274 | K7: =J7/G7 -> 0 | L7: 383.26 | M7: =(H7+J7)/G7 -> 1.0322274 | N7: 15575.686 | O7: 32.75 | P7: =O7/G7 -> 0.025970627 | Q7: =((H7+J7)-G7)-O7 -> 7.89 | R7: =Q7/G7 -> 0.0062567405 | S7: 3023.9214 | T7: 包裝 | U7: 取樣不穩 | V7: 超用 | W7: 加強教育訓練，抓樣範圍95%~105% | X7: 1 | Y7: 南洋紅咖哩豬義大利麵 | Z7: 週前二十 | AA7: 13 | AB7: =SUMIF($U$7:$U$26,TRIM(AB6),$X$7:$X$26) -> 0 | AC7: =SUMIF($U$7:$U$26,TRIM(AC6),$X$7:$X$26) -> 0 | AD7: =SUMIF($U$7:$U$9710,TRIM(AD6),$X$7:$X$26) -> 0 | AE7: =SUMIF($U$7:$U$9710,TRIM(AE6),$X$7:$X$26) -> 12 | AF7: =SUMIF($U$7:$U$9710,TRIM(AF6),$X$7:$X$26) -> 1 | AG7: =SUMIF($U$7:$U$9710,TRIM(AG6),$X$7:$X$26) -> 0 | AH7: =SUMIF($U$7:$U$9710,TRIM(AH6),$X$7:$X$26) -> 0 | AI7: =SUMIF($U$7:$U$9710,TRIM(AI6),$X$7:$X$26) -> 0
D8: 2 | E8: 川燙-切紅甜椒丁 | F8: 0 | G8: 238.648 | H8: 241.056 | I8: =H8/G8 -> 1.0100902 | J8: 7.33 | K8: =J8/G8 -> 0.030714693 | L8: 261.93 | M8: =(H8+J8)/G8 -> 1.0408049 | N8: 2550.6743 | O8: 0 | P8: =O8/G8 -> 0 | Q8: =((H8+J8)-G8)-O8 -> 9.738 | R8: =Q8/G8 -> 0.040804867 | S8: 2550.6743 | T8: 包裝 | U8: 取樣不穩 | V8: 超用 | W8: 加強教育訓練，抓樣範圍95%~105% | X8: 1 | Y8: 奶油起司蝦仁通心粉 | AB8: =SUMIF($U$7:$U$26,TRIM(AB6),$S$7:$S$26) -> 0 | AC8: =SUMIF($U$7:$U$26,TRIM(AC6),$S$7:$S$26) -> 0 | AD8: =SUMIF($U$7:$U$26,TRIM(AD6),$S$7:$S$26) -> 0 | AE8: =SUMIF($U$7:$U$26,TRIM(AE6),$S$7:$S$26) -> 11190.265 | AF8: =SUMIF($U$7:$U$26,TRIM(AF6),$S$7:$S$26) -> 2258.5434 | AG8: =SUMIF($U$7:$U$26,TRIM(AG6),$S$7:$S$26) -> 0 | AH8: =SUMIF($U$7:$U$26,TRIM(AH6),$S$7:$S$26) -> 0 | AI8: =SUMIF($U$7:$U$26,TRIM(AI6),$S$7:$S$26) -> 0
D9: 3 | E9: 瀝水-白蘿蔔塊 | F9: 0 | G9: 147.177 | H9: 174.995 | I9: =H9/G9 -> 1.1890105 | K9: =J9/G9 -> 0 | L9: 81.19 | M9: =(H9+J9)/G9 -> 1.1890105 | N9: 2258.5434 | O9: 0 | P9: =O9/G9 -> 0 | Q9: =((H9+J9)-G9)-O9 -> 27.818 | R9: =Q9/G9 -> 0.18901051 | S9: 2258.5434 | T9: 原物料 | U9: 原物料規格 | V9: 甜不辣條包裝4條不足重，使用蘿蔔補重 | X9: 1 | Y9: 台式綜合甜不辣 | AB9: =AB7/$AA$7 -> 0 | AC9: =AC7/$AA$7 -> 0 | AD9: =AD7/$AA$7 -> 0 | AE9: =AE7/$AA$7 -> 0.92307692 | AF9: =AF7/$AA$7 -> 0.076923077 | AG9: =AG7/$AA$7 -> 0 | AH9: =AH7/$AA$7 -> 0 | AI9: =AI7/$AA$7 -> 0
D10: 4 | E10: 煮細扁麵 | F10: 409.59 | G10: 3562.24 | H10: 3562.24 | I10: =H10/G10 -> 1 | J10: 44.78 | K10: =J10/G10 -> 0.012570742 | L10: 39.96 | M10: =(H10+J10)/G10 -> 1.0125707 | N10: 1789.4088 | O10: 10.25 | P10: =O10/G10 -> 0.002877403 | Q10: =((H10+J10)-G10)-O10 -> 34.53 | R10: =Q10/G10 -> 0.009693339 | S10: 1379.8188 | T10: 包裝 | U10: 取樣不穩 | V10: 超用 | W10: 加強教育訓練，抓樣範圍95%~105% | X10: 1 | Y10: 剝皮辣椒雞奶油細扁麵
D11: 5 | E11: 煮單色彎管麵 | F11: 1640.386 | G11: 5369.58 | H11: 5369.58 | I11: =H11/G11 -> 1 | J11: 73.65 | K11: =J11/G11 -> 0.013716157 | L11: 38.06 | M11: =(H11+J11)/G11 -> 1.0137162 | N11: 2803.119 | O11: 43.1 | P11: =O11/G11 -> 0.0080266985 | Q11: =((H11+J11)-G11)-O11 -> 30.55 | R11: =Q11/G11 -> 0.005689458 | S11: 1162.733 | T11: 包裝 | U11: 取樣不穩 | V11: 超用 | W11: 加強教育訓練，抓樣範圍95%~106% | X11: 1 | Y11: 奶油起司蝦仁通心粉
D12: 6 | E12: 義麵-韓式辣奶油白醬(114年) | F12: 3205.9615 | G12: 1226.07 | H12: 1265.5 | I12: =H12/G12 -> 1.0321597 | K12: =J12/G12 -> 0 | L12: 100.03 | M12: =(H12+J12)/G12 -> 1.0321597 | N12: 3944.1829 | O12: 32.05 | P12: =O12/G12 -> 0.026140432 | Q12: =((H12+J12)-G12)-O12 -> 7.38 | R12: =Q12/G12 -> 0.0060192322 | S12: 738.2214 | T12: 包裝 | U12: 取樣不穩 | V12: 超用 | W12: 加強教育訓練，抓樣範圍95%~106% | X12: 1 | Y12: 韓式炸雞義大利麵
D13: 7 | E13: F-生蒜包 | F13: 0 | G13: 55.932 | H13: 59.432 | I13: =H13/G13 -> 1.062576 | K13: =J13/G13 -> 0 | L13: 168 | M13: =(H13+J13)/G13 -> 1.062576 | N13: 588 | O13: 0 | P13: =O13/G13 -> 0 | Q13: =((H13+J13)-G13)-O13 -> 3.5 | R13: =Q13/G13 -> 0.062575985 | S13: 588 | T13: 包裝 | U13: 取樣不穩 | V13: 超用 | W13: 加強教育訓練，抓樣範圍95%~108% | X13: 1 | Y13: 奶油蒜香雞義大利麵 | AB13: 1 | AC13: 展開量高於１０5％
D14: 8 | E14: 義麵-奶油起司白醬 | F14: 4345.4355 | G14: 3788.537 | H14: 3829.464 | I14: =H14/G14 -> 1.0108029 | K14: =J14/G14 -> 0 | L14: 116.97 | M14: =(H14+J14)/G14 -> 1.0108029 | N14: 4787.2312 | O14: 37.15 | P14: =O14/G14 -> 0.009805896 | Q14: =((H14+J14)-G14)-O14 -> 3.777 | R14: =Q14/G14 -> 0.00099695476 | S14: 441.79569 | T14: 包裝 | U14: 取樣不穩 | V14: 超用 | W14: 加強教育訓練，抓樣範圍95%~109% | X14: 1 | Y14: 奶油起司蝦仁通心粉 | AB14: 2 | AC14: 調理多產
D15: 9 | E15: 川燙洋蔥絲 | F15: 291.74 | G15: 114.968 | H15: 118.349 | I15: =H15/G15 -> 1.0294082 | K15: =J15/G15 -> 0 | L15: 201.2 | M15: =(H15+J15)/G15 -> 1.0294082 | N15: 680.2572 | O15: 1.45 | P15: =O15/G15 -> 0.012612205 | Q15: =((H15+J15)-G15)-O15 -> 1.931 | R15: =Q15/G15 -> 0.016795978 | S15: 388.5172 | T15: 包裝 | U15: 取樣不穩 | V15: 超用 | W15: 加強教育訓練，抓樣範圍95%~110% | X15: 1 | Y15: 濃拿波里義大利麵 | AB15: 3 | AC15: 製程不穩
D16: 10 | E16: 調理包-味噌醬 | F16: 335.317 | G16: 250.746 | H16: 250.746 | I16: =H16/G16 -> 1 | J16: 10.79 | K16: =J16/G16 -> 0.043031594 | L16: 54.97 | M16: =(H16+J16)/G16 -> 1.0430316 | N16: 593.1263 | O16: 6.1 | P16: =O16/G16 -> 0.024327407 | Q16: =((H16+J16)-G16)-O16 -> 4.69 | R16: =Q16/G16 -> 0.018704187 | S16: 257.8093 | T16: 包裝 | U16: 取樣不穩 | V16: 超用 | W16: 加強教育訓練，抓樣範圍95%~111% | X16: 1 | Y16: 台式綜合甜不辣 | AB16: 4 | AC16: 取樣不穩
D17: 11 | E17: 義麵-蒜味奶油湯凍 | F17: 673.877 | G17: 629.235 | H17: 634.94 | I17: =H17/G17 -> 1.0090666 | K17: =J17/G17 -> 0 | L17: 162.38 | M17: =(H17+J17)/G17 -> 1.0090666 | N17: 926.3779 | O17: 4.15 | P17: =O17/G17 -> 0.0065953102 | Q17: =((H17+J17)-G17)-O17 -> 1.555 | R17: =Q17/G17 -> 0.0024712548 | S17: 252.5009 | T17: 包裝 | U17: 取樣不穩 | V17: 超用 | W17: 加強教育訓練，抓樣範圍95%~111% | X17: 1 | Y17: 奶油蒜香雞義大利麵 | AB17: 5 | AC17: 原物料規格
D18: 12 | E18: 川燙青椒絲 | F18: 129.8165 | G18: 49.272 | H18: 50.771 | I18: =H18/G18 -> 1.030423 | K18: =J18/G18 -> 0 | L18: 236.03 | M18: =(H18+J18)/G18 -> 1.030423 | N18: 353.80897 | O18: 0.55 | P18: =O18/G18 -> 0.011162526 | Q18: =((H18+J18)-G18)-O18 -> 0.949 | R18: =Q18/G18 -> 0.019260432 | S18: 223.99247 | T18: 包裝 | U18: 取樣不穩 | V18: 超用 | W18: 加強教育訓練，抓樣範圍95%~111% | X18: 1 | Y18: 濃拿波里義大利麵 | AB18: 6 | AC18: 研發設定
D19: 13 | E19: 義麵-紅咖哩醬 | F19: 18698.4 | G19: 3152.6 | H19: 3313.15 | I19: =H19/G19 -> 1.0509262 | K19: =J19/G19 -> 0 | L19: 117.6 | M19: =(H19+J19)/G19 -> 1.0509262 | N19: 18880.68 | O19: 159 | P19: =O19/G19 -> 0.050434562 | Q19: =((H19+J19)-G19)-O19 -> 1.55 | R19: =Q19/G19 -> 0.00049165768 | S19: 182.28 | T19: 包裝 | U19: 取樣不穩 | V19: 超用 | W19: 加強教育訓練，抓樣範圍95%~111% | X19: 1 | Y19: 南洋紅咖哩豬義大利麵 | AB19: 7 | AC19: 其他原因
D20: 14 | AB20: 8 | AC20: 步留因素
D21: 15
D22: 16
D23: 17 | AB23: 1 | AC23: 調理
D24: 18 | AB24: 2 | AC24: 包裝
D25: 19 | AB25: 3 | AC25: 研發
D26: 20 | AB26: 4 | AC26: 生管預估
AB27: 5 | AC27: 原物料
Z112: 占比
Z113: 金額

Sheet 日別報廢率總表 
A1: 長家廠半成品管理日別總表
A2: 日期 | B2: 營業額 | C2: 報廢額 | D2: 報廢率 KPI 0.25% | E2: 超用額 | F2: 超用率 | G2: 廢棄前10名 | I2: 超用前10名 | K2: 共用類廢棄 | M2: 週累積
G3: 金額總計 | H3: 構成比 | I3: 金額總計 | J3: 構成比 | K3: 金額總計 | L3: 構成比 KPI 15% | M3: 營業額 | N3: 週報廢 | O3: 週超用
A4: 45962 | B4: 2264329.1 | C4: 1425 | D4: =C4/B4 -> 0.00062932549 | E4: 9719 | F4: =E4/B4 -> 0.0042922206 | G4: 1425 | H4: =G4/C4 -> 1 | I4: 9719 | J4: =I4/E4 -> 1 | K4: 0 | L4: =K4/C4 -> 0
A5: =A4+1 -> 45963 | B5: 3123033.5 | C5: 7341 | D5: =C5/B5 -> 0.0023505992 | E5: 11606 | F5: =E5/B5 -> 0.0037162586 | G5: 7341 | H5: =G5/C5 -> 1 | I5: 11606 | J5: =I5/E5 -> 1 | K5: 0 | L5: =K5/C5 -> 0
A6: =A5+1 -> 45964 | B6: 2673556.9 | C6: 30785 | D6: =C6/B6 -> 0.011514623 | E6: 23476 | F6: =E6/B6 -> 0.0087808117 | G6: 30785 | H6: =G6/C6 -> 1 | I6: 23476 | J6: =I6/E6 -> 1 | K6: 0 | L6: =K6/C6 -> 0
A7: =A6+1 -> 45965 | B7: 2527418.3 | C7: 4581 | D7: =C7/B7 -> 0.0018125215 | E7: 11615 | F7: =E7/B7 -> 0.0045955986 | G7: 4581 | H7: =G7/C7 -> 1 | I7: 11615 | J7: =I7/E7 -> 1 | K7: 0 | L7: =K7/C7 -> 0 | M7: =SUM(B7:B13) -> 17610222 | N7: =SUM(C7:C13) -> 12102 | O7: =SUM(E7:E13) -> 25139
A8: =A7+1 -> 45966 | B8: 2528793.2 | C8: 0 | D8: =C8/B8 -> 0 | E8: 145 | F8: =E8/B8 -> 5.7339603e-05 | G8: 0 | H8: =G8/C8 -> #DIV/0! | I8: 145 | J8: =I8/E8 -> 1 | K8: 0 | L8: =K8/C8 -> #DIV/0!
A9: =A8+1 -> 45967 | B9: 2482738.1 | C9: 1699 | D9: =C9/B9 -> 0.0006843251 | E9: 4372 | F9: =E9/B9 -> 0.001760959 | G9: 1699 | H9: =G9/C9 -> 1 | I9: 4372 | J9: =I9/E9 -> 1 | K9: 0 | L9: =K9/C9 -> 0
A10: =A9+1 -> 45968 | B10: 2173366.7 | C10: 2033 | D10: =C10/B10 -> 0.00093541507 | E10: 2670 | F10: =E10/B10 -> 0.0012285087 | G10: 2033 | H10: =G10/C10 -> 1 | I10: 2670 | J10: =I10/E10 -> 1 | K10: 0 | L10: =K10/C10 -> 0
A11: =A10+1 -> 45969 | B11: 2234998.1 | C11: 1635 | D11: =C11/B11 -> 0.00073154425 | E11: 3433 | F11: =E11/B11 -> 0.0015360192 | G11: 1635 | H11: =G11/C11 -> 1 | I11: 3433 | J11: =I11/E11 -> 1 | K11: 0 | L11: =K11/C11 -> 0
A12: =A11+1 -> 45970 | B12: 2858713.4 | C12: 2154 | D12: =C12/B12 -> 0.00075348582 | E12: 2661 | F12: =E12/B12 -> 0.00093083833 | G12: 2154 | H12: =G12/C12 -> 1 | I12: 2661 | J12: =I12/E12 -> 1 | K12: 0 | L12: =K12/C12 -> 0
A13: =A12+1 -> 45971 | B13: 2804193.7 | C13: 0 | D13: =C13/B13 -> 0 | E13: 243 | F13: =E13/B13 -> 8.6655927e-05 | G13: 0 | H13: =G13/C13 -> #DIV/0! | I13: 243 | J13: =I13/E13 -> 1 | K13: 0 | L13: =K13/C13 -> #DIV/0!
A14: =A13+1 -> 45972 | B14: 2660726.3 | C14: 9091 | D14: =C14/B14 -> 0.0034167363 | E14: 7124 | F14: =E14/B14 -> 0.0026774644 | G14: 9091 | H14: =G14/C14 -> 1 | I14: 7124 | J14: =I14/E14 -> 1 | K14: 0 | L14: =K14/C14 -> 0 | M14: =SUM(B14:B20) -> 17347543 | N14: =SUM(C14:C20) -> 41745 | O14: =SUM(E14:E20) -> 44708
A15: =A14+1 -> 45973 | B15: 2790787.2 | C15: 2763 | D15: =C15/B15 -> 0.00099004322 | E15: 937 | F15: =E15/B15 -> 0.00033574756 | G15: 2763 | H15: =G15/C15 -> 1 | I15: 937 | J15: =I15/E15 -> 1 | K15: 0 | L15: =K15/C15 -> 0
A16: =A15+1 -> 45974 | B16: 2510222.5 | C16: 7694 | D16: =C16/B16 -> 0.0030650669 | E16: 8855 | F16: =E16/B16 -> 0.0035275757 | G16: 7694 | H16: =G16/C16 -> 1 | I16: 8855 | J16: =I16/E16 -> 1 | K16: 0 | L16: =K16/C16 -> 0
A17: =A16+1 -> 45975 | B17: 2068483 | C17: 13080 | D17: =C17/B17 -> 0.0063234747 | E17: 19906 | F17: =E17/B17 -> 0.0096234776 | G17: 13080 | H17: =G17/C17 -> 1 | I17: 19906 | J17: =I17/E17 -> 1 | K17: 0 | L17: =K17/C17 -> 0
A18: =A17+1 -> 45976 | B18: 2006658 | C18: 6534 | D18: =C18/B18 -> 0.0032561602 | E18: 1571 | F18: =E18/B18 -> 0.00078289373 | G18: 6534 | H18: =G18/C18 -> 1 | I18: 1571 | J18: =I18/E18 -> 1 | K18: 0 | L18: =K18/C18 -> 0
A19: =A18+1 -> 45977 | B19: 2660160.4 | C19: 2325 | D19: =C19/B19 -> 0.00087400746 | E19: 5074 | F19: =E19/B19 -> 0.0019074038 | G19: 2325 | H19: =G19/C19 -> 1 | I19: 5074 | J19: =I19/E19 -> 1 | K19: 0 | L19: =K19/C19 -> 0
A20: =A19+1 -> 45978 | B20: 2650505.6 | C20: 258 | D20: =C20/B20 -> 9.7339918e-05 | E20: 1241 | F20: =E20/B20 -> 0.00046821255 | G20: 258 | H20: =G20/C20 -> 1 | I20: 1241 | J20: =I20/E20 -> 1 | K20: 0 | L20: =K20/C20 -> 0
A21: =A20+1 -> 45979 | B21: 2921128 | C21: 25148 | D21: =C21/B21 -> 0.008609003 | E21: 6905 | F21: =E21/B21 -> 0.0023638129 | G21: 25148 | H21: =G21/C21 -> 1 | I21: 6905 | J21: =I21/E21 -> 1 | K21: 0 | L21: =K21/C21 -> 0 | M21: =SUM(B21:B27) -> 16910827 | N21: =SUM(C21:C27) -> 55421 | O21: =SUM(E21:E27) -> 15651
A22: =A21+1 -> 45980 | B22: 2664581.2 | C22: 10088 | D22: =C22/B22 -> 0.0037859608 | E22: 1592 | F22: =E22/B22 -> 0.00059746725 | G22: 10088 | H22: =G22/C22 -> 1 | I22: 1592 | J22: =I22/E22 -> 1 | K22: 0 | L22: =K22/C22 -> 0
A23: =A22+1 -> 45981 | B23: 2302855.1 | C23: 6462 | D23: =C23/B23 -> 0.0028060819 | E23: 3367 | F23: =E23/B23 -> 0.0014620981 | G23: 6462 | H23: =G23/C23 -> 1 | I23: 3367 | J23: =I23/E23 -> 1 | K23: 0 | L23: =K23/C23 -> 0
A24: =A23+1 -> 45982 | B24: 1818810.1 | C24: 4643 | D24: =C24/B24 -> 0.0025527678 | E24: 684 | F24: =E24/B24 -> 0.00037607004 | G24: 4643 | H24: =G24/C24 -> 1 | I24: 684 | J24: =I24/E24 -> 1 | K24: 0 | L24: =K24/C24 -> 0
A25: =A24+1 -> 45983 | B25: 1959163.5 | C25: 168 | D25: =C25/B25 -> 8.5750884e-05 | E25: 593 | F25: =E25/B25 -> 0.0003026802 | G25: 168 | H25: =G25/C25 -> 1 | I25: 593 | J25: =I25/E25 -> 1 | K25: 0 | L25: =K25/C25 -> 0
A26: =A25+1 -> 45984 | B26: 2710208.8 | C26: 3310 | D26: =C26/B26 -> 0.0012213081 | E26: 1523 | F26: =E26/B26 -> 0.00056194933 | G26: 3310 | H26: =G26/C26 -> 1 | I26: 1523 | J26: =I26/E26 -> 1 | K26: 0 | L26: =K26/C26 -> 0
A27: =A26+1 -> 45985 | B27: 2534080.2 | C27: 5602 | D27: =C27/B27 -> 0.0022106641 | E27: 987 | F27: =E27/B27 -> 0.00038949044 | G27: 5602 | H27: =G27/C27 -> 1 | I27: 987 | J27: =I27/E27 -> 1 | K27: 0 | L27: =K27/C27 -> 0
A28: =A27+1 -> 45986 | D28: =C28/B28 -> #DIV/0! | F28: =E28/B28 -> #DIV/0! | H28: =G28/C28 -> #DIV/0! | J28: =I28/E28 -> #DIV/0! | L28: =K28/C28 -> #DIV/0! | M28: =SUM(B28:B34) -> 0 | N28: =SUM(C28:C34) -> 0 | O28: =SUM(E28:E34) -> 0
A29: =A28+1 -> 45987 | D29: =C29/B29 -> #DIV/0! | F29: =E29/B29 -> #DIV/0! | H29: =G29/C29 -> #DIV/0! | J29: =I29/E29 -> #DIV/0! | L29: =K29/C29 -> #DIV/0!
A30: =A29+1 -> 45988 | D30: =C30/B30 -> #DIV/0! | F30: =E30/B30 -> #DIV/0! | H30: =G30/C30 -> #DIV/0! | J30: =I30/E30 -> #DIV/0! | L30: =K30/C30 -> #DIV/0!
A31: =A30+1 -> 45989 | D31: =C31/B31 -> #DIV/0! | F31: =E31/B31 -> #DIV/0! | H31: =G31/C31 -> #DIV/0! | J31: =I31/E31 -> #DIV/0! | L31: =K31/C31 -> #DIV/0!
A32: =A31+1 -> 45990 | D32: =C32/B32 -> #DIV/0! | F32: =E32/B32 -> #DIV/0! | H32: =G32/C32 -> #DIV/0! | J32: =I32/E32 -> #DIV/0! | L32: =K32/C32 -> #DIV/0!
A33: =A32+1 -> 45991 | D33: =C33/B33 -> #DIV/0! | F33: =E33/B33 -> #DIV/0! | H33: =G33/C33 -> #DIV/0! | J33: =I33/E33 -> #DIV/0! | L33: =K33/C33 -> #DIV/0!
A34: =A33+1 -> 45992 | D34: =C34/B34 -> #DIV/0! | F34: =E34/B34 -> #DIV/0! | H34: =G34/C34 -> #DIV/0! | J34: =I34/E34 -> #DIV/0! | L34: =K34/C34 -> #DIV/0!
A35: 平均 | B35: =AVERAGE(B4:B34) -> 2497063 | C35: =AVERAGE(C4:C34) -> 6200.7917 | D35: =C35/B35 -> 0.002483234 | E35: =AVERAGE(E4:E34) -> 5429.125 | F35: =E35/B35 -> 0.0021742043 | G35: =AVERAGE(G4:G34) -> 6200.7917 | H35: =G35/C35 -> 1 | I35: =AVERAGE(I4:I34) -> 5429.125 | J35: =I35/E35 -> 1 | K35: =AVERAGE(K4:K34) -> 0 | L35: =K35/C35 -> 0
A36: 合計 | B36: =SUM(B4:B34) -> 59929511 | C36: =SUM(C4:C34) -> 148819 | D36: =C36/B36 -> 0.002483234 | E36: =SUM(E4:E34) -> 130299 | F36: =E36/B36 -> 0.0021742043 | G36: =SUM(G4:G34) -> 148819 | H36: =G36/C36 -> 1 | I36: =SUM(I4:I34) -> 130299 | J36: =I36/E36 -> 1 | K36: =SUM(K4:K34) -> 0 | L36: =K36/C36 -> 0

Sheet 填寫舉例
A2: 7 | B2: 月別 | C2: 工廠名 | D2: ・・・・・・・・
A4: （１）收支狀況 | E4: ※單位：千元 | G4: （２）ＫＰＩ達成進度 | M4: （３）業績構成比 | S4: （４）訂單數量構成比
B5: 當月 | C5: 前月 | D5: 差異 | E5: 累計 | H5: KPI | I5: 當月 | J5: 前月 | K5: 累計 | L5: ※補充 | N5: 當月 | O5: 比例 | P5: 前月 | Q5: 差異 | T5: 當月 | U5: 比例 | V5: 前月 | W5: 差異
A6: 業績金額 | B6: 500000 | C6: 510000 | D6: =B6-C6 -> -10000 | E6: =B6+C6 -> 1010000 | G6: 人時生產性1 | H6: 110 | I6: 100 | J6: 90 | L6: 個／MH | M6: 飯糰 | N6: 150000 | O6: =IFERROR(N6/$B$6,"") -> 0.3 | P6: 0.4 | Q6: =IFERROR(O6-P6,"") -> -0.1 | S6: 飯糰 | T6: 35000 | U6: =IFERROR(T6/$B$7,"") -> 0.35 | V6: 0.3 | W6: =IFERROR(U6-V6,"") -> 0.05
A7: 訂單數量 | B7: 100000 | C7: 110000 | D7: =B7-C7 -> -10000 | E7: =B7+C7 -> 210000 | G7: 人時生產性2 | H7: 0.8 | I7: 0.85 | J7: 0.81 | K7: 0.84 | L7: 達成率 | M7: 大口飯糰 | N7: 100000 | O7: =IFERROR(N7/$B$6,"") -> 0.2 | P7: 0.15 | Q7: =IFERROR(O7-P7,"") -> 0.05 | S7: 大口飯糰 | T7: 30000 | U7: =IFERROR(T7/$B$7,"") -> 0.3 | V7: 0.15 | W7: =IFERROR(U7-V7,"") -> 0.15
A8: 材料費 | B8: 250000 | C8: 260000 | D8: =B8-C8 -> -10000 | E8: =B8+C8 -> 510000 | G8: 半成品報廢 | H8: 0.0025 | I8: 0.0024 | J8: 0.0023 | K8: 0.00235 | L8: 報廢率 | M8: 便當 | N8: 160000 | O8: =IFERROR(N8/$B$6,"") -> 0.32 | P8: 0.28 | Q8: =IFERROR(O8-P8,"") -> 0.04 | S8: 便當 | T8: 20000 | U8: =IFERROR(T8/$B$7,"") -> 0.2 | V8: 0.28 | W8: =IFERROR(U8-V8,"") -> -0.08
A9: 材料費率 | B9: =B8/B6 -> 0.5 | C9: =C8/C6 -> 0.50980392 | D9: =B9-C9 -> -0.0098039216 | E9: =(B9+C9)/2 -> 0.50490196 | G9: 半成品超用 | H9: 0.006 | I9: 0.009 | J9: 0.0095 | K9: 0.0092 | L9: 超用率 | M9: 調理麵 | N9: 90000 | O9: =IFERROR(N9/$B$6,"") -> 0.18 | P9: 0.17 | Q9: =IFERROR(O9-P9,"") -> 0.01 | S9: 調理麵 | T9: 15000 | U9: =IFERROR(T9/$B$7,"") -> 0.15 | V9: 0.27 | W9: =IFERROR(U9-V9,"") -> -0.12
A10: 勞務成本 | B10: 100000 | C10: 105000 | D10: =B10-C10 -> -5000 | E10: =B10+C10 -> 205000 | G10: 固定產線 | H10: 0.95 | I10: 0.9 | J10: 0.92 | K10: 0.91 | L10: 導入率 | M10: 調理麵包 | N10: - | O10: =IFERROR(N10/$B$6,"") | P10: -% | Q10: =IFERROR(O10-P10,"") | S10: 調理麵包 | T10: - | U10: =IFERROR(T10/$B$7,"") | V10: -% | W10: =IFERROR(U10-V10,"")
A11: 勞務費率 | B11: =B10/B6 -> 0.2 | C11: =C10/C6 -> 0.20588235 | D11: =B11-C11 -> -0.0058823529 | E11: =(B11+C11)/2 -> 0.20294118 | G11: 教育訓練 | H11: 0.8 | I11: 0.85 | J11: 1 | K11: 0.92 | L11: 實施率 | M11: 袋裝調理麵包 | N11: - | O11: =IFERROR(N11/$B$6,"") | P11: -% | Q11: =IFERROR(O11-P11,"") | S11: 袋裝調理麵包 | T11: - | U11: =IFERROR(T11/$B$7,"") | V11: -% | W11: =IFERROR(U11-V11,"")
M12: 義大利麵 | N12: - | O12: =IFERROR(N12/$B$6,"") | P12: -% | Q12: =IFERROR(O12-P12,"") | S12: 義大利麵 | T12: - | U12: =IFERROR(T12/$B$7,"") | V12: -% | W12: =IFERROR(U12-V12,"")
A13: （５）品群別人時生產性 | M13: 調理包 | N13: - | O13: =IFERROR(N13/$B$6,"") | P13: -% | Q13: =IFERROR(O13-P13,"") | S13: 調理包 | T13: - | U13: =IFERROR(T13/$B$7,"") | V13: -% | W13: =IFERROR(U13-V13,"")
B14: 當月 | C14: 前月 | D14: 差異 | E14: 累計 | H14: 當月 | I14: 前月 | J14: 差異 | K14: 累計 | O14: =SUM(O6:O13) -> 1 | P14: =SUM(P6:P13) -> 1 | U14: =SUM(U6:U13) -> 1 | V14: =SUM(V6:V13) -> 1
A15: 飯糰 | B15: 600 | C15: 660 | D15: =B15-C15 -> -60 | E15: =(B15+C15)/2 -> 630 | G15: 調理麵包 | J15: =H15-I15 -> 0 | M15: （７）原因別分析
A16: 大口飯糰 | B16: 800 | C16: 780 | D16: =B16-C16 -> 20 | E16: =(B16+C16)/2 -> 790 | G16: 袋裝調理麵包 | J16: =H16-I16 -> 0 | N16: 合計 | P16: 作業原因 | R16: 規格原因
A17: 便當 | B17: 130 | C17: 111 | D17: =B17-C17 -> 19 | E17: =(B17+C17)/2 -> 120.5 | G17: 義大利麵 | J17: =H17-I17 -> 0 | N17: 金額 | O17: 比例 | P17: 金額 | Q17: 比例 | R17: 金額 | S17: 比例
A18: 調理麵 | B18: 140 | C18: 165 | D18: =B18-C18 -> -25 | E18: =(B18+C18)/2 -> 152.5 | G18: 調理包 | J18: =H18-I18 -> 0 | M18: 半成品報廢 | N18: 1200 | O18: =N18/$B$6 -> 0.0024 | P18: 900 | Q18: =IFERROR(P18/$B$6,"") -> 0.0018 | R18: 300 | S18: =IFERROR(R18/$B$6,"") -> 0.0006
M19: 半成品超用 | N19: 4500 | O19: =N19/$B$6 -> 0.009 | P19: 3500 | Q19: =IFERROR(P19/$B$6,"") -> 0.007 | R19: 1000 | S19: =IFERROR(R19/$B$6,"") -> 0.002
A20: （６）人時生產性前幾名品項
B21: 排名 | C21: 商品名 | F21: 人數 | G21: 產能 | H21: 人時生產性 | I21: 前月比 | J21: 主要原因&對策 | M21: （８）報廢原因別前幾名品項
A22: 飯糰 | B22: 1 | C22: 手巻明太子 | F22: 3 | G22: 3000 | H22: 1000 | I22: 10 | J22: 減少暫時停止生產,人時UP | M22: 半成品報廢 | N22: 排名 | O22: 商品名 | R22: 半成品名 | U22: 單價 | V22: 報廢率 | W22: 數量 | X22: 金額 | Y22: 前月比 | Z22: 主要原因&對策
B23: 2 | M23: 作業原因 | N23: 1 | O23: 明太子海苔便當 | R23: 油炸白身魚 | U23: 10 | V23: 0.15 | W23: 10 | X23: =W23*U23 -> 100 | Y23: 80 | Z23: 油調過多報廢。變更條件。
B24: 3 | N24: 2 | X24: =W24*U24 -> 0
B25: 4 | N25: 3 | X25: =W25*U25 -> 0
B26: 5 | N26: 4 | X26: =W26*U26 -> 0
B27: ▼1 | C27: 手巻卵黄雞絞肉 | F27: 4 | G27: 2800 | H27: 700 | I27: 6/30新商品 | J27: 因組裝2食材,人員增加,產速減少 | N27: 5 | X27: =W27*U27 -> 0
B28: ▼2 | U28: 前幾名合計比例 | V28: =X28/N18 -> 0.083333333 | W28: 前幾名合計金額 | X28: =SUM(X23:X27) -> 100
B29: ▼3 | M29: 規格原因 | N29: 1 | O29: 海老炒飯 | R29: 川燙蝦子拌醬 | U29: 5.55 | V29: 0.21 | W29: 50 | X29: =W29*U29 -> 277.5 | Y29: 35 | Z29: 蝦子入數不足
B30: ▼4 | N30: 2 | X30: =W30*U30 -> 0
B31: ▼5 | N31: 3 | X31: =W31*U31 -> 0
N32: 4 | X32: =W32*U32 -> 0
B33: 排名 | C33: 商品名 | F33: 人數 | G33: 產能 | H33: 人時生產性 | I33: 前月比 | J33: 主要原因&對策 | N33: 5 | X33: =W33*U33 -> 0
A34: 大口飯糰 | B34: 1 | C34: 直巻明太子美奶茲 | F34: 3 | G34: 2500 | H34: 833.33 | I34: 20 | J34: 透由調整速度提升。 | U34: 前幾名合計比例 | V34: =X34/N18 -> 0.23125 | W34: 前幾名合計金額 | X34: =SUM(X29:X33) -> 277.5
B35: 2
B36: 3 | M36: 半成品超用 | N36: 排名 | O36: 商品名 | R36: 半成品名 | U36: 單價 | V36: 報廢率 | W36: 數量 | X36: 金額 | Y36: 前月比 | Z36: 主要原因&對策
B37: 4 | M37: 作業原因 | N37: 1 | O37: 特製醬汁炙燒牛五花便當 | R37: 牛五花醬汁 | U37: 25 | V37: 0.25 | W37: 10 | X37: =W37*U37 -> 250 | Y37: 150 | Z37: 難度有差異。調理指導。
B38: 5 | N38: 2 | X38: =W38*U38 -> 0
B39: ▼1 | C39: 大口飯糰燒肉美奶滋 | F39: 7 | G39: 2200 | H39: 314.29 | I39: -15 | J39: 因摺疊增員。實施教育訓練。 | N39: 3 | X39: =W39*U39 -> 0
B40: ▼2 | N40: 4 | X40: =W40*U40 -> 0
B41: ▼3 | N41: 5 | X41: =W41*U41 -> 0
B42: ▼4 | U42: 前幾名合計比例 | V42: =X42/N19 -> 0.055555556 | W42: 前幾名合計金額 | X42: =SUM(X37:X41) -> 250
B43: ▼5 | M43: 規格原因 | N43: 1 | O43: 特製醬汁炙燒牛五花便當 | R43: 牛五花燒成 | U43: 30 | V43: 0.1 | W43: 20 | X43: =W43*U43 -> 600 | Y43: 400 | Z43: 因原料變更。
N44: 2 | X44: =W44*U44 -> 0
B45: 排名 | C45: 商品名 | F45: 人數 | G45: 產能 | H45: 人時生產性 | I45: 前月比 | J45: 主要原因&對策 | N45: 3 | X45: =W45*U45 -> 0
A46: 便當 | B46: 1 | C46: 明太子海苔便當 | F46: 15 | G46: 1200 | H46: 80 | I46: 5 | J46: 指導鋪開炒柴魚片 | N46: 4 | X46: =W46*U46 -> 0
B47: 2 | N47: 5 | X47: =W47*U47 -> 0
B48: 3 | U48: 前幾名合計比例 | V48: =X48/N19 -> 0.13333333 | W48: 前幾名合計金額 | X48: =SUM(X43:X47) -> 600
B49: 4
B50: 5 | M50: （９）歩留
B51: ▼1 | C51: 特製醬汁炙燒牛五花便當 | F51: 18 | G51: 800 | H51: 44.44 | I51: -15 | J51: 肉狀態不良，已連動開發 | N51: No. | O51: 商品名 | R51: 半成品名 | U51: 單價 | V51: 規格 | W51: 實績 | X51: 差異 | Y51: 主要原因&對策
B52: ▼2 | M52: 作業原因 | N52: 1 | O52: 特製醬汁炙燒牛五花便當 | R52: 牛五花燒成 | U52: 30 | V52: 0.62 | W52: 0.58 | X52: =W52-V52 -> -0.04 | Y52: 燒成過多，調整調理條件。
B53: ▼3 | N53: 2 | X53: =W53-V53 -> 0
B54: ▼4 | M54: 規格原因 | N54: 1 | O54: 大口飯糰三種起司午餐肉 | R54: ３種起司燒成 | U54: 20 | V54: 0.9 | W54: 0.82 | X54: =W54-V54 -> -0.08 | Y54: 與燒成範本不同。
B55: ▼5 | N55: 2 | X55: =W55-V55 -> 0

Sheet 鮮食品群番
B2: 鮮食品群番
B3: 06 | C3: 飯糰 | E3: 10 | F3: 三明治
B4: 061 | C4: 飯糰一配 | E4: 106 | F4: 三明治４度Ｃ
B5: 063 | C5: 飯糰二配 | E5: 107 | F5: 調理麵包４度Ｃ
B6: 065 | C6: 飯糰４度Ｃ | E6: 11 | F6: 季節調理麵
B7: 07 | C7: 壽司、手卷 | E7: 111 | F7: 涼麵
B8: 071 | C8: 壽司一配 | E8: 112 | F8: 熱湯麵
B9: 072 | C9: 手卷一配 | E9: 12 | F9: 熱食義麵
B10: 075 | C10: 壽司二配 | E10: 122 | F10: 熱食麵
B11: 076 | C11: 手卷２配 | E11: 123 | F11: 熱湯麵
B12: 077 | C12: ４℃壽司手卷 | E12: 124 | F12: 義大利麵
B13: 08 | C13: 便當 | E13: 126 | F13: 冷凍調理麵
B14: 083 | C14: 便當４℃ | E14: 14 | F14: 沙拉
... B19: 094 | C19: 粥品 | E19: 155 | F19: 特色小吃
B20: 095 | C20: 其他飯類

Sheet 11產線配置圖
A1: 品項 | B1: 人數 | C1: 產能
A2: 白酒蛤蜊義大利麵 | B2: 13 | C2: 2000 | D2: ET-600
A3: 白酒蛤蜊義大利麵-手 | B3: 15 | C3: 1565 | D3: ET-55
A4: 青醬蛤蜊義大利麵 | B4: 15 | C4: 2000
A5: 義式蕃茄起司義大利麵 | B5: 12 | C5: 2000
A6: 焗烤起司雙饗筆尖麵 | B6: 18 | C6: 1565
A7: 奶油培根義大利麵 | B7: 13 | C7: 2000
A8: 韓式起司炸雞義大利麵 | B8: 14 | C8: 1895
A9: 剝皮辣椒雞奶油扁麵 | B9: 17 | C9: 1500
A10: 青花椒麻雞肉拌麵 | B10: 17 | C10: 1565
A11: 青花椒麻雞肉拌麵-降速生產 | B11: 14 | C11: 1385
A12: 奶油蒜香雞義大利麵 | B12: 18 | C12: 1385
A13: 奶油蒜香雞義大利麵-降速生產 | B13: 16 | C13: 1385
A14: 焗烤明太子筆尖麵 | B14: 17 | C14: 1385
A15: 濃拿坡里義大利麵 | B15: 15 | C15: 1440
... A17: 南洋紅咖哩豬義大利麵 | B17: 15 | C17: 1636
E23: 更新日期11/02
A25: 小滷青蔬 | B25: 13 | C25: 1565
A26: 起司馬鈴薯 | B26: 12 | C26: 1565
A27: 台式綜合甜不辣 | B27: 12 | C27: 1565
