Workbook

Sheet 生產管理報表(月)
A1: 長家廠生產管理報表
A3: 月別 | B3: 9 | C3: 工廠 | D3: 長家
A4: （１）收支狀況 | E4: ※單位：千元 | G4: （２）ＫＰＩ達成進度
A5: 項目 | B5: 當月 | C5: 前月 | D5: 差異 | E5: 累計 | G5: 項目 | H5: KPI | I5: 當月 | J5: 前月 | K5: 累計 | L5: ※補充
A6: 業績金額 | B6: 75756.5 | C6: 84284.94 | D6: =B6-C6 -> -8528.44 | G6: 人時性(個/月均) | H6: 117.9 | I6: 99.6 | J6: 99.8 | L6: 個／MH
A7: 訂單數量 | B7: 1533362 | C7: 1717015 | D7: =B7-C7 -> -183653 | G7: 人時達成率(%/月均) | H7: 0.8 | I7: 0.891 | J7: 0.912 | L7: 達成率
A8: 材料費 | B8: 47758.42 | C8: 53121.6 | D8: =B8-C8 -> -5363.18 | G8: 半成品-報廢(%) | H8: 0.0025 | I8: 0.007 | J8: 0.009 | L8: 報廢率
A9: 材料費率 | B9: 0.6304 | C9: 0.62806824 | D9: =B9-C9 -> 0.0023317574 | G9: 半成品-超用(%) | H9: 0.0025 | I9: 0.0062 | J9: 0.011 | L9: 超用率
A10: 勞務成本 | B10: 9772 | C10: 9693 | D10: =B10-C10 -> 79 | G10: 固定產線-導入率(%) | H10: 1 | I10: 0.429 | J10: 0.429 | L10: 導入率
A11: 勞務費率 | B11: 0.129 | C11: 0.11500014 | D11: =B11-C11 -> 0.013999859 | G11: 教育訓練-實施率(%) | H11: 1 | I11: 0.286 | J11: 0.457 | L11: 實施率
A13: （３）業績構成比 | G13: （４）訂單數量構成比
B14: 當月 | C14: 比例 | D14: 前月 | E14: 差異 | H14: 當月 | I14: 比例 | J14: 前月 | K14: 差異
A15: 熱食義麵(122,123,124,126) | B15: 68817.85 | C15: =IFERROR(B15/$B$6,"") -> 0.90840852 | D15: 0.9187 | E15: =IFERROR(C15-D15,"") -> -0.010291481 | G15: 熱食義麵(122,123,124,126) | H15: 1282561 | I15: =IFERROR(H15/$B$7,"") -> 0.83643719 | J15: 0.8494 | K15: =IFERROR(I15-J15,"") -> -0.012962812
A16: 季節調理麵(111,112) | C16: =IFERROR(B16/$B$6,"") -> 0 | E16: =IFERROR(C16-D16,"") -> 0 | G16: 季節調理麵(111,112) | I16: =IFERROR(H16/$B$7,"") -> 0 | K16: =IFERROR(I16-J16,"") -> 0
A17: 微波小吃(153,154,155) | B17: 6938.64 | C17: =IFERROR(B17/$B$6,"") -> 0.091591349 | D17: 0.08128 | E17: =IFERROR(C17-D17,"") -> 0.010311349 | G17: 微波小吃(153,154,155) | H17: 250801 | I17: =IFERROR(H17/$B$7,"") -> 0.16356281 | J17: 0.1506 | K17: =IFERROR(I17-J17,"") -> 0.012962812
C18: =SUM(C15:C17) -> 0.99999987 | D18: =SUM(D15:D17) -> 0.99998 | I18: =SUM(I15:I17) -> 1 | J18: =SUM(J15:J17) -> 1
A20: （５）品群別人時生產性
A21: 品群 | B21: 當月 | C21: 前月 | D21: 差異 | E21: 累計
A22: 熱食義麵(122,123,124,126) | B22: 95.2 | C22: 97.6 | D22: =B22-C22 -> -2.4
A23: 季節調理麵(111,112) | D23: =B23-C23 -> 0
A24: 微波小吃(153,154,155) | B24: 113 | C24: 112.5 | D24: =B24-C24 -> 0.5

Sheet （１）收支狀況
B2: （１）收支狀況
B3: 資料繳交日 | C3: 月份 | D3: 日期 | F3: 營業額(元) | I3: 訂單數量(個) | L3: 材料費(元) | O3: 材料費率（材料費／營業額） | R3: 勞務成本（全廠人事成本） | U3: 勞務費率（勞務成本／營業額）
F4: 日 | G4: 週累積 | H4: 月累積 | I4: 日 | J4: 週累積 | K4: 月累積 | L4: 日 | M4: 週累積 | N4: 月累積 | O4: 日 | P4: 週累積 | Q4: 月累積 | R4: 日 | S4: 週累積 | T4: 月累積 | U4: 日 | V4: 週累積 | W4: 月累積
C5: 九 | D5: 45901 | E5: 一 | F5: 2893618.9 | G5: =SUM(F5) -> 2893618.9 | H5: =SUM(F5:F34) -> 75756497 | I5: 58795 | J5: =SUM(I5) -> 58795 | K5: =SUM(I5:I34) -> 1476642 | L5: 1819250 | M5: =SUM(L5) -> 1819250 | N5: =SUM(L5:L34) -> 47758424 | O5: =L5/F5 -> 0.62871099 | P5: =M5/G5 -> 0.62871099 | Q5: =N5/H5 -> 0.63042017 | S5: =SUM(R5) -> 0 | T5: =SUM(R5:R34) -> 0 | U5: =R5/F5 -> 0 | V5: =SUM(U5) -> 0 | W5: =T5/H5 -> 0
B6: 45910 | D6: 45902 | E6: 二 | F6: 2792067.2 | G6: =SUM(F6:F12) -> 17039199 | I6: 56974 | J6: =SUM(I6:I12) -> 350126 | L6: 1758759 | M6: =SUM(L6:L12) -> 10732236 | O6: =L6/F6 -> 0.62991285 | P6: =M6/G6 -> 0.62985567 | S6: =SUM(R6:R12) -> 0 | U6: =R6/F6 -> 0 | V6: =SUM(U6:U12) -> 0
D7: 45903 | E7: 三 | F7: 2693780.4 | I7: 55119 | L7: 1698150 | O7: =L7/F7 -> 0.63039661 | U7: =R7/F7 -> 0
D8: 45904 | E8: 四 | F8: 2413420.3 | I8: 49608 | L8: 1517843 | O8: =L8/F8 -> 0.62891782 | U8: =R8/F8 -> 0
D9: 45905 | E9: 五 | F9: 1867882.3 | I9: 38609 | L9: 1177843 | O9: =L9/F9 -> 0.63057667 | U9: =R9/F9 -> 0
D10: 45906 | E10: 六 | F10: 1984347.8 | I10: 40921 | L10: 1247843 | O10: =L10/F10 -> 0.62884288 | U10: =R10/F10 -> 0
D11: 45907 | E11: 日 | F11: 2634379.3 | I11: 54263 | L11: 1663039 | O11: =L11/F11 -> 0.63128305 | U11: =R11/F11 -> 0
D12: 45908 | E12: 一 | F12: 2653321.6 | I12: 54632 | L12: 1668759 | O12: =L12/F12 -> 0.62893206 | U12: =R12/F12 -> 0
B13: 45917 | D13: 45909 | E13: 二 | F13: 2549415.1 | G13: =SUM(F13:F19) -> 16573497 | I13: 54526 | J13: =SUM(I13:I19) -> 344404 | L13: 1600947 | M13: =SUM(L13:L19) -> 10437998 | O13: =L13/F13 -> 0.6279664 | P13: =M13/G13 -> 0.62980058 | S13: =SUM(R13:R19) -> 0 | U13: =R13/F13 -> 0 | V13: =SUM(U13:U19) -> 0
D14: 45910 | E14: 三 | F14: 2484298.8 | I14: 51467 | L14: 1569402 | O14: =L14/F14 -> 0.63172836 | U14: =R14/F14 -> 0
D15: 45911 | E15: 四 | F15: 2285316.2 | I15: 47272 | L15: 1440666 | O15: =L15/F15 -> 0.63040118 | U15: =R15/F15 -> 0
D16: 45912 | E16: 五 | F16: 1942536.6 | I16: 40144 | L16: 1225182 | O16: =L16/F16 -> 0.63071245 | U16: =R16/F16 -> 0
D17: 45913 | E17: 六 | F17: 2052730.4 | I17: 42409 | L17: 1289965 | O17: =L17/F17 -> 0.62841424 | U17: =R17/F17 -> 0
D18: 45914 | E18: 日 | F18: 2615131.3 | I18: 54004 | L18: 1646918 | O18: =L18/F18 -> 0.62976494 | U18: =R18/F18 -> 0
D19: 45915 | E19: 一 | F19: 2644068.6 | I19: 54582 | L19: 1664918 | O19: =L19/F19 -> 0.62968033 | U19: =R19/F19 -> 0
B20: 45924 | D20: 45916 | E20: 二 | F20: 3351676 | G20: =SUM(F20:F26) -> 19143932 | I20: 52594 | J20: =SUM(I20:I26) -> 376041 | L20: 2110250 | M20: =SUM(L20:L26) -> 12097345 | O20: =L20/F20 -> 0.62961039 | P20: =M20/G20 -> 0.63191538 | S20: =SUM(R20:R26) -> 0 | U20: =R20/F20 -> 0 | V20: =SUM(U20:U26) -> 0
D21: 45917 | E21: 三 | F21: 3025640.2 | I21: 61614 | L21: 1908759 | O21: =L21/F21 -> 0.6308612 | U21: =R21/F21 -> 0
D22: 45918 | E22: 四 | F22: 2779379.6 | I22: 56703 | L22: 1752150 | O22: =L22/F22 -> 0.63041047 | U22: =R22/F22 -> 0
D23: 45919 | E23: 五 | F23: 2046591.7 | I23: 42093 | L23: 1300843 | O23: =L23/F23 -> 0.63561434 | U23: =R23/F23 -> 0
D24: 45920 | E24: 六 | F24: 2230582.5 | I24: 45817 | L24: 1427843 | O24: =L24/F24 -> 0.64012112 | U24: =R24/F24 -> 0
D25: 45921 | E25: 日 | F25: 2856812 | I25: 58722 | L25: 1799250 | O25: =L25/F25 -> 0.62981044 | U25: =R25/F25 -> 0
D26: 45922 | E26: 一 | F26: 2853250 | I26: 58498 | L26: 1798250 | O26: =L26/F26 -> 0.63024622 | U26: =R26/F26 -> 0
B27: 45931 | D27: 45923 | E27: 二 | F27: 2623577.6 | G27: =SUM(F27:F33) -> 16941839 | I27: 54036 | J27: =SUM(I27:I33) -> 347276 | L27: 1650250 | M27: =SUM(L27:L33) -> 10676345 | O27: =L27/F27 -> 0.62900751 | P27: =M27/G27 -> 0.63017629 | S27: =SUM(R27:R33) -> 0 | U27: =R27/F27 -> 0 | V27: =SUM(U27:U33) -> 0
D28: 45924 | E28: 三 | F28: 2681520.5 | I28: 55176 | L28: 1685759 | O28: =L28/F28 -> 0.62865788 | U28: =R28/F28 -> 0
D29: 45925 | E29: 四 | F29: 2459851.9 | I29: 50523 | L29: 1552150 | O29: =L29/F29 -> 0.63099327 | U29: =R29/F29 -> 0
D30: 45926 | E30: 五 | F30: 1996517.2 | I30: 40771 | L30: 1259843 | O30: =L30/F30 -> 0.63102037 | U30: =R30/F30 -> 0
D31: 45927 | E31: 六 | F31: 2053881.9 | I31: 41899 | L31: 1297843 | O31: =L31/F31 -> 0.63189758 | U31: =R31/F31 -> 0
D32: 45928 | E32: 日 | F32: 2260837.3 | I32: 46083 | L32: 1422250 | O32: =L32/F32 -> 0.62908108 | U32: =R32/F32 -> 0
D33: 45929 | E33: 一 | F33: 2865652.3 | I33: 58788 | L33: 1808250 | O33: =L33/F33 -> 0.63100817 | U33: =R33/F33 -> 0
D34: 45930 | E34: 二 | F34: 3164412 | G34: =SUM(F34) -> 3164412 | L34: 1995250 | M34: =SUM(L34) -> 1995250 | O34: =L34/F34 -> 0.63052788 | P34: =M34/G34 -> 0.63052788 | U34: =R34/F34 -> 0
U35: =R35/F35 -> #DIV/0!
S37: =SUM(R37:R43) -> 0 | V37: =SUM(U37:U43) -> 0

Sheet （２）ＫＰＩ達成進度
C1: 111.8
B2: （２）ＫＰＩ達成進度
B3: 資料繳交日 | C3: 月份 | D3: 日期 | F3: 人時生產性(個/人) | I3: 人時生產性達成率(%) | L3: 半成品報廢(%) | O3: 半成品超用(%) | R3: 固定產線-導入率(固定產線數/總產線數) | U3: 教育訓練-實施率(進度/計畫)
F4: 日 | G4: 週平均 | H4: 月平均 | I4: 日 | J4: 週平均 | K4: 月平均 | L4: 日 | M4: 週平均 | N4: 月平均 | O4: 日 | P4: 週平均 | Q4: 月平均 | R4: 日 | S4: 週平均 | T4: 月平均 | U4: 日 | V4: 週平均 | W4: 月平均
C5: 九 | D5: 45901 | E5: 一 | F5: 96.8 | G5: =AVERAGE(F5) -> 96.8 | H5: =AVERAGE(F5:F34) -> 99.586667 | I5: =F5/$C$1 -> 0.86583184 | J5: =AVERAGE(I5) -> 0.86583184 | K5: =AVERAGE(I5:I34) -> 0.8907573 | L5: 0.00365 | M5: =AVERAGE(L5) -> 0.00365 | N5: =AVERAGE(L5:L34) -> 0.0073326667 | O5: 0.002 | P5: =AVERAGE(O5) -> 0.002 | Q5: =AVERAGE(O5:O34) -> 0.0035836667 | R5: 0.429 | S5: =AVERAGE(R5) -> 0.429 | T5: =AVERAGE(R5:R34) -> 0.429 | U5: 0.1 | V5: =AVERAGE(U5) -> 0.1 | W5: =AVERAGE(U5:U34) -> 0.45733333
B6: 45910 | D6: 45902 | E6: 二 | F6: 99.3 | G6: =AVERAGE(F6:F12) -> 98.742857 | I6: =F6/$C$1 -> 0.8881932 | J6: =AVERAGE(I6:I12) -> 0.88320981 | L6: 0.00553 | M6: =AVERAGE(L6:L12) -> 0.0056771429 | O6: 0.0018 | P6: =AVERAGE(O6:O12) -> 0.0028285714 | R6: 0.429 | S6: =AVERAGE(R6:R12) -> 0.429 | U6: 0.1 | V6: =AVERAGE(U6:U12) -> 0.27142857
D7: 45903 | E7: 三 | F7: 97.9 | I7: =F7/$C$1 -> 0.87567084 | L7: 0.0054 | O7: 0.0016 | R7: 0.429 | U7: 0.2
D8: 45904 | E8: 四 | F8: 100.7 | I8: =F8/$C$1 -> 0.90071556 | L8: 0.00627 | O8: 0.003 | R8: 0.429 | U8: 0.2
D9: 45905 | E9: 五 | F9: 99.5 | I9: =F9/$C$1 -> 0.88998211 | L9: 0.00495 | O9: 0.0021 | R9: 0.429 | U9: 0.3
D10: 45906 | E10: 六 | F10: 95.9 | I10: =F10/$C$1 -> 0.85778175 | L10: 0.00848 | O10: 0.0055 | R10: 0.429 | U10: 0.3
D11: 45907 | E11: 日 | F11: 94.8 | I11: =F11/$C$1 -> 0.84794275 | L11: 0.00464 | O11: 0.0021 | R11: 0.429 | U11: 0.4
D12: 45908 | E12: 一 | F12: 103.1 | I12: =F12/$C$1 -> 0.92218247 | L12: 0.00447 | O12: 0.0037 | R12: 0.429 | U12: 0.4
B13: 45917 | D13: 45909 | E13: 二 | F13: 103.6 | G13: =AVERAGE(F13:F19) -> 102.05714 | I13: =F13/$C$1 -> 0.92665474 | J13: =AVERAGE(I13:I19) -> 0.91285459 | L13: 0.00988 | M13: =AVERAGE(L13:L19) -> 0.0052857143 | O13: 0.0021 | P13: =AVERAGE(O13:O19) -> 0.0047714286 | R13: 0.429 | S13: =AVERAGE(R13:R19) -> 0.429 | U13: 0.45 | V13: =AVERAGE(U13:U19) -> 0.47142857
D14: 45910 | E14: 三 | F14: 103.3 | I14: =F14/$C$1 -> 0.92397138 | L14: 0.00512 | O14: 0.0036 | R14: 0.429 | U14: 0.45
D15: 45911 | E15: 四 | F15: 102.4 | I15: =F15/$C$1 -> 0.91592129 | L15: 0.00487 | O15: 0.0045 | R15: 0.429 | U15: 0.45
D16: 45912 | E16: 五 | F16: 102.2 | I16: =F16/$C$1 -> 0.91413238 | L16: 0.00457 | O16: 0.0036 | R16: 0.429 | U16: 0.45
D17: 45913 | E17: 六 | F17: 101 | I17: =F17/$C$1 -> 0.90339893 | L17: 0.00415 | O17: 0.0049 | R17: 0.429 | U17: 0.5
D18: 45914 | E18: 日 | F18: 100.5 | I18: =F18/$C$1 -> 0.89892665 | L18: 0.00486 | O18: 0.0069 | R18: 0.429 | U18: 0.5
D19: 45915 | E19: 一 | F19: 101.4 | I19: =F19/$C$1 -> 0.90697674 | L19: 0.00355 | O19: 0.0078 | R19: 0.429 | U19: 0.5
B20: 45924 | D20: 45916 | E20: 二 | F20: 97.1 | G20: =AVERAGE(F20:F26) -> 98.428571 | I20: =F20/$C$1 -> 0.86851521 | J20: =AVERAGE(I20:I26) -> 0.88039867 | L20: 0.00858 | M20: =AVERAGE(L20:L26) -> 0.0093728571 | O20: 0.0049 | P20: =AVERAGE(O20:O26) -> 0.0027014286 | R20: 0.429 | S20: =AVERAGE(R20:R26) -> 0.429 | U20: 0.5 | V20: =AVERAGE(U20:U26) -> 0.5
D21: 45917 | E21: 三 | F21: 100.6 | I21: =F21/$C$1 -> 0.89982111 | L21: 0.00436 | O21: 0.0039 | R21: 0.429 | U21: 0.5
D22: 45918 | E22: 四 | F22: 96.2 | I22: =F22/$C$1 -> 0.86046512 | L22: 0.00377 | O22: 0.0039 | R22: 0.429 | U22: 0.5
D23: 45919 | E23: 五 | F23: 93.5 | I23: =F23/$C$1 -> 0.83631485 | L23: 0.01784 | O23: 1e-05 | R23: 0.429 | U23: 0.5
D24: 45920 | E24: 六 | F24: 94.2 | I24: =F24/$C$1 -> 0.84257603 | L24: 0.01105 | O24: 0.0036 | R24: 0.429 | U24: 0.5
D25: 45921 | E25: 日 | F25: 103.9 | I25: =F25/$C$1 -> 0.9293381 | L25: 0.00801 | O25: 0.002 | R25: 0.429 | U25: 0.5
D26: 45922 | E26: 一 | F26: 103.5 | I26: =F26/$C$1 -> 0.92576029 | L26: 0.012 | O26: 0.0006 | R26: 0.429 | U26: 0.5
B27: 45931 | D27: 45923 | E27: 二 | F27: 103.1 | G27: =AVERAGE(F27:F33) -> 98.714286 | I27: =F27/$C$1 -> 0.92218247 | J27: =AVERAGE(I27:I33) -> 0.88295426 | L27: 0.00759 | M27: =AVERAGE(L27:L33) -> 0.00964 | O27: 0.0019 | P27: =AVERAGE(O27:O33) -> 0.0019285714 | R27: 0.429 | S27: =AVERAGE(R27:R33) -> 0.429 | U27: 0.5 | V27: =AVERAGE(U27:U33) -> 0.60285714
D28: 45924 | E28: 三 | F28: 97.5 | I28: =F28/$C$1 -> 0.87209302 | L28: 0.00716 | O28: 0.0046 | R28: 0.429 | U28: 0.5
D29: 45925 | E29: 四 | F29: 100.8 | I29: =F29/$C$1 -> 0.90161002 | L29: 0.00394 | O29: 0.0024 | R29: 0.429 | U29: 0.55
D30: 45926 | E30: 五 | F30: 97.1 | I30: =F30/$C$1 -> 0.86851521 | L30: 0.00796 | O30: 0 | R30: 0.429 | U30: 0.6
D31: 45927 | E31: 六 | F31: 94.4 | I31: =F31/$C$1 -> 0.84436494 | L31: 0.01105 | O31: 0.0003 | R31: 0.429 | U31: 0.67
D32: 45928 | E32: 日 | F32: 97.9 | I32: =F32/$C$1 -> 0.87567084 | L32: 0.02622 | O32: 0.0032 | R32: 0.429 | U32: 0.7
D33: 45929 | E33: 一 | F33: 100.2 | I33: =F33/$C$1 -> 0.89624329 | L33: 0.00356 | O33: 0.0011 | R33: 0.429 | U33: 0.7
D34: 45930 | E34: 二 | F34: 105.2 | I34: =F34/$C$1 -> 0.94096601 | L34: 0.0065 | O34: 0.0199 | S34: 0.429 | U34: 0.7
I35: =F35/$C$1 -> 0
I36: =F36/$C$1 -> 0
G37: =AVERAGE(F37:F43) -> #DIV/0! | I37: =F37/$C$1 -> 0 | J37: =AVERAGE(I37:I43) -> 0 | M37: =AVERAGE(L37:L43) -> #DIV/0! | P37: =AVERAGE(O37:O43) -> #DIV/0! | S37: =AVERAGE(R37:R43) -> #DIV/0! | V37: =AVERAGE(U37:U43) -> #DIV/0!
I38: =F38/$C$1 -> 0
I39: =F39/$C$1 -> 0
I40: =F40/$C$1 -> 0
I41: =F41/$C$1 -> 0
I42: =F42/$C$1 -> 0
I43: =F43/$C$1 -> 0

Sheet （３）業績構成比
B2: （3）業績構成比
B3: 資料繳交日 | C3: 月份 | D3: 日期 | F3: 營業額 | I3: 品類業績
I4: 熱食義麵 | K4: 季節調理麵 | M4: 微波小吃
F5: 日 | G5: 週累積 | H5: 月累積 | I5: 一配 | K5: 一配 | M5: 一配
I6: 業績(元) | J6: 比例(%) | K6: 業績(元) | L6: 比例(%) | M6: 業績(元) | N6: 比例(%)
C7: 九 | D7: 45901 | E7: 一 | F7: =SUM(I7,K7,M7) -> 2893619.4 | G7: =SUM(F7) -> 2893619.4 | H7: =SUM(F7:F36) -> 75756496 | I7: 2647777.4 | J7: =I7/F7 -> 0.91503997 | L7: =K7/F7 -> 0 | M7: 245842 | N7: =M7/F7 -> 0.084960034
B8: 45910 | D8: 45902 | E8: 二 | F8: =SUM(I8,K8,M8) -> 2792067.1 | G8: =SUM(F8:F14) -> 17039197 | I8: 2539987.1 | J8: =I8/F8 -> 0.90971564 | L8: =K8/F8 -> 0 | M8: 252080 | N8: =M8/F8 -> 0.090284364
D9: 45903 | E9: 三 | F9: =SUM(I9,K9,M9) -> 2693780.1 | I9: 2435976.1 | J9: =I9/F9 -> 0.90429657 | L9: =K9/F9 -> 0 | M9: 257804 | N9: =M9/F9 -> 0.09570343
D10: 45904 | E10: 四 | F10: =SUM(I10,K10,M10) -> 2413419.8 | I10: 2170630.8 | J10: =I10/F10 -> 0.89940043 | L10: =K10/F10 -> 0 | M10: 242789 | N10: =M10/F10 -> 0.10059957
D11: 45905 | E11: 五 | F11: =SUM(I11,K11,M11) -> 1867882 | I11: 1668669 | J11: =I11/F11 -> 0.89334819 | L11: =K11/F11 -> 0 | M11: 199213 | N11: =M11/F11 -> 0.10665181
D12: 45906 | E12: 六 | F12: =SUM(I12,K12,M12) -> 1984347.4 | I12: 1778186.4 | J12: =I12/F12 -> 0.8961064 | L12: =K12/F12 -> 0 | M12: 206161 | N12: =M12/F12 -> 0.1038936
D13: 45907 | E13: 日 | F13: =SUM(I13,K13,M13) -> 2634378.9 | I13: 2375462.9 | J13: =I13/F13 -> 0.90171649 | L13: =K13/F13 -> 0 | M13: 258916 | N13: =M13/F13 -> 0.098283507
D14: 45908 | E14: 一 | F14: =SUM(I14,K14,M14) -> 2653322 | I14: 2398288 | J14: =I14/F14 -> 0.90388125 | L14: =K14/F14 -> 0 | M14: 255034 | N14: =M14/F14 -> 0.096118751
B15: 45917 | D15: 45909 | E15: 二 | F15: =SUM(I15,K15,M15) -> 2549415.1 | G15: =SUM(F15:F21) -> 16573497 | I15: 2296014.2 | J15: =I15/F15 -> 0.90060431 | L15: =K15/F15 -> 0 | M15: 253400.88 | N15: =M15/F15 -> 0.099395694
D16: 45910 | E16: 三 | F16: =SUM(I16,K16,M16) -> 2484298.8 | I16: 2233792.7 | J16: =I16/F16 -> 0.89916425 | L16: =K16/F16 -> 0 | M16: 250506.12 | N16: =M16/F16 -> 0.10083575
D17: 45911 | E17: 四 | F17: =SUM(I17,K17,M17) -> 2285316.2 | I17: 2055144.4 | J17: =I17/F17 -> 0.89928233 | L17: =K17/F17 -> 0 | M17: 230171.72 | N17: =M17/F17 -> 0.10071767
D18: 45912 | E18: 五 | F18: =SUM(I18,K18,M18) -> 1942536.6 | I18: 1741782.6 | J18: =I18/F18 -> 0.89665372 | L18: =K18/F18 -> 0 | M18: 200753.93 | N18: =M18/F18 -> 0.10334628
D19: 45913 | E19: 六 | F19: =SUM(I19,K19,M19) -> 2052730.4 | I19: 1839342.2 | J19: =I19/F19 -> 0.89604668 | L19: =K19/F19 -> 0 | M19: 213388.14 | N19: =M19/F19 -> 0.10395332
D20: 45914 | E20: 日 | F20: =SUM(I20,K20,M20) -> 2615131.3 | I20: 2354551.3 | J20: =I20/F20 -> 0.90035681 | L20: =K20/F20 -> 0 | M20: 260580.02 | N20: =M20/F20 -> 0.099643188
D21: 45915 | E21: 一 | F21: =SUM(I21,K21,M21) -> 2644068.6 | I21: 2385129.8 | J21: =I21/F21 -> 0.90206803 | L21: =K21/F21 -> 0 | M21: 258938.86 | N21: =M21/F21 -> 0.097931974
B22: 45924 | D22: 45916 | E22: 二 | F22: =SUM(I22,K22,M22) -> 3351676 | G22: =SUM(F22:F28) -> 19143932 | I22: 3112819 | J22: =I22/F22 -> 0.92873506 | L22: =K22/F22 -> 0 | M22: 238856.98 | N22: =M22/F22 -> 0.071264938
D23: 45917 | E23: 三 | F23: =SUM(I23,K23,M23) -> 3025640.2 | I23: 2790836.3 | J23: =I23/F23 -> 0.92239531 | L23: =K23/F23 -> 0 | M23: 234803.87 | N23: =M23/F23 -> 0.07760469
D24: 45918 | E24: 四 | F24: =SUM(I24,K24,M24) -> 2779379.6 | I24: 2559560.6 | J24: =I24/F24 -> 0.92091077 | L24: =K24/F24 -> 0 | M24: 219818.98 | N24: =M24/F24 -> 0.079089226
D25: 45919 | E25: 五 | F25: =SUM(I25,K25,M25) -> 2046591.7 | I25: 1860368.1 | J25: =I25/F25 -> 0.90900796 | L25: =K25/F25 -> 0 | M25: 186223.55 | N25: =M25/F25 -> 0.09099204
D26: 45920 | E26: 六 | F26: =SUM(I26,K26,M26) -> 2230582.5 | I26: 2028753.4 | J26: =I26/F26 -> 0.90951729 | L26: =K26/F26 -> 0 | M26: 201829.16 | N26: =M26/F26 -> 0.090482713
D27: 45921 | E27: 日 | F27: =SUM(I27,K27,M27) -> 2856812 | I27: 2603708.1 | J27: =I27/F27 -> 0.91140339 | L27: =K27/F27 -> 0 | M27: 253103.86 | N27: =M27/F27 -> 0.088596611
D28: 45922 | E28: 一 | F28: =SUM(I28,K28,M28) -> 2853250 | I28: 2610602.3 | J28: =I28/F28 -> 0.91495746 | L28: =K28/F28 -> 0 | M28: 242647.62 | N28: =M28/F28 -> 0.085042539
B29: 45931 | D29: 45923 | E29: 二 | F29: =SUM(I29,K29,M29) -> 2623577.6 | G29: =SUM(F29:F35) -> 16941839 | I29: 2388726.4 | J29: =I29/F29 -> 0.91048438 | L29: =K29/F29 -> 0 | M29: 234851.18 | N29: =M29/F29 -> 0.089515623
D30: 45924 | E30: 三 | F30: =SUM(I30,K30,M30) -> 2681520.5 | I30: 2442324.6 | J30: =I30/F30 -> 0.91079839 | L30: =K30/F30 -> 0 | M30: 239195.95 | N30: =M30/F30 -> 0.089201611
D31: 45925 | E31: 四 | F31: =SUM(I31,K31,M31) -> 2459851.9 | I31: 2245202.9 | J31: =I31/F31 -> 0.91273904 | L31: =K31/F31 -> 0 | M31: 214649.03 | N31: =M31/F31 -> 0.087260957
D32: 45926 | E32: 五 | F32: =SUM(I32,K32,M32) -> 1996517.2 | I32: 1833726.4 | J32: =I32/F32 -> 0.91846262 | L32: =K32/F32 -> 0 | M32: 162790.77 | N32: =M32/F32 -> 0.081537375
D33: 45927 | E33: 六 | F33: =SUM(I33,K33,M33) -> 2053881.9 | I33: 1888471.4 | J33: =I33/F33 -> 0.91946443 | L33: =K33/F33 -> 0 | M33: 165410.56 | N33: =M33/F33 -> 0.080535575
D34: 45928 | E34: 日 | F34: =SUM(I34,K34,M34) -> 2260837.3 | I34: 2086033.1 | J34: =I34/F34 -> 0.92268162 | L34: =K34/F34 -> 0 | M34: 174804.27 | N34: =M34/F34 -> 0.077318376
D35: 45929 | E35: 一 | F35: =SUM(I35,K35,M35) -> 2865652.3 | I35: 2615939.3 | J35: =I35/F35 -> 0.91285998 | L35: =K35/F35 -> 0 | M35: 249712.99 | N35: =M35/F35 -> 0.087140018
D36: 45930 | E36: 二 | F36: =SUM(I36,K36,M36) -> 3164412 | I36: 2830050 | J36: =I36/F36 -> 0.89433677 | L36: =K36/F36 -> 0 | M36: 334362 | N36: =M36/F36 -> 0.10566323

Sheet （４）訂單數量構成比
B2: （4）訂單數量構成比
B3: 資料繳交日 | C3: 月份 | D3: 日期 | F3: 訂單量 | I3: 品類訂單量
I4: 熱食義麵 | K4: 季節調理麵 | M4: 微波小吃
F5: 日 | G5: 週累積 | H5: 月累積 | I5: 一配 | K5: 一配 | M5: 一配
I6: 訂單數 | J6: 比例(%) | K6: 訂單數 | L6: 比例(%) | M6: 訂單數 | N6: 比例(%)
B7: 45910 | C7: 九 | D7: 45901 | E7: 一 | F7: =SUM(I7,K7,M7) -> 58795 | G7: =SUM(F7) -> 58795 | H7: =SUM(F7:F36) -> 1533362 | I7: 49909 | J7: =I7/F7 -> 0.8488647 | L7: =K7/F7 -> 0 | M7: 8886 | N7: =M7/F7 -> 0.1511353
D8: 45902 | E8: 二 | F8: =SUM(I8,K8,M8) -> 56974 | G8: =SUM(F8:F14) -> 350126 | I8: 47868 | J8: =I8/F8 -> 0.84017271 | L8: =K8/F8 -> 0 | M8: 9106 | N8: =M8/F8 -> 0.15982729
D9: 45903 | E9: 三 | F9: =SUM(I9,K9,M9) -> 55119 | I9: 45818 | J9: =I9/F9 -> 0.83125601 | L9: =K9/F9 -> 0 | M9: 9301 | N9: =M9/F9 -> 0.16874399
D10: 45904 | E10: 四 | F10: =SUM(I10,K10,M10) -> 49608 | I10: 40852 | J10: =I10/F10 -> 0.82349621 | L10: =K10/F10 -> 0 | M10: 8756 | N10: =M10/F10 -> 0.17650379
D11: 45905 | E11: 五 | F11: =SUM(I11,K11,M11) -> 38609 | I11: 31431 | J11: =I11/F11 -> 0.8140848 | L11: =K11/F11 -> 0 | M11: 7178 | N11: =M11/F11 -> 0.1859152
D12: 45906 | E12: 六 | F12: =SUM(I12,K12,M12) -> 40921 | I12: 33483 | J12: =I12/F12 -> 0.81823514 | L12: =K12/F12 -> 0 | M12: 7438 | N12: =M12/F12 -> 0.18176486
D13: 45907 | E13: 日 | F13: =SUM(I13,K13,M13) -> 54263 | I13: 44907 | J13: =I13/F13 -> 0.82758049 | L13: =K13/F13 -> 0 | M13: 9356 | N13: =M13/F13 -> 0.17241951
D14: 45908 | E14: 一 | F14: =SUM(I14,K14,M14) -> 54632 | I14: 45410 | J14: =I14/F14 -> 0.83119783 | L14: =K14/F14 -> 0 | M14: 9222 | N14: =M14/F14 -> 0.16880217
B15: 45917 | D15: 45909 | E15: 二 | F15: =SUM(I15,K15,M15) -> 54526 | G15: =SUM(F15:F21) -> 344404 | I15: 45367 | J15: =I15/F15 -> 0.83202509 | L15: =K15/F15 -> 0 | M15: 9159 | N15: =M15/F15 -> 0.16797491
D16: 45910 | E16: 三 | F16: =SUM(I16,K16,M16) -> 51467 | I16: 42416 | J16: =I16/F16 -> 0.82413974 | L16: =K16/F16 -> 0 | M16: 9051 | N16: =M16/F16 -> 0.17586026
D17: 45911 | E17: 四 | F17: =SUM(I17,K17,M17) -> 47272 | I17: 38956 | J17: =I17/F17 -> 0.82408191 | L17: =K17/F17 -> 0 | M17: 8316 | N17: =M17/F17 -> 0.17591809
D18: 45912 | E18: 五 | F18: =SUM(I18,K18,M18) -> 40144 | I18: 32903 | J18: =I18/F18 -> 0.81962435 | L18: =K18/F18 -> 0 | M18: 7241 | N18: =M18/F18 -> 0.18037565
D19: 45913 | E19: 六 | F19: =SUM(I19,K19,M19) -> 42409 | I19: 34706 | J19: =I19/F19 -> 0.81836403 | L19: =K19/F19 -> 0 | M19: 7703 | N19: =M19/F19 -> 0.18163597
D20: 45914 | E20: 日 | F20: =SUM(I20,K20,M20) -> 54004 | I20: 44584 | J20: =I20/F20 -> 0.82556848 | L20: =K20/F20 -> 0 | M20: 9420 | N20: =M20/F20 -> 0.17443152
D21: 45915 | E21: 一 | F21: =SUM(I21,K21,M21) -> 54582 | I21: 45217 | J21: =I21/F21 -> 0.82842329 | L21: =K21/F21 -> 0 | M21: 9365 | N21: =M21/F21 -> 0.17157671
B22: 45924 | D22: 45916 | E22: 二 | F22: =SUM(I22,K22,M22) -> 52594 | G22: =SUM(F22:F28) -> 376041 | I22: 43941 | J22: =I22/F22 -> 0.83547553 | L22: =K22/F22 -> 0 | M22: 8653 | N22: =M22/F22 -> 0.16452447
D23: 45917 | E23: 三 | F23: =SUM(I23,K23,M23) -> 61614 | I23: 53109 | J23: =I23/F23 -> 0.86196319 | L23: =K23/F23 -> 0 | M23: 8505 | N23: =M23/F23 -> 0.13803681
D24: 45918 | E24: 四 | F24: =SUM(I24,K24,M24) -> 56703 | I24: 48748 | J24: =I24/F24 -> 0.8597076 | L24: =K24/F24 -> 0 | M24: 7955 | N24: =M24/F24 -> 0.1402924
D25: 45919 | E25: 五 | F25: =SUM(I25,K25,M25) -> 42093 | I25: 35357 | J25: =I25/F25 -> 0.83997339 | L25: =K25/F25 -> 0 | M25: 6736 | N25: =M25/F25 -> 0.16002661
D26: 45920 | E26: 六 | F26: =SUM(I26,K26,M26) -> 45817 | I26: 38524 | J26: =I26/F26 -> 0.84082328 | L26: =K26/F26 -> 0 | M26: 7293 | N26: =M26/F26 -> 0.15917672
D27: 45921 | E27: 日 | F27: =SUM(I27,K27,M27) -> 58722 | I27: 49564 | J27: =I27/F27 -> 0.84404482 | L27: =K27/F27 -> 0 | M27: 9158 | N27: =M27/F27 -> 0.15595518
D28: 45922 | E28: 一 | F28: =SUM(I28,K28,M28) -> 58498 | I28: 49713 | J28: =I28/F28 -> 0.84982393 | L28: =K28/F28 -> 0 | M28: 8785 | N28: =M28/F28 -> 0.15017607
B29: 45931 | D29: 45923 | E29: 二 | F29: =SUM(I29,K29,M29) -> 54036 | G29: =SUM(F29:F35) -> 347276 | I29: 45526 | J29: =I29/F29 -> 0.8425124 | L29: =K29/F29 -> 0 | M29: 8510 | N29: =M29/F29 -> 0.1574876
D30: 45924 | E30: 三 | F30: =SUM(I30,K30,M30) -> 55176 | I30: 46509 | J30: =I30/F30 -> 0.84292084 | L30: =K30/F30 -> 0 | M30: 8667 | N30: =M30/F30 -> 0.15707916
D31: 45925 | E31: 四 | F31: =SUM(I31,K31,M31) -> 50523 | I31: 42752 | J31: =I31/F31 -> 0.84618886 | L31: =K31/F31 -> 0 | M31: 7771 | N31: =M31/F31 -> 0.15381114
D32: 45926 | E32: 五 | F32: =SUM(I32,K32,M32) -> 40771 | I32: 34877 | J32: =I32/F32 -> 0.85543646 | L32: =K32/F32 -> 0 | M32: 5894 | N32: =M32/F32 -> 0.14456354
D33: 45927 | E33: 六 | F33: =SUM(I33,K33,M33) -> 41899 | I33: 35916 | J33: =I33/F33 -> 0.85720423 | L33: =K33/F33 -> 0 | M33: 5983 | N33: =M33/F33 -> 0.14279577
D34: 45928 | E34: 日 | F34: =SUM(I34,K34,M34) -> 46083 | I34: 39755 | J34: =I34/F34 -> 0.86268255 | L34: =K34/F34 -> 0 | M34: 6328 | N34: =M34/F34 -> 0.13731745
D35: 45929 | E35: 一 | F35: =SUM(I35,K35,M35) -> 58788 | I35: 49741 | J35: =I35/F35 -> 0.84610805 | L35: =K35/F35 -> 0 | M35: 9047 | N35: =M35/F35 -> 0.15389195
D36: 45930 | E36: 二 | F36: =SUM(I36,K36,M36) -> 56720 | G36: =SUM(F36:F42) -> 56720 | I36: 44702 | J36: =I36/F36 -> 0.78811707 | L36: =K36/F36 -> 0 | M36: 12018 | N36: =M36/F36 -> 0.21188293

Sheet （５-1）品群別人時生產性（熱食義麵）
B1: 月平均人時性 | C1: =AVERAGE(L7,L30,L53,L73,L96,L119) -> 95.245448
B2: 產線配置圖－每週更新 | N2: 資料繳交 | O2: 日期 | AT2: 45901
P3: 二 | U3: 三 | Z3: 四 | AE3: 五 | AJ3: 六 | AO3: 日 | AT3: 一
B4: 品群 | C4: 商品名稱 | E4: 計畫 | H4: 平均人時性 | I4: 實績 | L4: 平均人時性 | M4: 排名 | O4: 日報 | P4: 實際 | T4: 平均人時性 | U4: 實際 | Y4: 平均人時性 | Z4: 實際 | AD4: 平均人時性 | AE4: 實際 | AI4: 平均人時性 | AJ4: 實際 | AN4: 平均人時性 | AO4: 實際 | AS4: 平均人時性 | AT4: 實際 | AX4: 平均人時性
E5: 產線配置圖 | I5: 產線配置圖 | P5: 生產實績 | U5: 生產實績 | Z5: 生產實績 | AE5: 生產實績 | AJ5: 生產實績 | AO5: 生產實績 | AT5: 生產實績
E6: 人數 | F6: 產能／時 | G6: 人時性 | I6: 人數 | J6: 產能／時 | K6: 人時性 | P6: 人數 | Q6: 產能／時 | R6: 人時性 | S6: 排名 | U6: 人數 | V6: 產能／時 | W6: 人時性 | X6: 排名 | Z6: 人數 | AA6: 產能／時 | AB6: 人時性 | AC6: 排名 | AE6: 人數 | AF6: 產能／時 | AG6: 人時性 | AH6: 排名 | AJ6: 人數 | AK6: 產能／時 | AL6: 人時性 | AM6: 排名 | AO6: 人數 | AP6: 產能／時 | AQ6: 人時性 | AR6: 排名 | AT6: 人數 | AU6: 產能／時 | AV6: 人時性 | AW6: 排名
B7: 熱食義麵 | C7: 1 | D7: 義式蕃茄起司義大利麵 | E7: =VLOOKUP(D7,'09產線配置圖'!$A$2:$C$25,2,0) -> 12 | F7: =VLOOKUP(D7,'09產線配置圖'!$A$2:$C$25,3,0) -> 2000 | G7: =F7/E7 -> 166.66667 | H7: =AVERAGE(G7:G24) -> 107.65416 | I7: =AVERAGE(P7,U7,Z7,AE7,AJ7,AO7,AT7) -> 12 | J7: =AVERAGE(Q7,V7,AA7,AF7,AK7,AP7,AU7) -> 1898 | K7: =AVERAGE(AV7) -> 158.16667 | L7: =IFERROR(AVERAGE(K7:K24),"-") -> 93.700303 | M7: =RANK(K7, K$7:$K$24) -> 1 | R7: =Q7/P7 -> #DIV/0! | S7: =RANK(R7, R$7:R$24) -> #DIV/0! | T7: =AVERAGE(R7:R24) -> #DIV/0! | W7: =V7/U7 -> #DIV/0! | X7: =RANK(W7, W$7:W$24) -> #DIV/0! | Y7: =AVERAGE(W7:W24) -> #DIV/0! | AB7: =AA7/Z7 -> #DIV/0! | AC7: =RANK(AB7, AB$7:AB$24) -> #DIV/0! | AD7: =AVERAGE(AB7:AB24) -> #DIV/0! | AG7: =AF7/AE7 -> #DIV/0! | AH7: =RANK(AG7, AG$7:AG$24) -> #DIV/0! | AI7: =AVERAGE(AG7:AG24) -> #DIV/0! | AL7: =AK7/AJ7 -> #DIV/0! | AM7: =RANK(AL7, AL$7:AL$24) -> #DIV/0! | AN7: =AVERAGE(AL7:AL24) -> #DIV/0! | AQ7: =AP7/AO7 -> #DIV/0! | AR7: =RANK(AQ7, AQ$7:AQ$24) -> #DIV/0! | AS7: =AVERAGE(AQ7:AQ24) -> #DIV/0! | AT7: 12 | AU7: 1898 | AV7: =AU7/AT7 -> 158.16667 | AW7: =RANK(AV7, AV$7:AV$24) -> 1 | AX7: =AVERAGE(AV7:AV24) -> 93.700303
C8: 2 | D8: 奶油培根義大利麵 | E8: =VLOOKUP(D8,'09產線配置圖'!$A$2:$C$25,2,0) -> 13 | F8: =VLOOKUP(D8,'09產線配置圖'!$A$2:$C$25,3,0) -> 2000 | G8: =F8/E8 -> 153.84615 | I8: =AVERAGE(P8,U8,Z8,AE8,AJ8,AO8,AT8) -> 13 | J8: =AVERAGE(Q8,V8,AA8,AF8,AK8,AP8,AU8) -> 1877 | K8: =AVERAGE(AV8) -> 144.38462 | M8: =RANK(K8, K$7:$K$24) -> 2 | R8: =Q8/P8 -> #DIV/0! | S8: =RANK(R8, R$7:R$24) -> #DIV/0! | W8: =V8/U8 -> #DIV/0! | X8: =RANK(W8, W$7:W$24) -> #DIV/0! | AB8: =AA8/Z8 -> #DIV/0! | AC8: =RANK(AB8, AB$7:AB$24) -> #DIV/0! | AG8: =AF8/AE8 -> #DIV/0! | AH8: =RANK(AG8, AG$7:AG$24) -> #DIV/0! | AL8: =AK8/AJ8 -> #DIV/0! | AM8: =RANK(AL8, AL$7:AL$24) -> #DIV/0! | AQ8: =AP8/AO8 -> #DIV/0! | AR8: =RANK(AQ8, AQ$7:AQ$24) -> #DIV/0! | AT8: 13 | AU8: 1877 | AV8: =AU8/AT8 -> 144.38462 | AW8: =RANK(AV8, AV$7:AV$24) -> 2
C9: 3 | D9: 熱那亞青醬義大利麵 | E9: =VLOOKUP(D9,'09產線配置圖'!$A$2:$C$25,2,0) -> 16 | F9: =VLOOKUP(D9,'09產線配置圖'!$A$2:$C$25,3,0) -> 1915 | G9: =F9/E9 -> 119.6875 | I9: =AVERAGE(P9,U9,Z9,AE9,AJ9,AO9,AT9) -> 16 | J9: =AVERAGE(Q9,V9,AA9,AF9,AK9,AP9,AU9) -> 1816 | K9: =AVERAGE(AV9) -> 113.5 | M9: =RANK(K9, K$7:$K$24) -> 3 | R9: =Q9/P9 -> #DIV/0! | S9: =RANK(R9, R$7:R$24) -> #DIV/0! | W9: =V9/U9 -> #DIV/0! | X9: =RANK(W9, W$7:W$24) -> #DIV/0! | AB9: =AA9/Z9 -> #DIV/0! | AC9: =RANK(AB9, AB$7:AB$24) -> #DIV/0! | AG9: =AF9/AE9 -> #DIV/0! | AH9: =RANK(AG9, AG$7:AG$24) -> #DIV/0! | AL9: =AK9/AJ9 -> #DIV/0! | AM9: =RANK(AL9, AL$7:AL$24) -> #DIV/0! | AQ9: =AP9/AO9 -> #DIV/0! | AR9: =RANK(AQ9, AQ$7:AQ$24) -> #DIV/0! | AT9: 16 | AU9: 1816 | AV9: =AU9/AT9 -> 113.5 | AW9: =RANK(AV9, AV$7:AV$24) -> 3
C10: 4 | D10: 焗烤起司雙饗筆尖麵 | E10: =VLOOKUP(D10,'09產線配置圖'!$A$2:$C$25,2,0) -> 18 | F10: =VLOOKUP(D10,'09產線配置圖'!$A$2:$C$25,3,0) -> 1565 | G10: =F10/E10 -> 86.944444 | I10: =AVERAGE(P10,U10,Z10,AE10,AJ10,AO10,AT10) -> 17 | J10: =AVERAGE(Q10,V10,AA10,AF10,AK10,AP10,AU10) -> 1443 | K10: =AVERAGE(AV10) -> 84.882353 | M10: =RANK(K10, K$7:$K$24) -> 10 | R10: =Q10/P10 -> #DIV/0! | S10: =RANK(R10, R$7:R$24) -> #DIV/0! | W10: =V10/U10 -> #DIV/0! | X10: =RANK(W10, W$7:W$24) -> #DIV/0! | AB10: =AA10/Z10 -> #DIV/0! | AC10: =RANK(AB10, AB$7:AB$24) -> #DIV/0! | AG10: =AF10/AE10 -> #DIV/0! | AH10: =RANK(AG10, AG$7:AG$24) -> #DIV/0! | AL10: =AK10/AJ10 -> #DIV/0! | AM10: =RANK(AL10, AL$7:AL$24) -> #DIV/0! | AQ10: =AP10/AO10 -> #DIV/0! | AR10: =RANK(AQ10, AQ$7:AQ$24) -> #DIV/0! | AT10: 17 | AU10: 1443 | AV10: =AU10/AT10 -> 84.882353 | AW10: =RANK(AV10, AV$7:AV$24) -> 10
C11: 5 | D11: 白酒蛤蜊義大利麵 | E11: =VLOOKUP(D11,'09產線配置圖'!$A$2:$C$25,2,0) -> 13 | F11: =VLOOKUP(D11,'09產線配置圖'!$A$2:$C$25,3,0) -> 2000 | G11: =F11/E11 -> 153.84615 | I11: =AVERAGE(P11,U11,Z11,AE11,AJ11,AO11,AT11) -> 13 | J11: =AVERAGE(Q11,V11,AA11,AF11,AK11,AP11,AU11) -> 1271 | K11: =AVERAGE(AV11) -> 97.769231 | M11: =RANK(K11, K$7:$K$24) -> 5 | R11: =Q11/P11 -> #DIV/0! | S11: =RANK(R11, R$7:R$24) -> #DIV/0! | W11: =V11/U11 -> #DIV/0! | X11: =RANK(W11, W$7:W$24) -> #DIV/0! | AB11: =AA11/Z11 -> #DIV/0! | AC11: =RANK(AB11, AB$7:AB$24) -> #DIV/0! | AG11: =AF11/AE11 -> #DIV/0! | AH11: =RANK(AG11, AG$7:AG$24) -> #DIV/0! | AL11: =AK11/AJ11 -> #DIV/0! | AM11: =RANK(AL11, AL$7:AL$24) -> #DIV/0! | AQ11: =AP11/AO11 -> #DIV/0! | AR11: =RANK(AQ11, AQ$7:AQ$24) -> #DIV/0! | AT11: 13 | AU11: 1271 | AV11: =AU11/AT11 -> 97.769231 | AW11: =RANK(AV11, AV$7:AV$24) -> 5
C12: 6 | D12: 韓式起司炸雞義大利麵 | E12: =VLOOKUP(D12,'09產線配置圖'!$A$2:$C$25,2,0) -> 16 | F12: =VLOOKUP(D12,'09產線配置圖'!$A$2:$C$25,3,0) -> 1895 | G12: =F12/E12 -> 118.4375 | I12: =AVERAGE(P12,U12,Z12,AE12,AJ12,AO12,AT12) -> 15 | J12: =AVERAGE(Q12,V12,AA12,AF12,AK12,AP12,AU12) -> 1529 | K12: =AVERAGE(AV12) -> 101.93333 | M12: =RANK(K12, K$7:$K$24) -> 4 | R12: =Q12/P12 -> #DIV/0! | S12: =RANK(R12, R$7:R$24) -> #DIV/0! | W12: =V12/U12 -> #DIV/0! | X12: =RANK(W12, W$7:W$24) -> #DIV/0! | AB12: =AA12/Z12 -> #DIV/0! | AC12: =RANK(AB12, AB$7:AB$24) -> #DIV/0! | AG12: =AF12/AE12 -> #DIV/0! | AH12: =RANK(AG12, AG$7:AG$24) -> #DIV/0! | AL12: =AK12/AJ12 -> #DIV/0! | AM12: =RANK(AL12, AL$7:AL$24) -> #DIV/0! | AQ12: =AP12/AO12 -> #DIV/0! | AR12: =RANK(AQ12, AQ$7:AQ$24) -> #DIV/0! | AT12: 15 | AU12: 1529 | AV12: =AU12/AT12 -> 101.93333 | AW12: =RANK(AV12, AV$7:AV$24) -> 4
C13: 7 | D13: 蒜香蝦蝦義大利麵 | E13: =VLOOKUP(D13,'09產線配置圖'!$A$2:$C$25,2,0) -> 16 | F13: =VLOOKUP(D13,'09產線配置圖'!$A$2:$C$25,3,0) -> 1552 | G13: =F13/E13 -> 97 | I13: =AVERAGE(P13,U13,Z13,AE13,AJ13,AO13,AT13) -> 15 | J13: =AVERAGE(Q13,V13,AA13,AF13,AK13,AP13,AU13) -> 1343 | K13: =AVERAGE(AV13) -> 89.533333 | M13: =RANK(K13, K$7:$K$24) -> 6 | R13: =Q13/P13 -> #DIV/0! | S13: =RANK(R13, R$7:R$24) -> #DIV/0! | W13: =V13/U13 -> #DIV/0! | X13: =RANK(W13, W$7:W$24) -> #DIV/0! | AB13: =AA13/Z13 -> #DIV/0! | AC13: =RANK(AB13, AB$7:AB$24) -> #DIV/0! | AG13: =AF13/AE13 -> #DIV/0! | AH13: =RANK(AG13, AG$7:AG$24) -> #DIV/0! | AL13: =AK13/AJ13 -> #DIV/0! | AM13: =RANK(AL13, AL$7:AL$24) -> #DIV/0! | AQ13: =AP13/AO13 -> #DIV/0! | AR13: =RANK(AQ13, AQ$7:AQ$24) -> #DIV/0! | AT13: 15 | AU13: 1343 | AV13: =AU13/AT13 -> 89.533333 | AW13: =RANK(AV13, AV$7:AV$24) -> 6
C14: 8 | D14: 焗奶油扇貝筆尖麵 | E14: =VLOOKUP(D14,'09產線配置圖'!$A$2:$C$25,2,0) -> 15 | F14: =VLOOKUP(D14,'09產線配置圖'!$A$2:$C$25,3,0) -> 1565 | G14: =F14/E14 -> 104.33333 | I14: =AVERAGE(P14,U14,Z14,AE14,AJ14,AO14,AT14) -> 14 | J14: =AVERAGE(Q14,V14,AA14,AF14,AK14,AP14,AU14) -> 1241 | K14: =AVERAGE(AV14) -> 88.642857 | M14: =RANK(K14, K$7:$K$24) -> 7 | R14: =Q14/P14 -> #DIV/0! | S14: =RANK(R14, R$7:R$24) -> #DIV/0! | W14: =V14/U14 -> #DIV/0! | X14: =RANK(W14, W$7:W$24) -> #DIV/0! | AB14: =AA14/Z14 -> #DIV/0! | AC14: =RANK(AB14, AB$7:AB$24) -> #DIV/0! | AG14: =AF14/AE14 -> #DIV/0! | AH14: =RANK(AG14, AG$7:AG$24) -> #DIV/0! | AL14: =AK14/AJ14 -> #DIV/0! | AM14: =RANK(AL14, AL$7:AL$24) -> #DIV/0! | AQ14: =AP14/AO14 -> #DIV/0! | AR14: =RANK(AQ14, AQ$7:AQ$24) -> #DIV/0! | AT14: 14 | AU14: 1241 | AV14: =AU14/AT14 -> 88.642857 | AW14: =RANK(AV14, AV$7:AV$24) -> 7
C15: 9 | D15: 拿坡里義大利麵 | E15: =VLOOKUP(D15,'09產線配置圖'!$A$2:$C$25,2,0) -> 16 | F15: =VLOOKUP(D15,'09產線配置圖'!$A$2:$C$25,3,0) -> 1390 | G15: =F15/E15 -> 86.875 | I15: =AVERAGE(P15,U15,Z15,AE15,AJ15,AO15,AT15) -> 15 | J15: =AVERAGE(Q15,V15,AA15,AF15,AK15,AP15,AU15) -> 856 | K15: =AVERAGE(AV15) -> 57.066667 | M15: =RANK(K15, K$7:$K$24) -> 15 | R15: =Q15/P15 -> #DIV/0! | S15: =RANK(R15, R$7:R$24) -> #DIV/0! | W15: =V15/U15 -> #DIV/0! | X15: =RANK(W15, W$7:W$24) -> #DIV/0! | AB15: =AA15/Z15 -> #DIV/0! | AC15: =RANK(AB15, AB$7:AB$24) -> #DIV/0! | AG15: =AF15/AE15 -> #DIV/0! | AH15: =RANK(AG15, AG$7:AG$24) -> #DIV/0! | AL15: =AK15/AJ15 -> #DIV/0! | AM15: =RANK(AL15, AL$7:AL$24) -> #DIV/0! | AQ15: =AP15/AO15 -> #DIV/0! | AR15: =RANK(AQ15, AQ$7:AQ$24) -> #DIV/0! | AT15: 15 | AU15: 856 | AV15: =AU15/AT15 -> 57.066667 | AW15: =RANK(AV15, AV$7:AV$24) -> 15
C16: 10 | D16: 奶油明太子細扁麵 | E16: =VLOOKUP(D16,'09產線配置圖'!$A$2:$C$25,2,0) -> 19 | F16: =VLOOKUP(D16,'09產線配置圖'!$A$2:$C$25,3,0) -> 1565 | G16: =F16/E16 -> 82.368421 | I16: =AVERAGE(P16,U16,Z16,AE16,AJ16,AO16,AT16) -> 15 | J16: =AVERAGE(Q16,V16,AA16,AF16,AK16,AP16,AU16) -> 1071 | K16: =AVERAGE(AV16) -> 71.4 | M16: =RANK(K16, K$7:$K$24) -> 14 | R16: =Q16/P16 -> #DIV/0! | S16: =RANK(R16, R$7:R$24) -> #DIV/0! | W16: =V16/U16 -> #DIV/0! | X16: =RANK(W16, W$7:W$24) -> #DIV/0! | AB16: =AA16/Z16 -> #DIV/0! | AC16: =RANK(AB16, AB$7:AB$24) -> #DIV/0! | AG16: =AF16/AE16 -> #DIV/0! | AH16: =RANK(AG16, AG$7:AG$24) -> #DIV/0! | AL16: =AK16/AJ16 -> #DIV/0! | AM16: =RANK(AL16, AL$7:AL$24) -> #DIV/0! | AQ16: =AP16/AO16 -> #DIV/0! | AR16: =RANK(AQ16, AQ$7:AQ$24) -> #DIV/0! | AT16: 15 | AU16: 1071 | AV16: =AU16/AT16 -> 71.4 | AW16: =RANK(AV16, AV$7:AV$24) -> 14
C17: 11 | D17: 黑胡椒燻豬腿義大利麵 | E17: =VLOOKUP(D17,'09產線配置圖'!$A$2:$C$25,2,0) -> 18 | F17: =VLOOKUP(D17,'09產線配置圖'!$A$2:$C$25,3,0) -> 1500 | G17: =F17/E17 -> 83.333333 | I17: =AVERAGE(P17,U17,Z17,AE17,AJ17,AO17,AT17) -> 15 | J17: =AVERAGE(Q17,V17,AA17,AF17,AK17,AP17,AU17) -> 1278 | K17: =AVERAGE(AV17) -> 85.2 | M17: =RANK(K17, K$7:$K$24) -> 9 | R17: =Q17/P17 -> #DIV/0! | S17: =RANK(R17, R$7:R$24) -> #DIV/0! | W17: =V17/U17 -> #DIV/0! | X17: =RANK(W17, W$7:W$24) -> #DIV/0! | AB17: =AA17/Z17 -> #DIV/0! | AC17: =RANK(AB17, AB$7:AB$24) -> #DIV/0! | AG17: =AF17/AE17 -> #DIV/0! | AH17: =RANK(AG17, AG$7:AG$24) -> #DIV/0! | AL17: =AK17/AJ17 -> #DIV/0! | AM17: =RANK(AL17, AL$7:AL$24) -> #DIV/0! | AQ17: =AP17/AO17 -> #DIV/0! | AR17: =RANK(AQ17, AQ$7:AQ$24) -> #DIV/0! | AT17: 15 | AU17: 1278 | AV17: =AU17/AT17 -> 85.2 | AW17: =RANK(AV17, AV$7:AV$24) -> 9
C18: 12 | D18: 奶油蒜香雞義大利麵 | E18: =VLOOKUP(D18,'09產線配置圖'!$A$2:$C$25,2,0) -> 18 | F18: =VLOOKUP(D18,'09產線配置圖'!$A$2:$C$25,3,0) -> 1385 | G18: =F18/E18 -> 76.944444 | I18: =AVERAGE(P18,U18,Z18,AE18,AJ18,AO18,AT18) -> 17 | J18: =AVERAGE(Q18,V18,AA18,AF18,AK18,AP18,AU18) -> 1259 | K18: =AVERAGE(AV18) -> 74.058824 | M18: =RANK(K18, K$7:$K$24) -> 12 | R18: =Q18/P18 -> #DIV/0! | S18: =RANK(R18, R$7:R$24) -> #DIV/0! | W18: =V18/U18 -> #DIV/0! | X18: =RANK(W18, W$7:W$24) -> #DIV/0! | AB18: =AA18/Z18 -> #DIV/0! | AC18: =RANK(AB18, AB$7:AB$24) -> #DIV/0! | AG18: =AF18/AE18 -> #DIV/0! | AH18: =RANK(AG18, AG$7:AG$24) -> #DIV/0! | AL18: =AK18/AJ18 -> #DIV/0! | AM18: =RANK(AL18, AL$7:AL$24) -> #DIV/0! | AQ18: =AP18/AO18 -> #DIV/0! | AR18: =RANK(AQ18, AQ$7:AQ$24) -> #DIV/0! | AT18: 17 | AU18: 1259 | AV18: =AU18/AT18 -> 74.058824 | AW18: =RANK(AV18, AV$7:AV$24) -> 12
C19: 13 | D19: 青花椒麻雞肉拌麵 | E19: =VLOOKUP(D19,'09產線配置圖'!$A$2:$C$25,2,0) -> 17 | F19: =VLOOKUP(D19,'09產線配置圖'!$A$2:$C$25,3,0) -> 1565 | G19: =F19/E19 -> 92.058824 | I19: =AVERAGE(P19,U19,Z19,AE19,AJ19,AO19,AT19) -> 12 | J19: =AVERAGE(Q19,V19,AA19,AF19,AK19,AP19,AU19) -> 938 | K19: =AVERAGE(AV19) -> 78.166667 | M19: =RANK(K19, K$7:$K$24) -> 11 | R19: =Q19/P19 -> #DIV/0! | S19: =RANK(R19, R$7:R$24) -> #DIV/0! | W19: =V19/U19 -> #DIV/0! | X19: =RANK(W19, W$7:W$24) -> #DIV/0! | AB19: =AA19/Z19 -> #DIV/0! | AC19: =RANK(AB19, AB$7:AB$24) -> #DIV/0! | AG19: =AF19/AE19 -> #DIV/0! | AH19: =RANK(AG19, AG$7:AG$24) -> #DIV/0! | AL19: =AK19/AJ19 -> #DIV/0! | AM19: =RANK(AL19, AL$7:AL$24) -> #DIV/0! | AQ19: =AP19/AO19 -> #DIV/0! | AR19: =RANK(AQ19, AQ$7:AQ$24) -> #DIV/0! | AT19: 12 | AU19: 938 | AV19: =AU19/AT19 -> 78.166667 | AW19: =RANK(AV19, AV$7:AV$24) -> 11
C20: 14 | D20: 煙花女義大利麵 | E20: =VLOOKUP(D20,'09產線配置圖'!$A$2:$C$25,2,0) -> 17 | F20: =VLOOKUP(D20,'09產線配置圖'!$A$2:$C$25,3,0) -> 1636 | G20: =F20/E20 -> 96.235294 | I20: =AVERAGE(P20,U20,Z20,AE20,AJ20,AO20,AT20) -> 15 | J20: =AVERAGE(Q20,V20,AA20,AF20,AK20,AP20,AU20) -> 1309 | K20: =AVERAGE(AV20) -> 87.266667 | M20: =RANK(K20, K$7:$K$24) -> 8 | R20: =Q20/P20 -> #DIV/0! | S20: =RANK(R20, R$7:R$24) -> #DIV/0! | W20: =V20/U20 -> #DIV/0! | X20: =RANK(W20, W$7:W$24) -> #DIV/0! | AB20: =AA20/Z20 -> #DIV/0! | AC20: =RANK(AB20, AB$7:AB$24) -> #DIV/0! | AG20: =AF20/AE20 -> #DIV/0! | AH20: =RANK(AG20, AG$7:AG$24) -> #DIV/0! | AL20: =AK20/AJ20 -> #DIV/0! | AM20: =RANK(AL20, AL$7:AL$24) -> #DIV/0! | AQ20: =AP20/AO20 -> #DIV/0! | AR20: =RANK(AQ20, AQ$7:AQ$24) -> #DIV/0! | AT20: 15 | AU20: 1309 | AV20: =AU20/AT20 -> 87.266667 | AW20: =RANK(AV20, AV$7:AV$24) -> 8
C21: 15 | D21: 羊乳起司培根筆尖麵 | E21: =VLOOKUP(D21,'09產線配置圖'!$A$2:$C$25,2,0) -> 17 | F21: =VLOOKUP(D21,'09產線配置圖'!$A$2:$C$25,3,0) -> 1636 | G21: =F21/E21 -> 96.235294 | I21: =AVERAGE(P21,U21,Z21,AE21,AJ21,AO21,AT21) -> 15 | J21: =AVERAGE(Q21,V21,AA21,AF21,AK21,AP21,AU21) -> 1103 | K21: =AVERAGE(AV21) -> 73.533333 | M21: =RANK(K21, K$7:$K$24) -> 13 | R21: =Q21/P21 -> #DIV/0! | S21: =RANK(R21, R$7:R$24) -> #DIV/0! | W21: =V21/U21 -> #DIV/0! | X21: =RANK(W21, W$7:W$24) -> #DIV/0! | AB21: =AA21/Z21 -> #DIV/0! | AC21: =RANK(AB21, AB$7:AB$24) -> #DIV/0! | AR21: =RANK(AQ21, AQ$7:AQ$24) -> #DIV/0! | AT21: 15 | AU21: 1103 | AV21: =AU21/AT21 -> 73.533333 | AW21: =RANK(AV21, AV$7:AV$24) -> 13
C22: 16 | I22: =AVERAGE(P22,U22,Z22,AE22,AJ22,AO22,AT22) -> #DIV/0! | J22: =AVERAGE(Q22,V22,AA22,AF22,AK22,AP22,AU22) -> #DIV/0! | R22: =Q22/P22 -> #DIV/0! | S22: =RANK(R22, R$7:R$24) -> #DIV/0! | W22: =V22/U22 -> #DIV/0! | X22: =RANK(W22, W$7:W$24) -> #DIV/0! | AB22: =AA22/Z22 -> #DIV/0! | AC22: =RANK(AB22, AB$7:AB$24) -> #DIV/0! | AR22: =RANK(AQ22, AQ$7:AQ$24) -> #DIV/0!
C23: 17 | I23: =AVERAGE(P23,U23,Z23,AE23,AJ23,AO23,AT23) -> #DIV/0! | J23: =AVERAGE(Q23,V23,AA23,AF23,AK23,AP23,AU23) -> #DIV/0! | R23: =Q23/P23 -> #DIV/0! | S23: =RANK(R23, R$7:R$24) -> #DIV/0! | W23: =V23/U23 -> #DIV/0! | X23: =RANK(W23, W$7:W$24) -> #DIV/0! | AB23: =AA23/Z23 -> #DIV/0! | AC23: =RANK(AB23, AB$7:AB$24) -> #DIV/0! | AR23: =RANK(AQ23, AQ$7:AQ$24) -> #DIV/0!
C24: 18 | I24: =AVERAGE(P24,U24,Z24,AE24,AJ24,AO24,AT24) -> #DIV/0! | J24: =AVERAGE(Q24,V24,AA24,AF24,AK24,AP24,AU24) -> #DIV/0! | R24: =Q24/P24 -> #DIV/0! | S24: =RANK(R24, R$7:R$24) -> #DIV/0! | W24: =V24/U24 -> #DIV/0! | X24: =RANK(W24, W$7:W$24) -> #DIV/0! | AB24: =AA24/Z24 -> #DIV/0! | AC24: =RANK(AB24, AB$7:AB$24) -> #DIV/0! | AR24: =RANK(AQ24, AQ$7:AQ$24) -> #DIV/0!
B25: 產線配置圖－每週更新 | N25: 資料繳交 | O25: 日期 | P25: 45902 | U25: 45903 | Z25: 45904 | AE25: 45905 | AJ25: 45906 | AO25: 45907 | AT25: 45908
P26: 二 | U26: 三 | Z26: 四 | AE26: 五 | AJ26: 六 | AO26: 日 | AT26: 一
B27: 品群 | C27: 商品名稱 | E27: 計畫 | H27: 平均人時性 | I27: 實績 | L27: 平均人時性 | M27: 排名 | O27: 日報 | P27: 實際 | T27: 平均人時性 | U27: 實際 | Y27: 平均人時性 | Z27: 實際 | AD27: 平均人時性 | AE27: 實際 | AI27: 平均人時性 | AJ27: 實際 | AN27: 平均人時性 | AO27: 實際 | AS27: 平均人時性 | AT27: 實際 | AX27: 平均人時性
E28: 產線配置圖 | I28: 產線配置圖 | P28: 生產實績 | U28: 生產實績 | Z28: 生產實績 | AE28: 生產實績 | AJ28: 生產實績 | AO28: 生產實績 | AT28: 生產實績
E29: 人數 | F29: 產能／時 | G29: 人時性 | I29: 人數 | J29: 產能／時 | K29: 人時性 | P29: 人數 | Q29: 產能／時 | R29: 人時性 | S29: 排名 | U29: 人數 | V29: 產能／時 | W29: 人時性 | X29: 排名 | Z29: 人數 | AA29: 產能／時 | AB29: 人時性 | AC29: 排名 | AE29: 人數 | AF29: 產能／時 | AG29: 人時性 | AH29: 排名 | AJ29: 人數 | AK29: 產能／時 | AL29: 人時性 | AM29: 排名 | AO29: 人數 | AP29: 產能／時 | AQ29: 人時性 | AR29: 排名 | AT29: 人數 | AU29: 產能／時 | AV29: 人時性 | AW29: 排名
B30: 熱食義麵 | C30: 1 | D30: 義式蕃茄起司義大利麵 | E30: =VLOOKUP(D30,'09產線配置圖'!$A$2:$C$25,2,0) -> 12 | F30: =VLOOKUP(D30,'09產線配置圖'!$A$2:$C$25,3,0) -> 2000 | G30: =F30/E30 -> 166.66667 | H30: =AVERAGE(G30:G47) -> 107.65416 | I30: =AVERAGE(P30,U30,Z30,AE30,AJ30,AO30,AT30) -> 12 | J30: =AVERAGE(Q30,V30,AA30,AF30,AK30,AP30,AU30) -> 1851.9286 | K30: =AVERAGE(R30,W30,AB30,AG30,AL30,AQ30,AV30) -> 154.32738 | L30: =IFERROR(AVERAGE(K30:K47),"-") -> 95.220498 | M30: =RANK(K30, K$30:$K$47) -> 1 | P30: 12 | Q30: 1897 | R30: =Q30/P30 -> 158.08333 | S30: =RANK(R30,$R$30:$R$47) -> 1 | T30: =AVERAGE(R30:R47) -> 94.995122 | U30: 12 | V30: 1865 | W30: =V30/U30 -> 155.41667 | X30: =RANK(W30, $W$30:$W$47) -> 1 | Y30: =AVERAGE(W30:W47) -> 95.346629 | Z30: 12 | AA30: 1803 | AB30: =AA30/Z30 -> 150.25 | AC30: =RANK(AB30, $AB$30:$AB$47) -> 1 | AD30: =AVERAGE(AB30:AB47) -> 95.838857 | AE30: 12 | AF30: 1867 | AG30: =AF30/AE30 -> 155.58333 | AH30: =RANK(AG30, $AG$30:$AG$47) -> 1 | AI30: =AVERAGE(AG30:AG47) -> 96.043794 | AJ30: 12 | AK30: 1798 | AL30: =AK30/AJ30 -> 149.83333 | AM30: =RANK(AL30, $AL$30:$AL$47) -> 1 | AN30: =AVERAGE(AL30:AL47) -> 94.541482 | AO30: 12 | AP30: 1932 | AQ30: =AP30/AO30 -> 161 | AR30: =RANK(AQ30,$AQ$30:$AQ$47) -> 1 | AS30: =AVERAGE(AQ30:AQ47) -> 94.611444 | AT30: 12 | AU30: 1801.5 | AV30: =AU30/AT30 -> 150.125 | AW30: =RANK(AV30, $AV$30:$AV$47) -> 1 | AX30: =AVERAGE(AV30:AV47) -> 96.717836
C31: 2 | D31: 奶油培根義大利麵 | E31: =VLOOKUP(D31,'09產線配置圖'!$A$2:$C$25,2,0) -> 13 | F31: =VLOOKUP(D31,'09產線配置圖'!$A$2:$C$25,3,0) -> 2000 | G31: =F31/E31 -> 153.84615 | I31: =AVERAGE(P31,U31,Z31,AE31,AJ31,AO31,AT31) -> 13 | J31: =AVERAGE(Q31,V31,AA31,AF31,AK31,AP31,AU31) -> 1818.3571 | K31: =AVERAGE(R31,W31,AB31,AG31,AL31,AQ31,AV31) -> 139.87363 | M31: =RANK(K31, K$30:$K$47) -> 2 | P31: 13 | Q31: 1854 | R31: =Q31/P31 -> 142.61538 | S31: =RANK(R31,$R$30:$R$47) -> 2 | U31: 13 | V31: 1833 | W31: =V31/U31 -> 141 | X31: =RANK(W31, $W$30:$W$47) -> 2 | Z31: 13 | AA31: 1872 | AB31: =AA31/Z31 -> 144 | AC31: =RANK(AB31, $AB$30:$AB$47) -> 2 | AE31: 13 | AF31: 1932 | AG31: =AF31/AE31 -> 148.61538 | AH31: =RANK(AG31, $AG$30:$AG$47) -> 2 | AJ31: 13 | AK31: 1757 | AL31: =AK31/AJ31 -> 135.15385 | AM31: =RANK(AL31, $AL$30:$AL$47) -> 2 | AO31: 13 | AP31: 1764 | AQ31: =AP31/AO31 -> 135.69231 | AR31: =RANK(AQ31,$AQ$30:$AQ$47) -> 2 | AT31: 13 | AU31: 1716.5 | AV31: =AU31/AT31 -> 132.03846 | AW31: =RANK(AV31, $AV$30:$AV$47) -> 3
C32: 3 | D32: 熱那亞青醬義大利麵 | E32: =VLOOKUP(D32,'09產線配置圖'!$A$2:$C$25,2,0) -> 16 | F32: =VLOOKUP(D32,'09產線配置圖'!$A$2:$C$25,3,0) -> 1915 | G32: =F32/E32 -> 119.6875 | I32: =AVERAGE(P32,U32,Z32,AE32,AJ32,AO32,AT32) -> 16 | J32: =AVERAGE(Q32,V32,AA32,AF32,AK32,AP32,AU32) -> 1569.5714 | K32: =AVERAGE(R32,W32,AB32,AG32,AL32,AQ32,AV32) -> 98.098214 | M32: =RANK(K32, K$30:$K$47) -> 6 | P32: 16 | Q32: 1734 | R32: =Q32/P32 -> 108.375 | S32: =RANK(R32,$R$30:$R$47) -> 5 | U32: 16 | V32: 1602 | W32: =V32/U32 -> 100.125 | X32: =RANK(W32, $W$30:$W$47) -> 5 | Z32: 16 | AA32: 1645 | AB32: =AA32/Z32 -> 102.8125 | AC32: =RANK(AB32, $AB$30:$AB$47) -> 5 | AE32: 16 | AF32: 1408 | AG32: =AF32/AE32 -> 88 | AH32: =RANK(AG32, $AG$30:$AG$47) -> 7 | AJ32: 16 | AK32: 1481 | AL32: =AK32/AJ32 -> 92.5625 | AM32: =RANK(AL32, $AL$30:$AL$47) -> 6 | AO32: 16 | AP32: 1704 | AQ32: =AP32/AO32 -> 106.5 | AR32: =RANK(AQ32,$AQ$30:$AQ$47) -> 4 | AT32: 16 | AU32: 1413 | AV32: =AU32/AT32 -> 88.3125 | AW32: =RANK(AV32, $AV$30:$AV$47) -> 8
C33: 4 | D33: 焗烤起司雙饗筆尖麵 | E33: =VLOOKUP(D33,'09產線配置圖'!$A$2:$C$25,2,0) -> 18 | F33: =VLOOKUP(D33,'09產線配置圖'!$A$2:$C$25,3,0) -> 1565 | G33: =F33/E33 -> 86.944444 | I33: =AVERAGE(P33,U33,Z33,AE33,AJ33,AO33,AT33) -> 18.142857 | J33: =AVERAGE(Q33,V33,AA33,AF33,AK33,AP33,AU33) -> 1478.7143 | K33: =AVERAGE(R33,W33,AB33,AG33,AL33,AQ33,AV33) -> 81.646125 | M33: =RANK(K33, K$30:$K$47) -> 10 | P33: 20 | Q33: 1490 | R33: =Q33/P33 -> 74.5 | S33: =RANK(R33,$R$30:$R$47) -> 11 | U33: 18 | V33: 1549 | W33: =V33/U33 -> 86.055556 | X33: =RANK(W33, $W$30:$W$47) -> 9 | Z33: 18 | AA33: 1413 | AB33: =AA33/Z33 -> 78.5 | AC33: =RANK(AB33, $AB$30:$AB$47) -> 12 | AE33: 17 | AF33: 1452 | AG33: =AF33/AE33 -> 85.411765 | AH33: =RANK(AG33, $AG$30:$AG$47) -> 10 | AJ33: 18 | AK33: 1382 | AL33: =AK33/AJ33 -> 76.777778 | AM33: =RANK(AL33, $AL$30:$AL$47) -> 11 | AO33: 18 | AP33: 1536.5 | AQ33: =AP33/AO33 -> 85.361111 | AR33: =RANK(AQ33,$AQ$30:$AQ$47) -> 10 | AT33: 18 | AU33: 1528.5 | AV33: =AU33/AT33 -> 84.916667 | AW33: =RANK(AV33, $AV$30:$AV$47) -> 9
C34: 5 | D34: 白酒蛤蜊義大利麵 | E34: =VLOOKUP(D34,'09產線配置圖'!$A$2:$C$25,2,0) -> 13 | F34: =VLOOKUP(D34,'09產線配置圖'!$A$2:$C$25,3,0) -> 2000 | G34: =F34/E34 -> 153.84615 | I34: =AVERAGE(P34,U34,Z34,AE34,AJ34,AO34,AT34) -> 13.428571 | J34: =AVERAGE(Q34,V34,AA34,AF34,AK34,AP34,AU34) -> 1759.6429 | K34: =AVERAGE(R34,W34,AB34,AG34,AL34,AQ34,AV34) -> 131.2657 | M34: =RANK(K34, K$30:$K$47) -> 3 | P34: 15 | Q34: 1830 | R34: =Q34/P34 -> 122 | S34: =RANK(R34,$R$30:$R$47) -> 3 | U34: 13 | V34: 1792 | W34: =V34/U34 -> 137.84615 | X34: =RANK(W34, $W$30:$W$47) -> 3 | Z34: 13 | AA34: 1699 | AB34: =AA34/Z34 -> 130.69231 | AC34: =RANK(AB34, $AB$30:$AB$47) -> 3 | AE34: 13 | AF34: 1738 | AG34: =AF34/AE34 -> 133.69231 | AH34: =RANK(AG34, $AG$30:$AG$47) -> 3 | AJ34: 13 | AK34: 1664 | AL34: =AK34/AJ34 -> 128 | AM34: =RANK(AL34, $AL$30:$AL$47) -> 3 | AO34: 14 | AP34: 1796.5 | AQ34: =AP34/AO34 -> 128.32143 | AR34: =RANK(AQ34,$AQ$30:$AQ$47) -> 3 | AT34: 13 | AU34: 1798 | AV34: =AU34/AT34 -> 138.30769 | AW34: =RANK(AV34, $AV$30:$AV$47) -> 2
C35: 6 | D35: 韓式起司炸雞義大利麵 | E35: =VLOOKUP(D35,'09產線配置圖'!$A$2:$C$25,2,0) -> 16 | F35: =VLOOKUP(D35,'09產線配置圖'!$A$2:$C$25,3,0) -> 1895 | G35: =F35/E35 -> 118.4375 | I35: =AVERAGE(P35,U35,Z35,AE35,AJ35,AO35,AT35) -> 15.857143 | J35: =AVERAGE(Q35,V35,AA35,AF35,AK35,AP35,AU35) -> 1629 | K35: =AVERAGE(R35,W35,AB35,AG35,AL35,AQ35,AV35) -> 102.76786 | M35: =RANK(K35, K$30:$K$47) -> 4 | P35: 16 | Q35: 1847 | R35: =Q35/P35 -> 115.4375 | S35: =RANK(R35,$R$30:$R$47) -> 4 | U35: 16 | V35: 1649 | W35: =V35/U35 -> 103.0625 | X35: =RANK(W35, $W$30:$W$47) -> 4 | Z35: 16 | AA35: 1623 | AB35: =AA35/Z35 -> 101.4375 | AC35: =RANK(AB35, $AB$30:$AB$47) -> 6 | AE35: 16 | AF35: 1547 | AG35: =AF35/AE35 -> 96.6875 | AH35: =RANK(AG35, $AG$30:$AG$47) -> 4 | AJ35: 16 | AK35: 1526 | AL35: =AK35/AJ35 -> 95.375 | AM35: =RANK(AL35, $AL$30:$AL$47) -> 5 | AO35: 16 | AP35: 1606 | AQ35: =AP35/AO35 -> 100.375 | AR35: =RANK(AQ35,$AQ$30:$AQ$47) -> 6 | AT35: 15 | AU35: 1605 | AV35: =AU35/AT35 -> 107 | AW35: =RANK(AV35, $AV$30:$AV$47) -> 4
C36: 7 | D36: 蒜香蝦蝦義大利麵 | E36: =VLOOKUP(D36,'09產線配置圖'!$A$2:$C$25,2,0) -> 16 | F36: =VLOOKUP(D36,'09產線配置圖'!$A$2:$C$25,3,0) -> 1552 | G36: =F36/E36 -> 97 | I36: =AVERAGE(P36,U36,Z36,AE36,AJ36,AO36,AT36) -> 15.5 | J36: =AVERAGE(Q36,V36,AA36,AF36,AK36,AP36,AU36) -> 1313.5 | K36: =AVERAGE(R36,W36,AB36,AG36,AL36,AQ36,AV36) -> 84.779018 | M36: =RANK(K36, K$30:$K$47) -> 9 | P36: 16 | Q36: 1489 | R36: =Q36/P36 -> 93.0625 | S36: =RANK(R36,$R$30:$R$47) -> 7 | U36: 16 | V36: 1208 | W36: =V36/U36 -> 75.5 | X36: =RANK(W36, $W$30:$W$47) -> 10 | Z36: 16 | AA36: 1354 | AB36: =AA36/Z36 -> 84.625 | AC36: =RANK(AB36, $AB$30:$AB$47) -> 10 | AE36: 14 | AF36: 1203 | AG36: =AF36/AE36 -> 85.928571 | AH36: =RANK(AG36, $AG$30:$AG$47) -> 9
C37: 8 | D37: 焗奶油扇貝筆尖麵 | E37: =VLOOKUP(D37,'09產線配置圖'!$A$2:$C$25,2,0) -> 15 | F37: =VLOOKUP(D37,'09產線配置圖'!$A$2:$C$25,3,0) -> 1565 | G37: =F37/E37 -> 104.33333 | I37: =AVERAGE(P37,U37,Z37,AE37,AJ37,AO37,AT37) -> 16.142857 | J37: =AVERAGE(Q37,V37,AA37,AF37,AK37,AP37,AU37) -> 1601.5714 | K37: =AVERAGE(R37,W37,AB37,AG37,AL37,AQ37,AV37) -> 99.464632 | M37: =RANK(K37, K$30:$K$47) -> 5 | P37: 19 | Q37: 1718 | R37: =Q37/P37 -> 90.421053 | S37: =RANK(R37,$R$30:$R$47) -> 8 | U37: 17 | V37: 1689 | W37: =V37/U37 -> 99.352941 | X37: =RANK(W37, $W$30:$W$47) -> 6 | Z37: 17 | AA37: 1758 | AB37: =AA37/Z37 -> 103.41176 | AC37: =RANK(AB37, $AB$30:$AB$47) -> 4 | AE37: 15 | AF37: 1399 | AG37: =AF37/AE37 -> 93.266667 | AH37: =RANK(AG37, $AG$30:$AG$47) -> 5 | AJ37: 15 | AK37: 1543 | AL37: =AK37/AJ37 -> 102.86667 | AM37: =RANK(AL37, $AL$30:$AL$47) -> 4 | AO37: 15 | AP37: 1540 | AQ37: =AP37/AO37 -> 102.66667 | AR37: =RANK(AQ37,$AQ$30:$AQ$47) -> 5 | AT37: 15 | AU37: 1564 | AV37: =AU37/AT37 -> 104.26667 | AW37: =RANK(AV37, $AV$30:$AV$47) -> 5
C38: 9 | D38: 拿坡里義大利麵 | E38: =VLOOKUP(D38,'09產線配置圖'!$A$2:$C$25,2,0) -> 16 | F38: =VLOOKUP(D38,'09產線配置圖'!$A$2:$C$25,3,0) -> 1390 | G38: =F38/E38 -> 86.875 | I38: =AVERAGE(P38,U38,Z38,AE38,AJ38,AO38,AT38) -> 16.142857 | J38: =AVERAGE(Q38,V38,AA38,AF38,AK38,AP38,AU38) -> 1069.5714 | K38: =AVERAGE(R38,W38,AB38,AG38,AL38,AQ38,AV38) -> 66.282458 | M38: =RANK(K38, K$30:$K$47) -> 15 | P38: 18 | Q38: 1197 | R38: =Q38/P38 -> 66.5 | S38: =RANK(R38,$R$30:$R$47) -> 14 | U38: 17 | V38: 1120 | W38: =V38/U38 -> 65.882353 | X38: =RANK(W38, $W$30:$W$47) -> 15 | Z38: 17 | AA38: 1069 | AB38: =AA38/Z38 -> 62.882353 | AC38: =RANK(AB38, $AB$30:$AB$47) -> 15 | AE38: 15 | AF38: 1100 | AG38: =AF38/AE38 -> 73.333333 | AH38: =RANK(AG38, $AG$30:$AG$47) -> 14 | AJ38: 15 | AK38: 953 | AL38: =AK38/AJ38 -> 63.533333 | AM38: =RANK(AL38, $AL$30:$AL$47) -> 14 | AO38: 15 | AP38: 923 | AQ38: =AP38/AO38 -> 61.533333 | AR38: =RANK(AQ38,$AQ$30:$AQ$47) -> 14 | AT38: 16 | AU38: 1125 | AV38: =AU38/AT38 -> 70.3125 | AW38: =RANK(AV38, $AV$30:$AV$47) -> 12
C39: 10 | D39: 奶油明太子細扁麵 | E39: =VLOOKUP(D39,'09產線配置圖'!$A$2:$C$25,2,0) -> 19 | F39: =VLOOKUP(D39,'09產線配置圖'!$A$2:$C$25,3,0) -> 1565 | G39: =F39/E39 -> 82.368421 | I39: =AVERAGE(P39,U39,Z39,AE39,AJ39,AO39,AT39) -> 15 | J39: =AVERAGE(Q39,V39,AA39,AF39,AK39,AP39,AU39) -> 1095.5 | K39: =AVERAGE(R39,W39,AB39,AG39,AL39,AQ39,AV39) -> 73.415179 | M39: =RANK(K39, K$30:$K$47) -> 13 | P39: 17 | Q39: 1156 | R39: =Q39/P39 -> 68 | S39: =RANK(R39,$R$30:$R$47) -> 13 | U39: 14 | V39: 1030 | W39: =V39/U39 -> 73.571429 | X39: =RANK(W39, $W$30:$W$47) -> 12 | Z39: 14 | AA39: 1195 | AB39: =AA39/Z39 -> 85.357143 | AC39: =RANK(AB39, $AB$30:$AB$47) -> 9 | AE39: 14 | AF39: 1032 | AG39: =AF39/AE39 -> 73.714286 | AH39: =RANK(AG39, $AG$30:$AG$47) -> 13 | AJ39: 14 | AK39: 1097 | AL39: =AK39/AJ39 -> 78.357143 | AM39: =RANK(AL39, $AL$30:$AL$47) -> 10 | AO39: 16 | AP39: 1134 | AQ39: =AP39/AO39 -> 70.875 | AR39: =RANK(AQ39,$AQ$30:$AQ$47) -> 12 | AT39: 16 | AU39: 1024.5 | AV39: =AU39/AT39 -> 64.03125 | AW39: =RANK(AV39, $AV$30:$AV$47) -> 14
C40: 11 | D40: 黑胡椒燻豬腿義大利麵 | E40: =VLOOKUP(D40,'09產線配置圖'!$A$2:$C$25,2,0) -> 18 | F40: =VLOOKUP(D40,'09產線配置圖'!$A$2:$C$25,3,0) -> 1500 | G40: =F40/E40 -> 83.333333 | I40: =AVERAGE(P40,U40,Z40,AE40,AJ40,AO40,AT40) -> 14 | J40: =AVERAGE(Q40,V40,AA40,AF40,AK40,AP40,AU40) -> 1054.7143 | K40: =AVERAGE(R40,W40,AB40,AG40,AL40,AQ40,AV40) -> 76.252064 | M40: =RANK(K40, K$30:$K$47) -> 11 | P40: 17 | Q40: 984 | R40: =Q40/P40 -> 57.882353 | S40: =RANK(R40,$R$30:$R$47) -> 15 | U40: 14 | V40: 1039 | W40: =V40/U40 -> 74.214286 | X40: =RANK(W40, $W$30:$W$47) -> 11 | Z40: 14 | AA40: 1207 | AB40: =AA40/Z40 -> 86.214286 | AC40: =RANK(AB40, $AB$30:$AB$47) -> 8 | AE40: 13 | AF40: 1122 | AG40: =AF40/AE40 -> 86.307692 | AH40: =RANK(AG40, $AG$30:$AG$47) -> 8 | AJ40: 12 | AK40: 973 | AL40: =AK40/AJ40 -> 81.083333 | AM40: =RANK(AL40, $AL$30:$AL$47) -> 9 | AO40: 16 | AP40: 1125 | AQ40: =AP40/AO40 -> 70.3125 | AR40: =RANK(AQ40,$AQ$30:$AQ$47) -> 13 | AT40: 12 | AU40: 933 | AV40: =AU40/AT40 -> 77.75 | AW40: =RANK(AV40, $AV$30:$AV$47) -> 10
C41: 12 | D41: 奶油蒜香雞義大利麵 | E41: =VLOOKUP(D41,'09產線配置圖'!$A$2:$C$25,2,0) -> 18 | F41: =VLOOKUP(D41,'09產線配置圖'!$A$2:$C$25,3,0) -> 1385 | G41: =F41/E41 -> 76.944444 | I41: =AVERAGE(P41,U41,Z41,AE41,AJ41,AO41,AT41) -> 16.142857 | J41: =AVERAGE(Q41,V41,AA41,AF41,AK41,AP41,AU41) -> 1123.9286 | K41: =AVERAGE(R41,W41,AB41,AG41,AL41,AQ41,AV41) -> 69.710714 | M41: =RANK(K41, K$30:$K$47) -> 14 | P41: 18 | Q41: 1353 | R41: =Q41/P41 -> 75.166667 | S41: =RANK(R41,$R$30:$R$47) -> 10 | U41: 15 | V41: 1012 | W41: =V41/U41 -> 67.466667 | X41: =RANK(W41, $W$30:$W$47) -> 14 | Z41: 15 | AA41: 1093 | AB41: =AA41/Z41 -> 72.866667 | AC41: =RANK(AB41, $AB$30:$AB$47) -> 13 | AE41: 16 | AF41: 1124 | AG41: =AF41/AE41 -> 70.25 | AH41: =RANK(AG41, $AG$30:$AG$47) -> 15 | AJ41: 15 | AK41: 1094 | AL41: =AK41/AJ41 -> 72.933333 | AM41: =RANK(AL41, $AL$30:$AL$47) -> 13 | AO41: 18 | AP41: 1105.5 | AQ41: =AP41/AO41 -> 61.416667 | AR41: =RANK(AQ41,$AQ$30:$AQ$47) -> 15 | AT41: 16 | AU41: 1086 | AV41: =AU41/AT41 -> 67.875 | AW41: =RANK(AV41, $AV$30:$AV$47) -> 13
C42: 13 | D42: 青花椒麻雞肉拌麵 | E42: =VLOOKUP(D42,'09產線配置圖'!$A$2:$C$25,2,0) -> 17 | F42: =VLOOKUP(D42,'09產線配置圖'!$A$2:$C$25,3,0) -> 1565 | G42: =F42/E42 -> 92.058824 | I42: =AVERAGE(P42,U42,Z42,AE42,AJ42,AO42,AT42) -> 15.857143 | J42: =AVERAGE(Q42,V42,AA42,AF42,AK42,AP42,AU42) -> 1194.2857 | K42: =AVERAGE(R42,W42,AB42,AG42,AL42,AQ42,AV42) -> 75.781185 | M42: =RANK(K42, K$30:$K$47) -> 12 | P42: 18 | Q42: 1334 | R42: =Q42/P42 -> 74.111111 | S42: =RANK(R42,$R$30:$R$47) -> 12 | U42: 14 | V42: 980 | W42: =V42/U42 -> 70 | X42: =RANK(W42, $W$30:$W$47) -> 13 | Z42: 17 | AA42: 1106 | AB42: =AA42/Z42 -> 65.058824 | AC42: =RANK(AB42, $AB$30:$AB$47) -> 14 | AE42: 16 | AF42: 1243 | AG42: =AF42/AE42 -> 77.6875 | AH42: =RANK(AG42, $AG$30:$AG$47) -> 12 | AJ42: 13 | AK42: 1194 | AL42: =AK42/AJ42 -> 91.846154 | AM42: =RANK(AL42, $AL$30:$AL$47) -> 7 | AO42: 17 | AP42: 1271 | AQ42: =AP42/AO42 -> 74.764706 | AR42: =RANK(AQ42,$AQ$30:$AQ$47) -> 11 | AT42: 16 | AU42: 1232 | AV42: =AU42/AT42 -> 77 | AW42: =RANK(AV42, $AV$30:$AV$47) -> 11
C43: 14 | D43: 煙花女義大利麵 | E43: =VLOOKUP(D43,'09產線配置圖'!$A$2:$C$25,2,0) -> 17 | F43: =VLOOKUP(D43,'09產線配置圖'!$A$2:$C$25,3,0) -> 1636 | G43: =F43/E43 -> 96.235294 | I43: =AVERAGE(P43,U43,Z43,AE43,AJ43,AO43,AT43) -> 16 | J43: =AVERAGE(Q43,V43,AA43,AF43,AK43,AP43,AU43) -> 1397.8571 | K43: =AVERAGE(R43,W43,AB43,AG43,AL43,AQ43,AV43) -> 86.873024 | M43: =RANK(K43, K$30:$K$47) -> 8 | P43: 18 | Q43: 1704 | R43: =Q43/P43 -> 94.666667 | S43: =RANK(R43,$R$30:$R$47) -> 6 | U43: 17 | V43: 1605 | W43: =V43/U43 -> 94.411765 | X43: =RANK(W43, $W$30:$W$47) -> 7 | Z43: 15 | AA43: 1238 | AB43: =AA43/Z43 -> 82.533333 | AC43: =RANK(AB43, $AB$30:$AB$47) -> 11 | AE43: 14 | AF43: 1112 | AG43: =AF43/AE43 -> 79.428571 | AH43: =RANK(AG43, $AG$30:$AG$47) -> 11 | AJ43: 15 | AK43: 1112 | AL43: =AK43/AJ43 -> 74.133333 | AM43: =RANK(AL43, $AL$30:$AL$47) -> 12 | AO43: 17 | AP43: 1479 | AQ43: =AP43/AO43 -> 87 | AR43: =RANK(AQ43,$AQ$30:$AQ$47) -> 7 | AT43: 16 | AU43: 1535 | AV43: =AU43/AT43 -> 95.9375 | AW43: =RANK(AV43, $AV$30:$AV$47) -> 7
C44: 15 | D44: 羊乳起司培根筆尖麵 | E44: =VLOOKUP(D44,'09產線配置圖'!$A$2:$C$25,2,0) -> 17 | F44: =VLOOKUP(D44,'09產線配置圖'!$A$2:$C$25,3,0) -> 1636 | G44: =F44/E44 -> 96.235294 | I44: =AVERAGE(P44,U44,Z44,AE44,AJ44,AO44,AT44) -> 17 | J44: =AVERAGE(Q44,V44,AA44,AF44,AK44,AP44,AU44) -> 1491.2857 | K44: =AVERAGE(R44,W44,AB44,AG44,AL44,AQ44,AV44) -> 87.77029 | M44: =RANK(K44, K$30:$K$47) -> 7 | P44: 19 | Q44: 1598 | R44: =Q44/P44 -> 84.105263 | S44: =RANK(R44,$R$30:$R$47) -> 9 | U44: 17 | V44: 1467 | W44: =V44/U44 -> 86.294118 | X44: =RANK(W44, $W$30:$W$47) -> 8 | Z44: 17 | AA44: 1478 | AB44: =AA44/Z44 -> 86.941176 | AC44: =RANK(AB44, $AB$30:$AB$47) -> 7 | AE44: 16 | AF44: 1484 | AG44: =AF44/AE44 -> 92.75 | AH44: =RANK(AG44, $AG$30:$AG$47) -> 6 | AJ44: 16 | AK44: 1298 | AL44: =AK44/AJ44 -> 81.125 | AM44: =RANK(AL44, $AL$30:$AL$47) -> 8 | AO44: 17 | AP44: 1479 | AQ44: =AP44/AO44 -> 87 | AR44: =RANK(AQ44,$AQ$30:$AQ$47) -> 7 | AT44: 17 | AU44: 1635 | AV44: =AU44/AT44 -> 96.176471 | AW44: =RANK(AV44, $AV$30:$AV$47) -> 6
C45: 16 | AO45: 17 | AP45: 1468 | AQ45: =AP45/AO45 -> 86.352941 | AR45: =RANK(AQ45,$AQ$30:$AQ$47) -> 9
C46: 17
C47: 18
B48: 產線配置圖－每週更新 | N48: 資料繳交 | O48: 日期 | P48: 45909 | U48: 45910 | Z48: 45911 | AE48: 45912 | AJ48: 45913 | AO48: 45914 | AT48: 45915
P49: 二 | U49: 三 | Z49: 四 | AE49: 五 | AJ49: 六 | AO49: 日 | AT49: 一
B50: 品群 | C50: 商品名稱 | E50: 計畫 | H50: 平均人時性 | I50: 實績 | L50: 平均人時性 | M50: 排名 | O50: 日報 | P50: 實際 | T50: 平均人時性 | U50: 實際 | Y50: 平均人時性 | Z50: 實際 | AD50: 平均人時性 | AE50: 實際 | AI50: 平均人時性 | AJ50: 實際 | AN50: 平均人時性 | AO50: 實際 | AS50: 平均人時性 | AT50: 實際 | AX50: 平均人時性
E51: 產線配置圖 | I51: 產線配置圖 | P51: 生產實績 | U51: 生產實績 | Z51: 生產實績 | AE51: 生產實績 | AJ51: 生產實績 | AO51: 生產實績 | AT51: 生產實績
E52: 人數 | F52: 產能／時 | G52: 人時性 | I52: 人數 | J52: 產能／時 | K52: 人時性 | P52: 人數 | Q52: 產能／時 | R52: 人時性 | S52: 排名 | U52: 人數 | V52: 產能／時 | W52: 人時性 | X52: 排名 | Z52: 人數 | AA52: 產能／時 | AB52: 人時性 | AC52: 排名 | AE52: 人數 | AF52: 產能／時 | AG52: 人時性 | AH52: 排名 | AJ52: 人數 | AK52: 產能／時 | AL52: 人時性 | AM52: 排名 | AO52: 人數 | AP52: 產能／時 | AQ52: 人時性 | AR52: 排名 | AT52: 人數 | AU52: 產能／時 | AV52: 人時性 | AW52: 排名
B53: 熱食義麵 | C53: 1 | D53: 義式蕃茄起司義大利麵 | E53: =VLOOKUP(D53,'09產線配置圖'!$A$2:$C$25,2,0) -> 12 | F53: =VLOOKUP(D53,'09產線配置圖'!$A$2:$C$25,3,0) -> 2000 | G53: =F53/E53 -> 166.66667 | H53: =AVERAGE(G53:G67) -> 107.65416 | I53: =AVERAGE(P53,U53,Z53,AE53,AJ53,AO53,AT53) -> 12 | J53: =AVERAGE(Q53,V53,AA53,AF53,AK53,AP53,AU53) -> 1785.6429 | K53: =AVERAGE(R53,W53,AB53,AG53,AL53,AQ53,AV53) -> 148.80357 | L53: =IFERROR(AVERAGE(K53:K67),"-") -> 96.215654 | M53: =RANK(K53, K$53:$K$67) -> 1 | P53: 12 | Q53: 1873 | R53: =Q53/P53 -> 156.08333 | S53: =RANK(R53, $R$53:$R$67) -> 1 | T53: =AVERAGE(R53:R67) -> 96.963415 | U53: 12 | V53: 1787.5 | W53: =V53/U53 -> 148.95833 | X53: =RANK(W53,$W$53:$W$67) -> 1 | Y53: =AVERAGE(W53:W67) -> 96.278128 | Z53: 12 | AA53: 1805 | AB53: =AA53/Z53 -> 150.41667 | AC53: =RANK(AB53, $AB$53:$AB$67) -> 1 | AD53: =AVERAGE(AB53:AB67) -> 95.680443 | AE53: 12 | AF53: 1740 | AG53: =AF53/AE53 -> 145 | AH53: =RANK(AG53, $AG$53:$AG$67) -> 2 | AI53: =AVERAGE(AG53:AG67) -> 96.492546 | AJ53: 12 | AK53: 1814 | AL53: =AK53/AJ53 -> 151.16667 | AM53: =RANK(AL53,$AL$53:$AL$67) -> 1 | AN53: =AVERAGE(AL53:AL67) -> 96.599354 | AO53: 12 | AP53: 1619 | AQ53: =AP53/AO53 -> 134.91667 | AR53: =RANK(AQ53,$AQ$53:$AQ$67) -> 3 | AS53: =AVERAGE(AQ53:AQ67) -> 94.717585 | AT53: 12 | AU53: 1861 | AV53: =AU53/AT53 -> 155.08333 | AW53: =RANK(AV53,$AV$53:$AV$67) -> 1 | AX53: =AVERAGE(AV53:AV67) -> 96.77811
C54: 2 | D54: 奶油培根義大利麵 | E54: =VLOOKUP(D54,'09產線配置圖'!$A$2:$C$25,2,0) -> 13 | F54: =VLOOKUP(D54,'09產線配置圖'!$A$2:$C$25,3,0) -> 2000 | G54: =F54/E54 -> 153.84615 | I54: =AVERAGE(P54,U54,Z54,AE54,AJ54,AO54,AT54) -> 13 | J54: =AVERAGE(Q54,V54,AA54,AF54,AK54,AP54,AU54) -> 1868.7143 | K54: =AVERAGE(R54,W54,AB54,AG54,AL54,AQ54,AV54) -> 143.74725 | M54: =RANK(K54, K$53:$K$67) -> 2 | P54: 13 | Q54: 1914 | R54: =Q54/P54 -> 147.23077 | S54: =RANK(R54, $R$53:$R$67) -> 2 | U54: 13 | V54: 1903 | W54: =V54/U54 -> 146.38462 | X54: =RANK(W54,$W$53:$W$67) -> 2 | Z54: 13 | AA54: 1889 | AB54: =AA54/Z54 -> 145.30769 | AC54: =RANK(AB54, $AB$53:$AB$67) -> 2 | AE54: 13 | AF54: 1911 | AG54: =AF54/AE54 -> 147 | AH54: =RANK(AG54, $AG$53:$AG$67) -> 1 | AJ54: 13 | AK54: 1741 | AL54: =AK54/AJ54 -> 133.92308 | AM54: =RANK(AL54,$AL$53:$AL$67) -> 3 | AO54: 13 | AP54: 1859 | AQ54: =AP54/AO54 -> 143 | AR54: =RANK(AQ54,$AQ$53:$AQ$67) -> 1 | AT54: 13 | AU54: 1864 | AV54: =AU54/AT54 -> 143.38462 | AW54: =RANK(AV54,$AV$53:$AV$67) -> 2
C55: 3 | D55: 熱那亞青醬義大利麵 | E55: =VLOOKUP(D55,'09產線配置圖'!$A$2:$C$25,2,0) -> 16 | F55: =VLOOKUP(D55,'09產線配置圖'!$A$2:$C$25,3,0) -> 1915 | G55: =F55/E55 -> 119.6875 | I55: =AVERAGE(P55,U55,Z55,AE55,AJ55,AO55,AT55) -> 16 | J55: =AVERAGE(Q55,V55,AA55,AF55,AK55,AP55,AU55) -> 1677.8571 | K55: =AVERAGE(R55,W55,AB55,AG55,AL55,AQ55,AV55) -> 104.86607 | M55: =RANK(K55, K$53:$K$67) -> 5 | P55: 16 | Q55: 1695 | R55: =Q55/P55 -> 105.9375 | S55: =RANK(R55, $R$53:$R$67) -> 5 | U55: 16 | V55: 1620 | W55: =V55/U55 -> 101.25 | X55: =RANK(W55,$W$53:$W$67) -> 6 | Z55: 16 | AA55: 1685 | AB55: =AA55/Z55 -> 105.3125 | AC55: =RANK(AB55, $AB$53:$AB$67) -> 5 | AE55: 16 | AF55: 1679 | AG55: =AF55/AE55 -> 104.9375 | AH55: =RANK(AG55, $AG$53:$AG$67) -> 4 | AJ55: 16 | AK55: 1680 | AL55: =AK55/AJ55 -> 105 | AM55: =RANK(AL55,$AL$53:$AL$67) -> 4 | AO55: 16 | AP55: 1707 | AQ55: =AP55/AO55 -> 106.6875 | AR55: =RANK(AQ55,$AQ$53:$AQ$67) -> 5 | AT55: 16 | AU55: 1679 | AV55: =AU55/AT55 -> 104.9375 | AW55: =RANK(AV55,$AV$53:$AV$67) -> 5
C56: 4 | D56: 焗烤起司雙饗筆尖麵 | E56: =VLOOKUP(D56,'09產線配置圖'!$A$2:$C$25,2,0) -> 18 | F56: =VLOOKUP(D56,'09產線配置圖'!$A$2:$C$25,3,0) -> 1565 | G56: =F56/E56 -> 86.944444 | I56: =AVERAGE(P56,U56,Z56,AE56,AJ56,AO56,AT56) -> 18 | J56: =AVERAGE(Q56,V56,AA56,AF56,AK56,AP56,AU56) -> 1531.6429 | K56: =AVERAGE(R56,W56,AB56,AG56,AL56,AQ56,AV56) -> 85.09127 | M56: =RANK(K56, K$53:$K$67) -> 9 | P56: 18 | Q56: 1550 | R56: =Q56/P56 -> 86.111111 | S56: =RANK(R56, $R$53:$R$67) -> 7 | U56: 18 | V56: 1524.5 | W56: =V56/U56 -> 84.694444 | X56: =RANK(W56,$W$53:$W$67) -> 8 | Z56: 18 | AA56: 1558.5 | AB56: =AA56/Z56 -> 86.583333 | AC56: =RANK(AB56, $AB$53:$AB$67) -> 9 | AE56: 18 | AF56: 1516.5 | AG56: =AF56/AE56 -> 84.25 | AH56: =RANK(AG56, $AG$53:$AG$67) -> 9 | AJ56: 18 | AK56: 1504 | AL56: =AK56/AJ56 -> 83.555556 | AM56: =RANK(AL56,$AL$53:$AL$67) -> 8 | AO56: 18 | AP56: 1513 | AQ56: =AP56/AO56 -> 84.055556 | AR56: =RANK(AQ56,$AQ$53:$AQ$67) -> 8 | AT56: 18 | AU56: 1555 | AV56: =AU56/AT56 -> 86.388889 | AW56: =RANK(AV56,$AV$53:$AV$67) -> 9
C57: 5 | D57: 白酒蛤蜊義大利麵 | E57: =VLOOKUP(D57,'09產線配置圖'!$A$2:$C$25,2,0) -> 13 | F57: =VLOOKUP(D57,'09產線配置圖'!$A$2:$C$25,3,0) -> 2000 | G57: =F57/E57 -> 153.84615 | I57: =AVERAGE(P57,U57,Z57,AE57,AJ57,AO57,AT57) -> 13 | J57: =AVERAGE(Q57,V57,AA57,AF57,AK57,AP57,AU57) -> 1782.4286 | K57: =AVERAGE(R57,W57,AB57,AG57,AL57,AQ57,AV57) -> 137.10989 | M57: =RANK(K57, K$53:$K$67) -> 3 | P57: 13 | Q57: 1811 | R57: =Q57/P57 -> 139.30769 | S57: =RANK(R57, $R$53:$R$67) -> 3 | U57: 13 | V57: 1762 | W57: =V57/U57 -> 135.53846 | X57: =RANK(W57,$W$53:$W$67) -> 3 | Z57: 13 | AA57: 1771 | AB57: =AA57/Z57 -> 136.23077 | AC57: =RANK(AB57, $AB$53:$AB$67) -> 3 | AE57: 13 | AF57: 1798 | AG57: =AF57/AE57 -> 138.30769 | AH57: =RANK(AG57, $AG$53:$AG$67) -> 3 | AJ57: 13 | AK57: 1760 | AL57: =AK57/AJ57 -> 135.38462 | AM57: =RANK(AL57,$AL$53:$AL$67) -> 2 | AO57: 13 | AP57: 1776 | AQ57: =AP57/AO57 -> 136.61538 | AR57: =RANK(AQ57,$AQ$53:$AQ$67) -> 2 | AT57: 13 | AU57: 1799 | AV57: =AU57/AT57 -> 138.38462 | AW57: =RANK(AV57,$AV$53:$AV$67) -> 3
C58: 6 | D58: 韓式起司炸雞義大利麵 | E58: =VLOOKUP(D58,'09產線配置圖'!$A$2:$C$25,2,0) -> 16 | F58: =VLOOKUP(D58,'09產線配置圖'!$A$2:$C$25,3,0) -> 1895 | G58: =F58/E58 -> 118.4375 | I58: =AVERAGE(P58,U58,Z58,AE58,AJ58,AO58,AT58) -> 15.428571 | J58: =AVERAGE(Q58,V58,AA58,AF58,AK58,AP58,AU58) -> 1613 | K58: =AVERAGE(R58,W58,AB58,AG58,AL58,AQ58,AV58) -> 104.9659 | M58: =RANK(K58, K$53:$K$67) -> 4 | P58: 15 | Q58: 1731 | R58: =Q58/P58 -> 115.4 | S58: =RANK(R58, $R$53:$R$67) -> 4 | U58: 14 | V58: 1650 | W58: =V58/U58 -> 117.85714 | X58: =RANK(W58,$W$53:$W$67) -> 4 | Z58: 16 | AA58: 1706 | AB58: =AA58/Z58 -> 106.625 | AC58: =RANK(AB58, $AB$53:$AB$67) -> 4 | AE58: 16 | AF58: 1628 | AG58: =AF58/AE58 -> 101.75 | AH58: =RANK(AG58, $AG$53:$AG$67) -> 5 | AJ58: 16 | AK58: 1168 | AL58: =AK58/AJ58 -> 73 | AM58: =RANK(AL58,$AL$53:$AL$67) -> 13 | AO58: 15 | AP58: 1711 | AQ58: =AP58/AO58 -> 114.06667 | AR58: =RANK(AQ58,$AQ$53:$AQ$67) -> 4 | AT58: 16 | AU58: 1697 | AV58: =AU58/AT58 -> 106.0625 | AW58: =RANK(AV58,$AV$53:$AV$67) -> 4
C59: 7 | D59: 蒜香蝦蝦義大利麵 | E59: =VLOOKUP(D59,'09產線配置圖'!$A$2:$C$25,2,0) -> 16 | F59: =VLOOKUP(D59,'09產線配置圖'!$A$2:$C$25,3,0) -> 1552 | G59: =F59/E59 -> 97
C60: 8 | D60: 焗奶油扇貝筆尖麵 | E60: =VLOOKUP(D60,'09產線配置圖'!$A$2:$C$25,2,0) -> 15 | F60: =VLOOKUP(D60,'09產線配置圖'!$A$2:$C$25,3,0) -> 1565 | G60: =F60/E60 -> 104.33333 | I60: =AVERAGE(P60,U60,Z60,AE60,AJ60,AO60,AT60) -> 15.142857 | J60: =AVERAGE(Q60,V60,AA60,AF60,AK60,AP60,AU60) -> 1565 | K60: =AVERAGE(R60,W60,AB60,AG60,AL60,AQ60,AV60) -> 103.34167 | M60: =RANK(K60, K$53:$K$67) -> 6 | P60: 15 | Q60: 1564 | R60: =Q60/P60 -> 104.26667 | S60: =RANK(R60, $R$53:$R$67) -> 6 | U60: 16 | V60: 1666 | W60: =V60/U60 -> 104.125 | X60: =RANK(W60,$W$53:$W$67) -> 5 | Z60: 15 | AA60: 1552 | AB60: =AA60/Z60 -> 103.46667 | AC60: =RANK(AB60, $AB$53:$AB$67) -> 6 | AE60: 15 | AF60: 1515 | AG60: =AF60/AE60 -> 101 | AH60: =RANK(AG60, $AG$53:$AG$67) -> 6 | AJ60: 15 | AK60: 1564 | AL60: =AK60/AJ60 -> 104.26667 | AM60: =RANK(AL60,$AL$53:$AL$67) -> 5 | AO60: 15 | AP60: 1542 | AQ60: =AP60/AO60 -> 102.8 | AR60: =RANK(AQ60,$AQ$53:$AQ$67) -> 6 | AT60: 15 | AU60: 1552 | AV60: =AU60/AT60 -> 103.46667 | AW60: =RANK(AV60,$AV$53:$AV$67) -> 6
C61: 9 | D61: 拿坡里義大利麵 | E61: =VLOOKUP(D61,'09產線配置圖'!$A$2:$C$25,2,0) -> 16 | F61: =VLOOKUP(D61,'09產線配置圖'!$A$2:$C$25,3,0) -> 1390 | G61: =F61/E61 -> 86.875 | I61: =AVERAGE(P61,U61,Z61,AE61,AJ61,AO61,AT61) -> 14.857143 | J61: =AVERAGE(Q61,V61,AA61,AF61,AK61,AP61,AU61) -> 986.42857 | K61: =AVERAGE(R61,W61,AB61,AG61,AL61,AQ61,AV61) -> 66.825504 | M61: =RANK(K61, K$53:$K$67) -> 13 | P61: 16 | Q61: 1085 | R61: =Q61/P61 -> 67.8125 | S61: =RANK(R61, $R$53:$R$67) -> 10 | U61: 16 | V61: 969 | W61: =V61/U61 -> 60.5625 | X61: =RANK(W61,$W$53:$W$67) -> 13 | Z61: 15 | AA61: 968 | AB61: =AA61/Z61 -> 64.533333 | AC61: =RANK(AB61, $AB$53:$AB$67) -> 12 | AE61: 12 | AF61: 813 | AG61: =AF61/AE61 -> 67.75 | AH61: =RANK(AG61, $AG$53:$AG$67) -> 13 | AJ61: 13 | AK61: 1057 | AL61: =AK61/AJ61 -> 81.307692 | AM61: =RANK(AL61,$AL$53:$AL$67) -> 9 | AO61: 16 | AP61: 1030 | AQ61: =AP61/AO61 -> 64.375 | AR61: =RANK(AQ61,$AQ$53:$AQ$67) -> 14 | AT61: 16 | AU61: 983 | AV61: =AU61/AT61 -> 61.4375 | AW61: =RANK(AV61,$AV$53:$AV$67) -> 13
C62: 10 | D62: 奶油明太子細扁麵 | E62: =VLOOKUP(D62,'09產線配置圖'!$A$2:$C$25,2,0) -> 19 | F62: =VLOOKUP(D62,'09產線配置圖'!$A$2:$C$25,3,0) -> 1565 | G62: =F62/E62 -> 82.368421 | I62: =AVERAGE(P62,U62,Z62,AE62,AJ62,AO62,AT62) -> 15.285714 | J62: =AVERAGE(Q62,V62,AA62,AF62,AK62,AP62,AU62) -> 1006.5 | K62: =AVERAGE(R62,W62,AB62,AG62,AL62,AQ62,AV62) -> 66.165704 | M62: =RANK(K62, K$53:$K$67) -> 14 | P62: 16 | Q62: 1062 | R62: =Q62/P62 -> 66.375 | S62: =RANK(R62, $R$53:$R$67) -> 13 | U62: 15 | V62: 998 | W62: =V62/U62 -> 66.533333 | X62: =RANK(W62,$W$53:$W$67) -> 12 | Z62: 16 | AA62: 957 | AB62: =AA62/Z62 -> 59.8125 | AC62: =RANK(AB62, $AB$53:$AB$67) -> 14 | AE62: 14 | AF62: 968 | AG62: =AF62/AE62 -> 69.142857 | AH62: =RANK(AG62, $AG$53:$AG$67) -> 12 | AJ62: 13 | AK62: 987 | AL62: =AK62/AJ62 -> 75.923077 | AM62: =RANK(AL62,$AL$53:$AL$67) -> 10 | AO62: 17 | AP62: 1148 | AQ62: =AP62/AO62 -> 67.529412 | AR62: =RANK(AQ62,$AQ$53:$AQ$67) -> 12 | AT62: 16 | AU62: 925.5 | AV62: =AU62/AT62 -> 57.84375 | AW62: =RANK(AV62,$AV$53:$AV$67) -> 14
C63: 11 | D63: 黑胡椒燻豬腿義大利麵 | E63: =VLOOKUP(D63,'09產線配置圖'!$A$2:$C$25,2,0) -> 18 | F63: =VLOOKUP(D63,'09產線配置圖'!$A$2:$C$25,3,0) -> 1500 | G63: =F63/E63 -> 83.333333 | I63: =AVERAGE(P63,U63,Z63,AE63,AJ63,AO63,AT63) -> 14.857143 | J63: =AVERAGE(Q63,V63,AA63,AF63,AK63,AP63,AU63) -> 998.42857 | K63: =AVERAGE(R63,W63,AB63,AG63,AL63,AQ63,AV63) -> 66.869926 | M63: =RANK(K63, K$53:$K$67) -> 12 | P63: 16 | Q63: 1078 | R63: =Q63/P63 -> 67.375 | S63: =RANK(R63, $R$53:$R$67) -> 11 | U63: 14 | V63: 837 | W63: =V63/U63 -> 59.785714 | X63: =RANK(W63,$W$53:$W$67) -> 14 | Z63: 16 | AA63: 1114 | AB63: =AA63/Z63 -> 69.625 | AC63: =RANK(AB63, $AB$53:$AB$67) -> 10 | AE63: 13 | AF63: 748 | AG63: =AF63/AE63 -> 57.538462 | AH63: =RANK(AG63, $AG$53:$AG$67) -> 14 | AJ63: 13 | AK63: 881 | AL63: =AK63/AJ63 -> 67.769231 | AM63: =RANK(AL63,$AL$53:$AL$67) -> 14 | AO63: 17 | AP63: 1199 | AQ63: =AP63/AO63 -> 70.529412 | AR63: =RANK(AQ63,$AQ$53:$AQ$67) -> 10 | AT63: 15 | AU63: 1132 | AV63: =AU63/AT63 -> 75.466667 | AW63: =RANK(AV63,$AV$53:$AV$67) -> 10
C64: 12 | D64: 奶油蒜香雞義大利麵 | E64: =VLOOKUP(D64,'09產線配置圖'!$A$2:$C$25,2,0) -> 18 | F64: =VLOOKUP(D64,'09產線配置圖'!$A$2:$C$25,3,0) -> 1385 | G64: =F64/E64 -> 76.944444 | I64: =AVERAGE(P64,U64,Z64,AE64,AJ64,AO64,AT64) -> 16.428571 | J64: =AVERAGE(Q64,V64,AA64,AF64,AK64,AP64,AU64) -> 1099.5714 | K64: =AVERAGE(R64,W64,AB64,AG64,AL64,AQ64,AV64) -> 67.224526 | M64: =RANK(K64, K$53:$K$67) -> 11 | P64: 18 | Q64: 1206 | R64: =Q64/P64 -> 67 | S64: =RANK(R64, $R$53:$R$67) -> 12 | U64: 18 | V64: 1233.5 | W64: =V64/U64 -> 68.527778 | X64: =RANK(W64,$W$53:$W$67) -> 11 | Z64: 18 | AA64: 1135.5 | AB64: =AA64/Z64 -> 63.083333 | AC64: =RANK(AB64, $AB$53:$AB$67) -> 13 | AE64: 13 | AF64: 912 | AG64: =AF64/AE64 -> 70.153846 | AH64: =RANK(AG64, $AG$53:$AG$67) -> 11 | AJ64: 14 | AK64: 1030 | AL64: =AK64/AJ64 -> 73.571429 | AM64: =RANK(AL64,$AL$53:$AL$67) -> 12 | AO64: 17 | AP64: 1127 | AQ64: =AP64/AO64 -> 66.294118 | AR64: =RANK(AQ64,$AQ$53:$AQ$67) -> 13 | AT64: 17 | AU64: 1053 | AV64: =AU64/AT64 -> 61.941176 | AW64: =RANK(AV64,$AV$53:$AV$67) -> 12
C65: 13 | D65: 青花椒麻雞肉拌麵 | E65: =VLOOKUP(D65,'09產線配置圖'!$A$2:$C$25,2,0) -> 17 | F65: =VLOOKUP(D65,'09產線配置圖'!$A$2:$C$25,3,0) -> 1565 | G65: =F65/E65 -> 92.058824 | I65: =AVERAGE(P65,U65,Z65,AE65,AJ65,AO65,AT65) -> 15.571429 | J65: =AVERAGE(Q65,V65,AA65,AF65,AK65,AP65,AU65) -> 1208 | K65: =AVERAGE(R65,W65,AB65,AG65,AL65,AQ65,AV65) -> 78.070405 | M65: =RANK(K65, K$53:$K$67) -> 10 | P65: 17 | Q65: 1127 | R65: =Q65/P65 -> 66.294118 | S65: =RANK(R65, $R$53:$R$67) -> 14 | U65: 17 | V65: 1392.5 | W65: =V65/U65 -> 81.911765 | X65: =RANK(W65,$W$53:$W$67) -> 10 | Z65: 17 | AA65: 1511 | AB65: =AA65/Z65 -> 88.882353 | AC65: =RANK(AB65, $AB$53:$AB$67) -> 8 | AE65: 12 | AF65: 1115.5 | AG65: =AF65/AE65 -> 92.958333 | AH65: =RANK(AG65, $AG$53:$AG$67) -> 7 | AJ65: 13 | AK65: 957 | AL65: =AK65/AJ65 -> 73.615385 | AM65: =RANK(AL65,$AL$53:$AL$67) -> 11 | AO65: 17 | AP65: 1151 | AQ65: =AP65/AO65 -> 67.705882 | AR65: =RANK(AQ65,$AQ$53:$AQ$67) -> 11 | AT65: 16 | AU65: 1202 | AV65: =AU65/AT65 -> 75.125 | AW65: =RANK(AV65,$AV$53:$AV$67) -> 11
C66: 14 | D66: 煙花女義大利麵 | E66: =VLOOKUP(D66,'09產線配置圖'!$A$2:$C$25,2,0) -> 17 | F66: =VLOOKUP(D66,'09產線配置圖'!$A$2:$C$25,3,0) -> 1636 | G66: =F66/E66 -> 96.235294 | I66: =AVERAGE(P66,U66,Z66,AE66,AJ66,AO66,AT66) -> 15.571429 | J66: =AVERAGE(Q66,V66,AA66,AF66,AK66,AP66,AU66) -> 1330.8571 | K66: =AVERAGE(R66,W66,AB66,AG66,AL66,AQ66,AV66) -> 86.265204 | M66: =RANK(K66, K$53:$K$67) -> 8 | P66: 17 | Q66: 1400 | R66: =Q66/P66 -> 82.352941 | S66: =RANK(R66, $R$53:$R$67) -> 9 | U66: 17 | V66: 1397 | W66: =V66/U66 -> 82.176471 | X66: =RANK(W66,$W$53:$W$67) -> 9 | Z66: 17 | AA66: 1106 | AB66: =AA66/Z66 -> 65.058824 | AC66: =RANK(AB66, $AB$53:$AB$67) -> 11 | AE66: 11 | AF66: 1019 | AG66: =AF66/AE66 -> 92.636364 | AH66: =RANK(AG66, $AG$53:$AG$67) -> 8 | AJ66: 14 | AK66: 1416 | AL66: =AK66/AJ66 -> 101.14286 | AM66: =RANK(AL66,$AL$53:$AL$67) -> 6 | AO66: 17 | AP66: 1533 | AQ66: =AP66/AO66 -> 90.176471 | AR66: =RANK(AQ66,$AQ$53:$AQ$67) -> 7 | AT66: 16 | AU66: 1445 | AV66: =AU66/AT66 -> 90.3125 | AW66: =RANK(AV66,$AV$53:$AV$67) -> 8
C67: 15 | D67: 羊乳起司培根筆尖麵 | E67: =VLOOKUP(D67,'09產線配置圖'!$A$2:$C$25,2,0) -> 17 | F67: =VLOOKUP(D67,'09產線配置圖'!$A$2:$C$25,3,0) -> 1636 | G67: =F67/E67 -> 96.235294 | I67: =AVERAGE(P67,U67,Z67,AE67,AJ67,AO67,AT67) -> 17 | J67: =AVERAGE(Q67,V67,AA67,AF67,AK67,AP67,AU67) -> 1490.4286 | K67: =AVERAGE(R67,W67,AB67,AG67,AL67,AQ67,AV67) -> 87.672269 | M67: =RANK(K67, K$53:$K$67) -> 7 | P67: 17 | Q67: 1461 | R67: =Q67/P67 -> 85.941176 | S67: =RANK(R67, $R$53:$R$67) -> 8 | U67: 17 | V67: 1523 | W67: =V67/U67 -> 89.588235 | X67: =RANK(W67,$W$53:$W$67) -> 7 | Z67: 17 | AA67: 1608 | AB67: =AA67/Z67 -> 94.588235 | AC67: =RANK(AB67, $AB$53:$AB$67) -> 7 | AE67: 17 | AF67: 1334 | AG67: =AF67/AE67 -> 78.470588 | AH67: =RANK(AG67, $AG$53:$AG$67) -> 10 | AJ67: 17 | AK67: 1577 | AL67: =AK67/AJ67 -> 92.764706 | AM67: =RANK(AL67,$AL$53:$AL$67) -> 7 | AO67: 17 | AP67: 1314 | AQ67: =AP67/AO67 -> 77.294118 | AR67: =RANK(AQ67,$AQ$53:$AQ$67) -> 9 | AT67: 17 | AU67: 1616 | AV67: =AU67/AT67 -> 95.058824 | AW67: =RANK(AV67,$AV$53:$AV$67) -> 7
B68: 產線配置圖－每週更新 | N68: 資料繳交 | O68: 日期 | P68: 45916 | U68: 45917 | Z68: 45918 | AE68: 45919 | AJ68: 45920 | AO68: 45921 | AT68: 45922
P69: 二 | U69: 三 | Z69: 四 | AE69: 五 | AJ69: 六 | AO69: 日 | AT69: 一
B70: 品群 | C70: 商品名稱 | E70: 計畫 | H70: 平均人時性 | I70: 實績 | L70: 平均人時性 | M70: 排名 | O70: 日報 | P70: 實際 | T70: 平均人時性 | U70: 實際 | Y70: 平均人時性 | Z70: 實際 | AD70: 平均人時性 | AE70: 實際 | AI70: 平均人時性 | AJ70: 實際 | AN70: 平均人時性 | AO70: 實際 | AS70: 平均人時性 | AT70: 實際 | AX70: 平均人時性
E71: 產線配置圖 | I71: 產線配置圖 | P71: 生產實績 | U71: 生產實績 | Z71: 生產實績 | AE71: 生產實績 | AJ71: 生產實績 | AO71: 生產實績 | AT71: 生產實績
E72: 人數 | F72: 產能／時 | G72: 人時性 | I72: 人數 | J72: 產能／時 | K72: 人時性 | P72: 人數 | Q72: 產能／時 | R72: 人時性 | S72: 排名 | U72: 人數 | V72: 產能／時 | W72: 人時性 | X72: 排名 | Z72: 人數 | AA72: 產能／時 | AB72: 人時性 | AC72: 排名 | AE72: 人數 | AF72: 產能／時 | AG72: 人時性 | AH72: 排名 | AJ72: 人數 | AK72: 產能／時 | AL72: 人時性 | AM72: 排名 | AO72: 人數 | AP72: 產能／時 | AQ72: 人時性 | AR72: 排名 | AT72: 人數 | AU72: 產能／時 | AV72: 人時性 | AW72: 排名
B73: 熱食義麵 | C73: 1 | D73: 義式蕃茄起司義大利麵 | E73: =VLOOKUP(D73,'09產線配置圖'!$A$2:$C$30,2,0) -> 12 | F73: =VLOOKUP(D73,'09產線配置圖'!$A$2:$C$30,3,0) -> 2000 | G73: =F73/E73 -> 166.66667 | H73: =AVERAGE(G73:G87) -> 107.65416 | I73: =AVERAGE(P73,U73,Z73,AE73,AJ73,AO73,AT73) -> 12 | J73: =AVERAGE(Q73,V73,AA73,AF73,AK73,AP73,AU73) -> 1809.1429 | K73: =AVERAGE(R73,W73,AB73,AG73,AL73,AQ73,AV73) -> 150.7619 | L73: =IFERROR(AVERAGE(K73:K90),"-") -> 92.994927 | M73: =RANK(K73, $K$73:$K$90) -> 1 | P73: 12 | Q73: 1897 | R73: =Q73/P73 -> 158.08333 | S73: =RANK(R73, $R$73:$R$90) -> 1 | T73: =AVERAGE(R73:R90) -> 93.12367 | U73: 12 | V73: 1825 | W73: =V73/U73 -> 152.08333 | X73: =RANK(W73, $W$73:$W$90) -> 1 | Y73: =AVERAGE(W73:W90) -> 93.217485 | Z73: 12 | AA73: 1820 | AB73: =AA73/Z73 -> 151.66667 | AC73: =RANK(AB73, $AB$73:$AB$90) -> 1 | AD73: =AVERAGE(AB73:AB90) -> 90.378824 | AE73: 12 | AF73: 1636 | AG73: =AF73/AE73 -> 136.33333 | AH73: =RANK(AG73, $AG$73:$AG$90) -> 1 | AI73: =AVERAGE(AG73:AG90) -> 90.590718 | AJ73: 12 | AK73: 1840 | AL73: =AK73/AJ73 -> 153.33333 | AM73: =RANK(AL73, $AL$73:$AL$90) -> 1 | AN73: =AVERAGE(AL73:AL90) -> 89.262275 | AO73: 12 | AP73: 1857 | AQ73: =AP73/AO73 -> 154.75 | AR73: =RANK(AQ73, $AQ$73:$AQ$90) -> 1 | AS73: =AVERAGE(AQ73:AQ90) -> 96.292893 | AT73: 12 | AU73: 1789 | AV73: =AU73/AT73 -> 149.08333 | AW73: =RANK(AV73, $AV$73:$AV$90) -> 1 | AX73: =AVERAGE(AV73:AV90) -> 98.098622
C74: 2 | D74: 奶油培根義大利麵 | E74: =VLOOKUP(D74,'09產線配置圖'!$A$2:$C$30,2,0) -> 13 | F74: =VLOOKUP(D74,'09產線配置圖'!$A$2:$C$30,3,0) -> 2000 | G74: =F74/E74 -> 153.84615 | I74: =AVERAGE(P74,U74,Z74,AE74,AJ74,AO74,AT74) -> 13 | J74: =AVERAGE(Q74,V74,AA74,AF74,AK74,AP74,AU74) -> 1874.1429 | K74: =AVERAGE(R74,W74,AB74,AG74,AL74,AQ74,AV74) -> 144.16484 | M74: =RANK(K74, $K$73:$K$90) -> 2 | P74: 13 | Q74: 1891 | R74: =Q74/P74 -> 145.46154 | S74: =RANK(R74, $R$73:$R$90) -> 2 | U74: 13 | V74: 1889 | W74: =V74/U74 -> 145.30769 | X74: =RANK(W74, $W$73:$W$90) -> 2 | Z74: 13 | AA74: 1893 | AB74: =AA74/Z74 -> 145.61538 | AC74: =RANK(AB74, $AB$73:$AB$90) -> 2 | AE74: 13 | AF74: 1718 | AG74: =AF74/AE74 -> 132.15385 | AH74: =RANK(AG74, $AG$73:$AG$90) -> 2 | AJ74: 13 | AK74: 1856 | AL74: =AK74/AJ74 -> 142.76923 | AM74: =RANK(AL74, $AL$73:$AL$90) -> 2 | AO74: 13 | AP74: 1946 | AQ74: =AP74/AO74 -> 149.69231 | AR74: =RANK(AQ74, $AQ$73:$AQ$90) -> 2 | AT74: 13 | AU74: 1926 | AV74: =AU74/AT74 -> 148.15385 | AW74: =RANK(AV74, $AV$73:$AV$90) -> 2
C75: 3 | D75: 熱那亞青醬義大利麵 | E75: =VLOOKUP(D75,'09產線配置圖'!$A$2:$C$30,2,0) -> 16 | F75: =VLOOKUP(D75,'09產線配置圖'!$A$2:$C$30,3,0) -> 1915 | G75: =F75/E75 -> 119.6875 | I75: =AVERAGE(P75,U75,Z75,AE75,AJ75,AO75,AT75) -> 15.857143 | J75: =AVERAGE(Q75,V75,AA75,AF75,AK75,AP75,AU75) -> 1610 | K75: =AVERAGE(R75,W75,AB75,AG75,AL75,AQ75,AV75) -> 101.56964 | M75: =RANK(K75, $K$73:$K$90) -> 5 | P75: 16 | Q75: 1611 | R75: =Q75/P75 -> 100.6875 | S75: =RANK(R75, $R$73:$R$90) -> 5 | U75: 16 | V75: 1550 | W75: =V75/U75 -> 96.875 | X75: =RANK(W75, $W$73:$W$90) -> 7 | Z75: 16 | AA75: 1634 | AB75: =AA75/Z75 -> 102.125 | AC75: =RANK(AB75, $AB$73:$AB$90) -> 4 | AE75: 16 | AF75: 1617 | AG75: =AF75/AE75 -> 101.0625 | AH75: =RANK(AG75, $AG$73:$AG$90) -> 6 | AJ75: 16 | AK75: 1635 | AL75: =AK75/AJ75 -> 102.1875 | AM75: =RANK(AL75, $AL$73:$AL$90) -> 4 | AO75: 16 | AP75: 1636 | AQ75: =AP75/AO75 -> 102.25 | AR75: =RANK(AQ75, $AQ$73:$AQ$90) -> 5 | AT75: 15 | AU75: 1587 | AV75: =AU75/AT75 -> 105.8 | AW75: =RANK(AV75, $AV$73:$AV$90) -> 5
C76: 4 | D76: 焗烤起司雙饗筆尖麵 | E76: =VLOOKUP(D76,'09產線配置圖'!$A$2:$C$30,2,0) -> 18 | F76: =VLOOKUP(D76,'09產線配置圖'!$A$2:$C$30,3,0) -> 1565 | G76: =F76/E76 -> 86.944444 | I76: =AVERAGE(P76,U76,Z76,AE76,AJ76,AO76,AT76) -> 17.857143 | J76: =AVERAGE(Q76,V76,AA76,AF76,AK76,AP76,AU76) -> 1513.5714 | K76: =AVERAGE(R76,W76,AB76,AG76,AL76,AQ76,AV76) -> 84.739496 | M76: =RANK(K76, $K$73:$K$90) -> 10 | P76: 18 | Q76: 1558 | R76: =Q76/P76 -> 86.555556 | S76: =RANK(R76, $R$73:$R$90) -> 10 | U76: 18 | V76: 1458 | W76: =V76/U76 -> 81 | X76: =RANK(W76, $W$73:$W$90) -> 11 | Z76: 18 | AA76: 1519 | AB76: =AA76/Z76 -> 84.388889 | AC76: =RANK(AB76, $AB$73:$AB$90) -> 9 | AE76: 17 | AF76: 1397 | AG76: =AF76/AE76 -> 82.176471 | AH76: =RANK(AG76, $AG$73:$AG$90) -> 8 | AJ76: 18 | AK76: 1544 | AL76: =AK76/AJ76 -> 85.777778 | AM76: =RANK(AL76, $AL$73:$AL$90) -> 7 | AO76: 18 | AP76: 1562 | AQ76: =AP76/AO76 -> 86.777778 | AR76: =RANK(AQ76, $AQ$73:$AQ$90) -> 10 | AT76: 18 | AU76: 1557 | AV76: =AU76/AT76 -> 86.5 | AW76: =RANK(AV76, $AV$73:$AV$90) -> 11
C77: 5 | D77: 白酒蛤蜊義大利麵 | E77: =VLOOKUP(D77,'09產線配置圖'!$A$2:$C$30,2,0) -> 13 | F77: =VLOOKUP(D77,'09產線配置圖'!$A$2:$C$30,3,0) -> 2000 | G77: =F77/E77 -> 153.84615 | I77: =AVERAGE(P77,U77,Z77,AE77,AJ77,AO77,AT77) -> 13.142857 | J77: =AVERAGE(Q77,V77,AA77,AF77,AK77,AP77,AU77) -> 1251.7143 | K77: =AVERAGE(R77,W77,AB77,AG77,AL77,AQ77,AV77) -> 95.893354 | M77: =RANK(K77, $K$73:$K$90) -> 7 | P77: 14 | Q77: 1212 | R77: =Q77/P77 -> 86.571429 | S77: =RANK(R77, $R$73:$R$90) -> 9 | U77: 14 | V77: 1409 | W77: =V77/U77 -> 100.64286 | X77: =RANK(W77, $W$73:$W$90) -> 5 | Z77: 12 | AA77: 1057 | AB77: =AA77/Z77 -> 88.083333 | AC77: =RANK(AB77, $AB$73:$AB$90) -> 8 | AE77: 11 | AF77: 1113 | AG77: =AF77/AE77 -> 101.18182 | AH77: =RANK(AG77, $AG$73:$AG$90) -> 5 | AJ77: 13 | AK77: 1059 | AL77: =AK77/AJ77 -> 81.461538 | AM77: =RANK(AL77, $AL$73:$AL$90) -> 8 | AO77: 16 | AP77: 1409 | AQ77: =AP77/AO77 -> 88.0625 | AR77: =RANK(AQ77, $AQ$73:$AQ$90) -> 8 | AT77: 12 | AU77: 1503 | AV77: =AU77/AT77 -> 125.25 | AW77: =RANK(AV77, $AV$73:$AV$90) -> 4
C78: 6 | D78: 韓式起司炸雞義大利麵 | E78: =VLOOKUP(D78,'09產線配置圖'!$A$2:$C$30,2,0) -> 16 | F78: =VLOOKUP(D78,'09產線配置圖'!$A$2:$C$30,3,0) -> 1895 | G78: =F78/E78 -> 118.4375 | I78: =AVERAGE(P78,U78,Z78,AE78,AJ78,AO78,AT78) -> 15.428571 | J78: =AVERAGE(Q78,V78,AA78,AF78,AK78,AP78,AU78) -> 1698.8571 | K78: =AVERAGE(R78,W78,AB78,AG78,AL78,AQ78,AV78) -> 110.44005 | M78: =RANK(K78, $K$73:$K$90) -> 3 | P78: 16 | Q78: 1887 | R78: =Q78/P78 -> 117.9375 | S78: =RANK(R78, $R$73:$R$90) -> 3 | U78: 16 | V78: 1889 | W78: =V78/U78 -> 118.0625 | X78: =RANK(W78, $W$73:$W$90) -> 3 | Z78: 16 | AA78: 1538 | AB78: =AA78/Z78 -> 96.125 | AC78: =RANK(AB78, $AB$73:$AB$90) -> 5 | AE78: 16 | AF78: 1662 | AG78: =AF78/AE78 -> 103.875 | AH78: =RANK(AG78, $AG$73:$AG$90) -> 3 | AJ78: 16 | AK78: 1575 | AL78: =AK78/AJ78 -> 98.4375 | AM78: =RANK(AL78, $AL$73:$AL$90) -> 5 | AO78: 14 | AP78: 1552 | AQ78: =AP78/AO78 -> 110.85714 | AR78: =RANK(AQ78, $AQ$73:$AQ$90) -> 3 | AT78: 14 | AU78: 1789 | AV78: =AU78/AT78 -> 127.78571 | AW78: =RANK(AV78, $AV$73:$AV$90) -> 3
C79: 7 | D79: 蒜香蝦蝦義大利麵 | E79: =VLOOKUP(D79,'09產線配置圖'!$A$2:$C$30,2,0) -> 16 | F79: =VLOOKUP(D79,'09產線配置圖'!$A$2:$C$30,3,0) -> 1552 | G79: =F79/E79 -> 97
C80: 8 | D80: 焗奶油扇貝筆尖麵 | E80: =VLOOKUP(D80,'09產線配置圖'!$A$2:$C$30,2,0) -> 15 | F80: =VLOOKUP(D80,'09產線配置圖'!$A$2:$C$30,3,0) -> 1565 | G80: =F80/E80 -> 104.33333 | I80: =AVERAGE(P80,U80,Z80,AE80,AJ80,AO80,AT80) -> 15 | J80: =AVERAGE(Q80,V80,AA80,AF80,AK80,AP80,AU80) -> 1537 | K80: =AVERAGE(R80,W80,AB80,AG80,AL80,AQ80,AV80) -> 102.46667 | M80: =RANK(K80, $K$73:$K$90) -> 4 | P80: 15 | Q80: 1556 | R80: =Q80/P80 -> 103.73333 | S80: =RANK(R80, $R$73:$R$90) -> 4 | U80: 15 | V80: 1466 | W80: =V80/U80 -> 97.733333 | X80: =RANK(W80, $W$73:$W$90) -> 6 | Z80: 15 | AA80: 1561 | AB80: =AA80/Z80 -> 104.06667 | AC80: =RANK(AB80, $AB$73:$AB$90) -> 3 | AE80: 15 | AF80: 1554 | AG80: =AF80/AE80 -> 103.6 | AH80: =RANK(AG80, $AG$73:$AG$90) -> 4 | AJ80: 15 | AK80: 1536 | AL80: =AK80/AJ80 -> 102.4 | AM80: =RANK(AL80, $AL$73:$AL$90) -> 3 | AO80: 15 | AP80: 1531 | AQ80: =AP80/AO80 -> 102.06667 | AR80: =RANK(AQ80, $AQ$73:$AQ$90) -> 6 | AT80: 15 | AU80: 1555 | AV80: =AU80/AT80 -> 103.66667 | AW80: =RANK(AV80, $AV$73:$AV$90) -> 6
C81: 9 | D81: 拿坡里義大利麵 | E81: =VLOOKUP(D81,'09產線配置圖'!$A$2:$C$30,2,0) -> 16 | F81: =VLOOKUP(D81,'09產線配置圖'!$A$2:$C$30,3,0) -> 1390 | G81: =F81/E81 -> 86.875 | I81: =AVERAGE(P81,U81,Z81,AE81,AJ81,AO81,AT81) -> 15 | J81: =AVERAGE(Q81,V81,AA81,AF81,AK81,AP81,AU81) -> 994.57143 | K81: =AVERAGE(R81,W81,AB81,AG81,AL81,AQ81,AV81) -> 66.528846 | M81: =RANK(K81, $K$73:$K$90) -> 16 | P81: 16 | Q81: 926 | R81: =Q81/P81 -> 57.875 | S81: =RANK(R81, $R$73:$R$90) -> 16 | U81: 16 | V81: 1072 | W81: =V81/U81 -> 67 | X81: =RANK(W81, $W$73:$W$90) -> 15 | Z81: 14 | AA81: 974 | AB81: =AA81/Z81 -> 69.571429 | AC81: =RANK(AB81, $AB$73:$AB$90) -> 13 | AE81: 13 | AF81: 911 | AG81: =AF81/AE81 -> 70.076923 | AH81: =RANK(AG81, $AG$73:$AG$90) -> 15 | AJ81: 16 | AK81: 883 | AL81: =AK81/AJ81 -> 55.1875 | AM81: =RANK(AL81, $AL$73:$AL$90) -> 16 | AO81: 16 | AP81: 1217 | AQ81: =AP81/AO81 -> 76.0625 | AR81: =RANK(AQ81, $AQ$73:$AQ$90) -> 13 | AT81: 14 | AU81: 979 | AV81: =AU81/AT81 -> 69.928571 | AW81: =RANK(AV81, $AV$73:$AV$90) -> 13
C82: 10 | D82: 奶油明太子細扁麵 | E82: =VLOOKUP(D82,'09產線配置圖'!$A$2:$C$30,2,0) -> 19 | F82: =VLOOKUP(D82,'09產線配置圖'!$A$2:$C$30,3,0) -> 1565 | G82: =F82/E82 -> 82.368421 | I82: =AVERAGE(P82,U82,Z82,AE82,AJ82,AO82,AT82) -> 15 | J82: =AVERAGE(Q82,V82,AA82,AF82,AK82,AP82,AU82) -> 999.85714 | K82: =AVERAGE(R82,W82,AB82,AG82,AL82,AQ82,AV82) -> 67.498171 | M82: =RANK(K82, $K$73:$K$90) -> 15 | P82: 16 | Q82: 1015 | R82: =Q82/P82 -> 63.4375 | S82: =RANK(R82, $R$73:$R$90) -> 15 | U82: 19 | V82: 991 | W82: =V82/U82 -> 52.157895 | X82: =RANK(W82, $W$73:$W$90) -> 16 | Z82: 15 | AA82: 1067 | AB82: =AA82/Z82 -> 71.133333 | AC82: =RANK(AB82, $AB$73:$AB$90) -> 12 | AE82: 12 | AF82: 889 | AG82: =AF82/AE82 -> 74.083333 | AH82: =RANK(AG82, $AG$73:$AG$90) -> 12 | AJ82: 14 | AK82: 1040 | AL82: =AK82/AJ82 -> 74.285714 | AM82: =RANK(AL82, $AL$73:$AL$90) -> 11 | AO82: 16 | AP82: 1125 | AQ82: =AP82/AO82 -> 70.3125 | AR82: =RANK(AQ82, $AQ$73:$AQ$90) -> 15 | AT82: 13 | AU82: 872 | AV82: =AU82/AT82 -> 67.076923 | AW82: =RANK(AV82, $AV$73:$AV$90) -> 15
C83: 11 | D83: 黑胡椒燻豬腿義大利麵 | E83: =VLOOKUP(D83,'09產線配置圖'!$A$2:$C$30,2,0) -> 18 | F83: =VLOOKUP(D83,'09產線配置圖'!$A$2:$C$30,3,0) -> 1500 | G83: =F83/E83 -> 83.333333 | I83: =AVERAGE(P83,U83,Z83,AE83,AJ83,AO83,AT83) -> 14.428571 | J83: =AVERAGE(Q83,V83,AA83,AF83,AK83,AP83,AU83) -> 1035 | K83: =AVERAGE(R83,W83,AB83,AG83,AL83,AQ83,AV83) -> 71.927219 | M83: =RANK(K83, $K$73:$K$90) -> 13 | P83: 16 | Q83: 1045 | R83: =Q83/P83 -> 65.3125 | S83: =RANK(R83, $R$73:$R$90) -> 14 | U83: 17 | V83: 1269 | W83: =V83/U83 -> 74.647059 | X83: =RANK(W83, $W$73:$W$90) -> 12 | Z83: 12 | AA83: 957 | AB83: =AA83/Z83 -> 79.75 | AC83: =RANK(AB83, $AB$73:$AB$90) -> 11 | AE83: 11 | AF83: 799 | AG83: =AF83/AE83 -> 72.636364 | AH83: =RANK(AG83, $AG$73:$AG$90) -> 13 | AJ83: 12 | AK83: 824 | AL83: =AK83/AJ83 -> 68.666667 | AM83: =RANK(AL83, $AL$73:$AL$90) -> 14 | AO83: 16 | AP83: 1138 | AQ83: =AP83/AO83 -> 71.125 | AR83: =RANK(AQ83, $AQ$73:$AQ$90) -> 14 | AT83: 17 | AU83: 1213 | AV83: =AU83/AT83 -> 71.352941 | AW83: =RANK(AV83, $AV$73:$AV$90) -> 12
C84: 12 | D84: 奶油蒜香雞義大利麵 | E84: =VLOOKUP(D84,'09產線配置圖'!$A$2:$C$30,2,0) -> 18 | F84: =VLOOKUP(D84,'09產線配置圖'!$A$2:$C$30,3,0) -> 1385 | G84: =F84/E84 -> 76.944444 | I84: =AVERAGE(P84,U84,Z84,AE84,AJ84,AO84,AT84) -> 16.428571 | J84: =AVERAGE(Q84,V84,AA84,AF84,AK84,AP84,AU84) -> 1124.5714 | K84: =AVERAGE(R84,W84,AB84,AG84,AL84,AQ84,AV84) -> 68.532381 | M84: =RANK(K84, $K$73:$K$90) -> 14 | P84: 16 | Q84: 1087 | R84: =Q84/P84 -> 67.9375 | S84: =RANK(R84, $R$73:$R$90) -> 13 | U84: 18 | V84: 1251 | W84: =V84/U84 -> 69.5 | X84: =RANK(W84, $W$73:$W$90) -> 14 | Z84: 17 | AA84: 1100 | AB84: =AA84/Z84 -> 64.705882 | AC84: =RANK(AB84, $AB$73:$AB$90) -> 14 | AE84: 15 | AF84: 1048 | AG84: =AF84/AE84 -> 69.866667 | AH84: =RANK(AG84, $AG$73:$AG$90) -> 16 | AJ84: 14 | AK84: 999 | AL84: =AK84/AJ84 -> 71.357143 | AM84: =RANK(AL84, $AL$73:$AL$90) -> 12 | AO84: 18 | AP84: 1240 | AQ84: =AP84/AO84 -> 68.888889 | AR84: =RANK(AQ84, $AQ$73:$AQ$90) -> 16 | AT84: 17 | AU84: 1147 | AV84: =AU84/AT84 -> 67.470588 | AW84: =RANK(AV84, $AV$73:$AV$90) -> 14
C85: 13 | D85: 青花椒麻雞肉拌麵 | E85: =VLOOKUP(D85,'09產線配置圖'!$A$2:$C$30,2,0) -> 17 | F85: =VLOOKUP(D85,'09產線配置圖'!$A$2:$C$30,3,0) -> 1565 | G85: =F85/E85 -> 92.058824 | I85: =AVERAGE(P85,U85,Z85,AE85,AJ85,AO85,AT85) -> 14.857143 | J85: =AVERAGE(Q85,V85,AA85,AF85,AK85,AP85,AU85) -> 1282 | K85: =AVERAGE(R85,W85,AB85,AG85,AL85,AQ85,AV85) -> 86.339286 | M85: =RANK(K85, $K$73:$K$90) -> 8 | P85: 16 | Q85: 1353 | R85: =Q85/P85 -> 84.5625 | S85: =RANK(R85, $R$73:$R$90) -> 11 | U85: 16 | V85: 1386 | W85: =V85/U85 -> 86.625 | X85: =RANK(W85, $W$73:$W$90) -> 10 | Z85: 14 | AA85: 1121 | AB85: =AA85/Z85 -> 80.071429 | AC85: =RANK(AB85, $AB$73:$AB$90) -> 10 | AE85: 14 | AF85: 1347 | AG85: =AF85/AE85 -> 96.214286 | AH85: =RANK(AG85, $AG$73:$AG$90) -> 7 | AJ85: 14 | AK85: 1119 | AL85: =AK85/AJ85 -> 79.928571 | AM85: =RANK(AL85, $AL$73:$AL$90) -> 9 | AO85: 16 | AP85: 1363 | AQ85: =AP85/AO85 -> 85.1875 | AR85: =RANK(AQ85, $AQ$73:$AQ$90) -> 11 | AT85: 14 | AU85: 1285 | AV85: =AU85/AT85 -> 91.785714 | AW85: =RANK(AV85, $AV$73:$AV$90) -> 9
C86: 14 | D86: 煙花女義大利麵 | E86: =VLOOKUP(D86,'09產線配置圖'!$A$2:$C$30,2,0) -> 17 | F86: =VLOOKUP(D86,'09產線配置圖'!$A$2:$C$30,3,0) -> 1636 | G86: =F86/E86 -> 96.235294 | I86: =AVERAGE(P86,U86,Z86,AE86,AJ86,AO86,AT86) -> 14.857143 | J86: =AVERAGE(Q86,V86,AA86,AF86,AK86,AP86,AU86) -> 1192.5714 | K86: =AVERAGE(R86,W86,AB86,AG86,AL86,AQ86,AV86) -> 80.227747 | M86: =RANK(K86, $K$73:$K$90) -> 11 | P86: 16 | Q86: 1494 | R86: =Q86/P86 -> 93.375 | S86: =RANK(R86, $R$73:$R$90) -> 7 | U86: 16 | V86: 1160 | W86: =V86/U86 -> 72.5 | X86: =RANK(W86, $W$73:$W$90) -> 13 | Z86: 15 | AA86: 935 | AB86: =AA86/Z86 -> 62.333333 | AC86: =RANK(AB86, $AB$73:$AB$90) -> 16 | AE86: 13 | AF86: 1020 | AG86: =AF86/AE86 -> 78.461538 | AH86: =RANK(AG86, $AG$73:$AG$90) -> 9 | AJ86: 15 | AK86: 1033 | AL86: =AK86/AJ86 -> 68.866667 | AM86: =RANK(AL86, $AL$73:$AL$90) -> 13 | AO86: 16 | AP86: 1532 | AQ86: =AP86/AO86 -> 95.75 | AR86: =RANK(AQ86, $AQ$73:$AQ$90) -> 7 | AT86: 13 | AU86: 1174 | AV86: =AU86/AT86 -> 90.307692 | AW86: =RANK(AV86, $AV$73:$AV$90) -> 10
C87: 15 | D87: 羊乳起司培根筆尖麵 | E87: =VLOOKUP(D87,'09產線配置圖'!$A$2:$C$30,2,0) -> 17 | F87: =VLOOKUP(D87,'09產線配置圖'!$A$2:$C$30,3,0) -> 1636 | G87: =F87/E87 -> 96.235294 | I87: =AVERAGE(P87,U87,Z87,AE87,AJ87,AO87,AT87) -> 16.857143 | J87: =AVERAGE(Q87,V87,AA87,AF87,AK87,AP87,AU87) -> 1452.5714 | K87: =AVERAGE(R87,W87,AB87,AG87,AL87,AQ87,AV87) -> 85.930252 | M87: =RANK(K87, $K$73:$K$90) -> 9 | P87: 17 | Q87: 1527 | R87: =Q87/P87 -> 89.823529 | S87: =RANK(R87, $R$73:$R$90) -> 8 | U87: 17 | V87: 1506 | W87: =V87/U87 -> 88.588235 | X87: =RANK(W87, $W$73:$W$90) -> 8 | Z87: 17 | AA87: 1507 | AB87: =AA87/Z87 -> 88.647059 | AC87: =RANK(AB87, $AB$73:$AB$90) -> 7 | AE87: 15 | AF87: 1084 | AG87: =AF87/AE87 -> 72.266667 | AH87: =RANK(AG87, $AG$73:$AG$90) -> 14 | AJ87: 17 | AK87: 1355 | AL87: =AK87/AJ87 -> 79.705882 | AM87: =RANK(AL87, $AL$73:$AL$90) -> 10 | AO87: 18 | AP87: 1563 | AQ87: =AP87/AO87 -> 86.833333 | AR87: =RANK(AQ87, $AQ$73:$AQ$90) -> 9 | AT87: 17 | AU87: 1626 | AV87: =AU87/AT87 -> 95.647059 | AW87: =RANK(AV87, $AV$73:$AV$90) -> 8
C88: 16 | D88: 韓式辣醬肉丸義大利麵 | E88: =VLOOKUP(D88,'09產線配置圖'!$A$2:$C$30,2,0) -> 16 | F88: =VLOOKUP(D88,'09產線配置圖'!$A$2:$C$30,3,0) -> 1800 | G88: =F88/E88 -> 112.5 | I88: =AVERAGE(P88,U88,Z88,AE88,AJ88,AO88,AT88) -> 16.285714 | J88: =AVERAGE(Q88,V88,AA88,AF88,AK88,AP88,AU88) -> 1581.1429 | K88: =AVERAGE(R88,W88,AB88,AG88,AL88,AQ88,AV88) -> 97.484494 | M88: =RANK(K88, $K$73:$K$90) -> 6 | P88: 16 | Q88: 1556 | R88: =Q88/P88 -> 97.25 | S88: =RANK(R88, $R$73:$R$90) -> 6 | U88: 17 | V88: 1731 | W88: =V88/U88 -> 101.82353 | X88: =RANK(W88, $W$73:$W$90) -> 4 | Z88: 18 | AA88: 1716 | AB88: =AA88/Z88 -> 95.333333 | AC88: =RANK(AB88, $AB$73:$AB$90) -> 6 | AE88: 17 | AF88: 1318 | AG88: =AF88/AE88 -> 77.529412 | AH88: =RANK(AG88, $AG$73:$AG$90) -> 11 | AJ88: 17 | AK88: 1645 | AL88: =AK88/AJ88 -> 96.764706 | AM88: =RANK(AL88, $AL$73:$AL$90) -> 6 | AO88: 15 | AP88: 1655 | AQ88: =AP88/AO88 -> 110.33333 | AR88: =RANK(AQ88, $AQ$73:$AQ$90) -> 4 | AT88: 14 | AU88: 1447 | AV88: =AU88/AT88 -> 103.35714 | AW88: =RANK(AV88, $AV$73:$AV$90) -> 7
C89: 17 | D89: 家傳炸醬麵 | E89: =VLOOKUP(D89,'09產線配置圖'!$A$2:$C$30,2,0) -> 18 | F89: =VLOOKUP(D89,'09產線配置圖'!$A$2:$C$30,3,0) -> 1636 | G89: =F89/E89 -> 90.888889 | I89: =AVERAGE(P89,U89,Z89,AE89,AJ89,AO89,AT89) -> 16.428571 | J89: =AVERAGE(Q89,V89,AA89,AF89,AK89,AP89,AU89) -> 1203.8571 | K89: =AVERAGE(R89,W89,AB89,AG89,AL89,AQ89,AV89) -> 73.414484 | M89: =RANK(K89, $K$73:$K$90) -> 12 | P89: 16 | Q89: 1142 | R89: =Q89/P89 -> 71.375 | S89: =RANK(R89, $R$73:$R$90) -> 12 | U89: 15 | V89: 1304 | W89: =V89/U89 -> 86.933333 | X89: =RANK(W89, $W$73:$W$90) -> 9 | Z89: 18 | AA89: 1124 | AB89: =AA89/Z89 -> 62.444444 | AC89: =RANK(AB89, $AB$73:$AB$90) -> 15 | AE89: 15 | AF89: 1169 | AG89: =AF89/AE89 -> 77.933333 | AH89: =RANK(AG89, $AG$73:$AG$90) -> 10 | AJ89: 15 | AK89: 1006 | AL89: =AK89/AJ89 -> 67.066667 | AM89: =RANK(AL89, $AL$73:$AL$90) -> 15 | AO89: 19 | AP89: 1553 | AQ89: =AP89/AO89 -> 81.736842 | AR89: =RANK(AQ89, $AQ$73:$AQ$90) -> 12 | AT89: 17 | AU89: 1129 | AV89: =AU89/AT89 -> 66.411765 | AW89: =RANK(AV89, $AV$73:$AV$90) -> 16
C90: 18
B91: 產線配置圖－每週更新 | N91: 資料繳交 | O91: 日期 | P91: 45923 | U91: 45924 | Z91: 45925 | AE91: 45926 | AJ91: 45927 | AO91: 45928 | AT91: 45929
P92: 二 | U92: 三 | Z92: 四 | AE92: 五 | AJ92: 六 | AO92: 日 | AT92: 一
B93: 品群 | C93: 商品名稱 | E93: 計畫 | H93: 平均人時性 | I93: 實績 | L93: 平均人時性 | M93: 排名 | O93: 日報 | P93: 實際 | T93: 平均人時性 | U93: 實際 | Y93: 平均人時性 | Z93: 實際 | AD93: 平均人時性 | AE93: 實際 | AI93: 平均人時性 | AJ93: 實際 | AN93: 平均人時性 | AO93: 實際 | AS93: 平均人時性 | AT93: 實際 | AX93: 平均人時性
E94: 產線配置圖 | I94: 產線配置圖 | P94: 生產實績 | U94: 生產實績 | Z94: 生產實績 | AE94: 生產實績 | AJ94: 生產實績 | AO94: 生產實績 | AT94: 生產實績
E95: 人數 | F95: 產能／時 | G95: 人時性 | I95: 人數 | J95: 產能／時 | K95: 人時性 | P95: 人數 | Q95: 產能／時 | R95: 人時性 | S95: 排名 | U95: 人數 | V95: 產能／時 | W95: 人時性 | X95: 排名 | Z95: 人數 | AA95: 產能／時 | AB95: 人時性 | AC95: 排名 | AE95: 人數 | AF95: 產能／時 | AG95: 人時性 | AH95: 排名 | AJ95: 人數 | AK95: 產能／時 | AL95: 人時性 | AM95: 排名 | AO95: 人數 | AP95: 產能／時 | AQ95: 人時性 | AR95: 排名 | AT95: 人數 | AU95: 產能／時 | AV95: 人時性 | AW95: 排名
B96: 熱食義麵 | C96: 1 | D96: 義式蕃茄起司義大利麵 | E96: =VLOOKUP(D96,'09產線配置圖'!$A$2:$C$30,2,0) -> 12 | F96: =VLOOKUP(D96,'09產線配置圖'!$A$2:$C$30,3,0) -> 2000 | G96: 166.66667 | H96: =AVERAGE(G96:G110) -> 107.65416 | I96: =AVERAGE(P96,U96,Z96,AE96,AJ96,AO96,AT96) -> 12 | J96: =AVERAGE(Q96,V96,AA96,AF96,AK96,AP96,AU96) -> 1746.4286 | K96: =AVERAGE(R96,W96,AB96,AG96,AL96,AQ96,AV96) -> 145.53571 | L96: =IFERROR(AVERAGE(K96:K113),"-") -> 94.506625 | M96: =RANK(K96, K$96:$K$113) -> 1 | P96: 12 | Q96: 1795 | R96: =Q96/P96 -> 149.58333 | S96: =RANK(R96,$R$96:$R$113) -> 1 | T96: =AVERAGE(R96:R113) -> 93.820556 | U96: 12 | V96: 1681 | W96: =V96/U96 -> 140.08333 | X96: =RANK(W96,$W$96:$W$113) -> 1 | Y96: =AVERAGE(W96:W113) -> 94.518336 | Z96: 12 | AA96: 1878 | AB96: =AA96/Z96 -> 156.5 | AC96: =RANK(AB96, $AB$96:$AB$113) -> 1 | AD96: =AVERAGE(AB96:AB113) -> 97.988879 | AE96: 12 | AF96: 1832 | AG96: =AF96/AE96 -> 152.66667 | AH96: =RANK(AG96,$AG$96:$AG$113) -> 1 | AI96: =AVERAGE(AG96:AG113) -> 93.818539 | AJ96: 12 | AK96: 1698 | AL96: =AK96/AJ96 -> 141.5 | AM96: =RANK(AL96,$AL$96:$AL$113) -> 1 | AN96: =AVERAGE(AL96:AL113) -> 92.920218 | AO96: 12 | AP96: 1823 | AQ96: =AP96/AO96 -> 151.91667 | AR96: =RANK(AQ96,$AQ$96:$AQ$113) -> 1 | AS96: =AVERAGE(AQ96:AQ113) -> 94.057389 | AT96: 12 | AU96: 1518 | AV96: =AU96/AT96 -> 126.5 | AW96: =RANK(AV96,$AV$96:$AV$113) -> 3 | AX96: =AVERAGE(AV96:AV113) -> 95.876379
C97: 2 | D97: 奶油培根義大利麵 | E97: =VLOOKUP(D97,'09產線配置圖'!$A$2:$C$30,2,0) -> 13 | F97: =VLOOKUP(D97,'09產線配置圖'!$A$2:$C$30,3,0) -> 2000 | G97: 153.84615 | I97: =AVERAGE(P97,U97,Z97,AE97,AJ97,AO97,AT97) -> 13 | J97: =AVERAGE(Q97,V97,AA97,AF97,AK97,AP97,AU97) -> 1780.2857 | K97: =AVERAGE(R97,W97,AB97,AG97,AL97,AQ97,AV97) -> 136.94505 | M97: =RANK(K97, K$96:$K$113) -> 2 | P97: 13 | Q97: 1808 | R97: =Q97/P97 -> 139.07692 | S97: =RANK(R97,$R$96:$R$113) -> 2 | U97: 13 | V97: 1696 | W97: =V97/U97 -> 130.46154 | X97: =RANK(W97,$W$96:$W$113) -> 2 | Z97: 13 | AA97: 1790 | AB97: =AA97/Z97 -> 137.69231 | AC97: =RANK(AB97, $AB$96:$AB$113) -> 2 | AE97: 13 | AF97: 1737 | AG97: =AF97/AE97 -> 133.61538 | AH97: =RANK(AG97,$AG$96:$AG$113) -> 2 | AJ97: 13 | AK97: 1698 | AL97: =AK97/AJ97 -> 130.61538 | AM97: =RANK(AL97,$AL$96:$AL$113) -> 2 | AO97: 13 | AP97: 1868 | AQ97: =AP97/AO97 -> 143.69231 | AR97: =RANK(AQ97,$AQ$96:$AQ$113) -> 2 | AT97: 13 | AU97: 1865 | AV97: =AU97/AT97 -> 143.46154 | AW97: =RANK(AV97,$AV$96:$AV$113) -> 1
C98: 3 | D98: 熱那亞青醬義大利麵 | E98: =VLOOKUP(D98,'09產線配置圖'!$A$2:$C$30,2,0) -> 16 | F98: =VLOOKUP(D98,'09產線配置圖'!$A$2:$C$30,3,0) -> 1915 | G98: 119.6875 | I98: =AVERAGE(P98,U98,Z98,AE98,AJ98,AO98,AT98) -> 16 | J98: =AVERAGE(Q98,V98,AA98,AF98,AK98,AP98,AU98) -> 1665.1429 | K98: =AVERAGE(R98,W98,AB98,AG98,AL98,AQ98,AV98) -> 104.07143 | M98: =RANK(K98, K$96:$K$113) -> 5 | P98: 16 | Q98: 1622 | R98: =Q98/P98 -> 101.375 | S98: =RANK(R98,$R$96:$R$113) -> 6 | U98: 16 | V98: 1659 | W98: =V98/U98 -> 103.6875 | X98: =RANK(W98,$W$96:$W$113) -> 5 | Z98: 16 | AA98: 1735 | AB98: =AA98/Z98 -> 108.4375 | AC98: =RANK(AB98, $AB$96:$AB$113) -> 5 | AE98: 16 | AF98: 1685 | AG98: =AF98/AE98 -> 105.3125 | AH98: =RANK(AG98,$AG$96:$AG$113) -> 5 | AJ98: 16 | AK98: 1601 | AL98: =AK98/AJ98 -> 100.0625 | AM98: =RANK(AL98,$AL$96:$AL$113) -> 5 | AO98: 16 | AP98: 1691 | AQ98: =AP98/AO98 -> 105.6875 | AR98: =RANK(AQ98,$AQ$96:$AQ$113) -> 5 | AT98: 16 | AU98: 1663 | AV98: =AU98/AT98 -> 103.9375 | AW98: =RANK(AV98,$AV$96:$AV$113) -> 5
A99: 18 | C99: 4 | D99: 焗烤起司雙饗筆尖麵 | E99: =VLOOKUP(D99,'09產線配置圖'!$A$2:$C$30,2,0) -> 18 | F99: =VLOOKUP(D99,'09產線配置圖'!$A$2:$C$30,3,0) -> 1565 | G99: 86.944444 | I99: =AVERAGE(P99,U99,Z99,AE99,AJ99,AO99,AT99) -> 18 | J99: =AVERAGE(Q99,V99,AA99,AF99,AK99,AP99,AU99) -> 1510 | K99: =AVERAGE(R99,W99,AB99,AG99,AL99,AQ99,AV99) -> 83.888889 | M99: =RANK(K99, K$96:$K$113) -> 9 | P99: 18 | Q99: 1540 | R99: =Q99/P99 -> 85.555556 | S99: =RANK(R99,$R$96:$R$113) -> 9 | U99: 18 | V99: 1472 | W99: =V99/U99 -> 81.777778 | X99: =RANK(W99,$W$96:$W$113) -> 12 | Z99: 18 | AA99: 1531 | AB99: =AA99/Z99 -> 85.055556 | AC99: =RANK(AB99, $AB$96:$AB$113) -> 12 | AE99: 18 | AF99: 1411 | AG99: =AF99/AE99 -> 78.388889 | AH99: =RANK(AG99,$AG$96:$AG$113) -> 11 | AJ99: 18 | AK99: 1516 | AL99: =AK99/AJ99 -> 84.222222 | AM99: =RANK(AL99,$AL$96:$AL$113) -> 10 | AO99: 18 | AP99: 1565 | AQ99: =AP99/AO99 -> 86.944444 | AR99: =RANK(AQ99,$AQ$96:$AQ$113) -> 8 | AT99: 18 | AU99: 1535 | AV99: =AU99/AT99 -> 85.277778 | AW99: =RANK(AV99,$AV$96:$AV$113) -> 9
C100: 5 | D100: 白酒蛤蜊義大利麵 | E100: =VLOOKUP(D100,'09產線配置圖'!$A$2:$C$30,2,0) -> 13 | F100: =VLOOKUP(D100,'09產線配置圖'!$A$2:$C$30,3,0) -> 2000 | G100: 153.84615 | I100: =AVERAGE(P100,U100,Z100,AE100,AJ100,AO100,AT100) -> 14.642857 | J100: =AVERAGE(Q100,V100,AA100,AF100,AK100,AP100,AU100) -> 1434.4286 | K100: =AVERAGE(R100,W100,AB100,AG100,AL100,AQ100,AV100) -> 98.23073 | M100: =RANK(K100, K$96:$K$113) -> 7 | P100: 14.5 | Q100: 1527 | R100: =Q100/P100 -> 105.31034 | S100: =RANK(R100,$R$96:$R$113) -> 5 | U100: 15 | V100: 1257 | W100: =V100/U100 -> 83.8 | X100: =RANK(W100,$W$96:$W$113) -> 10 | Z100: 14 | AA100: 1594 | AB100: =AA100/Z100 -> 113.85714 | AC100: =RANK(AB100, $AB$96:$AB$113) -> 3 | AE100: 14 | AF100: 1494 | AG100: =AF100/AE100 -> 106.71429 | AH100: =RANK(AG100,$AG$96:$AG$113) -> 4 | AJ100: 15 | AK100: 1361 | AL100: =AK100/AJ100 -> 90.733333 | AM100: =RANK(AL100,$AL$96:$AL$113) -> 7 | AO100: 15 | AP100: 1399 | AQ100: =AP100/AO100 -> 93.266667 | AR100: =RANK(AQ100,$AQ$96:$AQ$113) -> 7 | AT100: 15 | AU100: 1409 | AV100: =AU100/AT100 -> 93.933333 | AW100: =RANK(AV100,$AV$96:$AV$113) -> 7
...

Sheet （５-2）品群別人時生產性(季節調理麵) 
B1: 月平均人時性 | C1: =AVERAGE(L7,L27,L47,L67,L87) -> #DIV/0!
B2: 產線配置圖－每週更新 | N2: 資料繳交 | O2: 日期 | AE2: 45870 | AJ2: 45871 | AO2: 45872 | AT2: 45873
P3: 二 | U3: 三 | Z3: 四 | AE3: 五 | AJ3: 六 | AO3: 日 | AT3: 一
B4: 品群 | C4: 商品名稱 | E4: 計畫 | H4: 平均人時性 | I4: 實績 | L4: 平均人時性 | M4: 排名 | O4: 日報 | P4: 實際 | T4: 平均人時性 | U4: 實際 | Y4: 平均人時性 | Z4: 實際 | AD4: 平均人時性 | AE4: 實際 | AI4: 平均人時性 | AJ4: 實際 | AN4: 平均人時性 | AO4: 實際 | AS4: 平均人時性 | AT4: 實際 | AX4: 平均人時性
E5: 產線配置圖 | I5: 產線配置圖 | P5: 生產實績 | U5: 生產實績 | Z5: 生產實績 | AE5: 生產實績 | AJ5: 生產實績 | AO5: 生產實績 | AT5: 生產實績
E6: 人數 | F6: 產能／時 | G6: 人時性 | I6: 人數 | J6: 產能／時 | K6: 人時性 | P6: 人數 | Q6: 產能／時 | R6: 人時性 | S6: 排名 | U6: 人數 | V6: 產能／時 | W6: 人時性 | X6: 排名 | Z6: 人數 | AA6: 產能／時 | AB6: 人時性 | AC6: 排名 | AE6: 人數 | AF6: 產能／時 | AG6: 人時性 | AH6: 排名 | AJ6: 人數 | AK6: 產能／時 | AL6: 人時性 | AM6: 排名 | AO6: 人數 | AP6: 產能／時 | AQ6: 人時性 | AR6: 排名 | AT6: 人數 | AU6: 產能／時 | AV6: 人時性 | AW6: 排名
B7: 熱食調理麵 | C7: 1 | H7: =AVERAGE(G7:G21) -> #DIV/0! | I7: =AVERAGE(P7,U7,Z7,AE7,AJ7,AO7,AT7) -> #DIV/0! | J7: =AVERAGE(Q7,V7,AA7,AF7,AK7,AP7,AU7) -> #DIV/0! | K7: =AVERAGE(R7,W7,AB7,AG7,AL7,AQ7,AV7) -> #DIV/0! | L7: =AVERAGE(K7:K21) -> #DIV/0! | M7: =RANK(K7, K$7:$K$21) -> #DIV/0! | S7: =RANK(R7, R$7:R$21) -> #N/A | T7: =AVERAGE(R7:R21) -> #DIV/0! | X7: =RANK(W7, W$7:W$21) -> #N/A | Y7: =AVERAGE(W7:W21) -> #DIV/0! | AC7: =RANK(AB7, AB$7:AB$21) -> #N/A | AD7: =AVERAGE(AB7:AB21) -> #DIV/0! | AH7: =RANK(AG7, AG$7:AG$21) -> #N/A | AI7: =AVERAGE(AG7:AG21) -> #DIV/0! | AM7: =RANK(AL7, AL$7:AL$21) -> #N/A | AN7: =AVERAGE(AL7:AL21) -> #DIV/0! | AR7: =RANK(AQ7, AQ$7:AQ$21) -> #N/A | AS7: =AVERAGE(AQ7:AQ21) -> #DIV/0! | AW7: =RANK(AV7, AV$7:AV$21) -> #N/A | AX7: =AVERAGE(AV7:AV21) -> #DIV/0!
C8: 2 | I8: =AVERAGE(P8,U8,Z8,AE8,AJ8,AO8,AT8) -> #DIV/0! | J8: =AVERAGE(Q8,V8,AA8,AF8,AK8,AP8,AU8) -> #DIV/0! | K8: =AVERAGE(R8,W8,AB8,AG8,AL8,AQ8,AV8) -> #DIV/0! | M8: =RANK(K8, K$7:$K$21) -> #DIV/0! | S8: =RANK(R8, R$7:R$21) -> #N/A | X8: =RANK(W8, W$7:W$21) -> #N/A | AC8: =RANK(AB8, AB$7:AB$21) -> #N/A | AH8: =RANK(AG8, AG$7:AG$21) -> #N/A | AM8: =RANK(AL8, AL$7:AL$21) -> #N/A | AR8: =RANK(AQ8, AQ$7:AQ$21) -> #N/A | AW8: =RANK(AV8, AV$7:AV$21) -> #N/A
C9: 3 | I9: =AVERAGE(P9,U9,Z9,AE9,AJ9,AO9,AT9) -> #DIV/0! | J9: =AVERAGE(Q9,V9,AA9,AF9,AK9,AP9,AU9) -> #DIV/0! | K9: =AVERAGE(R9,W9,AB9,AG9,AL9,AQ9,AV9) -> #DIV/0! | M9: =RANK(K9, K$7:$K$21) -> #DIV/0! | S9: =RANK(R9, R$7:R$21) -> #N/A | X9: =RANK(W9, W$7:W$21) -> #N/A | AC9: =RANK(AB9, AB$7:AB$21) -> #N/A | AH9: =RANK(AG9, AG$7:AG$21) -> #N/A | AM9: =RANK(AL9, AL$7:AL$21) -> #N/A | AR9: =RANK(AQ9, AQ$7:AQ$21) -> #N/A | AW9: =RANK(AV9, AV$7:AV$21) -> #N/A
C10: 4 | I10: =AVERAGE(P10,U10,Z10,AE10,AJ10,AO10,AT10) -> #DIV/0! | J10: =AVERAGE(Q10,V10,AA10,AF10,AK10,AP10,AU10) -> #DIV/0! | K10: =AVERAGE(R10,W10,AB10,AG10,AL10,AQ10,AV10) -> #DIV/0! | M10: =RANK(K10, K$7:$K$21) -> #DIV/0! | S10: =RANK(R10, R$7:R$21) -> #N/A | X10: =RANK(W10, W$7:W$21) -> #N/A | AC10: =RANK(AB10, AB$7:AB$21) -> #N/A | AH10: =RANK(AG10, AG$7:AG$21) -> #N/A | AM10: =RANK(AL10, AL$7:AL$21) -> #N/A | AR10: =RANK(AQ10, AQ$7:AQ$21) -> #N/A | AW10: =RANK(AV10, AV$7:AV$21) -> #N/A
C11: 5 | I11: =AVERAGE(P11,U11,Z11,AE11,AJ11,AO11,AT11) -> #DIV/0! | J11: =AVERAGE(Q11,V11,AA11,AF11,AK11,AP11,AU11) -> #DIV/0! | K11: =AVERAGE(R11,W11,AB11,AG11,AL11,AQ11,AV11) -> #DIV/0! | M11: =RANK(K11, K$7:$K$21) -> #DIV/0! | S11: =RANK(R11, R$7:R$21) -> #N/A | X11: =RANK(W11, W$7:W$21) -> #N/A | AC11: =RANK(AB11, AB$7:AB$21) -> #N/A | AH11: =RANK(AG11, AG$7:AG$21) -> #N/A | AM11: =RANK(AL11, AL$7:AL$21) -> #N/A | AR11: =RANK(AQ11, AQ$7:AQ$21) -> #N/A | AW11: =RANK(AV11, AV$7:AV$21) -> #N/A
C12: 6 | I12: =AVERAGE(P12,U12,Z12,AE12,AJ12,AO12,AT12) -> #DIV/0! | J12: =AVERAGE(Q12,V12,AA12,AF12,AK12,AP12,AU12) -> #DIV/0! | K12: =AVERAGE(R12,W12,AB12,AG12,AL12,AQ12,AV12) -> #DIV/0! | M12: =RANK(K12, K$7:$K$21) -> #DIV/0! | S12: =RANK(R12, R$7:R$21) -> #N/A | X12: =RANK(W12, W$7:W$21) -> #N/A | AC12: =RANK(AB12, AB$7:AB$21) -> #N/A | AH12: =RANK(AG12, AG$7:AG$21) -> #N/A | AM12: =RANK(AL12, AL$7:AL$21) -> #N/A | AR12: =RANK(AQ12, AQ$7:AQ$21) -> #N/A | AW12: =RANK(AV12, AV$7:AV$21) -> #N/A
C13: 7 | I13: =AVERAGE(P13,U13,Z13,AE13,AJ13,AO13,AT13) -> #DIV/0! | J13: =AVERAGE(Q13,V13,AA13,AF13,AK13,AP13,AU13) -> #DIV/0! | K13: =AVERAGE(R13,W13,AB13,AG13,AL13,AQ13,AV13) -> #DIV/0! | M13: =RANK(K13, K$7:$K$21) -> #DIV/0! | S13: =RANK(R13, R$7:R$21) -> #N/A | X13: =RANK(W13, W$7:W$21) -> #N/A | AC13: =RANK(AB13, AB$7:AB$21) -> #N/A | AH13: =RANK(AG13, AG$7:AG$21) -> #N/A | AM13: =RANK(AL13, AL$7:AL$21) -> #N/A | AR13: =RANK(AQ13, AQ$7:AQ$21) -> #N/A | AW13: =RANK(AV13, AV$7:AV$21) -> #N/A
C14: 8 | I14: =AVERAGE(P14,U14,Z14,AE14,AJ14,AO14,AT14) -> #DIV/0! | J14: =AVERAGE(Q14,V14,AA14,AF14,AK14,AP14,AU14) -> #DIV/0! | K14: =AVERAGE(R14,W14,AB14,AG14,AL14,AQ14,AV14) -> #DIV/0! | M14: =RANK(K14, K$7:$K$21) -> #DIV/0! | S14: =RANK(R14, R$7:R$21) -> #N/A | X14: =RANK(W14, W$7:W$21) -> #N/A | AC14: =RANK(AB14, AB$7:AB$21) -> #N/A | AH14: =RANK(AG14, AG$7:AG$21) -> #N/A | AM14: =RANK(AL14, AL$7:AL$21) -> #N/A | AR14: =RANK(AQ14, AQ$7:AQ$21) -> #N/A | AW14: =RANK(AV14, AV$7:AV$21) -> #N/A
C15: 9 | I15: =AVERAGE(P15,U15,Z15,AE15,AJ15,AO15,AT15) -> #DIV/0! | J15: =AVERAGE(Q15,V15,AA15,AF15,AK15,AP15,AU15) -> #DIV/0! | K15: =AVERAGE(R15,W15,AB15,AG15,AL15,AQ15,AV15) -> #DIV/0! | M15: =RANK(K15, K$7:$K$21) -> #DIV/0! | S15: =RANK(R15, R$7:R$21) -> #N/A | X15: =RANK(W15, W$7:W$21) -> #N/A | AC15: =RANK(AB15, AB$7:AB$21) -> #N/A | AH15: =RANK(AG15, AG$7:AG$21) -> #N/A | AM15: =RANK(AL15, AL$7:AL$21) -> #N/A | AR15: =RANK(AQ15, AQ$7:AQ$21) -> #N/A | AW15: =RANK(AV15, AV$7:AV$21) -> #N/A
C16: 10 | I16: =AVERAGE(P16,U16,Z16,AE16,AJ16,AO16,AT16) -> #DIV/0! | J16: =AVERAGE(Q16,V16,AA16,AF16,AK16,AP16,AU16) -> #DIV/0! | K16: =AVERAGE(R16,W16,AB16,AG16,AL16,AQ16,AV16) -> #DIV/0! | M16: =RANK(K16, K$7:$K$21) -> #DIV/0! | S16: =RANK(R16, R$7:R$21) -> #N/A | X16: =RANK(W16, W$7:W$21) -> #N/A | AC16: =RANK(AB16, AB$7:AB$21) -> #N/A | AH16: =RANK(AG16, AG$7:AG$21) -> #N/A | AM16: =RANK(AL16, AL$7:AL$21) -> #N/A | AR16: =RANK(AQ16, AQ$7:AQ$21) -> #N/A | AW16: =RANK(AV16, AV$7:AV$21) -> #N/A
C17: 11 | M17: =RANK(K17, K$7:$K$21) -> #DIV/0! | S17: =RANK(R17, R$7:R$21) -> #N/A | X17: =RANK(W17, W$7:W$21) -> #N/A | AC17: =RANK(AB17, AB$7:AB$21) -> #N/A | AH17: =RANK(AG17, AG$7:AG$21) -> #N/A | AM17: =RANK(AL17, AL$7:AL$21) -> #N/A | AR17: =RANK(AQ17, AQ$7:AQ$21) -> #N/A | AW17: =RANK(AV17, AV$7:AV$21) -> #N/A
C18: 12 | M18: =RANK(K18, K$7:$K$21) -> #DIV/0! | S18: =RANK(R18, R$7:R$21) -> #N/A | X18: =RANK(W18, W$7:W$21) -> #N/A | AC18: =RANK(AB18, AB$7:AB$21) -> #N/A | AH18: =RANK(AG18, AG$7:AG$21) -> #N/A | AM18: =RANK(AL18, AL$7:AL$21) -> #N/A | AR18: =RANK(AQ18, AQ$7:AQ$21) -> #N/A | AW18: =RANK(AV18, AV$7:AV$21) -> #N/A
C19: 13 | M19: =RANK(K19, K$7:$K$21) -> #DIV/0! | S19: =RANK(R19, R$7:R$21) -> #N/A | X19: =RANK(W19, W$7:W$21) -> #N/A | AC19: =RANK(AB19, AB$7:AB$21) -> #N/A | AH19: =RANK(AG19, AG$7:AG$21) -> #N/A | AM19: =RANK(AL19, AL$7:AL$21) -> #N/A | AR19: =RANK(AQ19, AQ$7:AQ$21) -> #N/A | AW19: =RANK(AV19, AV$7:AV$21) -> #N/A
C20: 14 | M20: =RANK(K20, K$7:$K$21) -> #DIV/0! | S20: =RANK(R20, R$7:R$21) -> #N/A | X20: =RANK(W20, W$7:W$21) -> #N/A | AC20: =RANK(AB20, AB$7:AB$21) -> #N/A | AH20: =RANK(AG20, AG$7:AG$21) -> #N/A | AM20: =RANK(AL20, AL$7:AL$21) -> #N/A | AR20: =RANK(AQ20, AQ$7:AQ$21) -> #N/A | AW20: =RANK(AV20, AV$7:AV$21) -> #N/A
C21: 15 | M21: =RANK(K21, K$7:$K$21) -> #DIV/0! | S21: =RANK(R21, R$7:R$21) -> #N/A | X21: =RANK(W21, W$7:W$21) -> #N/A | AC21: =RANK(AB21, AB$7:AB$21) -> #N/A | AH21: =RANK(AG21, AG$7:AG$21) -> #N/A | AM21: =RANK(AL21, AL$7:AL$21) -> #N/A | AR21: =RANK(AQ21, AQ$7:AQ$21) -> #N/A | AW21: =RANK(AV21, AV$7:AV$21) -> #N/A
B22: 產線配置圖－每週更新 | N22: 資料繳交 | O22: 日期 | P22: 45874 | U22: 45875 | Z22: 45876 | AE22: 45877 | AJ22: 45878 | AO22: 45879 | AT22: 45880
P23: 二 | U23: 三 | Z23: 四 | AE23: 五 | AJ23: 六 | AO23: 日 | AT23: 一
B24: 品群 | C24: 商品名稱 | E24: 計畫 | H24: 平均人時性 | I24: 實績 | L24: 平均人時性 | M24: 排名 | O24: 日報 | P24: 實際 | T24: 平均人時性 | U24: 實際 | Y24: 平均人時性 | Z24: 實際 | AD24: 平均人時性 | AE24: 實際 | AI24: 平均人時性 | AJ24: 實際 | AN24: 平均人時性 | AO24: 實際 | AS24: 平均人時性 | AT24: 實際 | AX24: 平均人時性
E25: 產線配置圖 | I25: 產線配置圖 | P25: 生產實績 | U25: 生產實績 | Z25: 生產實績 | AE25: 生產實績 | AJ25: 生產實績 | AO25: 生產實績 | AT25: 生產實績
E26: 人數 | F26: 產能／時 | G26: 人時性 | I26: 人數 | J26: 產能／時 | K26: 人時性 | P26: 人數 | Q26: 產能／時 | R26: 人時性 | S26: 排名 | U26: 人數 | V26: 產能／時 | W26: 人時性 | X26: 排名 | Z26: 人數 | AA26: 產能／時 | AB26: 人時性 | AC26: 排名 | AE26: 人數 | AF26: 產能／時 | AG26: 人時性 | AH26: 排名 | AJ26: 人數 | AK26: 產能／時 | AL26: 人時性 | AM26: 排名 | AO26: 人數 | AP26: 產能／時 | AQ26: 人時性 | AR26: 排名 | AT26: 人數 | AU26: 產能／時 | AV26: 人時性 | AW26: 排名
B27: 季節調理麵 | C27: 1 | H27: =AVERAGE(G27:G41) -> #DIV/0! | I27: =AVERAGE(P27,U27,Z27,AE27,AJ27,AO27,AT27) -> #DIV/0! | J27: =AVERAGE(Q27,V27,AA27,AF27,AK27,AP27,AU27) -> #DIV/0! | K27: =AVERAGE(R27,W27,AB27,AG27,AL27,AQ27,AV27) -> #DIV/0! | L27: =AVERAGE(K27:K41) -> #DIV/0! | M27: =RANK(K27, K$27:$K$41) -> #DIV/0! | T27: =AVERAGE(R27:R41) -> #DIV/0! | Y27: =AVERAGE(W27:W41) -> #DIV/0! | AD27: =AVERAGE(AB27:AB41) -> #DIV/0! | AI27: =AVERAGE(AG27:AG41) -> #DIV/0! | AN27: =AVERAGE(AL27:AL41) -> #DIV/0! | AS27: =AVERAGE(AQ27:AQ41) -> #DIV/0! | AX27: =AVERAGE(AV27:AV41) -> #DIV/0!
C28: 2 | I28: =AVERAGE(P28,U28,Z28,AE28,AJ28,AO28,AT28) -> #DIV/0! | J28: =AVERAGE(Q28,V28,AA28,AF28,AK28,AP28,AU28) -> #DIV/0! | K28: =AVERAGE(R28,W28,AB28,AG28,AL28,AQ28,AV28) -> #DIV/0! | M28: =RANK(K28, K$27:$K$41) -> #DIV/0!
C29: 3 | I29: =AVERAGE(P29,U29,Z29,AE29,AJ29,AO29,AT29) -> #DIV/0! | J29: =AVERAGE(Q29,V29,AA29,AF29,AK29,AP29,AU29) -> #DIV/0! | K29: =AVERAGE(R29,W29,AB29,AG29,AL29,AQ29,AV29) -> #DIV/0! | M29: =RANK(K29, K$27:$K$41) -> #DIV/0!
C30: 4 | I30: =AVERAGE(P30,U30,Z30,AE30,AJ30,AO30,AT30) -> #DIV/0! | J30: =AVERAGE(Q30,V30,AA30,AF30,AK30,AP30,AU30) -> #DIV/0! | K30: =AVERAGE(R30,W30,AB30,AG30,AL30,AQ30,AV30) -> #DIV/0! | M30: =RANK(K30, K$27:$K$41) -> #DIV/0!
C31: 5 | I31: =AVERAGE(P31,U31,Z31,AE31,AJ31,AO31,AT31) -> #DIV/0! | J31: =AVERAGE(Q31,V31,AA31,AF31,AK31,AP31,AU31) -> #DIV/0! | K31: =AVERAGE(R31,W31,AB31,AG31,AL31,AQ31,AV31) -> #DIV/0! | M31: =RANK(K31, K$27:$K$41) -> #DIV/0!
C32: 6 | I32: =AVERAGE(P32,U32,Z32,AE32,AJ32,AO32,AT32) -> #DIV/0! | J32: =AVERAGE(Q32,V32,AA32,AF32,AK32,AP32,AU32) -> #DIV/0! | K32: =AVERAGE(R32,W32,AB32,AG32,AL32,AQ32,AV32) -> #DIV/0! | M32: =RANK(K32, K$27:$K$41) -> #DIV/0!
C33: 7 | I33: =AVERAGE(P33,U33,Z33,AE33,AJ33,AO33,AT33) -> #DIV/0! | J33: =AVERAGE(Q33,V33,AA33,AF33,AK33,AP33,AU33) -> #DIV/0! | K33: =AVERAGE(R33,W33,AB33,AG33,AL33,AQ33,AV33) -> #DIV/0! | M33: =RANK(K33, K$27:$K$41) -> #DIV/0!
C34: 8 | I34: =AVERAGE(P34,U34,Z34,AE34,AJ34,AO34,AT34) -> #DIV/0! | J34: =AVERAGE(Q34,V34,AA34,AF34,AK34,AP34,AU34) -> #DIV/0! | K34: =AVERAGE(R34,W34,AB34,AG34,AL34,AQ34,AV34) -> #DIV/0! | M34: =RANK(K34, K$27:$K$41) -> #DIV/0!
C35: 9 | I35: =AVERAGE(P35,U35,Z35,AE35,AJ35,AO35,AT35) -> #DIV/0! | J35: =AVERAGE(Q35,V35,AA35,AF35,AK35,AP35,AU35) -> #DIV/0! | K35: =AVERAGE(R35,W35,AB35,AG35,AL35,AQ35,AV35) -> #DIV/0! | M35: =RANK(K35, K$27:$K$41) -> #DIV/0!
C36: 10 | I36: =AVERAGE(P36,U36,Z36,AE36,AJ36,AO36,AT36) -> #DIV/0! | J36: =AVERAGE(Q36,V36,AA36,AF36,AK36,AP36,AU36) -> #DIV/0! | K36: =AVERAGE(R36,W36,AB36,AG36,AL36,AQ36,AV36) -> #DIV/0! | M36: =RANK(K36, K$27:$K$41) -> #DIV/0!
C37: 11 | M37: =RANK(K37, K$27:$K$41) -> #DIV/0!
C38: 12 | M38: =RANK(K38, K$27:$K$41) -> #DIV/0!
C39: 13 | M39: =RANK(K39, K$27:$K$41) -> #DIV/0!
C40: 14 | M40: =RANK(K40, K$27:$K$41) -> #DIV/0!
C41: 15 | M41: =RANK(K41, K$27:$K$41) -> #DIV/0!
B42: 產線配置圖－每週更新 | N42: 資料繳交 | O42: 日期 | P42: 45881 | U42: 45882 | Z42: 45883 | AE42: 45884 | AJ42: 45885 | AO42: 45886 | AT42: 45887
P43: 二 | U43: 三 | Z43: 四 | AE43: 五 | AJ43: 六 | AO43: 日 | AT43: 一
B44: 品群 | C44: 商品名稱 | E44: 計畫 | H44: 平均人時性 | I44: 實績 | L44: 平均人時性 | M44: 排名 | O44: 日報 | P44: 實際 | T44: 平均人時性 | U44: 實際 | Y44: 平均人時性 | Z44: 實際 | AD44: 平均人時性 | AE44: 實際 | AI44: 平均人時性 | AJ44: 實際 | AN44: 平均人時性 | AO44: 實際 | AS44: 平均人時性 | AT44: 實際 | AX44: 平均人時性
E45: 產線配置圖 | I45: 產線配置圖 | P45: 生產實績 | U45: 生產實績 | Z45: 生產實績 | AE45: 生產實績 | AJ45: 生產實績 | AO45: 生產實績 | AT45: 生產實績
E46: 人數 | F46: 產能／時 | G46: 人時性 | I46: 人數 | J46: 產能／時 | K46: 人時性 | P46: 人數 | Q46: 產能／時 | R46: 人時性 | S46: 排名 | U46: 人數 | V46: 產能／時 | W46: 人時性 | X46: 排名 | Z46: 人數 | AA46: 產能／時 | AB46: 人時性 | AC46: 排名 | AE46: 人數 | AF46: 產能／時 | AG46: 人時性 | AH46: 排名 | AJ46: 人數 | AK46: 產能／時 | AL46: 人時性 | AM46: 排名 | AO46: 人數 | AP46: 產能／時 | AQ46: 人時性 | AR46: 排名 | AT46: 人數 | AU46: 產能／時 | AV46: 人時性 | AW46: 排名
B47: 季節調理麵 | C47: 1 | H47: =AVERAGE(G47:G61) -> #DIV/0! | I47: =AVERAGE(P47,U47,Z47,AE47,AJ47,AO47,AT47) -> #DIV/0! | J47: =AVERAGE(Q47,V47,AA47,AF47,AK47,AP47,AU47) -> #DIV/0! | K47: =AVERAGE(R47,W47,AB47,AG47,AL47,AQ47,AV47) -> #DIV/0! | L47: =AVERAGE(K47:K61) -> #DIV/0! | M47: =RANK(K47, K$47:$K$61) -> #DIV/0! | T47: =AVERAGE(R47:R61) -> #DIV/0! | Y47: =AVERAGE(W47:W61) -> #DIV/0! | AD47: =AVERAGE(AB47:AB61) -> #DIV/0! | AI47: =AVERAGE(AG47:AG61) -> #DIV/0! | AN47: =AVERAGE(AL47:AL61) -> #DIV/0! | AS47: =AVERAGE(AQ47:AQ61) -> #DIV/0! | AX47: =AVERAGE(AV47:AV61) -> #DIV/0!
C48: 2 | I48: =AVERAGE(P48,U48,Z48,AE48,AJ48,AO48,AT48) -> #DIV/0! | J48: =AVERAGE(Q48,V48,AA48,AF48,AK48,AP48,AU48) -> #DIV/0! | K48: =AVERAGE(R48,W48,AB48,AG48,AL48,AQ48,AV48) -> #DIV/0! | M48: =RANK(K48, K$47:$K$61) -> #DIV/0!
C49: 3 | I49: =AVERAGE(P49,U49,Z49,AE49,AJ49,AO49,AT49) -> #DIV/0! | J49: =AVERAGE(Q49,V49,AA49,AF49,AK49,AP49,AU49) -> #DIV/0! | K49: =AVERAGE(R49,W49,AB49,AG49,AL49,AQ49,AV49) -> #DIV/0! | M49: =RANK(K49, K$47:$K$61) -> #DIV/0!
C50: 4 | I50: =AVERAGE(P50,U50,Z50,AE50,AJ50,AO50,AT50) -> #DIV/0! | J50: =AVERAGE(Q50,V50,AA50,AF50,AK50,AP50,AU50) -> #DIV/0! | K50: =AVERAGE(R50,W50,AB50,AG50,AL50,AQ50,AV50) -> #DIV/0! | M50: =RANK(K50, K$47:$K$61) -> #DIV/0!
C51: 5 | I51: =AVERAGE(P51,U51,Z51,AE51,AJ51,AO51,AT51) -> #DIV/0! | J51: =AVERAGE(Q51,V51,AA51,AF51,AK51,AP51,AU51) -> #DIV/0! | K51: =AVERAGE(R51,W51,AB51,AG51,AL51,AQ51,AV51) -> #DIV/0! | M51: =RANK(K51, K$47:$K$61) -> #DIV/0!
C52: 6 | I52: =AVERAGE(P52,U52,Z52,AE52,AJ52,AO52,AT52) -> #DIV/0! | J52: =AVERAGE(Q52,V52,AA52,AF52,AK52,AP52,AU52) -> #DIV/0! | K52: =AVERAGE(R52,W52,AB52,AG52,AL52,AQ52,AV52) -> #DIV/0! | M52: =RANK(K52, K$47:$K$61) -> #DIV/0!
C53: 7 | I53: =AVERAGE(P53,U53,Z53,AE53,AJ53,AO53,AT53) -> #DIV/0! | J53: =AVERAGE(Q53,V53,AA53,AF53,AK53,AP53,AU53) -> #DIV/0! | K53: =AVERAGE(R53,W53,AB53,AG53,AL53,AQ53,AV53) -> #DIV/0! | M53: =RANK(K53, K$47:$K$61) -> #DIV/0!
C54: 8 | I54: =AVERAGE(P54,U54,Z54,AE54,AJ54,AO54,AT54) -> #DIV/0! | J54: =AVERAGE(Q54,V54,AA54,AF54,AK54,AP54,AU54) -> #DIV/0! | K54: =AVERAGE(R54,W54,AB54,AG54,AL54,AQ54,AV54) -> #DIV/0! | M54: =RANK(K54, K$47:$K$61) -> #DIV/0!
C55: 9 | I55: =AVERAGE(P55,U55,Z55,AE55,AJ55,AO55,AT55) -> #DIV/0! | J55: =AVERAGE(Q55,V55,AA55,AF55,AK55,AP55,AU55) -> #DIV/0! | K55: =AVERAGE(R55,W55,AB55,AG55,AL55,AQ55,AV55) -> #DIV/0! | M55: =RANK(K55, K$47:$K$61) -> #DIV/0!
C56: 10 | I56: =AVERAGE(P56,U56,Z56,AE56,AJ56,AO56,AT56) -> #DIV/0! | J56: =AVERAGE(Q56,V56,AA56,AF56,AK56,AP56,AU56) -> #DIV/0! | K56: =AVERAGE(R56,W56,AB56,AG56,AL56,AQ56,AV56) -> #DIV/0! | M56: =RANK(K56, K$47:$K$61) -> #DIV/0!
C57: 11 | M57: =RANK(K57, K$47:$K$61) -> #DIV/0!
C58: 12 | M58: =RANK(K58, K$47:$K$61) -> #DIV/0!
C59: 13 | M59: =RANK(K59, K$47:$K$61) -> #DIV/0!
C60: 14 | M60: =RANK(K60, K$47:$K$61) -> #DIV/0!
C61: 15 | M61: =RANK(K61, K$47:$K$61) -> #DIV/0!
B62: 產線配置圖－每週更新 | N62: 資料繳交 | O62: 日期 | P62: 45888 | U62: 45889 | Z62: 45890 | AE62: 45891 | AJ62: 45892 | AO62: 45893 | AT62: 45894
P63: 二 | U63: 三 | Z63: 四 | AE63: 五 | AJ63: 六 | AO63: 日 | AT63: 一
B64: 品群 | C64: 商品名稱 | E64: 計畫 | H64: 平均人時性 | I64: 實績 | L64: 平均人時性 | M64: 排名 | O64: 日報 | P64: 實際 | T64: 平均人時性 | U64: 實際 | Y64: 平均人時性 | Z64: 實際 | AD64: 平均人時性 | AE64: 實際 | AI64: 平均人時性 | AJ64: 實際 | AN64: 平均人時性 | AO64: 實際 | AS64: 平均人時性 | AT64: 實際 | AX64: 平均人時性
E65: 產線配置圖 | I65: 產線配置圖 | P65: 生產實績 | U65: 生產實績 | Z65: 生產實績 | AE65: 生產實績 | AJ65: 生產實績 | AO65: 生產實績 | AT65: 生產實績
E66: 人數 | F66: 產能／時 | G66: 人時性 | I66: 人數 | J66: 產能／時 | K66: 人時性 | P66: 人數 | Q66: 產能／時 | R66: 人時性 | S66: 排名 | U66: 人數 | V66: 產能／時 | W66: 人時性 | X66: 排名 | Z66: 人數 | AA66: 產能／時 | AB66: 人時性 | AC66: 排名 | AE66: 人數 | AF66: 產能／時 | AG66: 人時性 | AH66: 排名 | AJ66: 人數 | AK66: 產能／時 | AL66: 人時性 | AM66: 排名 | AO66: 人數 | AP66: 產能／時 | AQ66: 人時性 | AR66: 排名 | AT66: 人數 | AU66: 產能／時 | AV66: 人時性 | AW66: 排名
B67: 季節調理麵 | C67: 1 | H67: =AVERAGE(G67:G81) -> #DIV/0! | I67: =AVERAGE(P67,U67,Z67,AE67,AJ67,AO67,AT67) -> #DIV/0! | J67: =AVERAGE(Q67,V67,AA67,AF67,AK67,AP67,AU67) -> #DIV/0! | K67: =AVERAGE(R67,W67,AB67,AG67,AL67,AQ67,AV67) -> #DIV/0! | L67: =AVERAGE(K67:K81) -> #DIV/0! | M67: =RANK(K67, K$67:$K$81) -> #DIV/0! | T67: =AVERAGE(R67:R81) -> #DIV/0! | Y67: =AVERAGE(W67:W81) -> #DIV/0! | AD67: =AVERAGE(AB67:AB81) -> #DIV/0! | AI67: =AVERAGE(AG67:AG81) -> #DIV/0! | AN67: =AVERAGE(AL67:AL81) -> #DIV/0! | AS67: =AVERAGE(AQ67:AQ81) -> #DIV/0! | AX67: =AVERAGE(AV67:AV81) -> #DIV/0!
C68: 2 | I68: =AVERAGE(P68,U68,Z68,AE68,AJ68,AO68,AT68) -> #DIV/0! | J68: =AVERAGE(Q68,V68,AA68,AF68,AK68,AP68,AU68) -> #DIV/0! | K68: =AVERAGE(R68,W68,AB68,AG68,AL68,AQ68,AV68) -> #DIV/0! | M68: =RANK(K68, K$67:$K$81) -> #DIV/0!
C69: 3 | I69: =AVERAGE(P69,U69,Z69,AE69,AJ69,AO69,AT69) -> #DIV/0! | J69: =AVERAGE(Q69,V69,AA69,AF69,AK69,AP69,AU69) -> #DIV/0! | K69: =AVERAGE(R69,W69,AB69,AG69,AL69,AQ69,AV69) -> #DIV/0! | M69: =RANK(K69, K$67:$K$81) -> #DIV/0!
C70: 4 | I70: =AVERAGE(P70,U70,Z70,AE70,AJ70,AO70,AT70) -> #DIV/0! | J70: =AVERAGE(Q70,V70,AA70,AF70,AK70,AP70,AU70) -> #DIV/0! | K70: =AVERAGE(R70,W70,AB70,AG70,AL70,AQ70,AV70) -> #DIV/0! | M70: =RANK(K70, K$67:$K$81) -> #DIV/0!
C71: 5 | I71: =AVERAGE(P71,U71,Z71,AE71,AJ71,AO71,AT71) -> #DIV/0! | J71: =AVERAGE(Q71,V71,AA71,AF71,AK71,AP71,AU71) -> #DIV/0! | K71: =AVERAGE(R71,W71,AB71,AG71,AL71,AQ71,AV71) -> #DIV/0! | M71: =RANK(K71, K$67:$K$81) -> #DIV/0!
C72: 6 | I72: =AVERAGE(P72,U72,Z72,AE72,AJ72,AO72,AT72) -> #DIV/0! | J72: =AVERAGE(Q72,V72,AA72,AF72,AK72,AP72,AU72) -> #DIV/0! | K72: =AVERAGE(R72,W72,AB72,AG72,AL72,AQ72,AV72) -> #DIV/0! | M72: =RANK(K72, K$67:$K$81) -> #DIV/0!
C73: 7 | I73: =AVERAGE(P73,U73,Z73,AE73,AJ73,AO73,AT73) -> #DIV/0! | J73: =AVERAGE(Q73,V73,AA73,AF73,AK73,AP73,AU73) -> #DIV/0! | K73: =AVERAGE(R73,W73,AB73,AG73,AL73,AQ73,AV73) -> #DIV/0! | M73: =RANK(K73, K$67:$K$81) -> #DIV/0!
C74: 8 | I74: =AVERAGE(P74,U74,Z74,AE74,AJ74,AO74,AT74) -> #DIV/0! | J74: =AVERAGE(Q74,V74,AA74,AF74,AK74,AP74,AU74) -> #DIV/0! | K74: =AVERAGE(R74,W74,AB74,AG74,AL74,AQ74,AV74) -> #DIV/0! | M74: =RANK(K74, K$67:$K$81) -> #DIV/0!
C75: 9 | I75: =AVERAGE(P75,U75,Z75,AE75,AJ75,AO75,AT75) -> #DIV/0! | J75: =AVERAGE(Q75,V75,AA75,AF75,AK75,AP75,AU75) -> #DIV/0! | K75: =AVERAGE(R75,W75,AB75,AG75,AL75,AQ75,AV75) -> #DIV/0! | M75: =RANK(K75, K$67:$K$81) -> #DIV/0!
C76: 10 | I76: =AVERAGE(P76,U76,Z76,AE76,AJ76,AO76,AT76) -> #DIV/0! | J76: =AVERAGE(Q76,V76,AA76,AF76,AK76,AP76,AU76) -> #DIV/0! | K76: =AVERAGE(R76,W76,AB76,AG76,AL76,AQ76,AV76) -> #DIV/0! | M76: =RANK(K76, K$67:$K$81) -> #DIV/0!
C77: 11 | I77: =AVERAGE(P77,U77,Z77,AE77,AJ77,AO77,AT77) -> #DIV/0! | J77: =AVERAGE(Q77,V77,AA77,AF77,AK77,AP77,AU77) -> #DIV/0! | K77: =AVERAGE(R77,W77,AB77,AG77,AL77,AQ77,AV77) -> #DIV/0! | M77: =RANK(K77, K$67:$K$81) -> #DIV/0!
C78: 12 | I78: =AVERAGE(P78,U78,Z78,AE78,AJ78,AO78,AT78) -> #DIV/0! | J78: =AVERAGE(Q78,V78,AA78,AF78,AK78,AP78,AU78) -> #DIV/0! | K78: =AVERAGE(R78,W78,AB78,AG78,AL78,AQ78,AV78) -> #DIV/0! | M78: =RANK(K78, K$67:$K$81) -> #DIV/0!
C79: 13 | I79: =AVERAGE(P79,U79,Z79,AE79,AJ79,AO79,AT79) -> #DIV/0! | J79: =AVERAGE(Q79,V79,AA79,AF79,AK79,AP79,AU79) -> #DIV/0! | K79: =AVERAGE(R79,W79,AB79,AG79,AL79,AQ79,AV79) -> #DIV/0! | M79: =RANK(K79, K$67:$K$81) -> #DIV/0!
C80: 14 | I80: =AVERAGE(P80,U80,Z80,AE80,AJ80,AO80,AT80) -> #DIV/0! | J80: =AVERAGE(Q80,V80,AA80,AF80,AK80,AP80,AU80) -> #DIV/0! | K80: =AVERAGE(R80,W80,AB80,AG80,AL80,AQ80,AV80) -> #DIV/0! | M80: =RANK(K80, K$67:$K$81) -> #DIV/0!
C81: 15 | M81: =RANK(K81, K$67:$K$81) -> #DIV/0!
B82: 產線配置圖－每週更新 | N82: 資料繳交 | O82: 日期 | P82: 45895 | U82: 45896 | Z82: 45897 | AE82: 45898 | AJ82: 45899 | AO82: 45900
P83: 二 | U83: 三 | Z83: 四 | AE83: 五 | AJ83: 六 | AO83: 日 | AT83: 一
B84: 品群 | C84: 商品名稱 | E84: 計畫 | H84: 平均人時性 | I84: 實績 | L84: 平均人時性 | M84: 排名 | O84: 日報 | P84: 實際 | T84: 平均人時性 | U84: 實際 | Y84: 平均人時性 | Z84: 實際 | AD84: 平均人時性 | AE84: 實際 | AI84: 平均人時性 | AJ84: 實際 | AN84: 平均人時性 | AO84: 實際 | AS84: 平均人時性 | AT84: 實際 | AX84: 平均人時性
E85: 產線配置圖 | I85: 產線配置圖 | P85: 生產實績 | U85: 生產實績 | Z85: 生產實績 | AE85: 生產實績 | AJ85: 生產實績 | AO85: 生產實績 | AT85: 生產實績
E86: 人數 | F86: 產能／時 | G86: 人時性 | I86: 人數 | J86: 產能／時 | K86: 人時性 | P86: 人數 | Q86: 產能／時 | R86: 人時性 | S86: 排名 | U86: 人數 | V86: 產能／時 | W86: 人時性 | X86: 排名 | Z86: 人數 | AA86: 產能／時 | AB86: 人時性 | AC86: 排名 | AE86: 人數 | AF86: 產能／時 | AG86: 人時性 | AH86: 排名 | AJ86: 人數 | AK86: 產能／時 | AL86: 人時性 | AM86: 排名 | AO86: 人數 | AP86: 產能／時 | AQ86: 人時性 | AR86: 排名 | AT86: 人數 | AU86: 產能／時 | AV86: 人時性 | AW86: 排名
B87: 季節調理麵 | C87: 1 | H87: =AVERAGE(G87:G101) -> #DIV/0! | I87: =AVERAGE(P87,U87,Z87,AE87,AJ87,AO87,AT87) -> #DIV/0! | J87: =AVERAGE(Q87,V87,AA87,AF87,AK87,AP87,AU87) -> #DIV/0! | K87: =AVERAGE(R87,W87,AB87,AG87,AL87,AQ87,AV87) -> #DIV/0! | L87: =AVERAGE(K87:K101) -> #DIV/0! | M87: =RANK(K87, K$87:$K$101) -> #DIV/0! | T87: =AVERAGE(R87:R101) -> #DIV/0! | Y87: =AVERAGE(W87:W101) -> #DIV/0! | AD87: =AVERAGE(AB87:AB101) -> #DIV/0! | AI87: =AVERAGE(AG87:AG101) -> #DIV/0! | AN87: =AVERAGE(AL87:AL101) -> #DIV/0! | AS87: =AVERAGE(AQ87:AQ101) -> #DIV/0! | AX87: =AVERAGE(AV87:AV101) -> #DIV/0!
C88: 2 | I88: =AVERAGE(P88,U88,Z88,AE88,AJ88,AO88,AT88) -> #DIV/0! | J88: =AVERAGE(Q88,V88,AA88,AF88,AK88,AP88,AU88) -> #DIV/0! | K88: =AVERAGE(R88,W88,AB88,AG88,AL88,AQ88,AV88) -> #DIV/0! | M88: =RANK(K88, K$87:$K$101) -> #DIV/0!
C89: 3 | I89: =AVERAGE(P89,U89,Z89,AE89,AJ89,AO89,AT89) -> #DIV/0! | J89: =AVERAGE(Q89,V89,AA89,AF89,AK89,AP89,AU89) -> #DIV/0! | K89: =AVERAGE(R89,W89,AB89,AG89,AL89,AQ89,AV89) -> #DIV/0! | M89: =RANK(K89, K$87:$K$101) -> #DIV/0!
C90: 4 | I90: =AVERAGE(P90,U90,Z90,AE90,AJ90,AO90,AT90) -> #DIV/0! | J90: =AVERAGE(Q90,V90,AA90,AF90,AK90,AP90,AU90) -> #DIV/0! | K90: =AVERAGE(R90,W90,AB90,AG90,AL90,AQ90,AV90) -> #DIV/0! | M90: =RANK(K90, K$87:$K$101) -> #DIV/0!
C91: 5 | I91: =AVERAGE(P91,U91,Z91,AE91,AJ91,AO91,AT91) -> #DIV/0! | J91: =AVERAGE(Q91,V91,AA91,AF91,AK91,AP91,AU91) -> #DIV/0! | K91: =AVERAGE(R91,W91,AB91,AG91,AL91,AQ91,AV91) -> #DIV/0! | M91: =RANK(K91, K$87:$K$101) -> #DIV/0!
C92: 6 | I92: =AVERAGE(P92,U92,Z92,AE92,AJ92,AO92,AT92) -> #DIV/0! | J92: =AVERAGE(Q92,V92,AA92,AF92,AK92,AP92,AU92) -> #DIV/0! | K92: =AVERAGE(R92,W92,AB92,AG92,AL92,AQ92,AV92) -> #DIV/0! | M92: =RANK(K92, K$87:$K$101) -> #DIV/0!
C93: 7 | I93: =AVERAGE(P93,U93,Z93,AE93,AJ93,AO93,AT93) -> #DIV/0! | J93: =AVERAGE(Q93,V93,AA93,AF93,AK93,AP93,AU93) -> #DIV/0! | K93: =AVERAGE(R93,W93,AB93,AG93,AL93,AQ93,AV93) -> #DIV/0! | M93: =RANK(K93, K$87:$K$101) -> #DIV/0!
C94: 8 | I94: =AVERAGE(P94,U94,Z94,AE94,AJ94,AO94,AT94) -> #DIV/0! | J94: =AVERAGE(Q94,V94,AA94,AF94,AK94,AP94,AU94) -> #DIV/0! | K94: =AVERAGE(R94,W94,AB94,AG94,AL94,AQ94,AV94) -> #DIV/0! | M94: =RANK(K94, K$87:$K$101) -> #DIV/0!
C95: 9 | I95: =AVERAGE(P95,U95,Z95,AE95,AJ95,AO95,AT95) -> #DIV/0! | J95: =AVERAGE(Q95,V95,AA95,AF95,AK95,AP95,AU95) -> #DIV/0! | K95: =AVERAGE(R95,W95,AB95,AG95,AL95,AQ95,AV95) -> #DIV/0! | M95: =RANK(K95, K$87:$K$101) -> #DIV/0!
C96: 10 | I96: =AVERAGE(P96,U96,Z96,AE96,AJ96,AO96,AT96) -> #DIV/0! | J96: =AVERAGE(Q96,V96,AA96,AF96,AK96,AP96,AU96) -> #DIV/0! | K96: =AVERAGE(R96,W96,AB96,AG96,AL96,AQ96,AV96) -> #DIV/0! | M96: =RANK(K96, K$87:$K$101) -> #DIV/0!
C97: 11 | M97: =RANK(K97, K$87:$K$101) -> #DIV/0!
C98: 12 | M98: =RANK(K98, K$87:$K$101) -> #DIV/0!
C99: 13 | M99: =RANK(K99, K$87:$K$101) -> #DIV/0!
C100: 14 | M100: =RANK(K100, K$87:$K$101) -> #DIV/0!
...

Sheet （５-3）品群別人時生產性(微波小吃)
B1: 月平均人時性 | C1: =AVERAGE(L7,L27,L47,L67,L87,L107) -> 112.97643
B2: 產線配置圖－每週更新 | N2: 資料繳交 | O2: 日期 | AT2: 45901
P3: 二 | U3: 三 | Z3: 四 | AE3: 五 | AJ3: 六 | AO3: 日 | AT3: 一
B4: 品群 | C4: 商品名稱 | E4: 計畫 | H4: 平均人時性 | I4: 實績 | L4: 平均人時性 | M4: 排名 | O4: 日報 | P4: 實際 | T4: 平均人時性 | U4: 實際 | Y4: 平均人時性 | Z4: 實際 | AD4: 平均人時性 | AE4: 實際 | AI4: 平均人時性 | AJ4: 實際 | AN4: 平均人時性 | AO4: 實際 | AS4: 平均人時性 | AT4: 實際 | AX4: 平均人時性
E5: 產線配置圖 | I5: 產線配置圖 | P5: 生產實績 | U5: 生產實績 | Z5: 生產實績 | AE5: 生產實績 | AJ5: 生產實績 | AO5: 生產實績 | AT5: 生產實績
E6: 人數 | F6: 產能／時 | G6: 人時性 | I6: 人數 | J6: 產能／時 | K6: 人時性 | P6: 人數 | Q6: 產能／時 | R6: 人時性 | S6: 排名 | U6: 人數 | V6: 產能／時 | W6: 人時性 | X6: 排名 | Z6: 人數 | AA6: 產能／時 | AB6: 人時性 | AC6: 排名 | AE6: 人數 | AF6: 產能／時 | AG6: 人時性 | AH6: 排名 | AJ6: 人數 | AK6: 產能／時 | AL6: 人時性 | AM6: 排名 | AO6: 人數 | AP6: 產能／時 | AQ6: 人時性 | AR6: 排名 | AT6: 人數 | AU6: 產能／時 | AV6: 人時性 | AW6: 排名
B7: 微波小吃 | C7: 1 | D7: 小滷青蔬 | E7: =VLOOKUP(D7,'09產線配置圖'!$A$2:$C$25,2,0) -> 13 | F7: =VLOOKUP(D7,'09產線配置圖'!$A$2:$C$25,3,0) -> 1565 | G7: =F7/E7 -> 120.38462 | H7: =AVERAGE(G7:G21) -> 127.07265 | I7: =AVERAGE(P7,U7,Z7,AE7,AJ7,AO7,AT7) -> 13 | J7: =AVERAGE(Q7,V7,AA7,AF7,AK7,AP7,AU7) -> 1497 | K7: =AVERAGE(AG7,AL7,AQ7,AV7) -> #DIV/0! | L7: =IFERROR(AVERAGE(K7:K21),"-") -> - | M7: =RANK(K7, K$7:$K$21) -> #DIV/0! | R7: =Q7/P7 -> #DIV/0! | S7: =RANK(R7, R$7:R$21) -> #DIV/0! | T7: =AVERAGE(R7:R21) -> #DIV/0! | W7: =V7/U7 -> #DIV/0! | X7: =RANK(W7, W$7:W$21) -> #DIV/0! | Y7: =AVERAGE(W7:W21) -> #DIV/0! | AB7: =AA7/Z7 -> #DIV/0! | AC7: =RANK(AB7, AB$7:AB$21) -> #DIV/0! | AD7: =AVERAGE(AB7:AB21) -> #DIV/0! | AG7: =AF7/AE7 -> #DIV/0! | AH7: =RANK(AG7, AG$7:AG$21) -> #DIV/0! | AI7: =AVERAGE(AG7:AG21) -> #DIV/0! | AL7: =AK7/AJ7 -> #DIV/0! | AM7: =RANK(AL7, AL$7:AL$21) -> #DIV/0! | AN7: =AVERAGE(AL7:AL21) -> #DIV/0! | AQ7: =AP7/AO7 -> #DIV/0! | AR7: =RANK(AQ7, AQ$7:AQ$21) -> #DIV/0! | AS7: =AVERAGE(AQ7:AQ21) -> #DIV/0! | AT7: 13 | AU7: 1497 | AV7: =AU7/AT7 -> 115.15385 | AW7: =RANK(AV7, AV$7:AV$21) -> 3 | AX7: =AVERAGE(AV7:AV21) -> 125.17906
C8: 2 | D8: 起司馬鈴薯 | E8: =VLOOKUP(D8,'09產線配置圖'!$A$2:$C$25,2,0) -> 12 | F8: =VLOOKUP(D8,'09產線配置圖'!$A$2:$C$25,3,0) -> 1565 | G8: =F8/E8 -> 130.41667 | I8: =AVERAGE(P8,U8,Z8,AE8,AJ8,AO8,AT8) -> 12 | J8: =AVERAGE(Q8,V8,AA8,AF8,AK8,AP8,AU8) -> 1417 | K8: =AVERAGE(AG8,AL8,AQ8,AV8) -> #DIV/0! | M8: =RANK(K8, K$7:$K$21) -> #DIV/0! | R8: =Q8/P8 -> #DIV/0! | S8: =RANK(R8, R$7:R$21) -> #DIV/0! | W8: =V8/U8 -> #DIV/0! | X8: =RANK(W8, W$7:W$21) -> #DIV/0! | AB8: =AA8/Z8 -> #DIV/0! | AC8: =RANK(AB8, AB$7:AB$21) -> #DIV/0! | AG8: =AF8/AE8 -> #DIV/0! | AH8: =RANK(AG8, AG$7:AG$21) -> #DIV/0! | AL8: =AK8/AJ8 -> #DIV/0! | AM8: =RANK(AL8, AL$7:AL$21) -> #DIV/0! | AQ8: =AP8/AO8 -> #DIV/0! | AR8: =RANK(AQ8, AQ$7:AQ$21) -> #DIV/0! | AT8: 12 | AU8: 1417 | AV8: =AU8/AT8 -> 118.08333 | AW8: =RANK(AV8, AV$7:AV$21) -> 2
C9: 3 | D9: 台式綜合甜不辣 | E9: =VLOOKUP(D9,'09產線配置圖'!$A$2:$C$25,2,0) -> 12 | F9: =VLOOKUP(D9,'09產線配置圖'!$A$2:$C$25,3,0) -> 1565 | G9: =F9/E9 -> 130.41667 | I9: =AVERAGE(P9,U9,Z9,AE9,AJ9,AO9,AT9) -> 10 | J9: =AVERAGE(Q9,V9,AA9,AF9,AK9,AP9,AU9) -> 1423 | K9: =AVERAGE(AG9,AL9,AQ9,AV9) -> #DIV/0! | M9: =RANK(K9, K$7:$K$21) -> #DIV/0! | R9: =Q9/P9 -> #DIV/0! | S9: =RANK(R9, R$7:R$21) -> #DIV/0! | W9: =V9/U9 -> #DIV/0! | X9: =RANK(W9, W$7:W$21) -> #DIV/0! | AB9: =AA9/Z9 -> #DIV/0! | AC9: =RANK(AB9, AB$7:AB$21) -> #DIV/0! | AG9: =AF9/AE9 -> #DIV/0! | AH9: =RANK(AG9, AG$7:AG$21) -> #DIV/0! | AL9: =AK9/AJ9 -> #DIV/0! | AM9: =RANK(AL9, AL$7:AL$21) -> #DIV/0! | AQ9: =AP9/AO9 -> #DIV/0! | AR9: =RANK(AQ9, AQ$7:AQ$21) -> #DIV/0! | AT9: 10 | AU9: 1423 | AV9: =AU9/AT9 -> 142.3 | AW9: =RANK(AV9, AV$7:AV$21) -> 1
C10: 4 | M10: =RANK(K10, K$7:$K$21) -> #DIV/0! | R10: =Q10/P10 -> #DIV/0! | S10: =RANK(R10, R$7:R$21) -> #DIV/0! | W10: =V10/U10 -> #DIV/0! | X10: =RANK(W10, W$7:W$21) -> #DIV/0! | AB10: =AA10/Z10 -> #DIV/0! | AC10: =RANK(AB10, AB$7:AB$21) -> #DIV/0!
C11: 5 | M11: =RANK(K11, K$7:$K$21) -> #DIV/0! | R11: =Q11/P11 -> #DIV/0! | S11: =RANK(R11, R$7:R$21) -> #DIV/0! | W11: =V11/U11 -> #DIV/0! | X11: =RANK(W11, W$7:W$21) -> #DIV/0! | AB11: =AA11/Z11 -> #DIV/0! | AC11: =RANK(AB11, AB$7:AB$21) -> #DIV/0!
C12: 6 | M12: =RANK(K12, K$7:$K$21) -> #DIV/0! | R12: =Q12/P12 -> #DIV/0! | S12: =RANK(R12, R$7:R$21) -> #DIV/0! | W12: =V12/U12 -> #DIV/0! | X12: =RANK(W12, W$7:W$21) -> #DIV/0! | AB12: =AA12/Z12 -> #DIV/0! | AC12: =RANK(AB12, AB$7:AB$21) -> #DIV/0!
C13: 7 | M13: =RANK(K13, K$7:$K$21) -> #DIV/0! | R13: =Q13/P13 -> #DIV/0! | S13: =RANK(R13, R$7:R$21) -> #DIV/0! | W13: =V13/U13 -> #DIV/0! | X13: =RANK(W13, W$7:W$21) -> #DIV/0! | AB13: =AA13/Z13 -> #DIV/0! | AC13: =RANK(AB13, AB$7:AB$21) -> #DIV/0!
C14: 8 | M14: =RANK(K14, K$7:$K$21) -> #DIV/0!
C15: 9 | M15: =RANK(K15, K$7:$K$21) -> #DIV/0!
C16: 10 | M16: =RANK(K16, K$7:$K$21) -> #DIV/0!
C17: 11 | M17: =RANK(K17, K$7:$K$21) -> #DIV/0!
C18: 12 | M18: =RANK(K18, K$7:$K$21) -> #DIV/0!
C19: 13 | M19: =RANK(K19, K$7:$K$21) -> #DIV/0!
C20: 14 | M20: =RANK(K20, K$7:$K$21) -> #DIV/0!
C21: 15 | M21: =RANK(K21, K$7:$K$21) -> #DIV/0!
B22: 產線配置圖－每週更新 | N22: 資料繳交 | O22: 日期 | P22: 45902 | U22: 45903 | Z22: 45904 | AE22: 45905 | AJ22: 45906 | AO22: 45907 | AT22: 45908
P23: 二 | U23: 三 | Z23: 四 | AE23: 五 | AJ23: 六 | AO23: 日 | AT23: 一
B24: 品群 | C24: 商品名稱 | E24: 計畫 | H24: 平均人時性 | I24: 實績 | L24: 平均人時性 | M24: 排名 | O24: 日報 | P24: 實際 | T24: 平均人時性 | U24: 實際 | Y24: 平均人時性 | Z24: 實際 | AD24: 平均人時性 | AE24: 實際 | AI24: 平均人時性 | AJ24: 實際 | AN24: 平均人時性 | AO24: 實際 | AS24: 平均人時性 | AT24: 實際 | AX24: 平均人時性
E25: 產線配置圖 | I25: 產線配置圖 | P25: 生產實績 | U25: 生產實績 | Z25: 生產實績 | AE25: 生產實績 | AJ25: 生產實績 | AO25: 生產實績 | AT25: 生產實績
E26: 人數 | F26: 產能／時 | G26: 人時性 | I26: 人數 | J26: 產能／時 | K26: 人時性 | P26: 人數 | Q26: 產能／時 | R26: 人時性 | S26: 排名 | U26: 人數 | V26: 產能／時 | W26: 人時性 | X26: 排名 | Z26: 人數 | AA26: 產能／時 | AB26: 人時性 | AC26: 排名 | AE26: 人數 | AF26: 產能／時 | AG26: 人時性 | AH26: 排名 | AJ26: 人數 | AK26: 產能／時 | AL26: 人時性 | AM26: 排名 | AO26: 人數 | AP26: 產能／時 | AQ26: 人時性 | AR26: 排名 | AT26: 人數 | AU26: 產能／時 | AV26: 人時性 | AW26: 排名
B27: 微波小吃 | C27: 1 | D27: 小滷青蔬 | E27: =VLOOKUP(D27,'09產線配置圖'!$A$2:$C$25,2,0) -> 13 | F27: =VLOOKUP(D27,'09產線配置圖'!$A$2:$C$25,3,0) -> 1565 | G27: =F27/E27 -> 120.38462 | H27: =AVERAGE(G27:G41) -> 127.07265 | I27: =AVERAGE(P27,U27,Z27,AE27,AJ27,AO27,AT27) -> 13.285714 | J27: =AVERAGE(Q27,V27,AA27,AF27,AK27,AP27,AU27) -> 1430.7143 | K27: =AVERAGE(R27,W27,AB27,AG27,AL27,AQ27,AV27) -> 107.85714 | L27: =IFERROR(AVERAGE(K27:K41),"-") -> 110.76954 | M27: =RANK(K27, K$27:$K$41) -> 2 | P27: 14 | Q27: 1316 | R27: =Q27/P27 -> 94 | S27: =RANK(R27, $R$27:$R$41) -> 3 | T27: =AVERAGE(R27:R41) -> 105.02564 | U27: 13 | V27: 1441 | W27: =V27/U27 -> 110.84615 | X27: =RANK(W27, $W$27:$W$41) -> 2 | Y27: =AVERAGE(W27:W41) -> 110.53205 | Z27: 13 | AA27: 1480 | AB27: =AA27/Z27 -> 113.84615 | AC27: =RANK(AB27, $AB$27:$AB$29) -> 2 | AD27: =AVERAGE(AB27:AB41) -> 114.00427 | AE27: 14 | AF27: 1484 | AG27: =AF27/AE27 -> 106 | AH27: =RANK(AG27, $AG$27:$AG$29) -> 3 | AI27: =AVERAGE(AG27:AG41) -> 112.16667 | AJ27: 13 | AK27: 1339.5 | AL27: =AK27/AJ27 -> 103.03846 | AM27: =RANK(AL27, $AL$27:$AL$29) -> 2 | AN27: =AVERAGE(AL27:AL41) -> 101.31838 | AO27: 13 | AP27: 1441.5 | AQ27: =AP27/AO27 -> 110.88462 | AR27: =RANK(AQ27, $AQ$27:$AQ$41) -> 3 | AS27: =AVERAGE(AQ27:AQ41) -> 115.04487 | AT27: 13 | AU27: 1513 | AV27: =AU27/AT27 -> 116.38462 | AW27: =RANK(AV27, $AV$27:$AV$41) -> 2 | AX27: =AVERAGE(AV27:AV41) -> 117.29487
C28: 2 | D28: 起司馬鈴薯 | E28: =VLOOKUP(D28,'09產線配置圖'!$A$2:$C$25,2,0) -> 12 | F28: =VLOOKUP(D28,'09產線配置圖'!$A$2:$C$25,3,0) -> 1565 | G28: =F28/E28 -> 130.41667 | I28: =AVERAGE(P28,U28,Z28,AE28,AJ28,AO28,AT28) -> 12.142857 | J28: =AVERAGE(Q28,V28,AA28,AF28,AK28,AP28,AU28) -> 1420.4286 | K28: =AVERAGE(R28,W28,AB28,AG28,AL28,AQ28,AV28) -> 117.09066 | M28: =RANK(K28, K$27:$K$41) -> 1 | P28: 13 | Q28: 1396 | R28: =Q28/P28 -> 107.38462 | S28: =RANK(R28, $R$27:$R$41) -> 2 | U28: 12 | V28: 1265 | W28: =V28/U28 -> 105.41667 | X28: =RANK(W28, $W$27:$W$41) -> 3 | Z28: 12 | AA28: 1374 | AB28: =AA28/Z28 -> 114.5 | AC28: =RANK(AB28, $AB$27:$AB$29) -> 1 | AE28: 12 | AF28: 1346 | AG28: =AF28/AE28 -> 112.16667 | AH28: =RANK(AG28, $AG$27:$AG$29) -> 2 | AJ28: 12 | AK28: 1532 | AL28: =AK28/AJ28 -> 127.66667 | AM28: =RANK(AL28, $AL$27:$AL$29) -> 1 | AO28: 12 | AP28: 1469 | AQ28: =AP28/AO28 -> 122.41667 | AR28: =RANK(AQ28, $AQ$27:$AQ$41) -> 1 | AT28: 12 | AU28: 1561 | AV28: =AU28/AT28 -> 130.08333 | AW28: =RANK(AV28, $AV$27:$AV$41) -> 1
C29: 3 | D29: 台式綜合甜不辣 | E29: =VLOOKUP(D29,'09產線配置圖'!$A$2:$C$25,2,0) -> 12 | F29: =VLOOKUP(D29,'09產線配置圖'!$A$2:$C$25,3,0) -> 1565 | G29: =F29/E29 -> 130.41667 | I29: =AVERAGE(P29,U29,Z29,AE29,AJ29,AO29,AT29) -> 12.142857 | J29: =AVERAGE(Q29,V29,AA29,AF29,AK29,AP29,AU29) -> 1304.5714 | K29: =AVERAGE(R29,W29,AB29,AG29,AL29,AQ29,AV29) -> 107.36081 | M29: =RANK(K29, K$27:$K$41) -> 3 | P29: 13 | Q29: 1478 | R29: =Q29/P29 -> 113.69231 | S29: =RANK(R29, $R$27:$R$41) -> 1 | U29: 12 | V29: 1384 | W29: =V29/U29 -> 115.33333 | X29: =RANK(W29, $W$27:$W$41) -> 1 | Z29: 12 | AA29: 1364 | AB29: =AA29/Z29 -> 113.66667 | AC29: =RANK(AB29, $AB$27:$AB$29) -> 3 | AE29: 12 | AF29: 1420 | AG29: =AF29/AE29 -> 118.33333 | AH29: =RANK(AG29, $AG$27:$AG$29) -> 1 | AJ29: 12 | AK29: 879 | AL29: =AK29/AJ29 -> 73.25 | AM29: =RANK(AL29, $AL$27:$AL$29) -> 3 | AO29: 12 | AP29: 1342 | AQ29: =AP29/AO29 -> 111.83333 | AR29: =RANK(AQ29, $AQ$27:$AQ$41) -> 2 | AT29: 12 | AU29: 1265 | AV29: =AU29/AT29 -> 105.41667 | AW29: =RANK(AV29, $AV$27:$AV$41) -> 3
C30: 4
C31: 5
C32: 6
C33: 7
C34: 8
C35: 9
C36: 10
C37: 11
C38: 12
C39: 13
C40: 14
C41: 15
B42: 產線配置圖－每週更新 | N42: 資料繳交 | O42: 日期 | P42: 45909 | U42: 45910 | Z42: 45911 | AE42: 45912 | AJ42: 45913 | AO42: 45914 | AT42: 45915
P43: 二 | U43: 三 | Z43: 四 | AE43: 五 | AJ43: 六 | AO43: 日 | AT43: 一
B44: 品群 | C44: 商品名稱 | E44: 計畫 | H44: 平均人時性 | I44: 實績 | L44: 平均人時性 | M44: 排名 | O44: 日報 | P44: 實際 | T44: 平均人時性 | U44: 實際 | Y44: 平均人時性 | Z44: 實際 | AD44: 平均人時性 | AE44: 實際 | AI44: 平均人時性 | AJ44: 實際 | AN44: 平均人時性 | AO44: 實際 | AS44: 平均人時性 | AT44: 實際 | AX44: 平均人時性
E45: 產線配置圖 | I45: 產線配置圖 | P45: 生產實績 | U45: 生產實績 | Z45: 生產實績 | AE45: 生產實績 | AJ45: 生產實績 | AO45: 生產實績 | AT45: 生產實績
E46: 人數 | F46: 產能／時 | G46: 人時性 | I46: 人數 | J46: 產能／時 | K46: 人時性 | P46: 人數 | Q46: 產能／時 | R46: 人時性 | S46: 排名 | U46: 人數 | V46: 產能／時 | W46: 人時性 | X46: 排名 | Z46: 人數 | AA46: 產能／時 | AB46: 人時性 | AC46: 排名 | AE46: 人數 | AF46: 產能／時 | AG46: 人時性 | AH46: 排名 | AJ46: 人數 | AK46: 產能／時 | AL46: 人時性 | AM46: 排名 | AO46: 人數 | AP46: 產能／時 | AQ46: 人時性 | AR46: 排名 | AT46: 人數 | AU46: 產能／時 | AV46: 人時性 | AW46: 排名
B47: 微波小吃 | C47: 1 | D47: 小滷青蔬 | E47: =VLOOKUP(D47,'09產線配置圖'!$A$2:$C$25,2,0) -> 13 | F47: =VLOOKUP(D47,'09產線配置圖'!$A$2:$C$25,3,0) -> 1565 | G47: =F47/E47 -> 120.38462 | H47: =AVERAGE(G47:G61) -> 127.07265 | I47: =AVERAGE(P47,U47,Z47,AE47,AJ47,AO47,AT47) -> 13 | J47: =AVERAGE(Q47,V47,AA47,AF47,AK47,AP47,AU47) -> 1489.1429 | K47: =AVERAGE(R47,W47,AB47,AG47,AL47,AQ47,AV47) -> 114.54945 | L47: =IFERROR(AVERAGE(K47:K61),"-") -> 116.03449 | M47: =RANK(K47, K$47:$K$61) -> 3 | P47: 13 | Q47: 1480 | R47: =Q47/P47 -> 113.84615 | S47: =RANK(R47, $R$47:$R$49) -> 2 | T47: =AVERAGE(R47:R61) -> 113.49145 | U47: 13 | V47: 1512 | W47: =V47/U47 -> 116.30769 | X47: =RANK(W47, $W$47:$W$49) -> 2 | Y47: =AVERAGE(W47:W61) -> 116.35256 | Z47: 13 | AA47: 1480 | AB47: =AA47/Z47 -> 113.84615 | AC47: =RANK(AB47, $AB$47:$AB$49) -> 2 | AD47: =AVERAGE(AB47:AB61) -> 118.64316 | AE47: 13 | AF47: 1505 | AG47: =AF47/AE47 -> 115.76923 | AH47: =RANK(AG47,$AG$47:$AG$49) -> 2 | AI47: =AVERAGE(AG47:AG61) -> 118.36752 | AJ47: 13 | AK47: 1508 | AL47: =AK47/AJ47 -> 116 | AM47: =RANK(AL47, $AL$47:$AL$49) -> 1 | AN47: =AVERAGE(AL47:AL61) -> 106.97222 | AO47: 13 | AP47: 1474 | AQ47: =AP47/AO47 -> 113.38462 | AR47: =RANK(AQ47,$AQ$47:$AQ$49) -> 3 | AS47: =AVERAGE(AQ47:AQ61) -> 118.90598 | AT47: 13 | AU47: 1465 | AV47: =AU47/AT47 -> 112.69231 | AW47: =RANK(AV47,$AV$47:$AV$49) -> 3 | AX47: =AVERAGE(AV47:AV61) -> 119.50855
C48: 2 | D48: 起司馬鈴薯 | E48: =VLOOKUP(D48,'09產線配置圖'!$A$2:$C$25,2,0) -> 12 | F48: =VLOOKUP(D48,'09產線配置圖'!$A$2:$C$25,3,0) -> 1565 | G48: =F48/E48 -> 130.41667 | I48: =AVERAGE(P48,U48,Z48,AE48,AJ48,AO48,AT48) -> 12.142857 | J48: =AVERAGE(Q48,V48,AA48,AF48,AK48,AP48,AU48) -> 1415.8571 | K48: =AVERAGE(R48,W48,AB48,AG48,AL48,AQ48,AV48) -> 116.68498 | M48: =RANK(K48, K$47:$K$61) -> 2 | P48: 13 | Q48: 1423 | R48: =Q48/P48 -> 109.46154 | S48: =RANK(R48, $R$47:$R$49) -> 3 | U48: 12 | V48: 1436 | W48: =V48/U48 -> 119.66667 | X48: =RANK(W48, $W$47:$W$49) -> 1 | Z48: 12 | AA48: 1344 | AB48: =AA48/Z48 -> 112 | AC48: =RANK(AB48, $AB$47:$AB$49) -> 3 | AE48: 12 | AF48: 1565 | AG48: =AF48/AE48 -> 130.41667 | AH48: =RANK(AG48,$AG$47:$AG$49) -> 1 | AJ48: 12 | AK48: 1275 | AL48: =AK48/AJ48 -> 106.25 | AM48: =RANK(AL48, $AL$47:$AL$49) -> 2 | AO48: 12 | AP48: 1434 | AQ48: =AP48/AO48 -> 119.5 | AR48: =RANK(AQ48,$AQ$47:$AQ$49) -> 2 | AT48: 12 | AU48: 1434 | AV48: =AU48/AT48 -> 119.5 | AW48: =RANK(AV48,$AV$47:$AV$49) -> 2
C49: 3 | D49: 台式綜合甜不辣 | E49: =VLOOKUP(D49,'09產線配置圖'!$A$2:$C$25,2,0) -> 12 | F49: =VLOOKUP(D49,'09產線配置圖'!$A$2:$C$25,3,0) -> 1565 | G49: =F49/E49 -> 130.41667 | I49: =AVERAGE(P49,U49,Z49,AE49,AJ49,AO49,AT49) -> 12 | J49: =AVERAGE(Q49,V49,AA49,AF49,AK49,AP49,AU49) -> 1402.4286 | K49: =AVERAGE(R49,W49,AB49,AG49,AL49,AQ49,AV49) -> 116.86905 | M49: =RANK(K49, K$47:$K$61) -> 1 | P49: 12 | Q49: 1406 | R49: =Q49/P49 -> 117.16667 | S49: =RANK(R49, $R$47:$R$49) -> 1 | U49: 12 | V49: 1357 | W49: =V49/U49 -> 113.08333 | X49: =RANK(W49, $W$47:$W$49) -> 3 | Z49: 12 | AA49: 1561 | AB49: =AA49/Z49 -> 130.08333 | AC49: =RANK(AB49, $AB$47:$AB$49) -> 1 | AE49: 12 | AF49: 1307 | AG49: =AF49/AE49 -> 108.91667 | AH49: =RANK(AG49,$AG$47:$AG$49) -> 3 | AJ49: 12 | AK49: 1184 | AL49: =AK49/AJ49 -> 98.666667 | AM49: =RANK(AL49, $AL$47:$AL$49) -> 3 | AO49: 12 | AP49: 1486 | AQ49: =AP49/AO49 -> 123.83333 | AR49: =RANK(AQ49,$AQ$47:$AQ$49) -> 1 | AT49: 12 | AU49: 1516 | AV49: =AU49/AT49 -> 126.33333 | AW49: =RANK(AV49,$AV$47:$AV$49) -> 1
C50: 4
C51: 5
C52: 6
C53: 7
C54: 8
C55: 9
C56: 10
C57: 11
C58: 12
C59: 13
C60: 14
C61: 15
B62: 產線配置圖－每週更新 | N62: 資料繳交 | O62: 日期 | P62: 45916 | U62: 45917 | Z62: 45918 | AE62: 45919 | AJ62: 45920 | AO62: 45921 | AT62: 45922
P63: 二 | U63: 三 | Z63: 四 | AE63: 五 | AJ63: 六 | AO63: 日 | AT63: 一
B64: 品群 | C64: 商品名稱 | E64: 計畫 | H64: 平均人時性 | I64: 實績 | L64: 平均人時性 | M64: 排名 | O64: 日報 | P64: 實際 | T64: 平均人時性 | U64: 實際 | Y64: 平均人時性 | Z64: 實際 | AD64: 平均人時性 | AE64: 實際 | AI64: 平均人時性 | AJ64: 實際 | AN64: 平均人時性 | AO64: 實際 | AS64: 平均人時性 | AT64: 實際 | AX64: 平均人時性
E65: 產線配置圖 | I65: 產線配置圖 | P65: 生產實績 | U65: 生產實績 | Z65: 生產實績 | AE65: 生產實績 | AJ65: 生產實績 | AO65: 生產實績 | AT65: 生產實績
E66: 人數 | F66: 產能／時 | G66: 人時性 | I66: 人數 | J66: 產能／時 | K66: 人時性 | P66: 人數 | Q66: 產能／時 | R66: 人時性 | S66: 排名 | U66: 人數 | V66: 產能／時 | W66: 人時性 | X66: 排名 | Z66: 人數 | AA66: 產能／時 | AB66: 人時性 | AC66: 排名 | AE66: 人數 | AF66: 產能／時 | AG66: 人時性 | AH66: 排名 | AJ66: 人數 | AK66: 產能／時 | AL66: 人時性 | AM66: 排名 | AO66: 人數 | AP66: 產能／時 | AQ66: 人時性 | AR66: 排名 | AT66: 人數 | AU66: 產能／時 | AV66: 人時性 | AW66: 排名
B67: 微波小吃 | C67: 1 | D67: 小滷青蔬 | E67: =VLOOKUP(D67,'09產線配置圖'!$A$2:$C$25,2,0) -> 13 | F67: =VLOOKUP(D67,'09產線配置圖'!$A$2:$C$25,3,0) -> 1565 | G67: =F67/E67 -> 120.38462 | H67: =AVERAGE(G67:G81) -> 127.07265 | I67: =AVERAGE(P67,U67,Z66,AE67,AJ67,AO67,AT67) -> 13 | J67: =AVERAGE(Q67,V67,AA67,AF67,AK67,AP67,AU67) -> 1428.5714 | K67: =AVERAGE(R67,W67,AB67,AG67,AL67,AQ67,AV67) -> 109.89011 | L67: =IFERROR(AVERAGE(K67:K81),"-") -> 114.55284 | M67: =RANK(K67, K$67:$K$81) -> 3 | P67: 13 | Q67: 1469 | R67: =Q67/P67 -> 113 | S67: =RANK(R67,$R$67:$R$81) -> 2 | T67: =AVERAGE(R67:R81) -> 116.16667 | U67: 13 | V67: 1467 | W67: =V67/U67 -> 112.84615 | X67: =RANK(W67,$W$67:$W$81) -> 3 | Y67: =AVERAGE(W67:W81) -> 119.67094 | Z67: 13 | AA67: 1427 | AB67: =AA67/Z67 -> 109.76923 | AC67: =RANK(AB67, $AB$67:$AB$69) -> 2 | AD67: =AVERAGE(AB67:AB81) -> 111.1049 | AE67: 13 | AF67: 1263 | AG67: =AF67/AE67 -> 97.153846 | AH67: =RANK(AG67, $AG$67:$AG$69) -> 3 | AI67: =AVERAGE(AG67:AG81) -> 106.49573 | AJ67: 13 | AK67: 1559 | AL67: =AK67/AJ67 -> 119.92308 | AM67: =RANK(AL67, $AL$67:$AL$69) -> 2 | AN67: =AVERAGE(AL67:AL81) -> 116.69658 | AO67: 13 | AP67: 1415 | AQ67: =AP67/AO67 -> 108.84615 | AR67: =RANK(AQ67, $AQ$67:$AQ$69) -> 3 | AS67: =AVERAGE(AQ67:AQ81) -> 117.44872 | AT67: 13 | AU67: 1400 | AV67: =AU67/AT67 -> 107.69231 | AW67: =RANK(AV67, $AV$67:$AV$69) -> 3 | AX67: =AVERAGE(AV67:AV81) -> 114.28632
C68: 2 | D68: 起司馬鈴薯 | E68: =VLOOKUP(D68,'09產線配置圖'!$A$2:$C$25,2,0) -> 12 | F68: =VLOOKUP(D68,'09產線配置圖'!$A$2:$C$25,3,0) -> 1565 | G68: =F68/E68 -> 130.41667 | I68: =AVERAGE(P68,U68,Z67,AE68,AJ68,AO68,AT68) -> 12.142857 | J68: =AVERAGE(Q68,V68,AA68,AF68,AK68,AP68,AU68) -> 1340 | K68: =AVERAGE(R68,W68,AB68,AG68,AL68,AQ68,AV68) -> 112.94372 | M68: =RANK(K68, K$67:$K$81) -> 2 | P68: 12 | Q68: 1273 | R68: =Q68/P68 -> 106.08333 | S68: =RANK(R68,$R$67:$R$81) -> 3 | U68: 12 | V68: 1508 | W68: =V68/U68 -> 125.66667 | X68: =RANK(W68,$W$67:$W$81) -> 1 | Z68: 11 | AA68: 1180 | AB68: =AA68/Z68 -> 107.27273 | AC68: =RANK(AB68, $AB$67:$AB$69) -> 3 | AE68: 12 | AF68: 1406 | AG68: =AF68/AE68 -> 117.16667 | AH68: =RANK(AG68, $AG$67:$AG$69) -> 1 | AJ68: 12 | AK68: 1258 | AL68: =AK68/AJ68 -> 104.83333 | AM68: =RANK(AL68, $AL$67:$AL$69) -> 3 | AO68: 12 | AP68: 1408 | AQ68: =AP68/AO68 -> 117.33333 | AR68: =RANK(AQ68, $AQ$67:$AQ$69) -> 2 | AT68: 12 | AU68: 1347 | AV68: =AU68/AT68 -> 112.25 | AW68: =RANK(AV68, $AV$67:$AV$69) -> 2
C69: 3 | D69: 台式綜合甜不辣 | E69: =VLOOKUP(D69,'09產線配置圖'!$A$2:$C$25,2,0) -> 12 | F69: =VLOOKUP(D69,'09產線配置圖'!$A$2:$C$25,3,0) -> 1565 | G69: =F69/E69 -> 130.41667 | I69: =AVERAGE(P69,U69,Z69,AE69,AJ69,AO69,AT69) -> 11.857143 | J69: =AVERAGE(Q69,V69,AA69,AF69,AK69,AP69,AU69) -> 1433.2857 | K69: =AVERAGE(R69,W69,AB69,AG69,AL69,AQ69,AV69) -> 120.82468 | M69: =RANK(K69, K$67:$K$81) -> 1 | P69: 12 | Q69: 1553 | R69: =Q69/P69 -> 129.41667 | S69: =RANK(R69,$R$67:$R$81) -> 1 | U69: 12 | V69: 1446 | W69: =V69/U69 -> 120.5 | X69: =RANK(W69,$W$67:$W$81) -> 2 | Z69: 11 | AA69: 1279 | AB69: =AA69/Z69 -> 116.27273 | AC69: =RANK(AB69, $AB$67:$AB$69) -> 1 | AE69: 12 | AF69: 1262 | AG69: =AF69/AE69 -> 105.16667 | AH69: =RANK(AG69, $AG$67:$AG$69) -> 2 | AJ69: 12 | AK69: 1504 | AL69: =AK69/AJ69 -> 125.33333 | AM69: =RANK(AL69, $AL$67:$AL$69) -> 1 | AO69: 12 | AP69: 1514 | AQ69: =AP69/AO69 -> 126.16667 | AR69: =RANK(AQ69, $AQ$67:$AQ$69) -> 1 | AT69: 12 | AU69: 1475 | AV69: =AU69/AT69 -> 122.91667 | AW69: =RANK(AV69, $AV$67:$AV$69) -> 1
C70: 4
C71: 5
C72: 6
C73: 7
C74: 8
C75: 9
C76: 10
C77: 11
C78: 12
C79: 13
C80: 14
C81: 15
B82: 產線配置圖－每週更新 | N82: 資料繳交 | O82: 日期 | P82: 45923 | U82: 45924 | Z82: 45925 | AE82: 45926 | AJ82: 45927 | AO82: 45928 | AT82: 45929
P83: 二 | U83: 三 | Z83: 四 | AE83: 五 | AJ83: 六 | AO83: 日 | AT83: 一
B84: 品群 | C84: 商品名稱 | E84: 計畫 | H84: 平均人時性 | I84: 實績 | L84: 平均人時性 | M84: 排名 | O84: 日報 | P84: 實際 | T84: 平均人時性 | U84: 實際 | Y84: 平均人時性 | Z84: 實際 | AD84: 平均人時性 | AE84: 實際 | AI84: 平均人時性 | AJ84: 實際 | AN84: 平均人時性 | AO84: 實際 | AS84: 平均人時性 | AT84: 實際 | AX84: 平均人時性
E85: 產線配置圖 | I85: 產線配置圖 | P85: 生產實績 | U85: 生產實績 | Z85: 生產實績 | AE85: 生產實績 | AJ85: 生產實績 | AO85: 生產實績 | AT85: 生產實績
E86: 人數 | F86: 產能／時 | G86: 人時性 | I86: 人數 | J86: 產能／時 | K86: 人時性 | P86: 人數 | Q86: 產能／時 | R86: 人時性 | S86: 排名 | U86: 人數 | V86: 產能／時 | W86: 人時性 | X86: 排名 | Z86: 人數 | AA86: 產能／時 | AB86: 人時性 | AC86: 排名 | AE86: 人數 | AF86: 產能／時 | AG86: 人時性 | AH86: 排名 | AJ86: 人數 | AK86: 產能／時 | AL86: 人時性 | AM86: 排名 | AO86: 人數 | AP86: 產能／時 | AQ86: 人時性 | AR86: 排名 | AT86: 人數 | AU86: 產能／時 | AV86: 人時性 | AW86: 排名
B87: 微波小吃 | C87: 1 | D87: 小滷青蔬 | E87: =VLOOKUP(D87,'09產線配置圖'!$A$2:$C$25,2,0) -> 13 | F87: =VLOOKUP(D87,'09產線配置圖'!$A$2:$C$25,3,0) -> 1565 | G87: =F87/E87 -> 120.38462 | H87: =AVERAGE(G87:G101) -> 127.07265 | I87: =AVERAGE(P87,U87,Z87,AE87,AJ87,AO87,AT87) -> 13.142857 | J87: =AVERAGE(Q87,V87,AA87,AF87,AK87,AP87,AU87) -> 1482.8571 | K87: =AVERAGE(R87,W87,AB87,AG87,AL87,AQ87,AV87) -> 112.81319 | L87: =IFERROR(AVERAGE(K87:K101),"-") -> 110.54884 | M87: =RANK(K87, K$87:$K$101) -> 1 | P87: 14 | Q87: 1596 | R87: =Q87/P87 -> 114 | S87: =RANK(R87,$R$87:$R$101) -> 3 | T87: =AVERAGE(R87:R101) -> 122.91667 | U87: 13 | V87: 1491 | W87: =V87/U87 -> 114.69231 | X87: =RANK(W87,$W$87:$W$90) -> 1 | Y87: =AVERAGE(W87:W101) -> 103.20299 | Z87: 13 | AA87: 1314 | AB87: =AA87/Z87 -> 101.07692 | AC87: =RANK(AB87,$AB$87:$AB$101) -> 3 | AD87: =AVERAGE(AB87:AB101) -> 109.47009 | AE87: 13 | AF87: 1475 | AG87: =AF87/AE87 -> 113.46154 | AH87: =RANK(AG87,$AG$87:$AG$101) -> 1 | AI87: =AVERAGE(AG87:AG101) -> 103.4594 | AJ87: 13 | AK87: 1477 | AL87: =AK87/AJ87 -> 113.61538 | AM87: =RANK(AL87,$AL$87:$AL$90) -> 2 | AN87: =AVERAGE(AL87:AL101) -> 107.28846 | AO87: 13 | AP87: 1560 | AQ87: =AP87/AO87 -> 120 | AR87: =RANK(AQ87,$AQ$87:$AQ$101) -> 1 | AS87: =AVERAGE(AQ87:AQ101) -> 110.72222 | AT87: 13 | AU87: 1467 | AV87: =AU87/AT87 -> 112.84615 | AW87: =RANK(AV87,$AV$87:$AV$101) -> 2 | AX87: =AVERAGE(AV87:AV101) -> 116.78205
C88: 2 | D88: 起司馬鈴薯 | E88: =VLOOKUP(D88,'09產線配置圖'!$A$2:$C$25,2,0) -> 12 | F88: =VLOOKUP(D88,'09產線配置圖'!$A$2:$C$25,3,0) -> 1565 | G88: =F88/E88 -> 130.41667 | I88: =AVERAGE(P88,U88,Z88,AE88,AJ88,AO88,AT88) -> 12 | J88: =AVERAGE(Q88,V88,AA88,AF88,AK88,AP88,AU88) -> 1327.5714 | K88: =AVERAGE(R88,W88,AB88,AG88,AL88,AQ88,AV88) -> 110.63095 | M88: =RANK(K88, K$87:$K$101) -> 2 | P88: 12 | Q88: 1560 | R88: =Q88/P88 -> 130 | S88: =RANK(R88,$R$87:$R$101) -> 1 | U88: 12 | V88: 1059 | W88: =V88/U88 -> 88.25 | X88: =RANK(W88,$W$87:$W$90) -> 3 | Z88: 12 | AA88: 1259 | AB88: =AA88/Z88 -> 104.91667 | AC88: =RANK(AB88,$AB$87:$AB$101) -> 2 | AE88: 12 | AF88: 1264 | AG88: =AF88/AE88 -> 105.33333 | AH88: =RANK(AG88,$AG$87:$AG$101) -> 2 | AJ88: 12 | AK88: 1538 | AL88: =AK88/AJ88 -> 128.16667 | AM88: =RANK(AL88,$AL$87:$AL$90) -> 1 | AO88: 12 | AP88: 1281 | AQ88: =AP88/AO88 -> 106.75 | AR88: =RANK(AQ88,$AQ$87:$AQ$101) -> 2 | AT88: 12 | AU88: 1332 | AV88: =AU88/AT88 -> 111 | AW88: =RANK(AV88,$AV$87:$AV$101) -> 3
C89: 3 | D89: 台式綜合甜不辣 | E89: =VLOOKUP(D89,'09產線配置圖'!$A$2:$C$25,2,0) -> 12 | F89: =VLOOKUP(D89,'09產線配置圖'!$A$2:$C$25,3,0) -> 1565 | G89: =F89/E89 -> 130.41667 | I89: =AVERAGE(P89,U89,Z89,AE89,AJ89,AO89,AT89) -> 12 | J89: =AVERAGE(Q89,V89,AA89,AF89,AK89,AP89,AU89) -> 1298.4286 | K89: =AVERAGE(R89,W89,AB89,AG89,AL89,AQ89,AV89) -> 108.20238 | M89: =RANK(K89, K$87:$K$101) -> 3 | P89: 12 | Q89: 1497 | R89: =Q89/P89 -> 124.75 | S89: =RANK(R89,$R$87:$R$101) -> 2 | U89: 12 | V89: 1280 | W89: =V89/U89 -> 106.66667 | X89: =RANK(W89,$W$87:$W$90) -> 2 | Z89: 12 | AA89: 1469 | AB89: =AA89/Z89 -> 122.41667 | AC89: =RANK(AB89,$AB$87:$AB$101) -> 1 | AE89: 12 | AF89: 1099 | AG89: =AF89/AE89 -> 91.583333 | AH89: =RANK(AG89,$AG$87:$AG$101) -> 3 | AJ89: 12 | AK89: 961 | AL89: =AK89/AJ89 -> 80.083333 | AM89: =RANK(AL89,$AL$87:$AL$90) -> 3 | AO89: 12 | AP89: 1265 | AQ89: =AP89/AO89 -> 105.41667 | AR89: =RANK(AQ89,$AQ$87:$AQ$101) -> 3 | AT89: 12 | AU89: 1518 | AV89: =AU89/AT89 -> 126.5 | AW89: =RANK(AV89,$AV$87:$AV$101) -> 1
C90: 4
C91: 5
C92: 6
C93: 7
C94: 8
C95: 9
C96: 10
C97: 11
C98: 12
C99: 13
C100: 14
...

Sheet 生產管理報表 7-1(月)
A1: 生產管理報表
A3: （７）原因別分析
A5: 業績金額 | B5: 75756497
A6: 項目 | B6: 合計 | E6: 項目 | F6: 1 | H6: 2 | J6: 3 | L6: 4
F7: 展開量高於１０5％ | H7: 調理多產 | J7: 製程不穩 | L7: 抓樣不穩
B8: 金額 | C8: 比例 | F8: 金額 | G8: 比例 | H8: 金額 | I8: 比例 | J8: 金額 | K8: 比例 | L8: 金額 | M8: 比例
A9: 報廢 | B9: 536966 | C9: 0.0070880614 | E9: 報廢 | G9: =IFERROR(F9/$B$9,"") -> 0 | H9: 82822.54 | I9: =IFERROR(H9/$B$9,"") -> 0.15424168 | K9: =IFERROR(J9/$B$9,"") -> 0 | L9: 17861.19 | M9: =IFERROR(L9/$B$9,"") -> 0.033263168
A10: 超用 | B10: 466654 | C10: 0.0061599286 | E10: 超用 | G10: =IFERROR(F10/$B$10,"") -> 0 | I10: =IFERROR(H10/$B$10,"") -> 0 | J10: 1549.2 | K10: =IFERROR(J10/$B$10,"") -> 0.0033198044 | L10: 276203.4 | M10: =IFERROR(L10/$B$10,"") -> 0.59188049
E11: 項目 | F11: 5 | H11: 6 | J11: 7 | L11: 8
F12: 原物料規格 | H12: 研發設定 | J12: 其他原因 | L12: 步留不足
F13: 金額 | G13: 比例 | H13: 金額 | I13: 比例 | J13: 金額 | K13: 比例 | L13: 金額 | M13: 比例
E14: 報廢 | F14: 924 | G14: =IFERROR(F14/$B$9,"") -> 0.0017207793 | H14: 22236.96 | I14: =IFERROR(H14/$B$9,"") -> 0.041412231 | J14: 241284.63 | K14: =IFERROR(J14/$B$9,"") -> 0.44934806 | M14: =IFERROR(L14/$B$9,"") -> 0
E15: 超用 | F15: 16809.3 | G15: =IFERROR(F15/$B$10,"") -> 0.036020906 | H15: 55376.4 | I15: =IFERROR(H15/$B$10,"") -> 0.11866694 | J15: 2249.5 | K15: =IFERROR(J15/$B$10,"") -> 0.004820488 | M15: =IFERROR(L15/$B$10,"") -> 0

Sheet 生產管理報表 8-1
A1: 生產管理報表
A3: （８）報廢原因別前幾名品項
A5: 類型 | B5: 1 | D5: 2 | F5: 3 | H5: 4 | J5: 5 | L5: 6 | N5: 7 | P5: 8
B6: 展開量高於１０5％ | D6: 調理多產 | F6: 製程不穩 | H6: 抓樣不穩 | J6: 原物料規格 | L6: 研發設定 | N6: 其他原因 | P6: 步留因素
A8: 類型 | C8: 排名 | D8: 商品名 | G8: 半成品名 | J8: 單價 | K8: 報廢率 | L8: 數量 | M8: 金額 | N8: 前週比 | O8: 主要原因&對策
A9: 1 | B9: 展開量高於１０5％ | C9: 1 | M9: =L9*J9 -> 0
C10: 2 | M10: =L10*J10 -> 0
C11: 3 | M11: =L11*J11 -> 0
C12: 4 | M12: =L12*J12 -> 0
C13: 5 | M13: =L13*J13 -> 0
J14: 前幾名合計比例 | K14: =M14/#REF! -> #REF! | L14: 前幾名合計金額 | M14: =SUM(M9:M13) -> 0
A16: 類型 | C16: 排名 | D16: 商品名 | G16: 半成品名 | J16: 單價 | K16: 報廢率 | L16: 數量 | M16: 金額 | N16: 前週比 | O16: 主要原因&對策
A17: 2 | B17: 調理多產 | C17: 1 | D17: 焗烤起司雙饗筆尖麵 | G17: 烤重煙燻培根絲 | J17: 536.89 | K17: 0.0356 | L17: 3.77 | M17: =L17*J17 -> 2024.0753 | N17: 2.494
C18: 2 | D18: 焗烤起司雙饗筆尖麵 | G18: 切焗烤起司 | J18: 420.41 | K18: 0.0146 | L18: 2.1 | M18: =L18*J18 -> 882.861 | N18: 1.573
C19: 3 | D19: 拿坡里義大利麵 | G19: 拌-蕃茄醬麵 | J19: 58.22 | K19: 0.012 | L19: 14.03 | M19: =L19*J19 -> 816.8266 | N19: 1.02
C20: 4 | D20: 白酒蛤蜊義大利麵 | G20: 蒸蛤蜊-肉(112年) | J20: 575.72 | K20: 0.0292 | L20: 1.1 | M20: =L20*J20 -> 633.292 | N20: 0.554
C21: 5 | D21: 白酒蛤蜊義大利麵 | G21: 煮日製1.4義大利麵 | J21: 47.89 | K21: 0.0155 | L21: 13.24 | M21: =L21*J21 -> 634.0636 | N21: 0.642
J22: 前幾名合計比例 | K22: =M22/#REF! -> #REF! | L22: 前幾名合計金額 | M22: =SUM(M17:M21) -> 4991.1185
A24: 類型 | C24: 排名 | D24: 商品名 | G24: 半成品名 | J24: 單價 | K24: 報廢率 | L24: 數量 | M24: 金額 | N24: 前月比 | O24: 主要原因&對策
A25: 3 | B25: 製程不穩 | C25: 1 | M25: =L25*J25 -> 0
C26: 2 | M26: =L26*J26 -> 0
C27: 3 | M27: =L27*J27 -> 0
C28: 4 | M28: =L28*J28 -> 0
C29: 5 | M29: =L29*J29 -> 0
J30: 前幾名合計比例 | K30: =M30/#REF! -> #REF! | L30: 前幾名合計金額 | M30: =SUM(M25:M29) -> 0

Sheet 生產管理報表 8-2
A1: 生產管理報表
A3: （８）報廢原因別前幾名品項
A5: 類型 | B5: 1 | D5: 2 | F5: 3 | H5: 4 | J5: 5 | L5: 6 | N5: 7 | P5: 8
B6: 展開量高於１０5％ | D6: 調理多產 | F6: 製程不穩 | H6: 抓樣不穩 | J6: 原物料規格 | L6: 研發設定 | N6: 其他原因 | P6: 步留因素
A8: 類型 | C8: 排名 | D8: 商品名 | G8: 半成品名 | J8: 單價 | K8: 報廢率 | L8: 數量 | M8: 金額 | N8: 前週比 | O8: 主要原因&對策
A9: 4 | B9: 抓樣不穩 | C9: 1 | D9: 奶油明太子細扁麵 | G9: 煮細扁麵 | J9: 41 | K9: 0.0458 | L9: 17.1 | M9: =L9*J9 -> 701.1 | O9: 抓樣不穩→人員教育訓練
C10: 2 | D10: 白酒蛤蜊義大利麵 | G10: 義麵-海鮮湯凍(113年) | J10: 140.62 | K10: 0.0182 | L10: 4.81 | M10: =L10*J10 -> 676.3822 | O10: 抓樣不穩→人員教育訓練
C11: 3 | D11: 白酒蛤蜊義大利麵 | G11: 蒸蛤蜊-肉(112年) | J11: 575.72 | K11: 0.0067 | L11: 0.91 | M11: =L11*J11 -> 523.9052 | N11: 0.923 | O11: 抓樣不穩→人員教育訓練
C12: 4 | D12: 白酒蛤蜊義大利麵 | G12: 川燙青花菜(N7) | J12: 136.89 | K12: 0.0429 | L12: 1.61 | M12: =L12*J12 -> 220.3929 | O12: 抓樣不穩→人員教育訓練
C13: 5 | M13: =L13*J13 -> 0
J14: 前幾名合計比例 | K14: =M14/#REF! -> #REF! | L14: 前幾名合計金額 | M14: 0
A16: 類型 | C16: 排名 | D16: 商品名 | G16: 半成品名 | J16: 單價 | K16: 報廢率 | L16: 數量 | M16: 金額 | N16: 前週比 | O16: 主要原因&對策
A17: 5 | B17: 原物料規格 | C17: 1 | D17: 韓式辣醬肉丸義大利麵 | G17: 煮辣味肉丸子 | J17: 5.3 | K17: 0.008 | L17: 58 | M17: =L17*J17 -> 307.4
C18: 2 | D18: 奶油蒜香雞義大利麵 | G18: 20切-烤香蒜腿丁 | J18: 2.8 | K18: 0.005 | L18: 90 | M18: =L18*J18 -> 252
C19: 3 | D19: 奶油培根義大利麵 | G19: 切-烤重煙燻培根片(湖)15mm | J19: 4.5 | K19: 0.003 | L19: 45 | M19: =L19*J19 -> 202.5
C20: 4 | D20: 青花椒麻雞肉拌麵 | G20: 6切-烤調色青花椒棒腿肉 | J20: 2.9 | K20: 0.006 | L20: 55 | M20: =L20*J20 -> 159.5
C21: 5 | M21: =L21*J21 -> 0
J22: 前幾名合計比例 | K22: =M22/#REF! -> #REF! | L22: 前幾名合計金額 | M22: 0
A24: 類型 | C24: 排名 | D24: 商品名 | G24: 半成品名 | J24: 單價 | K24: 報廢率 | L24: 數量 | M24: 金額 | N24: 前月比 | O24: 主要原因&對策
A25: 6 | B25: 研發設定 | C25: 1 | D25: 韓式炸雞義大利麵 | G25: 拌韓式炸雞 | J25: 335.3 | K25: 0.0118 | L25: 9.72 | M25: =L25*J25 -> 3259.116 | N25: 0.772 | O25: 此半成品須拆兩種半成品混拌→醬減少，包裝55G~60G(現60G~65G)
C26: 2 | M26: =L26*J26 -> 0
C27: 3 | M27: =L27*J27 -> 0
C28: 4
C29: 5
J30: 前幾名合計比例 | K30: =M30/#REF! -> #REF! | L30: 前幾名合計金額 | M30: 0
A32: 類型 | C32: 排名 | D32: 商品名 | G32: 半成品名 | J32: 單價 | K32: 報廢率 | L32: 數量 | M32: 金額 | N32: 前月比 | O32: 主要原因&對策
A33: 7 | B33: 製程不穩 | C33: 1 | M33: 0
C34: 2 | M34: 0
C35: 3 | M35: 0
C36: 4 | M36: 0
C37: 5 | M37: 0
J38: 前幾名合計比例 | K38: =M38/#REF! -> #REF! | L38: 前幾名合計金額 | M38: 0

Sheet 生產管理報表 9
A1: 生產管理報表
A3: （9）步留因素
A5: 類型 | B5: 1 | D5: 2 | F5: 3 | H5: 4 | J5: 5 | L5: 6 | N5: 7 | P5: 8
B6: 展開量高於１０5％ | D6: 調理多產 | F6: 製程不穩 | H6: 抓樣不穩 | J6: 原物料規格 | L6: 研發設定 | N6: 其他原因 | P6: 步留因素
A8: 類型 | B8: No. | C8: 商品名 | F8: 半成品名 | I8: 單價 | J8: 規格 | K8: 實績 | L8: 差異 | M8: 主要原因&對策
A9: 作業原因 | B9: 1 | L9: =K9-J9 -> 0
B10: 2 | L10: =K10-J10 -> 0
B11: 3 | L11: =K11-J11 -> 0
B12: 4 | L12: =K12-J12 -> 0
B13: 5 | L13: =K13-J13 -> 0
A15: 類型 | B15: No. | C15: 商品名 | F15: 半成品名 | I15: 單價 | J15: 規格 | K15: 實績 | L15: 差異 | M15: 主要原因&對策
A16: 原料原因 | B16: 1 | L16: =K16-J16 -> 0
B17: 2 | L17: =K17-J17 -> 0
B18: 3 | L18: =K18-J18 -> 0
B19: 4 | L19: =K19-J19 -> 0
B20: 5 | L20: =K20-J20 -> 0

Sheet 報廢－原因別分析
B2: 報廢前十名紀錄表
B3: 日期 | D3: 明細展開 | G3: 生產資訊 | T3: 類別 | U3: 分析原因 | V3: 其他原因說明 | W3: 次數 | X3: 備註-商品名稱 | Z3: 分析原因（件）
D4: 排序 | E4: 半成品 | G4: 生產端 | O4: 組合端
E5: 名稱 | F5: 報廢金額 | G5: 產出量 | O5: 報廢 | Q5: 超用
G6: 訂單需求 (kg) | H6: 實際產出 (kg) | I6: 實際產出占比 | J6: 補單 (kg) | K6: 補單占比 | L6: 單價 (元) | M6: 實際生產 (對比訂單需求) | N6: 差異 (元) | O6: kg | P6: 占比 | Q6: kg | R6: 占比 | S6: 金額 (元) | Z6: 總件數 | AA6: 展開量105% | AB6: 調理多產 | AC6: 製程不穩 | AD6: 抓樣不穩 | AE6: 原物料規格 | AF6: 研發設定 | AG6: 其他原因 | AH6: 步留不足
B7: 45901 | C7: 一 | D7: 1 | E7: 拌韓式炸雞 | F7: 2251 | G7: 222.5 | H7: 231.6 | I7: =H7/G7 -> 1.0408989 | J7: 0 | K7: =J7/G7 -> 0 | L7: 335.3 | M7: =(H7+J7)/G7 -> 1.0408989 | N7: 3051 | O7: 2.39 | P7: 0.011 | Q7: 6.7 | R7: 0.03 | S7: 2251.2 | T7: 研發 | U7: 研發設定 | V7: 此半成品須拆兩種半成品混拌，製成率正常，炸雞為秤重物料55g以上，炸雞一塊9g以上 | W7: 1 | X7: 韓式炸雞義大利麵 | Y7: w1 | Z7: =SUM(W7:W46) -> 40 | AA7: =SUMIF($U$7:$U$10000,TRIM(AA6),$W$7:$W$46) -> 0 | AB7: =SUMIF($U$7:$U$10000,TRIM(AB6),$W$7:$W$46) -> 148 | AC7: =SUMIF($U$7:$U$10000,TRIM(AC6),$W$7:$W$46) -> 0 | AD7: =SUMIF($U$7:$U$10000,TRIM(AD6),$W$7:$W$46) -> 23 | AE7: =SUMIF($U$7:$U$10000,TRIM(AE6),$W$7:$W$46) -> 4 | AF7: =SUMIF($U$7:$U$10000,TRIM(AF6),$W$7:$W$46) -> 27 | AG7: =SUMIF($U$7:$U$10000,TRIM(AG6),$W$7:$W$46) -> 98 | AH7: =SUMIF($U$7:$U$10000,TRIM(AH6),$W$7:$W$46) -> 0
D8: 2 | E8: 義麵-蒜味奶油湯凍 | F8: 595 | G8: 153 | H8: 154.4 | I8: =H8/G8 -> 1.0091503 | J8: 0 | K8: =J8/G8 -> 0 | L8: 162.4 | M8: =(H8+J8)/G8 -> 1.0091503 | N8: 217 | O8: 3.66 | P8: 0.024 | Q8: -2.3 | R8: -0.015 | S8: -378.2 | T8: 調理 | U8: 調理多產 | W8: 1 | X8: 奶油蒜香雞義大利麵 | AA8: =SUMIF($U$7:$U$466,TRIM(AA6),$F$7:$F$46) -> 0 | AB8: =SUMIF($U$7:$U$466,TRIM(AB6),$F$7:$F$46) -> 81904.852 | AC8: =SUMIF($U$7:$U$466,TRIM(AC6),$F$7:$F$46) -> 0 | AD8: =SUMIF($U$7:$U$466,TRIM(AD6),$F$7:$F$46) -> 18148.682 | AE8: =SUMIF($U$7:$U$466,TRIM(AE6),$F$7:$F$46) -> 924 | AF8: =SUMIF($U$7:$U$466,TRIM(AF6),$F$7:$F$46) -> 22748.63 | AG8: =SUMIF($U$7:$U$466,TRIM(AG6),$F$7:$F$46) -> 234620.27 | AH8: =SUMIF($U$7:$U$466,TRIM(AH6),$F$7:$F$46) -> 0
D9: 3 | E9: 切-匈牙利雞胸排 | F9: 453 | G9: 106.8 | H9: 107.6 | I9: =H9/G9 -> 1.0074906 | J9: 0 | K9: =J9/G9 -> 0 | L9: 356.4 | M9: =(H9+J9)/G9 -> 1.0074906 | N9: 292 | O9: 1.27 | P9: 0.012 | Q9: -0.5 | R9: -0.004 | S9: -161.1 | T9: 研發 | U9: 研發設定 | V9: 設定49g，組裝使用6塊 | W9: 1 | X9: 熱那亞青醬義大利麵 | Z9: =SUM(W47:W116) -> 70 | AA9: =SUMIF($U$47:$U$116,TRIM(AA6),$W$47:$W$116) -> 0 | AB9: =SUMIF($U$47:$U$116,TRIM(AB6),$W$47:$W$116) -> 46 | AC9: =SUMIF($U$47:$U$116,TRIM(AC6),$W$47:$W$116) -> 0 | AD9: =SUMIF($U$47:$U$116,TRIM(AD6),$W$47:$W$116) -> 8 | AE9: =SUMIF($U$47:$U$116,TRIM(AE6),$W$47:$W$116) -> 0 | AF9: =SUMIF($U$47:$U$116,TRIM(AF6),$W$47:$W$116) -> 5 | AG9: =SUMIF($U$47:$U$116,TRIM(AG6),$W$47:$W$116) -> 11 | AH9: =SUMIF($U$47:$U$116,TRIM(AH6),$W$47:$W$116) -> 0
D10: 4 | E10: 茄豬肉醬 | F10: 367 | G10: 255.3 | H10: 257.8 | I10: =H10/G10 -> 1.0097924 | J10: 0 | K10: =J10/G10 -> 0 | L10: 115.1 | M10: =(H10+J10)/G10 -> 1.0097924 | N10: 289 | O10: 3.19 | P10: 0.012 | Q10: -0.7 | R10: -0.003 | S10: -78 | T10: 調理 | U10: 調理多產 | W10: 1 | X10: 羊乳起司培根筆尖麵 | Y10: w2 | AA10: =SUMIF($U$47:$U$116,TRIM(AA6),$F$47:$F$116) -> 0 | AB10: =SUMIF($U$47:$U$116,TRIM(AB6),$F$47:$F$116) -> 19420.175 | AC10: =SUMIF($U$47:$U$116,TRIM(AC6),$F$47:$F$116) -> 0 | AD10: =SUMIF($U$47:$U$116,TRIM(AD6),$F$47:$F$116) -> 5897.431 | AE10: =SUMIF($U$47:$U$116,TRIM(AE6),$F$47:$F$116) -> 0 | AF10: =SUMIF($U$47:$U$116,TRIM(AF6),$F$47:$F$116) -> 2779.9723 | AG10: =SUMIF($U$47:$U$116,TRIM(AG6),$F$47:$F$116) -> 36207.786 | AH10: =SUMIF($U$47:$U$116,TRIM(AH6),$F$47:$F$116) -> 0
D11: 5 | E11: 烤重煙燻培根絲 | F11: 359 | G11: 21.5 | H11: 21.8 | I11: =H11/G11 -> 1.0139535 | J11: 0 | K11: =J11/G11 -> 0 | L11: 570 | M11: =(H11+J11)/G11 -> 1.0139535 | N11: 1911 | O11: 0.63 | P11: 0.029 | Q11: -0.4 | R11: -0.018 | S11: -215.5 | T11: 調理 | U11: 調理多產 | W11: 1 | X11: 黑胡椒燻火腿義大利麵
D12: 6 | E12: 炒-煮蕃茄牛絞肉 | F12: 355 | G12: 59.7 | H12: 59.8 | I12: =H12/G12 -> 1.001675 | J12: 0 | K12: =J12/G12 -> 0 | L12: 697.5 | M12: =(H12+J12)/G12 -> 1.001675 | N12: 59 | O12: 0.51 | P12: 0.009 | Q12: -0.4 | R12: -0.007 | S12: -295.7 | T12: 調理 | U12: 調理多產 | W12: 1 | X12: 義式蕃茄起司義大利麵 | Z12: =SUM(W117:W186) -> 70 | AA12: =SUMIF($U$117:$U$186,TRIM(AA6),$W$117:$W$186) -> 0 | AB12: =SUMIF($U$117:$U$186,TRIM(AB6),$W$117:$W$186) -> 49 | AC12: =SUMIF($U$117:$U$186,TRIM(AC6),$W$117:$W$186) -> 0 | AD12: =SUMIF($U$117:$U$186,TRIM(AD6),$W$117:$W$186) -> 10 | AE12: =SUMIF($U$117:$U$186,TRIM(AE6),$W$117:$W$186) -> 0 | AF12: =SUMIF($U$117:$U$186,TRIM(AF6),$W$117:$W$186) -> 5 | AG12: =SUMIF($U$117:$U$186,TRIM(AG6),$W$117:$W$186) -> 6 | AH12: =SUMIF($U$117:$U$186,TRIM(AH6),$W$117:$W$186) -> 0
D13: 7 | E13: 解凍黑胡椒燻豬肉卷(切片3mm) | F13: 340 | G13: 4302 | H13: 4358 | I13: =H13/G13 -> 1.0130172 | J13: 0 | K13: =J13/G13 -> 0 | L13: 6.1 | M13: =(H13+J13)/G13 -> 1.0130172 | N13: 340 | O13: 56 | P13: 0.013 | Q13: 0 | R13: 0 | S13: 0 | T13: 研發 | U13: 研發設定 | V13: 設定49g，組裝使用2片 | W13: 1 | X13: 黑胡椒燻火腿義大利麵 | Y13: w3 | AA13: =SUMIF($U$117:$U$186,TRIM(AA6),$F$117:$F$186) -> 0 | AB13: =SUMIF($U$117:$U$186,TRIM(AB6),$F$117:$F$186) -> 36918.222 | AC13: =SUMIF($U$117:$U$186,TRIM(AC6),$F$117:$F$186) -> 0 | AD13: =SUMIF($U$117:$U$186,TRIM(AD6),$F$117:$F$186) -> 9427.2828 | AE13: =SUMIF($U$117:$U$186,TRIM(AE6),$F$117:$F$186) -> 0 | AF13: =SUMIF($U$117:$U$186,TRIM(AF6),$F$117:$F$186) -> 4556.3491 | AG13: =SUMIF($U$117:$U$186,TRIM(AG6),$F$117:$F$186) -> 7362.4881 | AH13: =SUMIF($U$117:$U$186,TRIM(AH6),$F$117:$F$186) -> 0
D14: 8 | E14: 煮日製義大利麵(108) | F14: 336 | G14: 815.8 | H14: 836.4 | I14: =H14/G14 -> 1.0252513 | J14: 0 | K14: =J14/G14 -> 0 | L14: 35.9 | M14: =(H14+J14)/G14 -> 1.0252513 | N14: 742 | O14: 9.35 | P14: 0.011 | Q14: 11.3 | R14: 0.014 | S14: 406.3 | T14: 調理 | U14: 調理多產 | W14: 1 | X14: 韓式炸雞義大利麵
D15: 9 | E15: 煮日製義大利麵(108) | F15: 326 | G15: 1314.3 | H15: 1314.5 | I15: =H15/G15 -> 1.0001522 | J15: 0 | K15: =J15/G15 -> 0 | L15: 34.6 | M15: =(H15+J15)/G15 -> 1.0001522 | N15: 9 | O15: 9.43 | P15: 0.007 | Q15: -9.2 | R15: -0.007 | S15: -317.3 | T15: 調理 | U15: 調理多產 | W15: 1 | X15: 義式蕃茄起司義大利麵 | Z15: =SUM(W187:W256) -> 70 | AA15: =SUMIF($U$187:$U$256,TRIM(AA6),$W$187:$W$256) -> 0 | AB15: =SUMIF($U$187:$U$256,TRIM(AB6),$W$187:$W$256) -> 16 | AC15: =SUMIF($U$187:$U$256,TRIM(AC6),$W$187:$W$256) -> 0 | AD15: =SUMIF($U$187:$U$256,TRIM(AD6),$W$187:$W$256) -> 4 | AE15: =SUMIF($U$187:$U$256,TRIM(AE6),$W$187:$W$256) -> 4 | AF15: =SUMIF($U$187:$U$256,TRIM(AF6),$W$187:$W$256) -> 5 | AG15: =SUMIF($U$187:$U$256,TRIM(AG6),$W$187:$W$256) -> 41 | AH15: =SUMIF($U$187:$U$256,TRIM(AH6),$W$187:$W$256) -> 0
D16: 10 | E16: 混蒜酥洋香菜(114年) | F16: 316 | G16: 13.6 | H16: 13.7 | I16: =H16/G16 -> 1.0073529 | J16: 0 | K16: =J16/G16 -> 0 | L16: 922.7 | M16: =(H16+J16)/G16 -> 1.0073529 | N16: 73 | O16: 0.34 | P16: 0.025 | Q16: -0.3 | R16: -0.019 | S16: -243.6 | T16: 調理 | U16: 調理多產 | W16: 1 | X16: 奶油蒜香雞義大利麵 | Y16: w4 | AA16: =SUMIF($U$187:$U$256,TRIM(AA6),$F$187:$F$256) -> 0 | AB16: =SUMIF($U$187:$U$256,TRIM(AB6),$F$187:$F$256) -> 9466.6914 | AC16: =SUMIF($U$187:$U$256,TRIM(AC6),$F$187:$F$256) -> 0 | AD16: =SUMIF($U$187:$U$256,TRIM(AD6),$F$187:$F$256) -> 2315.5336 | AE16: =SUMIF($U$187:$U$256,TRIM(AE6),$F$187:$F$256) -> 924 | AF16: =SUMIF($U$187:$U$256,TRIM(AF6),$F$187:$F$256) -> 3431.5198 | AG16: =SUMIF($U$187:$U$256,TRIM(AG6),$F$187:$F$256) -> 94047.614 | AH16: =SUMIF($U$187:$U$256,TRIM(AH6),$F$187:$F$256) -> 0
B17: 45902 | C17: 二 | D17: 1 | E17: 拌韓式炸雞 | F17: 1492.085 | G17: 212.4 | H17: 221.424 | I17: =H17/G17 -> 1.0424859 | J17: 0 | K17: =J17/G17 -> 0 | L17: 335.3 | M17: =(H17+J17)/G17 -> 1.0424859 | N17: 3025.7472 | O17: 4.45 | P17: 0.020951036 | Q17: 4.574 | R17: 0.02153484 | S17: 1533.6622 | T17: 研發 | U17: 研發設定 | V17: 此半成品須拆兩種半成品混拌，製成率正常，炸雞為秤重物料55g以上，炸雞一塊9g以上 | W17: 1 | X17: 韓式炸雞義大利麵
D18: 2 | E18: 茄豬肉醬 | F18: 1252.0704 | G18: 254.87 | H18: 268 | I18: =H18/G18 -> 1.0515165 | J18: 0 | K18: =J18/G18 -> 0 | L18: 115.08 | M18: =(H18+J18)/G18 -> 1.0515165 | N18: 1511.0004 | O18: 10.88 | P18: 0.042688429 | Q18: 2.25 | R18: 0.00882803 | S18: 258.93 | T18: 生管預估 | U18: 其他原因 | V18: 預估>實際 | W18: 1 | X18: 羊乳起司培根筆尖麵 | Z18: =SUM(W257:W326) -> 60 | AA18: =SUMIF($U$257:$U$326,TRIM(AA6),$W$257:$W$326) -> 0 | AB18: =SUMIF($U$257:$U$326,TRIM(AB6),$W$257:$W$326) -> 13 | AC18: =SUMIF($U$257:$U$326,TRIM(AC6),$W$257:$W$326) -> 0 | AD18: =SUMIF($U$257:$U$326,TRIM(AD6),$W$257:$W$326) -> 1 | AE18: =SUMIF($U$257:$U$326,TRIM(AE6),$W$257:$W$326) -> 0 | AF18: =SUMIF($U$257:$U$326,TRIM(AF6),$W$257:$W$326) -> 4 | AG18: =SUMIF($U$257:$U$326,TRIM(AG6),$W$257:$W$326) -> 32 | AH18: =SUMIF($U$257:$U$326,TRIM(AH6),$W$257:$W$326) -> 0
D19: 3 | E19: 拌-蕃茄醬麵 | F19: 614.18108 | G19: 553.52 | H19: 566 | I19: =H19/G19 -> 1.0225466 | J19: 0 | K19: =J19/G19 -> 0 | L19: 58.216216 | M19: =(H19+J19)/G19 -> 1.0225466 | N19: 726.53838 | O19: 10.55 | P19: 0.019059835 | Q19: 1.93 | R19: 0.0034867755 | S19: 112.3573 | T19: 調理 | U19: 調理多產 | W19: 1 | X19: 拿坡里義大利麵 | Y19: w5 | AA19: =SUMIF($U$257:$U$326,TRIM(AA6),$F$257:$F$326) -> 0 | AB19: =SUMIF($U$257:$U$326,TRIM(AB6),$F$257:$F$326) -> 4738.8976 | AC19: =SUMIF($U$257:$U$326,TRIM(AC6),$F$257:$F$326) -> 0 | AD19: =SUMIF($U$257:$U$326,TRIM(AD6),$F$257:$F$326) -> 508.43483 | AE19: =SUMIF($U$257:$U$326,TRIM(AE6),$F$257:$F$326) -> 0 | AF19: =SUMIF($U$257:$U$326,TRIM(AF6),$F$257:$F$326) -> 5666.167 | AG19: =SUMIF($U$257:$U$326,TRIM(AG6),$F$257:$F$326) -> 84638.079 | AH19: =SUMIF($U$257:$U$326,TRIM(AH6),$F$257:$F$326) -> 0
D20: 4 | E20: 義麵-蒜味奶油湯凍 | F20: 571.73998 | G20: 143.19 | H20: 148 | I20: =H20/G20 -> 1.0335917 | J20: 0 | K20: =J20/G20 -> 0 | L20: 162.38 | M20: =(H20+J20)/G20 -> 1.0335917 | N20: 781.0478 | O20: 3.521 | P20: 0.024589706 | Q20: 1.289 | R20: 0.0090020253 | S20: 209.30782 | T20: 調理 | U20: 調理多產 | W20: 1 | X20: 奶油蒜香雞義大利麵
D21: 5 | E21: 義麵-蒜辣黑胡椒湯凍 | F21: 562.95 | G21: 126.75 | H21: 138 | I21: =H21/G21 -> 1.0887574 | J21: 0 | K21: =J21/G21 -> 0 | L21: 81 | M21: =(H21+J21)/G21 -> 1.0887574 | N21: 911.25 | O21: 6.95 | P21: 0.054832347 | Q21: 4.3 | R21: 0.033925049 | S21: 348.3 | T21: 生管預估 | U21: 其他原因 | V21: 預估>實際 | W21: 1 | X21: 黑胡椒燻火腿義大利麵
D22: 6 | E22: 烤重煙燻培根絲 | F22: 518.63574 | G22: 57.59 | H22: 58.062 | I22: =H22/G22 -> 1.0081959 | J22: 0 | K22: =J22/G22 -> 0 | L22: 536.89 | M22: =(H22+J22)/G22 -> 1.0081959 | N22: 253.41208 | O22: 0.966 | P22: 0.016773745 | Q22: -0.494 | R22: -0.0085778781 | S22: -265.22366 | T22: 調理 | U22: 調理多產 | W22: 1 | X22: 焗烤起司雙饗筆尖麵 | Y22: 月合計 | Z22: =SUM(W7:W10000) -> 310 | AA22: =SUMIF($U$7:$U$10000,TRIM(AA6),$W$7:$W$10000) -> 0 | AB22: =SUMIF($U$7:$U$10000,TRIM(AB6),$W$7:$W$10000) -> 148 | AC22: =SUMIF($U$7:$U$10000,TRIM(AC6),$W$7:$W$10000) -> 0 | AD22: =SUMIF($U$7:$U$10000,TRIM(AD6),$W$7:$W$10000) -> 23 | AE22: =SUMIF($U$7:$U$10000,TRIM(AE6),$W$7:$W$10000) -> 4 | AF22: =SUMIF($U$7:$U$10000,TRIM(AF6),$W$7:$W$10000) -> 27 | AG22: =SUMIF($U$7:$U$10000,TRIM(AG6),$W$7:$W$10000) -> 98 | AH22: =SUMIF($U$7:$U$10000,TRIM(AH6),$W$7:$W$10000) -> 0
D23: 7 | E23: 炒-煮蕃茄牛絞肉 | F23: 462.43587 | G23: 59.37 | H23: 59.375 | I23: =H23/G23 -> 1.0000842 | J23: 0 | K23: =J23/G23 -> 0 | L23: 697.49 | M23: =(H23+J23)/G23 -> 1.0000842 | N23: 3.48745 | O23: 0.663 | P23: 0.011167256 | Q23: -0.658 | R23: -0.011083039 | S23: -458.94842 | T23: 調理 | U23: 調理多產 | W23: 1 | X23: 義式蕃茄起司義大利麵 | AA23: =SUMIF($U$7:$U$10000,TRIM(AA6),$F$7:$F$10000) -> 0 | AB23: =SUMIF($U$7:$U$10000,TRIM(AB6),$F$7:$F$10000) -> 81904.852 | AC23: =SUMIF($U$7:$U$10000,TRIM(AC6),$F$7:$F$10000) -> 0 | AD23: =SUMIF($U$7:$U$10000,TRIM(AD6),$F$7:$F$10000) -> 18148.682 | AE23: =SUMIF($U$7:$U$10000,TRIM(AE6),$F$7:$F$10000) -> 924 | AF23: =SUMIF($U$7:$U$10000,TRIM(AF6),$F$7:$F$10000) -> 22748.63 | AG23: =SUMIF($U$7:$U$10000,TRIM(AG6),$F$7:$F$10000) -> 234620.27 | AH23: =SUMIF($U$7:$U$10000,TRIM(AH6),$F$7:$F$10000) -> 0
D24: 8 | E24: 炒蒜味蝦仁(8號) | F24: 451.957 | G24: 52.725 | H24: 53.7 | I24: =H24/G24 -> 1.0184922 | J24: 0 | K24: =J24/G24 -> 0 | L24: 821.74 | M24: =(H24+J24)/G24 -> 1.0184922 | N24: 801.1965 | O24: 0.55 | P24: 0.010431484 | Q24: 0.425 | R24: 0.0080606923 | S24: 349.2395 | T24: 調理 | U24: 調理多產 | W24: 1 | X24: 蒜香蝦蝦義大利麵
D25: 9 | E25: 義麵-煙花女紅醬 | F25: 434.06936 | G25: 187.44 | H25: 189 | I25: =H25/G25 -> 1.0083227 | J25: 0 | K25: =J25/G25 -> 0 | L25: 216.17 | M25: =(H25+J25)/G25 -> 1.0083227 | N25: 337.2252 | O25: 2.008 | P25: 0.010712761 | Q25: -0.448 | R25: -0.0023900982 | S25: -96.84416 | T25: 調理 | U25: 調理多產 | W25: 1 | X25: 煙花女義大利麵
D26: 10 | E26: 奶香白醬 | F26: 430.5275 | G26: 452.16 | H26: 456.05 | I26: =H26/G26 -> 1.0086031 | J26: 0 | K26: =J26/G26 -> 0 | L26: 132.47 | M26: =(H26+J26)/G26 -> 1.0086031 | N26: 515.3083 | O26: 3.25 | P26: 0.0071877212 | Q26: 0.64 | R26: 0.0014154282 | S26: 84.7808 | T26: 調理 | U26: 調理多產 | W26: 1 | X26: 奶油培根義大利麵
B27: 45903 | C27: 三 | D27: 1 | E27: 義麵-煙花女紅醬 | F27: 2324 | G27: 205.9 | H27: 216 | I27: =H27/G27 -> 1.0490529 | J27: 0 | K27: =J27/G27 -> 0 | L27: 216.2 | M27: =(H27+J27)/G27 -> 1.0490529 | N27: 2179 | O27: 10.75 | P27: 0.052 | Q27: -0.7 | R27: -0.003 | S27: -144.8 | T27: 生管預估 | U27: 其他原因 | V27: 預估>實際 | W27: 1 | X27: 煙花女義大利麵
D28: 2 | E28: 茄豬肉醬 | F28: 1692 | G28: 252.9 | H28: 269 | I28: =H28/G28 -> 1.0636615 | J28: 0 | K28: =J28/G28 -> 0 | L28: 115.1 | M28: =(H28+J28)/G28 -> 1.0636615 | N28: 1848 | O28: 14.7 | P28: 0.058 | Q28: 1.4 | R28: 0.005 | S28: 156.5 | T28: 生管預估 | U28: 其他原因 | V28: 預估>實際 | W28: 1 | X28: 羊乳起司培根筆尖麵 | AA28: 1 | AB28: 展開量高於１０5％
D29: 3 | E29: 義麵-韓式辣奶油白醬(114年) | F29: 841 | G29: 318.5 | H29: 318.8 | I29: =H29/G29 -> 1.0009419 | J29: 0 | K29: =J29/G29 -> 0 | L29: 100 | M29: =(H29+J29)/G29 -> 1.0009419 | N29: 26 | O29: 8.4 | P29: 0.026 | Q29: -8.1 | R29: -0.026 | S29: -814.9 | T29: 調理 | U29: 調理多產 | W29: 1 | X29: 韓式炸雞義大利麵 | AA29: 2 | AB29: 調理多產
D30: 4 | E30: 滷-切片高麗菜 | F30: 542 | G30: 396.5 | H30: 406 | I30: =H30/G30 -> 1.0239596 | J30: 0 | K30: =J30/G30 -> 0 | L30: 85 | M30: =(H30+J30)/G30 -> 1.0239596 | N30: 0 | O30: 6.38 | P30: 0.016 | Q30: 3.1 | R30: 0.008 | S30: 262 | T30: 調理 | U30: 調理多產 | W30: 1 | X30: 小滷青蔬 | AA30: 3 | AB30: 製程不穩
D31: 5 | E31: 切-匈牙利雞胸排 | F31: 513 | G31: 103.3 | H31: 104 | I31: =H31/G31 -> 1.0067764 | J31: 0 | K31: =J31/G31 -> 0 | L31: 356.4 | M31: =(H31+J31)/G31 -> 1.0067764 | N31: 227 | O31: 1.44 | P31: 0.014 | Q31: -0.8 | R31: -0.008 | S31: -285.8 | T31: 研發 | U31: 研發設定 | V31: 設定49g，組裝使用2片 | W31: 1 | X31: 熱那亞青醬義大利麵 | AA31: 4 | AB31: 抓樣不穩
D32: 6 | E32: 炒-煮蕃茄牛絞肉 | F32: 479 | G32: 55.4 | H32: 55.6 | I32: =H32/G32 -> 1.0036101 | J32: 0 | K32: =J32/G32 -> 0 | L32: 697.5 | M32: =(H32+J32)/G32 -> 1.0036101 | N32: 109 | O32: 0.69 | P32: 0.012 | Q32: -0.5 | R32: -0.01 | S32: -370.4 | T32: 調理 | U32: 調理多產 | W32: 1 | X32: 義式蕃茄起司義大利麵 | AA32: 5 | AB32: 原物料規格
D33: 7 | E33: 義麵-海鮮湯凍(113年) | F33: 446 | G33: 255.9 | H33: 255.9 | I33: =H33/G33 -> 1 | J33: 0 | K33: =J33/G33 -> 0 | L33: 140.6 | M33: =(H33+J33)/G33 -> 1 | N33: 6 | O33: 3.17 | P33: 0.012 | Q33: -3.1 | R33: -0.012 | S33: -439.3 | T33: 調理 | U33: 調理多產 | W33: 1 | X33: 白酒蛤蜊義大利麵 | AA33: 6 | AB33: 研發設定
D34: 8 | E34: 切焗烤起司 | F34: 441 | G34: 63.8 | H34: 65.1 | I34: =H34/G34 -> 1.0203762 | J34: 0 | K34: =J34/G34 -> 0 | L34: 420.4 | M34: =(H34+J34)/G34 -> 1.0203762 | N34: 434 | O34: 1.05 | P34: 0.016 | Q34: 0.3 | R34: 0.004 | S34: 118.6 | T34: 研發 | U34: 研發設定 | V34: 設定12g，組裝使用4片 | W34: 1 | X34: 焗烤起司雙饗筆尖麵 | AA34: 7 | AB34: 其他原因
D35: 9 | E35: 義麵-經典肉醬(114年) | F35: 418 | G35: 748 | H35: 750.2 | I35: =H35/G35 -> 1.0029412 | J35: 0 | K35: =J35/G35 -> 0 | L35: 156.7 | M35: =(H35+J35)/G35 -> 1.0029412 | N35: 339 | O35: 2.67 | P35: 0.004 | Q35: -0.5 | R35: -0.001 | S35: -79.1 | T35: 調理 | U35: 調理多產 | W35: 1 | X35: 義式蕃茄起司義大利麵 | AA35: 8 | AB35: 步留因素
D36: 10 | E36: 混拌浪花麵 | F36: 368 | G36: 654.1 | H36: 666 | I36: =H36/G36 -> 1.0181929 | J36: 0 | K36: =J36/G36 -> 0 | L36: 54.1 | M36: =(H36+J36)/G36 -> 1.0181929 | N36: 643 | O36: 6.8 | P36: 0.01 | Q36: 5.1 | R36: 0.008 | S36: 274.6 | T36: 調理 | U36: 調理多產 | W36: 1 | X36: 青花椒麻雞肉拌麵
B37: 45904 | C37: 四 | D37: 1 | E37: 義麵-經典肉醬(114年) | F37: 2788.726 | G37: 655.56 | H37: 675 | I37: =H37/G37 -> 1.029654 | J37: 0 | K37: =J37/G37 -> 0 | L37: 156.67 | M37: =(H37+J37)/G37 -> 1.029654 | N37: 3045.6648 | O37: 17.8 | P37: 0.027152358 | Q37: 1.64 | R37: 0.002501678 | S37: 256.9388 | T37: 生管預估 | U37: 其他原因 | V37: 預估>實際 | W37: 1 | X37: 義式蕃茄起司義大利麵
D38: 2 | E38: 義麵-奶油海鮮白醬 | F38: 1645.692 | G38: 189.9 | H38: 204.718 | I38: =H38/G38 -> 1.0780305 | J38: 0 | K38: =J38/G38 -> 0 | L38: 141.9 | M38: =(H38+J38)/G38 -> 1.0780305 | N38: 2102.2297 | O38: 11.6 | P38: 0.061084781 | Q38: 3.218 | R38: 0.016945761 | S38: 456.6342 | T38: 生管預估 | U38: 其他原因 | V38: 預估>實際 | W38: 1 | X38: 焗奶油扇貝筆尖麵 | AA38: 1 | AB38: 調理
D39: 3 | E39: 義麵-蒜味奶油湯凍 | F39: 1307.159 | G39: 124.74 | H39: 135 | I39: =H39/G39 -> 1.0822511 | J39: 0 | K39: =J39/G39 -> 0 | L39: 162.38 | M39: =(H39+J39)/G39 -> 1.0822511 | N39: 1666.0188 | O39: 8.05 | P39: 0.064534231 | Q39: 2.21 | R39: 0.017716851 | S39: 358.8598 | T39: 生管預估 | U39: 其他原因 | V39: 預估>實際 | W39: 1 | X39: 奶油蒜香雞義大利麵 | AA39: 2 | AB39: 包裝
D40: 4 | E40: 義麵-拿坡里蕃茄醬 | F40: 791.7094 | G40: 131.7 | H40: 142 | I40: =H40/G40 -> 1.078208 | J40: 0 | K40: =J40/G40 -> 0 | L40: 112.94 | M40: =(H40+J40)/G40 -> 1.078208 | N40: 1163.282 | O40: 7.01 | P40: 0.053227031 | Q40: 3.29 | R40: 0.024981017 | S40: 371.5726 | T40: 生管預估 | U40: 其他原因 | V40: 預估>實際 | W40: 1 | X40: 拿坡里義大利麵 | AA40: 3 | AB40: 研發
D41: 5 | E41: 義麵-海鮮湯凍(113年) | F41: 677.22592 | G41: 232.152 | H41: 232.69 | I41: =H41/G41 -> 1.0023174 | J41: 0 | K41: =J41/G41 -> 0 | L41: 140.62 | M41: =(H41+J41)/G41 -> 1.0023174 | N41: 75.65356 | O41: 4.816 | P41: 0.020745029 | Q41: -4.278 | R41: -0.018427582 | S41: -601.57236 | T41: 調理 | U41: 調理多產 | W41: 1 | X41: 白酒蛤蜊義大利麵 | AA41: 4 | AB41: 生管預估
D42: 6 | E42: 切-匈牙利雞胸排 | F42: 536.33685 | G42: 94.031 | H42: 94.586 | I42: =H42/G42 -> 1.0059023 | J42: 0 | K42: =J42/G42 -> 0 | L42: 356.37 | M42: =(H42+J42)/G42 -> 1.0059023 | N42: 197.78535 | O42: 1.505 | P42: 0.01600536 | Q42: -0.95 | R42: -0.010103051 | S42: -338.5515 | T42: 調理 | U42: 調理多產 | W42: 1 | X42: 熱那亞青醬義大利麵 | AA42: 5 | AB42: 原物料
D43: 7 | E43: 烤重煙燻培根絲 | F43: 461.7254 | G43: 46.96 | H43: 47.312 | I43: =H43/G43 -> 1.0074957 | J43: 0 | K43: =J43/G43 -> 0 | L43: 536.89 | M43: =(H43+J43)/G43 -> 1.0074957 | N43: 188.98528 | O43: 0.86 | P43: 0.018313458 | Q43: -0.508 | R43: -0.010817717 | S43: -272.74012 | T43: 調理 | U43: 調理多產 | W43: 1 | X43: 焗烤起司雙饗筆尖麵
D44: 8 | E44: 義麵-蒜味蝦醬 | F44: 454.03146 | G44: 137.48 | H44: 139.165 | I44: =H44/G44 -> 1.0122563 | J44: 0 | K44: =J44/G44 -> 0 | L44: 108.18 | M44: =(H44+J44)/G44 -> 1.0122563 | N44: 182.2833 | O44: 4.197 | P44: 0.030528077 | Q44: -2.512 | R44: -0.018271749 | S44: -271.74816 | T44: 調理 | U44: 調理多產 | W44: 1 | X44: 蒜香蝦蝦義大利麵
D45: 9 | E45: 切焗烤起司 | F45: 422.51205 | G45: 56.352 | H45: 57.776 | I45: =H45/G45 -> 1.0252697 | J45: 0 | K45: =J45/G45 -> 0 | L45: 420.41 | M45: =(H45+J45)/G45 -> 1.0252697 | N45: 598.66384 | O45: 1.005 | P45: 0.017834327 | Q45: 0.419 | R45: 0.007435406 | S45: 176.15179 | T45: 研發 | U45: 研發設定 | V45: 設定12g，組裝使用4片 | W45: 1 | X45: 焗烤起司雙饗筆尖麵
D46: 10 | E46: 拌韓式炸雞 | F46: 402.0247 | G46: 181.74 | H46: 188.263 | I46: =H46/G46 -> 1.0358919 | J46: 0 | K46: =J46/G46 -> 0 | L46: 335.3 | M46: =(H46+J46)/G46 -> 1.0358919 | N46: 2187.1619 | O46: 1.199 | P46: 0.0065973369 | Q46: 5.324 | R46: 0.029294597 | S46: 1785.1372 | T46: 研發 | U46: 研發設定 | V46: 此半成品須拆兩種半成品混拌，製成率正常，炸雞為秤重物料55g以上，炸雞一塊9g以上 | W46: 1 | X46: 韓式炸雞義大利麵
B47: 45905 | C47: 五 | D47: 1 | E47: 炒蒜味蝦仁(8號) | F47: 703 | G47: 38.6 | H47: 38.885 | I47: =H47/G47 -> 1.0073834 | J47: 0 | K47: =J47/G47 -> 0 | L47: 821.74 | M47: =(H47+J47)/G47 -> 1.0073834 | N47: 234.1959 | O47: 0.856 | P47: 0.022176166 | Q47: -0.571 | R47: -0.014792746 | S47: -469.21354 | T47: 調理 | U47: 調理多產 | W47: 1 | X47: 蒜香蝦蝦義大利麵
D48: 2 | E48: 拌韓式炸雞 | F48: 530.7799 | G48: 139.2 | H48: 144.85 | I48: =H48/G48 -> 1.0405891 | J48: 0 | K48: =J48/G48 -> 0 | L48: 335.3 | M48: =(H48+J48)/G48 -> 1.0405891 | N48: 1894.445 | O48: 1.583 | P48: 0.011372126 | Q48: 4.067 | R48: 0.029216954 | S48: 1363.6651 | T48: 研發 | U48: 研發設定 | V48: 此半成品須拆兩種半成品混拌，製成率正常，炸雞為秤重物料55g以上，炸雞一塊9g以上 | W48: 1 | X48: 韓式炸雞義大利麵
D49: 3 | E49: 混蒜酥洋香菜(114年) | F49: 451.21497 | G49: 8.62 | H49: 8.847 | I49: =H49/G49 -> 1.0263341 | J49: 0 | K49: =J49/G49 -> 0 | L49: 922.73 | M49: =(H49+J49)/G49 -> 1.0263341 | N49: 209.45971 | O49: 0.489 | P49: 0.056728538 | Q49: -0.262 | R49: -0.030394432 | S49: -241.75526 | T49: 調理 | U49: 調理多產 | W49: 1 | X49: 奶油蒜香雞義大利麵
D50: 4 | E50: 義麵-蒜味蝦醬 | F50: 401.45598 | G50: 108.08 | H50: 110.235 | I50: =H50/G50 -> 1.0199389 | J50: 0 | K50: =J50/G50 -> 0 | L50: 108.18 | M50: =(H50+J50)/G50 -> 1.0199389 | N50: 233.1279 | O50: 3.711 | P50: 0.034335677 | Q50: -1.556 | R50: -0.014396743 | S50: -168.32808 | T50: 調理 | U50: 調理多產 | W50: 1 | X50: 蒜香蝦蝦義大利麵
D51: 5 | E51: 蒸蛤蜊-肉(112年) | F51: 313.19168 | G51: 92.715 | H51: 93.456 | I51: =H51/G51 -> 1.0079922 | J51: 0 | K51: =J51/G51 -> 0 | L51: 575.72 | M51: =(H51+J51)/G51 -> 1.0079922 | N51: 426.60852 | O51: 0.544 | P51: 0.0058674432 | Q51: 0.197 | R51: 0.002124791 | S51: 113.41684 | T51: 調理 | U51: 調理多產 | W51: 1 | X51: 白酒蛤蜊義大利麵
D52: 6 | E52: 煮日製義大利麵(108) | F52: 304.71896 | G52: 787.38 | H52: 801.47 | I52: =H52/G52 -> 1.0178948 | J52: 0 | K52: =J52/G52 -> 0 | L52: 34.58 | M52: =(H52+J52)/G52 -> 1.0178948 | N52: 487.2322 | O52: 8.812 | P52: 0.011191547 | Q52: 5.278 | R52: 0.0067032437 | S52: 182.51324 | T52: 調理 | U52: 調理多產 | W52: 1 | X52: 義式蕃茄起司義大利麵
D53: 7 | E53: 義麵-海鮮湯凍(113年) | F53: 298.8175 | G53: 180.132 | H53: 180.395 | I53: =H53/G53 -> 1.00146 | J53: 0 | K53: =J53/G53 -> 0 | L53: 140.62 | M53: =(H53+J53)/G53 -> 1.00146 | N53: 36.98306 | O53: 2.125 | P53: 0.011796904 | Q53: -1.862 | R53: -0.010336864 | S53: -261.83444 | T53: 調理 | U53: 調理多產 | W53: 1 | X53: 白酒蛤蜊義大利麵
D54: 8 | E54: 煮日製義大利麵(108) | F54: 278.92228 | G54: 828.96 | H54: 848 | I54: =H54/G54 -> 1.0229685 | J54: 0 | K54: =J54/G54 -> 0 | L54: 34.58 | M54: =(H54+J54)/G54 -> 1.0229685 | N54: 658.4032 | O54: 8.066 | P54: 0.0097302644 | Q54: 10.974 | R54: 0.013238274 | S54: 379.48092 | T54: 調理 | U54: 調理多產 | W54: 1 | X54: 奶油培根義大利麵
D55: 9 | E55: 20切-烤香蒜腿丁 | F55: 274.51 | G55: 12930 | H55: 13038 | I55: =H55/G55 -> 1.0083527 | J55: 0 | K55: =J55/G55 -> 0 | L55: 2.83 | M55: =(H55+J55)/G55 -> 1.0083527 | N55: 305.64 | O55: 97 | P55: 0.0075019335 | Q55: 11 | R55: 0.00085073473 | S55: 31.13 | T55: 調理 | U55: 調理多產 | W55: 1 | X55: 奶油蒜香雞義大利麵
D56: 10 | E56: 解凍黑胡椒燻豬腿肉 | F56: 246.9225 | G56: 43.824 | H56: 44.154 | I56: =H56/G56 -> 1.0075301 | J56: 0 | K56: =J56/G56 -> 0 | L56: 299.3 | M56: =(H56+J56)/G56 -> 1.0075301 | N56: 98.769 | O56: 0.825 | P56: 0.018825301 | Q56: -0.495 | R56: -0.011295181 | S56: -148.1535 | T56: 調理 | U56: 調理多產 | W56: 1 | X56: 焗烤起司雙饗筆尖麵
B57: 45906 | C57: 六 | D57: 1 | E57: 義麵-經典肉醬(114年) | F57: 6298.134 | G57: 505.71 | H57: 550 | I57: =H57/G57 -> 1.0875798 | J57: 0 | K57: =J57/G57 -> 0 | L57: 156.67 | M57: =(H57+J57)/G57 -> 1.0875798 | N57: 6938.9143 | O57: 40.2 | P57: 0.079492199 | Q57: 4.09 | R57: 0.0080876392 | S57: 640.7803 | T57: 生管預估 | U57: 其他原因 | V57: 預估>實際 | W57: 1 | X57: 義式蕃茄起司義大利麵
D58: 2 | E58: 義麵-蛋黃白醬(113年) | F58: 1939.979 | G58: 473.76 | H58: 505 | I58: =H58/G58 -> 1.0659406 | J58: 0 | K58: =J58/G58 -> 0 | L58: 77.29 | M58: =(H58+J58)/G58 -> 1.0659406 | N58: 2414.5396 | O58: 25.1 | P58: 0.052980412 | Q58: 6.14 | R58: 0.012960149 | S58: 474.5606 | T58: 生管預估 | U58: 其他原因 | V58: 預估>實際 | W58: 1 | X58: 焗烤起司雙饗筆尖麵
D59: 3 | E59: 義麵-海鮮湯凍(113年) | F59: 1335.89 | G59: 182.852 | H59: 194.5 | I59: =H59/G59 -> 1.0637018 | J59: 0 | K59: =J59/G59 -> 0 | L59: 140.62 | M59: =(H59+J59)/G59 -> 1.0637018 | N59: 1637.9418 | O59: 9.5 | P59: 0.051954586 | Q59: 2.148 | R59: 0.011747205 | S59: 302.05176 | T59: 生管預估 | U59: 其他原因 | V59: 預估>實際 | W59: 1 | X59: 白酒蛤蜊義大利麵
D60: 4 | E60: 解凍黑胡椒燻豬腿肉 | F60: 521.6799 | G60: 47.376 | H60: 47.513 | I60: =H60/G60 -> 1.0028918 | J60: 0 | K60: =J60/G60 -> 0 | L60: 299.3 | M60: =(H60+J60)/G60 -> 1.0028918 | N60: 41.0041 | O60: 1.743 | P60: 0.03679078 | Q60: -1.606 | R60: -0.033899021 | S60: -480.6758 | T60: 包裝 | U60: 抓樣不穩 | W60: 1 | X60: 焗烤起司雙饗筆尖麵
D61: 5 | E61: 烤重煙燻培根絲 | F61: 389.88 | G61: 14.11 | H61: 14.507 | I61: =H61/G61 -> 1.0281361 | J61: 0 | K61: =J61/G61 -> 0 | L61: 570 | M61: =(H61+J61)/G61 -> 1.0281361 | N61: 226.29 | O61: 0.684 | P61: 0.048476258 | Q61: -0.287 | R61: -0.020340184 | S61: -163.59 | T61: 調理 | U61: 調理多產 | W61: 1 | X61: 黑胡椒燻火腿義大利麵
D62: 6 | E62: 義麵-拿坡里蕃茄醬 | F62: 330.9142 | G62: 139.9 | H62: 147.2 | I62: =H62/G62 -> 1.0521801 | J62: 0 | K62: =J62/G62 -> 0 | L62: 112.94 | M62: =(H62+J62)/G62 -> 1.0521801 | N62: 824.462 | O62: 2.93 | P62: 0.020943531 | Q62: 4.37 | R62: 0.031236598 | S62: 493.5478 | T62: 生管預估 | U62: 其他原因 | V62: 預估>實際 | W62: 1 | X62: 拿坡里義大利麵
D63: 7 | E63: 切-匈牙利雞胸排 | F63: 312.18012 | G63: 85.897 | H63: 86.172 | I63: =H63/G63 -> 1.0032015 | J63: 0 | K63: =J63/G63 -> 0 | L63: 356.37 | M63: =(H63+J63)/G63 -> 1.0032015 | N63: 98.00175 | O63: 0.876 | P63: 0.010198261 | Q63: -0.601 | R63: -0.0069967519 | S63: -214.17837 | T63: 調理 | U63: 調理多產 | W63: 1 | X63: 熱那亞青醬義大利麵
D64: 8 | E64: 義麵-蒜辣黑胡椒湯凍 | F64: 287.55 | G64: 105.825 | H64: 110.88 | I64: =H64/G64 -> 1.0477675 | J64: 0 | K64: =J64/G64 -> 0 | L64: 81 | M64: =(H64+J64)/G64 -> 1.0477675 | N64: 409.455 | O64: 3.55 | P64: 0.033545948 | Q64: 1.505 | R64: 0.014221592 | S64: 121.905 | T64: 生管預估 | U64: 其他原因 | V64: 預估>實際 | W64: 1 | X64: 黑胡椒燻火腿義大利麵
D65: 9 | E65: 切焗烤起司 | F65: 263.17666 | G65: 47.376 | H65: 48.472 | I65: =H65/G65 -> 1.0231341 | J65: 0 | K65: =J65/G65 -> 0 | L65: 420.41 | M65: =(H65+J65)/G65 -> 1.0231341 | N65: 460.76936 | O65: 0.626 | P65: 0.013213441 | Q65: 0.47 | R65: 0.0099206349 | S65: 197.5927 | T65: 調理 | U65: 調理多產 | W65: 1 | X65: 焗烤起司雙饗筆尖麵
D66: 10 | E66: 茄豬肉醬 | F66: 249.1482 | G66: 202.29 | H66: 205 | I66: =H66/G66 -> 1.0133966 | J66: 0 | K66: =J66/G66 -> 0 | L66: 115.08 | M66: =(H66+J66)/G66 -> 1.0133966 | N66: 311.8668 | O66: 2.165 | P66: 0.010702457 | Q66: 0.545 | R66: 0.002694152 | S66: 62.7186 | T66: 調理 | U66: 調理多產 | W66: 1 | X66: 羊乳起司培根筆尖麵
B67: 45907 | C67: 日 | D67: 1 | E67: 奶香白醬 | F67: 1160.7021 | G67: 440.64 | H67: 430 | I67: =H67/G67 -> 0.9758533 | J67: 15 | K67: =J67/G67 -> 0.034041394 | L67: 132.47 | M67: =(H67+J67)/G67 -> 1.0098947 | N67: 577.5692 | O67: 8.762 | P67: 0.019884713 | Q67: -4.402 | R67: -0.0099900145 | S67: -583.13294 | T67: 調理 | U67: 調理多產 | W67: 1 | X67: 奶油培根義大利麵
D68: 2 | E68: 義麵-海鮮湯凍(113年) | F68: 973.65288 | G68: 269.416 | H68: 270.073 | I68: =H68/G68 -> 1.0024386 | J68: 0 | K68: =J68/G68 -> 0 | L68: 140.62 | M68: =(H68+J68)/G68 -> 1.0024386 | N68: 92.38734 | O68: 6.924 | P68: 0.025700033 | Q68: -6.267 | R68: -0.023261425 | S68: -881.26554 | T68: 調理 | U68: 調理多產 | W68: 1 | X68: 白酒蛤蜊義大利麵
D69: 3 | E69: 義麵-韓式辣奶油白醬(114年) | F69: 956.38683 | G69: 310.175 | H69: 311.603 | I69: =H69/G69 -> 1.0046039 | J69: 0 | K69: =J69/G69 -> 0 | L69: 100.03 | M69: =(H69+J69)/G69 -> 1.0046039 | N69: 142.84284 | O69: 9.561 | P69: 0.030824535 | Q69: -8.133 | R69: -0.026220682 | S69: -813.54399 | T69: 調理 | U69: 調理多產 | W69: 1 | X69: 韓式炸雞義大利麵
D70: 4 | E70: 義麵-蒜辣黑胡椒湯凍 | F70: 810 | G70: 133.575 | H70: 148.2 | I70: =H70/G70 -> 1.1094891 | J70: 0 | K70: =J70/G70 -> 0 | L70: 81 | M70: =(H70+J70)/G70 -> 1.1094891 | N70: 1184.625 | O70: 10 | P70: 0.074864308 | Q70: 4.625 | R70: 0.034624743 | S70: 374.625 | T70: 生管預估 | U70: 其他原因 | W70: 1 | X70: 黑胡椒燻火腿義大利麵
D71: 5 | E71: 炒-煮蕃茄牛絞肉 | F71: 726.78458 | G71: 54.39 | H71: 54.413 | I71: =H71/G71 -> 1.0004229 | J71: 0 | K71: =J71/G71 -> 0 | L71: 697.49 | M71: =(H71+J71)/G71 -> 1.0004229 | N71: 16.04227 | O71: 1.042 | P71: 0.019157933 | Q71: -1.019 | R71: -0.018735062 | S71: -710.74231 | T71: 調理 | U71: 調理多產 | W71: 1 | X71: 義式蕃茄起司義大利麵
D72: 6 | E72: 義麵-青醬(112) | F72: 662.8895 | G72: 201.96 | H72: 202.768 | I72: =H72/G72 -> 1.0040008 | J72: 0 | K72: =J72/G72 -> 0 | L72: 111.41 | M72: =(H72+J72)/G72 -> 1.0040008 | N72: 90.01928 | O72: 5.95 | P72: 0.029461279 | Q72: -5.142 | R72: -0.025460487 | S72: -572.87022 | T72: 調理 | U72: 調理多產 | W72: 1 | X72: 熱那亞青醬義大利麵
D73: 7 | E73: 拌韓式炸雞 | F73: 552.5744 | G73: 195.9 | H73: 204.392 | I73: =H73/G73 -> 1.0433486 | J73: 0 | K73: =J73/G73 -> 0 | L73: 335.3 | M73: =(H73+J73)/G73 -> 1.0433486 | N73: 2847.3676 | O73: 1.648 | P73: 0.0084124553 | Q73: 6.844 | R73: 0.034936192 | S73: 2294.7932 | T73: 研發 | U73: 研發設定 | V73: 此半成品須拆兩種半成品混拌，製成率正常，炸雞為秤重物料55g以上，炸雞一塊9g以上 | W73: 1 | X73: 韓式炸雞義大利麵
D74: 8 | E74: 解凍黑胡椒燻豬腿肉 | F74: 474.6898 | G74: 68.148 | H74: 68.148 | I74: =H74/G74 -> 1 | J74: 0 | K74: =J74/G74 -> 0 | L74: 299.3 | M74: =(H74+J74)/G74 -> 1 | N74: 0 | O74: 1.586 | P74: 0.023272877 | Q74: -1.586 | R74: -0.023272877 | S74: -474.6898 | T74: 調理 | U74: 調理多產 | W74: 1 | X74: 焗烤起司雙饗筆尖麵
D75: 9 | E75: 煮日製義大利麵(108) | F75: 363.2629 | G75: 1196.58 | H75: 1216.352 | I75: =H75/G75 -> 1.0165238 | J75: 0 | K75: =J75/G75 -> 0 | L75: 34.58 | M75: =(H75+J75)/G75 -> 1.0165238 | N75: 683.71576 | O75: 10.505 | P75: 0.0087791874 | Q75: 9.267 | R75: 0.007744572 | S75: 320.45286 | T75: 調理 | U75: 調理多產 | W75: 1 | X75: 義式蕃茄起司義大利麵
D76: 10 | E76: 義麵-蒜味奶油湯凍 | F76: 300.403 | G76: 139.905 | H76: 141.092 | I76: =H76/G76 -> 1.0084843 | J76: 0 | K76: =J76/G76 -> 0 | L76: 162.38 | M76: =(H76+J76)/G76 -> 1.0084843 | N76: 192.74506 | O76: 1.85 | P76: 0.013223259 | Q76: -0.663 | R76: -0.00473893 | S76: -107.65794 | T76: 調理 | U76: 調理多產 | W76: 1 | X76: 奶油蒜香雞義大利麵
B77: 45908 | C77: 一 | D77: 1 | E77: 烤重煙燻培根絲 | F77: 2154.6 | G77: 18.51 | H77: 17.3 | I77: =H77/G77 -> 0.93462993 | J77: 5.65 | K77: =J77/G77 -> 0.30524041 | L77: 570 | M77: =(H77+J77)/G77 -> 1.2398703 | N77: 2530.8 | O77: 3.78 | P77: 0.20421394 | Q77: 0.66 | R77: 0.035656402 | S77: 376.2 | T77: 包裝 | U77: 抓樣不穩 | W77: 1 | X77: 黑胡椒燻火腿義大利麵
D78: 2 | E78: 炒蝦仁(9號) | F78: 779.52 | G78: 22.512 | H78: 22.5 | I78: =H78/G78 -> 0.99946695 | J78: 2 | K78: =J78/G78 -> 0.088841507 | L78: 742.4 | M78: =(H78+J78)/G78 -> 1.0883085 | N78: 1475.8912 | O78: 1.05 | P78: 0.046641791 | Q78: 0.938 | R78: 0.041666667 | S78: 696.3712 | T78: 包裝 | U78: 抓樣不穩 | W78: 1 | X78: 煙花女義大利麵
D79: 3 | E79: 義麵-青醬(112) | F79: 668.46 | G79: 203.4 | H79: 204.55 | I79: =H79/G79 -> 1.0056539 | J79: 7.15 | K79: =J79/G79 -> 0.035152409 | L79: 111.41 | M79: =(H79+J79)/G79 -> 1.0408063 | N79: 924.703 | O79: 6 | P79: 0.029498525 | Q79: 2.3 | R79: 0.011307768 | S79: 256.243 | T79: 包裝 | U79: 抓樣不穩 | W79: 1 | X79: 熱那亞青醬義大利麵
D80: 4 | E80: 義麵-蒜味奶油湯凍 | F80: 509.54844 | G80: 142.02 | H80: 142.497 | I80: =H80/G80 -> 1.0033587 | J80: 0 | K80: =J80/G80 -> 0 | L80: 162.38 | M80: =(H80+J80)/G80 -> 1.0033587 | N80: 77.45526 | O80: 3.138 | P80: 0.02209548 | Q80: -2.661 | R80: -0.018736798 | S80: -432.09318 | T80: 調理 | U80: 調理多產 | W80: 1 | X80: 奶油蒜香雞義大利麵
D81: 5 | E81: 混蒜酥洋香菜(114年) | F81: 457.67408 | G81: 12.624 | H81: 12.655 | I81: =H81/G81 -> 1.0024556 | J81: 0 | K81: =J81/G81 -> 0 | L81: 922.73 | M81: =(H81+J81)/G81 -> 1.0024556 | N81: 28.60463 | O81: 0.496 | P81: 0.039290241 | Q81: -0.465 | R81: -0.036834601 | S81: -429.06945 | T81: 包裝 | U81: 抓樣不穩 | W81: 1 | X81: 奶油蒜香雞義大利麵
D82: 6 | E82: 義麵-煙花女紅醬 | F82: 414.18172 | G82: 154.77 | H82: 154.978 | I82: =H82/G82 -> 1.0013439 | J82: 0 | K82: =J82/G82 -> 0 | L82: 216.17 | M82: =(H82+J82)/G82 -> 1.0013439 | N82: 44.96336 | O82: 1.916 | P82: 0.01237966 | Q82: -1.708 | R82: -0.01103573 | S82: -369.21836 | T82: 調理 | U82: 調理多產 | W82: 1 | X82: 煙花女義大利麵
D83: 7 | E83: 義麵-海鮮湯凍(113年) | F83: 408.36048 | G83: 273.02 | H83: 273.369 | I83: =H83/G83 -> 1.0012783 | J83: 0 | K83: =J83/G83 -> 0 | L83: 140.62 | M83: =(H83+J83)/G83 -> 1.0012783 | N83: 49.07638 | O83: 2.904 | P83: 0.010636583 | Q83: -2.555 | R83: -0.0093582888 | S83: -359.2841 | T83: 調理 | U83: 調理多產 | W83: 1 | X83: 白酒蛤蜊義大利麵
D84: 8 | E84: 切-匈牙利雞胸排 | F84: 405.54906 | G84: 110.74 | H84: 111.737 | I84: =H84/G84 -> 1.0090031 | J84: 0 | K84: =J84/G84 -> 0 | L84: 356.37 | M84: =(H84+J84)/G84 -> 1.0090031 | N84: 355.30089 | O84: 1.138 | P84: 0.010276323 | Q84: -0.141 | R84: -0.0012732527 | S84: -50.24817 | T84: 調理 | U84: 調理多產 | W84: 1 | X84: 熱那亞青醬義大利麵
D85: 9 | E85: 煮日製義大利麵(108) | F85: 404.30936 | G85: 1254.44 | H85: 1273.837 | I85: =H85/G85 -> 1.0154627 | J85: 0 | K85: =J85/G85 -> 0 | L85: 34.58 | M85: =(H85+J85)/G85 -> 1.0154627 | N85: 670.74826 | O85: 11.692 | P85: 0.0093204936 | Q85: 7.705 | R85: 0.006142183 | S85: 266.4389 | T85: 調理 | U85: 調理多產 | W85: 1 | X85: 奶油培根義大利麵
D86: 10 | E86: 切焗烤起司 | F86: 312.78504 | G86: 70.224 | H86: 71.083 | I86: =H86/G86 -> 1.0122323 | J86: 0 | K86: =J86/G86 -> 0 | L86: 420.41 | M86: =(H86+J86)/G86 -> 1.0122323 | N86: 361.13219 | O86: 0.744 | P86: 0.010594668 | Q86: 0.115 | R86: 0.0016376168 | S86: 48.34715 | T86: 調理 | U86: 調理多產 | W86: 1 | X86: 焗烤起司雙饗筆尖麵
B87: 45909 | C87: 二 | D87: 1 | E87: 義麵-煙花女紅醬 | F87: 17780.48 | G87: 136.07 | H87: 160 | I87: =H87/G87 -> 1.1758654 | J87: 0 | K87: =J87/G87 -> 0 | L87: 742.4 | M87: =(H87+J87)/G87 -> 1.1758654 | N87: 17765.632 | O87: 23.95 | P87: 0.17601235 | Q87: -0.02 | R87: -0.00014698317 | S87: -14.848 | T87: 生管預估 | U87: 其他原因 | V87: 預估差異過大，訂單與預估差500份 | W87: 1 | X87: 煙花女義大利麵
D88: 2 | E88: 烤重煙燻培根絲 | F88: 870.83558 | G88: 56.81 | H88: 56.899 | I88: =H88/G88 -> 1.0015666 | J88: 0 | K88: =J88/G88 -> 0 | L88: 536.89 | M88: =(H88+J88)/G88 -> 1.0015666 | N88: 47.78321 | O88: 1.622 | P88: 0.028551311 | Q88: -1.533 | R88: -0.026984686 | S88: -823.05237 | T88: 調理 | U88: 調理多產 | W88: 1 | X88: 焗烤起司雙饗筆尖麵
D89: 3 | E89: 蒸蛤蜊-肉(112年) | F89: 549.5804 | G89: 12.645 | H89: 12.922 | I89: =H89/G89 -> 1.0219059 | J89: 0 | K89: =J89/G89 -> 0 | L89: 584.66 | M89: =(H89+J89)/G89 -> 1.0219059 | N89: 161.95082 | O89: 0.94 | P89: 0.074337683 | Q89: -0.663 | R89: -0.052431791 | S89: -387.62958 | T89: 調理 | U89: 調理多產 | W89: 1 | X89: 焗奶油扇貝筆尖麵
D90: 4 | E90: 川燙-甜不辣條 | F90: 438.48 | G90: 104.64 | H90: 101.25 | I90: =H90/G90 -> 0.96760321 | J90: 0 | K90: =J90/G90 -> 0 | L90: 146.16 | M90: =(H90+J90)/G90 -> 0.96760321 | N90: 0 | O90: 3 | P90: 0.028669725 | Q90: -6.39 | R90: -0.061066514 | S90: -933.9624 | T90: 包裝 | U90: 抓樣不穩 | W90: 1 | X90: 台式綜合甜不辣
D91: 5 | E91: 拌韓式炸雞 | F91: 351.3944 | G91: 193.92 | H91: 200.733 | I91: =H91/G91 -> 1.035133 | J91: 0 | K91: =J91/G91 -> 0 | L91: 335.3 | M91: =(H91+J91)/G91 -> 1.035133 | N91: 2284.3989 | O91: 1.048 | P91: 0.0054042904 | Q91: 5.765 | R91: 0.029728754 | S91: 1933.0045 | T91: 研發 | U91: 研發設定 | V91: 此半成品須拆兩種半成品混拌，製成率正常，炸雞為秤重物料55g以上，炸雞一塊9g以上 | W91: 1 | X91: 韓式炸雞義大利麵
D92: 6 | E92: 解凍黑胡椒燻豬腿肉 | F92: 290.9196 | G92: 68.172 | H92: 68.547 | I92: =H92/G92 -> 1.0055008 | J92: 0 | K92: =J92/G92 -> 0 | L92: 299.3 | M92: =(H92+J92)/G92 -> 1.0055008 | N92: 112.2375 | O92: 0.972 | P92: 0.014258053 | Q92: -0.597 | R92: -0.008757261 | S92: -178.6821 | T92: 調理 | U92: 調理多產 | W92: 1 | X92: 焗烤起司雙饗筆尖麵
D93: 7 | E93: 12切-湖鹽德式香腸 | F93: 256.94429 | G93: 21.252 | H93: 21.39 | I93: =H93/G93 -> 1.0064935 | J93: 0 | K93: =J93/G93 -> 0 | L93: 281.42857 | M93: =(H93+J93)/G93 -> 1.0064935 | N93: 38.837143 | O93: 0.913 | P93: 0.042960663 | Q93: -0.775 | R93: -0.036467156 | S93: -218.10714 | T93: 調理 | U93: 調理多產 | W93: 1 | X93: 拿坡里義大利麵
D94: 8 | E94: 解凍黑胡椒燻豬肉卷(切片3mm) | F94: 254.94 | G94: 3270 | H94: 3312 | I94: =H94/G94 -> 1.012844 | J94: 0 | K94: =J94/G94 -> 0 | L94: 6.07 | M94: =(H94+J94)/G94 -> 1.012844 | N94: 254.94 | O94: 42 | P94: 0.012844037 | Q94: 0 | R94: 0 | S94: 0 | T94: 調理 | U94: 調理多產 | W94: 1 | X94: 黑胡椒燻火腿義大利麵
D95: 9 | E95: 炒-煮蕃茄牛絞肉 | F95: 253.18887 | G95: 57.84 | H95: 58.014 | I95: =H95/G95 -> 1.0030083 | J95: 0 | K95: =J95/G95 -> 0 | L95: 697.49 | M95: =(H95+J95)/G95 -> 1.0030083 | N95: 121.36326 | O95: 0.363 | P95: 0.0062759336 | Q95: -0.189 | R95: -0.0032676349 | S95: -131.82561 | T95: 調理 | U95: 調理多產 | W95: 1 | X95: 義式蕃茄起司義大利麵
D96: 10 | E96: 川燙青花菜(N7) | F96: 246.75 | G96: 13.08 | H96: 13.507 | I96: =H96/G96 -> 1.0326453 | J96: 0 | K96: =J96/G96 -> 0 | L96: 141 | M96: =(H96+J96)/G96 -> 1.0326453 | N96: 60.207 | O96: 1.75 | P96: 0.13379205 | Q96: -1.323 | R96: -0.10114679 | S96: -186.543 | T96: 調理 | U96: 調理多產 | W96: 1 | X96: 黑胡椒燻火腿義大利麵
B97: 45910 | C97: 三 | D97: 1 | E97: 義麵-煙花女紅醬 | F97: 2885.8695 | G97: 133.21 | H97: 144.6 | I97: =H97/G97 -> 1.0855041 | J97: 0 | K97: =J97/G97 -> 0 | L97: 216.17 | M97: =(H97+J97)/G97 -> 1.0855041 | N97: 2462.1763 | O97: 13.35 | P97: 0.1002177 | Q97: -1.96 | R97: -0.01471361 | S97: -423.6932 | T97: 生管預估 | U97: 其他原因 | V97: 預估>實際 | W97: 1 | X97: 煙花女義大利麵
D98: 2 | E98: 茄豬肉醬 | F98: 1208.34 | G98: 181.5 | H98: 191.55 | I98: =H98/G98 -> 1.0553719 | J98: 0 | K98: =J98/G98 -> 0 | L98: 115.08 | M98: =(H98+J98)/G98 -> 1.0553719 | N98: 1156.554 | O98: 10.5 | P98: 0.05785124 | Q98: -0.45 | R98: -0.0024793388 | S98: -51.786 | T98: 生管預估 | U98: 其他原因 | V98: 預估>實際 | W98: 1 | X98: 羊乳起司培根筆尖麵
D99: 3 | E99: 義麵-拿坡里蕃茄醬 | F99: 1168.929 | G99: 138.9 | H99: 150 | I99: =H99/G99 -> 1.0799136 | J99: 0 | K99: =J99/G99 -> 0 | L99: 112.94 | M99: =(H99+J99)/G99 -> 1.0799136 | N99: 1253.634 | O99: 10.35 | P99: 0.074514039 | Q99: 0.75 | R99: 0.005399568 | S99: 84.705 | T99: 生管預估 | U99: 其他原因 | V99: 預估>實際 | W99: 1 | X99: 拿坡里義大利麵
D100: 4 | E100: 拌韓式炸雞 | F100: 858.368 | G100: 188.1 | H100: 196.763 | I100: =H100/G100 -> 1.0460553 | J100: 0 | K100: =J100/G100 -> 0 | L100: 335.3 | M100: =(H100+J100)/G100 -> 1.0460553 | N100: 2904.7039 | O100: 2.56 | P100: 0.013609782 | Q100: 6.103 | R100: 0.032445508 | S100: 2046.3359 | T100: 研發 | U100: 研發設定 | V100: 此半成品須拆兩種半成品混拌，製成率正常，炸雞為秤重物料55g以上，炸雞一塊9g以上 | W100: 1 | X100: 韓式炸雞義大利麵
D101: 5 | E101: 煮日製義大利麵(108) | F101: 346.80282 | G101: 1218.36 | H101: 1231.729 | I101: =H101/G101 -> 1.0109729 | J101: 0 | K101: =J101/G101 -> 0 | L101: 34.58 | M101: =(H101+J101)/G101 -> 1.0109729 | N101: 462.30002 | O101: 10.029 | P101: 0.0082315572 | Q101: 3.34 | R101: 0.0027413901 | S101: 115.4972 | T101: 調理 | U101: 調理多產 | W101: 1 | X101: 奶油培根義大利麵
...

Sheet 超用－原因別分析
B2: 超用前十名紀錄表
B3: 日期 | D3: 明細展開 | G3: 生產資訊 | T3: 類別 | U3: 分析原因 | V3: 其他原因說明 | W3: 次數 | X3: 備註-商品名稱 | Z3: 分析原因（件）
D4: 排序 | E4: 半成品 | G4: 生產端 | O4: 組合端
E5: 名稱 | F5: 超用金額 | G5: 產出量 | O5: 報廢 | R5: 超用
G6: 訂單需求 (kg) | H6: 實際產出 (kg) | I6: 實際產出占比 | J6: 補單 (kg) | K6: 補單占比 | L6: 單價 (元) | M6: 實際生產 (對比訂單需求) | N6: 差異 (元) | O6: kg | P6: 占比 | Q6: 金額 (元) | R6: kg | S6: 占比 | Z6: 總件數 | AA6: 展開量105% | AB6: 調理多產 | AC6: 製程不穩 | AD6: 抓樣不穩 | AE6: 原物料規格 | AF6: 研發設定 | AG6: 其他原因 | AH6: 步留不足
B7: 45901 | C7: 一 | D7: 1 | E7: 拌韓式炸雞 | F7: 2251.2042 | G7: 222.48 | H7: 231.579 | I7: =H7/G7 -> 1.0408981 | J7: 0 | K7: =J7/G7 -> 0 | L7: 335.3 | M7: =(H7+J7)/G7 -> 1.0408981 | N7: 3050.8947 | O7: 2.385 | P7: 0.010720065 | Q7: 799.6905 | R7: 6.714 | S7: 0.030177994 | T7: 研發 | U7: 研發設定 | V7: 此半成品須拆兩種半成品混拌，製成率正常，炸雞為秤重物料55g以上，炸雞一塊9g以上 | W7: 1 | X7: 韓式炸雞義大利麵 | Y7: w1 | Z7: =SUM(W7:W46) -> 40 | AA7: =SUMIF($U$7:$U$10000,TRIM(AA6),$W$7:$W$46) -> 0 | AB7: =SUMIF($U$7:$U$10000,TRIM(AB6),$W$7:$W$46) -> 0 | AC7: =SUMIF($U$7:$U$10000,TRIM(AC6),$W$7:$W$46) -> 2 | AD7: =SUMIF($U$7:$U$10000,TRIM(AD6),$W$7:$W$46) -> 250 | AE7: =SUMIF($U$7:$U$10000,TRIM(AE6),$W$7:$W$46) -> 15 | AF7: =SUMIF($U$7:$U$10000,TRIM(AF6),$W$7:$W$46) -> 30 | AG7: =SUMIF($U$7:$U$10000,TRIM(AG6),$W$7:$W$46) -> 1 | AH7: =SUMIF($U$7:$U$10000,TRIM(AH6),$W$7:$W$46) -> 0
D8: 2 | E8: 調理包-味噌醬 | F8: 901 | G8: 98.21 | H8: 118.1 | I8: =H8/G8 -> 1.2025252 | J8: 0 | K8: =J8/G8 -> 0 | L8: 54.97 | M8: =(H8+J8)/G8 -> 1.2025252 | N8: 1093.3533 | O8: 3.5 | P8: 0.035637919 | Q8: 192.395 | R8: 16.39 | S8: 0.16688728 | T8: 包裝 | U8: 抓樣不穩 | V8: 預估>實際 | W8: 1 | X8: 台式綜合甜不辣 | AA8: =SUMIF($U$7:$U$466,TRIM(AA6),$F$7:$F$46) -> 0 | AB8: =SUMIF($U$7:$U$466,TRIM(AB6),$F$7:$F$46) -> 0 | AC8: =SUMIF($U$7:$U$466,TRIM(AC6),$F$7:$F$46) -> 1549.1512 | AD8: =SUMIF($U$7:$U$466,TRIM(AD6),$F$7:$F$46) -> 276646.35 | AE8: =SUMIF($U$7:$U$466,TRIM(AE6),$F$7:$F$46) -> 16809.282 | AF8: =SUMIF($U$7:$U$466,TRIM(AF6),$F$7:$F$46) -> 55834.436 | AG8: =SUMIF($U$7:$U$466,TRIM(AG6),$F$7:$F$46) -> 1348.5 | AH8: =SUMIF($U$7:$U$466,TRIM(AH6),$F$7:$F$46) -> 0
D9: 3 | E9: 義麵-奶油海鮮白醬 | F9: 899.4558 | G9: 247.14 | H9: 247 | I9: =H9/G9 -> 0.99943352 | J9: 7.6 | K9: =J9/G9 -> 0.030751801 | L9: 141.87 | M9: =(H9+J9)/G9 -> 1.0301853 | N9: 1058.3502 | O9: 1.12 | P9: 0.0045318443 | Q9: 158.8944 | R9: 6.34 | S9: 0.025653476 | T9: 包裝 | U9: 抓樣不穩 | W9: 1 | X9: 焗奶油扇貝筆尖麵 | Z9: =SUM(W47:W116) -> 70 | AA9: =SUMIF($U$47:$U$116,TRIM(AA6),$W$47:$W$116) -> 0 | AB9: =SUMIF($U$47:$U$116,TRIM(AB6),$W$47:$W$116) -> 0 | AC9: =SUMIF($U$47:$U$116,TRIM(AC6),$W$47:$W$116) -> 1 | AD9: =SUMIF($U$47:$U$116,TRIM(AD6),$W$47:$W$116) -> 58 | AE9: =SUMIF($U$47:$U$116,TRIM(AE6),$W$47:$W$116) -> 4 | AF9: =SUMIF($U$47:$U$116,TRIM(AF6),$W$47:$W$116) -> 7 | AG9: =SUMIF($U$47:$U$116,TRIM(AG6),$W$47:$W$116) -> 0 | AH9: =SUMIF($U$47:$U$116,TRIM(AH6),$W$47:$W$116) -> 0
D10: 4 | E10: 煮日製1.4義大利麵 | F10: 885.4659 | G10: 748.22 | H10: 754.492 | I10: =H10/G10 -> 1.0083826 | J10: 17.708 | K10: =J10/G10 -> 0.023666836 | L10: 46.53 | M10: =(H10+J10)/G10 -> 1.0320494 | N10: 1115.7894 | O10: 4.95 | P10: 0.0066157013 | Q10: 230.3235 | R10: 19.03 | S10: 0.025433696 | T10: 包裝 | U10: 抓樣不穩 | W10: 1 | X10: 奶油蒜香雞義大利麵 | Y10: w2 | AA10: =SUMIF($U$47:$U$116,TRIM(AA6),$F$47:$F$116) -> 0 | AB10: =SUMIF($U$47:$U$116,TRIM(AB6),$F$47:$F$116) -> 0 | AC10: =SUMIF($U$47:$U$116,TRIM(AC6),$F$47:$F$116) -> 288.762 | AD10: =SUMIF($U$47:$U$116,TRIM(AD6),$F$47:$F$116) -> 41242.525 | AE10: =SUMIF($U$47:$U$116,TRIM(AE6),$F$47:$F$116) -> 5750.8501 | AF10: =SUMIF($U$47:$U$116,TRIM(AF6),$F$47:$F$116) -> 14435.336 | AG10: =SUMIF($U$47:$U$116,TRIM(AG6),$F$47:$F$116) -> 0 | AH10: =SUMIF($U$47:$U$116,TRIM(AH6),$F$47:$F$116) -> 0
D11: 5 | E11: 義麵-經典肉醬(114年) | F11: 817.03405 | G11: 806.49 | H11: 811.925 | I11: =H11/G11 -> 1.0067391 | J11: 0 | K11: =J11/G11 -> 0 | L11: 156.67 | M11: =(H11+J11)/G11 -> 1.0067391 | N11: 851.50145 | O11: 0.22 | P11: 0.00027278702 | Q11: 34.4674 | R11: 5.215 | S11: 0.0064662922 | T11: 包裝 | U11: 抓樣不穩 | W11: 1 | X11: 義式蕃茄起司義大利麵
D12: 6 | E12: 鮮食雙色起司絲 | F12: 699.2 | G12: 168.504 | H12: 172 | I12: =H12/G12 -> 1.0207473 | J12: 0 | K12: =J12/G12 -> 0 | L12: 200 | M12: =(H12+J12)/G12 -> 1.0207473 | N12: 699.2 | O12: 0 | P12: 0 | Q12: 0 | R12: 3.496 | S12: 0.020747282 | T12: 包裝 | U12: 抓樣不穩 | W12: 1 | X12: 焗烤起司雙饗筆尖麵 | Z12: =SUM(W117:W186) -> 68 | AA12: =SUMIF($U$117:$U$186,TRIM(AA6),$W$117:$W$186) -> 0 | AB12: =SUMIF($U$117:$U$186,TRIM(AB6),$W$117:$W$186) -> 0 | AC12: =SUMIF($U$117:$U$186,TRIM(AC6),$W$117:$W$186) -> 1 | AD12: =SUMIF($U$117:$U$186,TRIM(AD6),$W$117:$W$186) -> 55 | AE12: =SUMIF($U$117:$U$186,TRIM(AE6),$W$117:$W$186) -> 5 | AF12: =SUMIF($U$117:$U$186,TRIM(AF6),$W$117:$W$186) -> 7 | AG12: =SUMIF($U$117:$U$186,TRIM(AG6),$W$117:$W$186) -> 0 | AH12: =SUMIF($U$117:$U$186,TRIM(AH6),$W$117:$W$186) -> 0
D13: 7 | E13: 滷-切片高麗菜 | F13: 680 | G13: 405.72 | H13: 415 | I13: =H13/G13 -> 1.0228729 | J13: 0 | K13: =J13/G13 -> 0 | L13: 85 | M13: =(H13+J13)/G13 -> 1.0228729 | N13: 788.8 | O13: 1.28 | P13: 0.0031548851 | Q13: 108.8 | R13: 8 | S13: 0.019718032 | T13: 包裝 | U13: 抓樣不穩 | W13: 1 | X13: 小滷青蔬 | Y13: w3 | AA13: =SUMIF($U$117:$U$186,TRIM(AA6),$F$117:$F$186) -> 0 | AB13: =SUMIF($U$117:$U$186,TRIM(AB6),$F$117:$F$186) -> 0 | AC13: =SUMIF($U$117:$U$186,TRIM(AC6),$F$117:$F$186) -> 1260.3892 | AD13: =SUMIF($U$117:$U$186,TRIM(AD6),$F$117:$F$186) -> 73851.94 | AE13: =SUMIF($U$117:$U$186,TRIM(AE6),$F$117:$F$186) -> 5941.5133 | AF13: =SUMIF($U$117:$U$186,TRIM(AF6),$F$117:$F$186) -> 12187.093 | AG13: =SUMIF($U$117:$U$186,TRIM(AG6),$F$117:$F$186) -> 0 | AH13: =SUMIF($U$117:$U$186,TRIM(AH6),$F$117:$F$186) -> 0
D14: 8 | E14: 混拌浪花麵 | F14: 561.87824 | G14: 730.609 | H14: 741 | I14: =H14/G14 -> 1.0142224 | J14: 0 | K14: =J14/G14 -> 0 | L14: 54.11 | M14: =(H14+J14)/G14 -> 1.0142224 | N14: 562.25701 | O14: 0.007 | P14: 9.5810481e-06 | Q14: 0.37877 | R14: 10.384 | S14: 0.014212801 | T14: 包裝 | U14: 抓樣不穩 | W14: 1 | X14: 青花椒麻雞肉拌麵
D15: 9 | E15: F-生蒜包 | F15: 486.33 | G15: 10.755 | H15: 13.55 | I15: =H15/G15 -> 1.2598791 | J15: 0 | K15: =J15/G15 -> 0 | L15: 174 | M15: =(H15+J15)/G15 -> 1.2598791 | N15: 486.33 | O15: 0 | P15: 0 | Q15: 0 | R15: 2.795 | S15: 0.25987913 | T15: 包裝 | U15: 抓樣不穩 | W15: 1 | X15: 黑胡椒燻火腿義大利麵 | Z15: =SUM(W187:W256) -> 70 | AA15: =SUMIF($U$187:$U$256,TRIM(AA6),$W$187:$W$256) -> 0 | AB15: =SUMIF($U$187:$U$256,TRIM(AB6),$W$187:$W$256) -> 0 | AC15: =SUMIF($U$187:$U$256,TRIM(AC6),$W$187:$W$256) -> 0 | AD15: =SUMIF($U$187:$U$256,TRIM(AD6),$W$187:$W$256) -> 59 | AE15: =SUMIF($U$187:$U$256,TRIM(AE6),$W$187:$W$256) -> 3 | AF15: =SUMIF($U$187:$U$256,TRIM(AF6),$W$187:$W$256) -> 7 | AG15: =SUMIF($U$187:$U$256,TRIM(AG6),$W$187:$W$256) -> 1 | AH15: =SUMIF($U$187:$U$256,TRIM(AH6),$W$187:$W$256) -> 0
D16: 10 | E16: 細切海苔 (2mm*5cm) | F16: 421.728 | G16: 0.7416 | H16: 1.2 | I16: =H16/G16 -> 1.618123 | J16: 0 | K16: =J16/G16 -> 0 | L16: 920 | M16: =(H16+J16)/G16 -> 1.618123 | N16: 421.728 | O16: 0 | P16: 0 | Q16: 0 | R16: 0.4584 | S16: 0.61812298 | T16: 包裝 | U16: 抓樣不穩 | W16: 1 | X16: 韓式炸雞義大利麵 | Y16: w4 | AA16: =SUMIF($U$187:$U$256,TRIM(AA6),$F$187:$F$256) -> 0 | AB16: =SUMIF($U$187:$U$256,TRIM(AB6),$F$187:$F$256) -> 0 | AC16: =SUMIF($U$187:$U$256,TRIM(AC6),$F$187:$F$256) -> 0 | AD16: =SUMIF($U$187:$U$256,TRIM(AD6),$F$187:$F$256) -> 52566.261 | AE16: =SUMIF($U$187:$U$256,TRIM(AE6),$F$187:$F$256) -> 2287.6094 | AF16: =SUMIF($U$187:$U$256,TRIM(AF6),$F$187:$F$256) -> 15094.535 | AG16: =SUMIF($U$187:$U$256,TRIM(AG6),$F$187:$F$256) -> 1348.5 | AH16: =SUMIF($U$187:$U$256,TRIM(AH6),$F$187:$F$256) -> 0
B17: 45902 | C17: 二 | D17: 1 | E17: 拌韓式炸雞 | F17: 1533.6622 | G17: 212.4 | H17: 221.424 | I17: =H17/G17 -> 1.0424859 | J17: 0 | K17: =J17/G17 -> 0 | L17: 335.3 | M17: =(H17+J17)/G17 -> 1.0424859 | N17: 3025.7472 | O17: 4.45 | P17: 0.020951036 | Q17: 1492.085 | R17: 4.574 | S17: 0.02153484 | T17: 研發 | U17: 研發設定 | V17: 此半成品須拆兩種半成品混拌，製成率正常，炸雞為秤重物料55g以上，炸雞一塊9g以上 | W17: 1 | X17: 韓式炸雞義大利麵
D18: 2 | E18: 鮮食雙色起司絲 | F18: 1001.6 | G18: 94.992 | H18: 100 | I18: =H18/G18 -> 1.0527202 | J18: 0 | K18: =J18/G18 -> 0 | L18: 200 | M18: =(H18+J18)/G18 -> 1.0527202 | N18: 1001.6 | O18: 0 | P18: 0 | Q18: 0 | R18: 5.008 | S18: 0.052720229 | T18: 包裝 | U18: 抓樣不穩 | W18: 1 | X18: 義式蕃茄起司義大利麵 | Z18: =SUM(W257:W326) -> 60 | AA18: =SUMIF($U$257:$U$326,TRIM(AA6),$W$257:$W$326) -> 0 | AB18: =SUMIF($U$257:$U$326,TRIM(AB6),$W$257:$W$326) -> 0 | AC18: =SUMIF($U$257:$U$326,TRIM(AC6),$W$257:$W$326) -> 0 | AD18: =SUMIF($U$257:$U$326,TRIM(AD6),$W$257:$W$326) -> 42 | AE18: =SUMIF($U$257:$U$326,TRIM(AE6),$W$257:$W$326) -> 3 | AF18: =SUMIF($U$257:$U$326,TRIM(AF6),$W$257:$W$326) -> 5 | AG18: =SUMIF($U$257:$U$326,TRIM(AG6),$W$257:$W$326) -> 0 | AH18: =SUMIF($U$257:$U$326,TRIM(AH6),$W$257:$W$326) -> 0
D19: 3 | E19: 羅馬諾羊乾酪絲 | F19: 804.43 | G19: 16.219 | H19: 17 | I19: =H19/G19 -> 1.0481534 | J19: 0 | K19: =J19/G19 -> 0 | L19: 1030 | M19: =(H19+J19)/G19 -> 1.0481534 | N19: 804.43 | O19: 0 | P19: 0 | Q19: 0 | R19: 0.781 | S19: 0.0481534 | T19: 包裝 | U19: 抓樣不穩 | W19: 1 | X19: 羊乳起司培根筆尖麵 | Y19: w5 | AA19: =SUMIF($U$257:$U$326,TRIM(AA6),$F$257:$F$326) -> 0 | AB19: =SUMIF($U$257:$U$326,TRIM(AB6),$F$257:$F$326) -> 0 | AC19: =SUMIF($U$257:$U$326,TRIM(AC6),$F$257:$F$326) -> 0 | AD19: =SUMIF($U$257:$U$326,TRIM(AD6),$F$257:$F$326) -> 86033.682 | AE19: =SUMIF($U$257:$U$326,TRIM(AE6),$F$257:$F$326) -> 2829.3091 | AF19: =SUMIF($U$257:$U$326,TRIM(AF6),$F$257:$F$326) -> 6284.1926 | AG19: =SUMIF($U$257:$U$326,TRIM(AG6),$F$257:$F$326) -> 0 | AH19: =SUMIF($U$257:$U$326,TRIM(AH6),$F$257:$F$326) -> 0
D20: 4 | E20: 義麵-經典肉醬(114年) | F20: 803.09042 | G20: 801.495 | H20: 806.621 | I20: =H20/G20 -> 1.0063955 | J20: 0 | K20: =J20/G20 -> 0 | L20: 156.67 | M20: =(H20+J20)/G20 -> 1.0063955 | N20: 803.09042 | O20: 0 | P20: 0 | Q20: 0 | R20: 5.126 | S20: 0.0063955483 | T20: 包裝 | U20: 抓樣不穩 | W20: 1 | X20: 義式蕃茄起司義大利麵
D21: 5 | E21: 煮青花椒湯凍(114年) | F21: 611.60788 | G21: 218.1 | H21: 221.326 | I21: =H21/G21 -> 1.0147914 | J21: 0 | K21: =J21/G21 -> 0 | L21: 193.18 | M21: =(H21+J21)/G21 -> 1.0147914 | N21: 623.19868 | O21: 0.06 | P21: 0.00027510316 | Q21: 11.5908 | R21: 3.166 | S21: 0.014516277 | T21: 包裝 | U21: 抓樣不穩 | W21: 1 | X21: 青花椒麻雞肉拌麵
D22: 6 | E22: 煮日製義大利麵(108) | F22: 610.5872 | G22: 778.8 | H22: 798.345 | I22: =H22/G22 -> 1.0250963 | J22: 0 | K22: =J22/G22 -> 0 | L22: 35.9 | M22: =(H22+J22)/G22 -> 1.0250963 | N22: 701.6655 | O22: 2.537 | P22: 0.0032575758 | Q22: 91.0783 | R22: 17.008 | S22: 0.021838726 | T22: 包裝 | U22: 抓樣不穩 | W22: 1 | X22: 韓式炸雞義大利麵 | Y22: 月合計 | Z22: =SUM(W7:W10000) -> 308 | AA22: =SUMIF($U$7:$U$10000,TRIM(AA6),$W$7:$W$10000) -> 0 | AB22: =SUMIF($U$7:$U$10000,TRIM(AB6),$W$7:$W$10000) -> 0 | AC22: =SUMIF($U$7:$U$10000,TRIM(AC6),$W$7:$W$10000) -> 2 | AD22: =SUMIF($U$7:$U$10000,TRIM(AD6),$W$7:$W$10000) -> 250 | AE22: =SUMIF($U$7:$U$10000,TRIM(AE6),$W$7:$W$10000) -> 15 | AF22: =SUMIF($U$7:$U$10000,TRIM(AF6),$W$7:$W$10000) -> 30 | AG22: =SUMIF($U$7:$U$10000,TRIM(AG6),$W$7:$W$10000) -> 1 | AH22: =SUMIF($U$7:$U$10000,TRIM(AH6),$W$7:$W$10000) -> 0
D23: 7 | E23: 煮土耳其筆尖麵(113年) | F23: 417.673 | G23: 1151.8 | H23: 1169 | I23: =H23/G23 -> 1.0149331 | J23: 0 | K23: =J23/G23 -> 0 | L23: 31.1 | M23: =(H23+J23)/G23 -> 1.0149331 | N23: 534.92 | O23: 3.77 | P23: 0.0032731377 | Q23: 117.247 | R23: 13.43 | S23: 0.01166001 | T23: 包裝 | U23: 抓樣不穩 | W23: 1 | X23: 焗烤起司雙饗筆尖麵 | AA23: =SUMIF($U$7:$U$10000,TRIM(AA6),$F$7:$F$10000) -> 0 | AB23: =SUMIF($U$7:$U$10000,TRIM(AB6),$F$7:$F$10000) -> 0 | AC23: =SUMIF($U$7:$U$10000,TRIM(AC6),$F$7:$F$10000) -> 1549.1512 | AD23: =SUMIF($U$7:$U$10000,TRIM(AD6),$F$7:$F$10000) -> 276646.35 | AE23: =SUMIF($U$7:$U$10000,TRIM(AE6),$F$7:$F$10000) -> 16809.282 | AF23: =SUMIF($U$7:$U$10000,TRIM(AF6),$F$7:$F$10000) -> 55834.436 | AG23: =SUMIF($U$7:$U$10000,TRIM(AG6),$F$7:$F$10000) -> 1348.5 | AH23: =SUMIF($U$7:$U$10000,TRIM(AH6),$F$7:$F$10000) -> 0
D24: 8 | E24: 煮日製義大利麵(108) | F24: 410.1188 | G24: 1306.14 | H24: 1318 | I24: =H24/G24 -> 1.0090802 | J24: 0 | K24: =J24/G24 -> 0 | L24: 34.58 | M24: =(H24+J24)/G24 -> 1.0090802 | N24: 410.1188 | O24: 0 | P24: 0 | Q24: 0 | R24: 11.86 | S24: 0.0090801905 | T24: 包裝 | U24: 抓樣不穩 | W24: 1 | X24: 義式蕃茄起司義大利麵
D25: 9 | E25: 煮日製義大利麵(108) | F25: 399.7448 | G25: 1243.44 | H25: 1255 | I25: =H25/G25 -> 1.0092968 | J25: 0 | K25: =J25/G25 -> 0 | L25: 34.58 | M25: =(H25+J25)/G25 -> 1.0092968 | N25: 399.7448 | O25: 0 | P25: 0 | Q25: 0 | R25: 11.56 | S25: 0.0092967896 | T25: 包裝 | U25: 抓樣不穩 | W25: 1 | X25: 奶油培根義大利麵
D26: 10 | E26: 炒蒜味蝦仁(8號) | F26: 349 | G26: 52.725 | H26: 53.7 | I26: =H26/G26 -> 1.0184922 | J26: 0 | K26: =J26/G26 -> 0 | L26: 821.74 | M26: =(H26+J26)/G26 -> 1.0184922 | N26: 801.1965 | O26: 0.55 | P26: 0.010431484 | Q26: 451.957 | R26: 0.425 | S26: 0.0080606923 | T26: 包裝 | U26: 抓樣不穩 | W26: 1 | X26: 蒜香蝦蝦義大利麵
B27: 45903 | C27: 三 | D27: 1 | E27: 鮮食雙色起司絲 | F27: 2668.8 | G27: 88.656 | H27: 102 | I27: =H27/G27 -> 1.1505143 | J27: 0 | K27: =J27/G27 -> 0 | L27: 200 | M27: =(H27+J27)/G27 -> 1.1505143 | N27: 2668.8 | O27: 0 | P27: 0 | Q27: 0 | R27: 13.344 | S27: 0.15051435 | T27: 包裝 | U27: 抓樣不穩 | W27: 1 | X27: 義式蕃茄起司義大利麵
D28: 2 | E28: 拌韓式炸雞 | F28: 2263.275 | G28: 201.18 | H28: 209.012 | I28: =H28/G28 -> 1.0389303 | J28: 0 | K28: =J28/G28 -> 0 | L28: 335.3 | M28: =(H28+J28)/G28 -> 1.0389303 | N28: 2626.0696 | O28: 1.082 | P28: 0.0053782682 | Q28: 362.7946 | R28: 6.75 | S28: 0.033552043 | T28: 研發 | U28: 研發設定 | V28: 此半成品須拆兩種半成品混拌，製成率正常，炸雞為秤重物料55g以上，炸雞一塊9g以上 | W28: 1 | X28: 韓式炸雞義大利麵
D29: 3 | E29: 義麵-蒜辣黑胡椒湯凍 | F29: 577.125 | G29: 123.375 | H29: 134 | I29: =H29/G29 -> 1.0861196 | J29: 0 | K29: =J29/G29 -> 0 | L29: 81 | M29: =(H29+J29)/G29 -> 1.0861196 | N29: 860.625 | O29: 3.5 | P29: 0.028368794 | Q29: 283.5 | R29: 7.125 | S29: 0.05775076 | T29: 包裝 | U29: 抓樣不穩 | W29: 1 | X29: 黑胡椒燻火腿義大利麵
D30: 4 | E30: 紅切達起司絲 | F30: 504.075 | G30: 15.855 | H30: 18 | I30: =H30/G30 -> 1.1352886 | J30: 0 | K30: =J30/G30 -> 0 | L30: 235 | M30: =(H30+J30)/G30 -> 1.1352886 | N30: 504.075 | O30: 0 | P30: 0 | Q30: 0 | R30: 2.145 | S30: 0.13528855 | T30: 包裝 | U30: 抓樣不穩 | W30: 1 | X30: 奶油培根義大利麵 | AA30: 1 | AB30: 展開量高於１０5％
D31: 5 | E31: 煮日製義大利麵(108) | F31: 485.1885 | G31: 737.66 | H31: 756.215 | I31: =H31/G31 -> 1.0251539 | J31: 0 | K31: =J31/G31 -> 0 | L31: 35.9 | M31: =(H31+J31)/G31 -> 1.0251539 | N31: 666.1245 | O31: 5.04 | P31: 0.006832416 | Q31: 180.936 | R31: 13.515 | S31: 0.018321449 | T31: 包裝 | U31: 抓樣不穩 | W31: 1 | X31: 韓式炸雞義大利麵 | AA31: 2 | AB31: 調理多產
D32: 6 | E32: 煮日製義大利麵(108) | F32: 457.8392 | G32: 1162.7 | H32: 1177 | I32: =H32/G32 -> 1.012299 | J32: 0 | K32: =J32/G32 -> 0 | L32: 34.58 | M32: =(H32+J32)/G32 -> 1.012299 | N32: 494.494 | O32: 1.06 | P32: 0.00091167111 | Q32: 36.6548 | R32: 13.24 | S32: 0.011387288 | T32: 包裝 | U32: 抓樣不穩 | W32: 1 | X32: 奶油培根義大利麵 | AA32: 3 | AB32: 製程不穩
