Workbook

Sheet 生產管理報表(週) 
A1: 長家廠生產管理報表
A3: 月別 | B3: 6 | C3: 週別 | D3: W4 | E3: 工廠 | F3: 長家廠
A4: （１）收支狀況 | E4: ※單位：千元 | G4: （２）ＫＰＩ達成進度
A5: 項目 | B5: 當週 | C5: 前週 | D5: 差異 | E5: 累計 | G5: 項目 | H5: KPI | I5: 當週 | J5: 前週 | K5: 累計 | L5: ※補充
A6: 業績金額 | B6: ='（１）收支狀況'!G27/1000 -> 20223.118 | C6: 18557.273 | D6: =B6-C6 -> 1665.845 | E6: ='（１）收支狀況'!H5/1000 -> 80775.187 | G6: 人時性(個/月均) | H6: ='（２）ＫＰＩ達成進度'!C1 -> 122.3 | I6: ='（２）ＫＰＩ達成進度'!G27 -> 108.8 | J6: 113.58571 | K6: ='（２）ＫＰＩ達成進度'!H5 -> 111.22759 | L6: 個／MH
A7: 訂單數量 | B7: =SUM('（１）收支狀況'!J27) -> 444044 | C7: 442049 | D7: =B7-C7 -> 1995 | E7: ='（１）收支狀況'!K5 -> 1751581 | G7: 人時達成率(%/月均) | H7: 0.8 | I7: =I6/H6 -> 0.8896157 | J7: =J6/H6 -> 0.92874664 | K7: =K6/H6 -> 0.90946514 | L7: 達成率
A8: 材料費 | B8: ='（１）收支狀況'!M27/1000 -> 12797.665 | C8: 11728.682 | D8: =B8-C8 -> 1068.9824 | E8: ='（１）收支狀況'!N5/1000 -> 51140.268 | G8: 半成品-報廢(%) | H8: 0.0025 | I8: =SUM('日別報廢率總表 '!C26:C32)/SUM('日別報廢率總表 '!B26:B32) -> 0.0024297556 | J8: =SUM('日別報廢率總表 '!C19:C25)/SUM('日別報廢率總表 '!B19:B25) -> 0.0037456243 | K8: ='日別報廢率總表 '!C36/'日別報廢率總表 '!B36 -> 0.0028298778 | L8: 報廢率
A9: 材料費率 | B9: =B8/B6 -> 0.6328235 | C9: =C8/C6 -> 0.63202616 | D9: =B9-C9 -> 0.00079734152 | E9: =E8/E6 -> 0.63311853 | G9: 半成品-超用(%) | H9: 0.0025 | I9: =SUM('日別報廢率總表 '!E26:E32)/SUM('日別報廢率總表 '!B26:B32) -> 0.0031510731 | J9: =SUM('日別報廢率總表 '!E19:E25)/SUM('日別報廢率總表 '!B19:B25) -> 0.0060725742 | K9: ='日別報廢率總表 '!E36/'日別報廢率總表 '!B36 -> 0.0043013966 | L9: 超用率
A10: 勞務成本 | D10: =B10-C10 -> 0 | G10: 固定產線-導入率(%) | H10: 1 | I10: ='（２）ＫＰＩ達成進度'!S27 -> 0.2857 | J10: 0.2857 | K10: ='（２）ＫＰＩ達成進度'!T5 -> 0.2857 | L10: 導入率
A11: 勞務費率 | D11: =B11-C11 -> 0 | G11: 教育訓練-實施率(%) | H11: 1 | I11: ='（２）ＫＰＩ達成進度'!V27 -> 0.8 | J11: 0.8 | K11: ='（２）ＫＰＩ達成進度'!W5 -> 0.8 | L11: 實施率
A13: （３）業績構成比 | G13: （４）訂單數量構成比
B14: 當週 | C14: 比例 | D14: 前週 | E14: 差異 | H14: 當週 | I14: 比例 | J14: 前週 | K14: 差異
A15: 熱食義麵(122,123,124,126) | B15: =SUM('（３）業績構成比'!I29:I35)/1000 -> 17977.836 | C15: =B15/B6 -> 0.88897445 | D15: 0.90799918 | E15: =C15-D15 -> -0.01902473 | G15: 熱食義麵(122,123,124,126) | H15: =SUM('（４）訂單數量構成比'!I29:I35) -> 362699 | I15: =IFERROR(H15/$B$7,"") -> 0.81680869 | J15: 0.793086 | K15: =IFERROR(I15-J15,"") -> 0.023722692
A16: 季節調理麵(111,112) | C16: =IFERROR(B16/$B$6,"") -> 0 | D16: 0 | E16: =IFERROR(C16-D16,"") -> 0 | G16: 季節調理麵(111,112) | I16: =IFERROR(H16/$B$7,"") -> 0 | J16: 0 | K16: =IFERROR(I16-J16,"") -> 0
A17: 微波小吃(153,154,155) | B17: =SUM('（３）業績構成比'!M29:M35)/1000 -> 2245.2828 | C17: =B17/B6 -> 0.11102555 | D17: 0.092000817 | E17: =C17-D17 -> 0.01902473 | G17: 微波小吃(153,154,155) | H17: =SUM('（４）訂單數量構成比'!M29:M35) -> 81345 | I17: =IFERROR(H17/$B$7,"") -> 0.18319131 | J17: 0.206914 | K17: =IFERROR(I17-J17,"") -> -0.023722692
C18: =SUM(C15:C17) -> 1 | D18: =SUM(D15:D17) -> 1 | I18: =SUM(I15:I17) -> 1 | J18: =SUM(J15:J17) -> 1
A20: （５）品群別人時生產性
A21: 品群 | B21: 當週 | C21: 前週 | D21: 差異 | E21: 累計
A22: 熱食義麵(122,123,124,126) | B22: 108.8 | C22: 112.8 | D22: =B22-C22 -> -4 | E22: ='（５-1）品群別人時生產性（熱食義麵）'!C1 -> 110.84042
A23: 季節調理麵(111,112) | D23: =B23-C23 -> 0
A24: 微波小吃(153,154,155) | B24: 121.5 | C24: 123.6 | D24: =B24-C24 -> -2.1 | E24: ='（５-3）品群別人時生產性(微波小吃)'!C1 -> 116.98271

Sheet （１）收支狀況
B2: （１）收支狀況
B3: 資料繳交日 | C3: 月份 | D3: 日期 | F3: 營業額(元) | I3: 訂單數量(個) | L3: 材料費(元) | O3: 材料費率（材料費／營業額） | R3: 勞務成本（全廠人事成本） | U3: 勞務費率（勞務成本／營業額）
F4: 日 | G4: 週累積 | H4: 月累積 | I4: 日 | J4: 週累積 | K4: 月累積 | L4: 日 | M4: 週累積 | N4: 月累積 | O4: 日 | P4: 週累積 | Q4: 月累積 | R4: 日 | S4: 週累積 | T4: 月累積 | U4: 日 | V4: 週累積 | W4: 月累積
C5: 六 | D5: 46174 | E5: 一 | F5: 2835003 | G5: =SUM(F5) -> 2835003 | H5: =SUM(F5:F34) -> 80775187 | I5: 64603 | J5: =SUM(I5) -> 64603 | K5: =SUM(I5:I34) -> 1751581 | L5: 1795051.9 | M5: =SUM(L5) -> 1795051.9 | N5: =SUM(L5:L34) -> 51140268 | O5: =L5/F5 -> 0.6331746 | P5: =M5/G5 -> 0.6331746 | Q5: =N5/H5 -> 0.63311853 | S5: =SUM(R5) -> 0 | T5: =SUM(R5:R36) -> 0 | U5: =R5/F5 -> 0 | V5: =S5/M5 -> 0 | W5: =T5/N5 -> 0
B6: 46182 | D6: 46175 | E6: 二 | F6: 2722521.9 | G6: =SUM(F6:F12) -> 18052963 | I6: 62091 | J6: =SUM(I6:I12) -> 407538 | L6: 1725188.8 | M6: =SUM(L6:L12) -> 11435367 | O6: =L6/F6 -> 0.63367307 | P6: =M6/G6 -> 0.63343434 | S6: =SUM(R6:R12) -> 0 | U6: =R6/F6 -> 0 | V6: =S6/M6 -> 0
D7: 46176 | E7: 三 | F7: 2452866.6 | I7: 55658 | L7: 1554006 | O7: =L7/F7 -> 0.63354687 | U7: =R7/F7 -> 0
D8: 46177 | E8: 四 | F8: 2382946.1 | I8: 54358 | L8: 1509256 | O8: =L8/F8 -> 0.63335719 | U8: =R8/F8 -> 0
D9: 46178 | E9: 五 | F9: 1944479.1 | I9: 46341 | L9: 1232021.8 | O9: =L9/F9 -> 0.63359994 | U9: =R9/F9 -> 0
D10: 46179 | E10: 六 | F10: 2318273.6 | I10: 53256 | L10: 1468512.4 | O10: =L10/F10 -> 0.63345084 | U10: =R10/F10 -> 0
D11: 46180 | E11: 日 | F11: 2991875.1 | I11: 68143 | L11: 1894881.3 | O11: =L11/F11 -> 0.63334239 | U11: =R11/F11 -> 0
D12: 46181 | E12: 一 | F12: 3240000.7 | I12: 67691 | L12: 2051500.4 | O12: =L12/F12 -> 0.63317901 | U12: =R12/F12 -> 0
B13: 46189 | D13: 46182 | E13: 二 | F13: 3508974.2 | G13: =SUM(F13:F19) -> 21305360 | I13: 73200 | J13: =SUM(I13:I19) -> 442049 | L13: 2219653.8 | M13: =SUM(L13:L19) -> 13486877 | O13: =L13/F13 -> 0.63256485 | P13: =M13/G13 -> 0.63302741 | S13: =SUM(R13:R19) -> 0 | U13: =R13/F13 -> 0 | V13: =S13/M13 -> 0
D14: 46183 | E14: 三 | F14: 3139481 | I14: 64942 | L14: 1986873 | O14: =L14/F14 -> 0.63286672 | U14: =R14/F14 -> 0
D15: 46184 | E15: 四 | F15: 3042840.9 | I15: 62899 | L15: 1926989.7 | O15: =L15/F15 -> 0.6332864 | U15: =R15/F15 -> 0
D16: 46185 | E16: 五 | F16: 2238951.4 | I16: 46456 | L16: 1417539.4 | O16: =L16/F16 -> 0.63312646 | U16: =R16/F16 -> 0
D17: 46186 | E17: 六 | F17: 2665425.6 | I17: 55395 | L17: 1686718.1 | O17: =L17/F17 -> 0.63281381 | U17: =R17/F17 -> 0
D18: 46187 | E18: 日 | F18: 3415399.9 | I18: 70645 | L18: 2162701.9 | O18: =L18/F18 -> 0.63322071 | U18: =R18/F18 -> 0
D19: 46188 | E19: 一 | F19: 3294287.4 | I19: 68512 | L19: 2086401.1 | O19: =L19/F19 -> 0.63333911 | U19: =R19/F19 -> 0
B20: 46196 | D20: 46189 | E20: 二 | F20: 3209761.2 | G20: =SUM(F20:F26) -> 18358742 | I20: 69273 | J20: =SUM(I20:I26) -> 393347 | L20: 2032149.5 | M20: =SUM(L20:L26) -> 11625308 | O20: =L20/F20 -> 0.6331155 | P20: =M20/G20 -> 0.63323007 | S20: =SUM(R20:R26) -> 0 | U20: =R20/F20 -> 0 | V20: =S20/M20 -> 0
D21: 46190 | E21: 三 | F21: 2739001.4 | I21: 59082 | L21: 1734570.9 | O21: =L21/F21 -> 0.63328587 | U21: =R21/F21 -> 0
D22: 46191 | E22: 四 | F22: 2148217.9 | I22: 45667 | L22: 1360077.3 | O22: =L22/F22 -> 0.63311886 | U22: =R22/F22 -> 0
D23: 46192 | E23: 五 | F23: 2051065 | I23: 43813 | L23: 1299170.9 | O23: =L23/F23 -> 0.63341286 | U23: =R23/F23 -> 0
D24: 46193 | E24: 六 | F24: 2183098.7 | I24: 46311 | L24: 1382352.2 | O24: =L24/F24 -> 0.63320645 | U24: =R24/F24 -> 0
D25: 46194 | E25: 日 | F25: 3045937.9 | I25: 65708 | L25: 1928940.9 | O25: =L25/F25 -> 0.63328306 | U25: =R25/F25 -> 0
D26: 46195 | E26: 一 | F26: 2981660.1 | I26: 63493 | L26: 1888045.8 | O26: =L26/F26 -> 0.63321968 | U26: =R26/F26 -> 0
B27: 46203 | D27: 46196 | E27: 二 | F27: 3337100 | G27: =SUM(F27:F33) -> 20223118 | I27: 71426 | J27: =SUM(I27:I33) -> 444044 | L27: 2112373 | M27: =SUM(L27:L33) -> 12797665 | O27: =L27/F27 -> 0.63299661 | P27: =M27/G27 -> 0.6328235 | S27: =SUM(R27:R33) -> 0 | U27: =R27/F27 -> 0 | V27: =S27/M27 -> 0
D28: 46197 | E28: 三 | F28: 2882994.2 | I28: 62078 | L28: 1825286.3 | O28: =L28/F28 -> 0.63312175 | U28: =R28/F28 -> 0
D29: 46198 | E29: 四 | F29: 2814327.4 | I29: 60486 | L29: 1781026.2 | O29: =L29/F29 -> 0.6328426 | U29: =R29/F29 -> 0
D30: 46199 | E30: 五 | F30: 2265418.4 | I30: 48943 | L30: 1433013.6 | O30: =L30/F30 -> 0.63256023 | U30: =R30/F30 -> 0
D31: 46200 | E31: 六 | F31: 2274198.5 | I31: 58607 | L31: 1439045.1 | O31: =L31/F31 -> 0.63277021 | U31: =R31/F31 -> 0
D32: 46201 | E32: 日 | F32: 3370259.7 | I32: 72372 | L32: 2132263.6 | O32: =L32/F32 -> 0.63267042 | U32: =R32/F32 -> 0
D33: 46202 | E33: 一 | F33: 3278820.1 | I33: 70132 | L33: 2074656.7 | O33: =L33/F33 -> 0.63274489 | U33: =R33/F33 -> 0
D34: 46203 | E34: 二 | O34: =L34/F34 -> #DIV/0! | U34: =R34/F34 -> #DIV/0!
U35: =R35/F35 -> #DIV/0!

Sheet （２）ＫＰＩ達成進度
C1: 122.3 | D1: 132.1
B2: （２）ＫＰＩ達成進度
B3: 資料繳交日 | C3: 月份 | D3: 日期 | F3: 人時生產性(個/人) | I3: 人時生產性達成率(%) | L3: 半成品報廢(%) | O3: 半成品超用(%) | R3: 固定產線-導入率(固定產線數/總產線數) | U3: 教育訓練-實施率(進度/計畫)
F4: 日 | G4: 週平均 | H4: 月平均 | I4: 日 | J4: 週平均 | K4: 月平均 | L4: 日 | M4: 週平均 | N4: 月平均 | O4: 日 | P4: 週平均 | Q4: 月平均 | R4: 日 | S4: 週平均 | T4: 月平均 | U4: 日 | V4: 週平均 | W4: 月平均
C5: 六 | D5: 46174 | E5: 一 | F5: 113.1 | G5: =AVERAGE(F5) -> 113.1 | H5: =AVERAGE(F5:F34) -> 111.22759 | I5: =F5/$C$1 -> 0.92477514 | J5: =AVERAGE(I5) -> 0.92477514 | K5: =AVERAGE(I5:I34) -> 0.90946514 | L5: ='日別報廢率總表 '!D4 -> 0.001406143 | M5: =AVERAGE(L5) -> 0.001406143 | N5: =AVERAGE(L5:L34) -> 0.003114795 | O5: ='日別報廢率總表 '!F4 -> 0.0023580468 | P5: =AVERAGE(O5) -> 0.0023580468 | Q5: =AVERAGE(O5:O34) -> 0.0046962068 | R5: 0.2857 | S5: =AVERAGE(R5) -> 0.2857 | T5: =AVERAGE(R5:R33) -> 0.2857 | U5: 0.95 | V5: =AVERAGE(U5) -> 0.95 | W5: =AVERAGE(U5:U33) -> 0.8
B6: 46182 | D6: 46175 | E6: 二 | F6: 104.1 | G6: =AVERAGE(F6:F12) -> 108.45714 | I6: =F6/$C$1 -> 0.85118561 | J6: =AVERAGE(I6:I12) -> 0.88681229 | L6: ='日別報廢率總表 '!D5 -> 0.0010512731 | M6: =AVERAGE(L6:L12) -> 0.0033285442 | O6: ='日別報廢率總表 '!F5 -> 0.0025922333 | P6: =AVERAGE(O6:O12) -> 0.0049776008 | R6: 0.2857 | S6: =AVERAGE(R6:R12) -> 0.2857 | U6: 0.75 | V6: =AVERAGE(U6:U12) -> 0.77857143
D7: 46176 | E7: 三 | F7: 104.6 | I7: =F7/$C$1 -> 0.85527392 | L7: ='日別報廢率總表 '!D6 -> 0.0032308752 | O7: ='日別報廢率總表 '!F6 -> 0.0053133247 | R7: 0.2857 | U7: 0.75
D8: 46177 | E8: 四 | F8: 111.8 | I8: =F8/$C$1 -> 0.91414554 | L8: ='日別報廢率總表 '!D7 -> 0.0023410243 | O8: ='日別報廢率總表 '!F7 -> 0.0022957244 | R8: 0.2857 | U8: 0.75
D9: 46178 | E9: 五 | F9: 110.3 | I9: =F9/$C$1 -> 0.90188062 | L9: ='日別報廢率總表 '!D8 -> 0.013257478 | O9: ='日別報廢率總表 '!F8 -> 0.018265767 | R9: 0.2857 | U9: 0.8
D10: 46179 | E10: 六 | F10: 107.8 | I10: =F10/$C$1 -> 0.88143908 | L10: ='日別報廢率總表 '!D9 -> 0.0010332132 | O10: ='日別報廢率總表 '!F9 -> 0.0033441432 | R10: 0.2857 | U10: 0.8
D11: 46180 | E11: 日 | F11: 110.8 | I11: =F11/$C$1 -> 0.90596893 | L11: ='日別報廢率總表 '!D10 -> 0.0010210003 | O11: ='日別報廢率總表 '!F10 -> 0.0024491895 | R11: 0.2857 | U11: 0.8
D12: 46181 | E12: 一 | F12: 109.8 | I12: =F12/$C$1 -> 0.89779231 | L12: ='日別報廢率總表 '!D11 -> 0.0013649457 | O12: ='日別報廢率總表 '!F11 -> 0.00058282333 | R12: 0.2857 | U12: 0.8
B13: 46189 | D13: 46182 | E13: 二 | F13: 110.1 | G13: =AVERAGE(F13:F19) -> 113.8 | I13: =F13/$C$1 -> 0.9002453 | J13: =AVERAGE(I13:I19) -> 0.93049877 | L13: ='日別報廢率總表 '!D12 -> 0.0015576526 | M13: =AVERAGE(L13:L19) -> 0.0027684545 | O13: ='日別報廢率總表 '!F12 -> 0.0031435727 | P13: =AVERAGE(O13:O19) -> 0.0042695458 | R13: 0.2857 | S13: =AVERAGE(R13:R19) -> 0.2857 | U13: 0.8 | V13: =AVERAGE(U13:U19) -> 0.8
D14: 46183 | E14: 三 | F14: 113.3 | I14: =F14/$C$1 -> 0.92641047 | L14: ='日別報廢率總表 '!D13 -> 0.0028392494 | O14: ='日別報廢率總表 '!F13 -> 0.0041986055 | R14: 0.2857 | U14: 0.8
D15: 46184 | E15: 四 | F15: 112.6 | I15: =F15/$C$1 -> 0.92068684 | L15: ='日別報廢率總表 '!D14 -> 0.00085563331 | O15: ='日別報廢率總表 '!F14 -> 0.001335412 | R15: 0.2857 | U15: 0.8
D16: 46185 | E16: 五 | F16: 114.5 | I16: =F16/$C$1 -> 0.9362224 | L16: ='日別報廢率總表 '!D15 -> 0.0072236617 | O16: ='日別報廢率總表 '!F15 -> 0.0087700052 | R16: 0.2857 | U16: 0.8
D17: 46186 | E17: 六 | F17: 115.4 | I17: =F17/$C$1 -> 0.94358136 | L17: ='日別報廢率總表 '!D16 -> 0.0024199711 | O17: ='日別報廢率總表 '!F16 -> 0.0035087385 | R17: 0.2857 | U17: 0.8
D18: 46187 | E18: 日 | F18: 112.1 | I18: =F18/$C$1 -> 0.91659853 | L18: ='日別報廢率總表 '!D17 -> 0.002504706 | O18: ='日別報廢率總表 '!F17 -> 0.0067843472 | R18: 0.2857 | U18: 0.8
D19: 46188 | E19: 一 | F19: 118.6 | I19: =F19/$C$1 -> 0.96974652 | L19: ='日別報廢率總表 '!D18 -> 0.0019783076 | O19: ='日別報廢率總表 '!F18 -> 0.0021461398 | R19: 0.2857 | U19: 0.8
B20: 46196 | D20: 46189 | E20: 二 | F20: 113.8 | G20: =AVERAGE(F20:F26) -> 113.58571 | I20: =F20/$C$1 -> 0.93049877 | J20: =AVERAGE(I20:I26) -> 0.92874664 | L20: ='日別報廢率總表 '!D19 -> 0.0031413507 | M20: =AVERAGE(L20:L26) -> 0.0038834882 | O20: ='日別報廢率總表 '!F19 -> 0.0046607445 | P20: =AVERAGE(O20:O26) -> 0.006328147 | R20: 0.2857 | S20: =AVERAGE(R20:R26) -> 0.2857 | U20: 0.8 | V20: =AVERAGE(U20:U26) -> 0.8
D21: 46190 | E21: 三 | F21: 114.5 | I21: =F21/$C$1 -> 0.9362224 | L21: ='日別報廢率總表 '!D20 -> 0.0076825287 | O21: ='日別報廢率總表 '!F20 -> 0.01086359 | R21: 0.2857 | U21: 0.8
D22: 46191 | E22: 四 | F22: 111.5 | I22: =F22/$C$1 -> 0.91169256 | L22: ='日別報廢率總表 '!D21 -> 0.00769257 | O22: ='日別報廢率總表 '!F21 -> 0.013364993 | R22: 0.2857 | U22: 0.8
D23: 46192 | E23: 五 | F23: 112.1 | I23: =F23/$C$1 -> 0.91659853 | L23: ='日別報廢率總表 '!D22 -> 0.0044302163 | O23: ='日別報廢率總表 '!F22 -> 0.0062738244 | R23: 0.2857 | U23: 0.8
D24: 46193 | E24: 六 | F24: 114.7 | I24: =F24/$C$1 -> 0.93785773 | L24: ='日別報廢率總表 '!D23 -> 0.00091542356 | O24: ='日別報廢率總表 '!F23 -> 0.0028476962 | R24: 0.2857 | U24: 0.8
D25: 46194 | E25: 日 | F25: 113.6 | I25: =F25/$C$1 -> 0.92886345 | L25: ='日別報廢率總表 '!D24 -> 0.0019138474 | O25: ='日別報廢率總表 '!F24 -> 0.0035869924 | R25: 0.2857 | U25: 0.8
D26: 46195 | E26: 一 | F26: 114.9 | I26: =F26/$C$1 -> 0.93949305 | L26: ='日別報廢率總表 '!D25 -> 0.0014084806 | O26: ='日別報廢率總表 '!F25 -> 0.0026991877 | R26: 0.2857 | U26: 0.8
B27: 46203 | D27: 46196 | E27: 二 | F27: 110.1 | G27: =AVERAGE(F27:F33) -> 108.8 | I27: =F27/$C$1 -> 0.9002453 | J27: =AVERAGE(I27:I33) -> 0.8896157 | L27: 0.0012687569 | M27: =AVERAGE(L27:L33) -> 0.0027227864 | O27: 0.0019496222 | P27: =AVERAGE(O27:O33) -> 0.0035435563 | R27: 0.2857 | S27: =AVERAGE(R27:R33) -> 0.2857 | U27: 0.8 | V27: =AVERAGE(U27:U33) -> 0.8
D28: 46197 | E28: 三 | F28: 108 | I28: =F28/$C$1 -> 0.88307441 | L28: 0.0013829079 | O28: 0.0022644906 | R28: 0.2857 | U28: 0.8
D29: 46198 | E29: 四 | F29: 108.6 | I29: =F29/$C$1 -> 0.88798038 | L29: 0.0020971448 | O29: 0.0032410442 | R29: 0.2857 | U29: 0.8
D30: 46199 | E30: 五 | F30: 107 | I30: =F30/$C$1 -> 0.87489779 | L30: 0.010418428 | O30: 0.013413624 | R30: 0.2857 | U30: 0.8
D31: 46200 | E31: 六 | F31: 108.1 | I31: =F31/$C$1 -> 0.88389207 | L31: 0.0014966272 | O31: 0.0018751045 | R31: 0.2857 | U31: 0.8
D32: 46201 | E32: 日 | F32: 109.5 | I32: =F32/$C$1 -> 0.89533933 | L32: 0.0016809087 | O32: 0.0017395117 | R32: 0.2857 | U32: 0.8
D33: 46202 | E33: 一 | F33: 110.3 | I33: =F33/$C$1 -> 0.90188062 | L33: 0.00071473042 | O33: 0.0003214972 | R33: 0.2857 | U33: 0.8
D34: 46203 | E34: 二
H45: 0.91568164
H46: 0.90622537
H47: 0.88967691
H48: 0.86997636
H49: 0.91883373
H50: 0.88337273
H51: 0.92277384

Sheet （３）業績構成比
B2: （3）業績構成比
B3: 資料繳交日 | C3: 月份 | D3: 日期 | F3: 營業額 | I3: 品類業績
I4: 熱食義麵 | K4: 季節調理麵 | M4: 微波小吃
F5: 日 | G5: 週累積 | H5: 月累積 | I5: 一配 | K5: 一配 | M5: 一配
I6: 業績(元) | J6: 比例(%) | K6: 業績(元) | L6: 比例(%) | M6: 業績(元) | N6: 比例(%)
C7: 六 | D7: 46174 | E7: 一 | F7: =I7+M7 -> 2835003 | G7: =SUM(F7) -> 2835003 | H7: =SUM(F7:F36) -> 80775187 | I7: 2544713.9 | J7: =I7/F7 -> 0.89760535 | L7: =K7/F7 -> 0 | M7: 290289.13 | N7: =M7/F7 -> 0.10239465
B8: 46182 | D8: 46175 | E8: 二 | F8: =I8+M8 -> 2722521.9 | G8: =SUM(F8:F14) -> 18052963 | I8: 2443673.3 | J8: =I8/F8 -> 0.89757711 | L8: =K8/F8 -> 0 | M8: 278848.56 | N8: =M8/F8 -> 0.10242289
D9: 46176 | E9: 三 | F9: =I9+M9 -> 2452866.6 | I9: 2208140.7 | J9: =I9/F9 -> 0.90022859 | L9: =K9/F9 -> 0 | M9: 244725.97 | N9: =M9/F9 -> 0.099771413
D10: 46177 | E10: 四 | F10: =I10+M10 -> 2382946.1 | I10: 2144642.4 | J10: =I10/F10 -> 0.89999619 | L10: =K10/F10 -> 0 | M10: 238303.68 | N10: =M10/F10 -> 0.10000381
D11: 46178 | E11: 五 | F11: =I11+M11 -> 1944479.1 | I11: 1727826.7 | J11: =I11/F11 -> 0.88858078 | L11: =K11/F11 -> 0 | M11: 216652.34 | N11: =M11/F11 -> 0.11141922
D12: 46179 | E12: 六 | F12: =I12+M12 -> 2318273.6 | I12: 2087765.6 | J12: =I12/F12 -> 0.9005691 | L12: =K12/F12 -> 0 | M12: 230508.04 | N12: =M12/F12 -> 0.099430903
D13: 46180 | E13: 日 | F13: =I13+M13 -> 2991875.1 | I13: 2708252 | J13: =I13/F13 -> 0.90520221 | L13: =K13/F13 -> 0 | M13: 283623.14 | N13: =M13/F13 -> 0.094797786
D14: 46181 | E14: 一 | F14: =I14+M14 -> 3240000.7 | I14: 2957745.5 | J14: =I14/F14 -> 0.91288421 | L14: =K14/F14 -> 0 | M14: 282255.22 | N14: =M14/F14 -> 0.08711579
B15: 46189 | D15: 46182 | E15: 二 | F15: =I15+M15 -> 3508974.2 | G15: =SUM(F15:F21) -> 21305360 | I15: 3234220.6 | J15: =I15/F15 -> 0.92169972 | L15: =K15/F15 -> 0 | M15: 274753.68 | N15: =M15/F15 -> 0.078300284
D16: 46183 | E16: 三 | F16: =I16+M16 -> 3139481 | I16: 2895039.1 | J16: =I16/F16 -> 0.9221394 | L16: =K16/F16 -> 0 | M16: 244441.86 | N16: =M16/F16 -> 0.077860596
D17: 46184 | E17: 四 | F17: =I17+M17 -> 3042840.9 | I17: 2806182.4 | J17: =I17/F17 -> 0.92222449 | L17: =K17/F17 -> 0 | M17: 236658.49 | N17: =M17/F17 -> 0.077775507
D18: 46185 | E18: 五 | F18: =I18+M18 -> 2238951.4 | I18: 2043345.1 | J18: =I18/F18 -> 0.91263487 | L18: =K18/F18 -> 0 | M18: 195606.27 | N18: =M18/F18 -> 0.087365126
D19: 46186 | E19: 六 | F19: =I19+M19 -> 2665425.6 | I19: 2446847.6 | J19: =I19/F19 -> 0.91799507 | L19: =K19/F19 -> 0 | M19: 218578.05 | N19: =M19/F19 -> 0.082004933
D20: 46187 | E20: 日 | F20: =I20+M20 -> 3415399.9 | I20: 3155486.9 | J20: =I20/F20 -> 0.92389968 | L20: =K20/F20 -> 0 | M20: 259913.03 | N20: =M20/F20 -> 0.076100321
D21: 46188 | E21: 一 | F21: =I21+M21 -> 3294287.4 | I21: 3017030.4 | J21: =I21/F21 -> 0.91583704 | L21: =K21/F21 -> 0 | M21: 277256.97 | N21: =M21/F21 -> 0.084162957
B22: 46196 | D22: 46189 | E22: 二 | F22: =I22+M22 -> 3209761.2 | G22: =SUM(F22:F28) -> 18358742 | I22: 2788792.9 | J22: =I22/F22 -> 0.86884746 | L22: =K22/F22 -> 0 | M22: 420968.32 | N22: =M22/F22 -> 0.13115254
D23: 46190 | E23: 三 | F23: =I23+M23 -> 2739001.4 | I23: 2378480.3 | J23: =I23/F23 -> 0.868375 | L23: =K23/F23 -> 0 | M23: 360521.07 | N23: =M23/F23 -> 0.131625
D24: 46191 | E24: 四 | F24: =I24+M24 -> 2148217.9 | I24: 1909519.3 | J24: =I24/F24 -> 0.8888853 | L24: =K24/F24 -> 0 | M24: 238698.58 | N24: =M24/F24 -> 0.1111147
D25: 46192 | E25: 五 | F25: =I25+M25 -> 2051065 | I25: 1797796.4 | J25: =I25/F25 -> 0.87651852 | L25: =K25/F25 -> 0 | M25: 253268.55 | N25: =M25/F25 -> 0.12348148
D26: 46193 | E26: 六 | F26: =I26+M26 -> 2183098.7 | I26: 1939583.9 | J26: =I26/F26 -> 0.8884545 | L26: =K26/F26 -> 0 | M26: 243514.84 | N26: =M26/F26 -> 0.1115455
D27: 46194 | E27: 日 | F27: =I27+M27 -> 3045937.9 | I27: 2651797.9 | J27: =I27/F27 -> 0.87060143 | L27: =K27/F27 -> 0 | M27: 394140.02 | N27: =M27/F27 -> 0.12939857
D28: 46195 | E28: 一 | F28: =I28+M28 -> 2981660.1 | I28: 2644154.9 | J28: =I28/F28 -> 0.8868063 | L28: =K28/F28 -> 0 | M28: 337505.14 | N28: =M28/F28 -> 0.1131937
B29: 46203 | D29: 46196 | E29: 二 | F29: =I29+M29 -> 3337100 | G29: =SUM(F29:F35) -> 20223118 | I29: 3007578.9 | J29: =I29/F29 -> 0.90125525 | L29: =K29/F29 -> 0 | M29: 329521.12 | N29: =M29/F29 -> 0.098744754
D30: 46197 | E30: 三 | F30: =I30+M30 -> 2882994.2 | I30: 2553464.6 | J30: =I30/F30 -> 0.88569885 | L30: =K30/F30 -> 0 | M30: 329529.55 | N30: =M30/F30 -> 0.11430115
D31: 46198 | E31: 四 | F31: =I31+M31 -> 2814327.4 | I31: 2498396.1 | J31: =I31/F31 -> 0.88774182 | L31: =K31/F31 -> 0 | M31: 315931.28 | N31: =M31/F31 -> 0.11225818
D32: 46199 | E32: 五 | F32: =I32+M32 -> 2265418.4 | I32: 2001352.7 | J32: =I32/F32 -> 0.88343623 | L32: =K32/F32 -> 0 | M32: 264065.72 | N32: =M32/F32 -> 0.11656377
D33: 46200 | E33: 六 | F33: =I33+M33 -> 2274198.5 | I33: 1976105 | J33: =I33/F33 -> 0.86892371 | L33: =K33/F33 -> 0 | M33: 298093.52 | N33: =M33/F33 -> 0.13107629
D34: 46201 | E34: 日 | F34: =I34+M34 -> 3370259.7 | I34: 3016228 | J34: =I34/F34 -> 0.89495417 | L34: =K34/F34 -> 0 | M34: 354031.74 | N34: =M34/F34 -> 0.10504583
D35: 46202 | E35: 一 | F35: =I35+M35 -> 3278820.1 | I35: 2924710.3 | J35: =I35/F35 -> 0.89200083 | L35: =K35/F35 -> 0 | M35: 354109.86 | N35: =M35/F35 -> 0.10799917
D36: 46203 | E36: 二 | F36: =I36+M36 -> 0 | J36: =I36/F36 -> #DIV/0! | L36: =K36/F36 -> #DIV/0! | N36: =M36/F36 -> #DIV/0!

Sheet （４）訂單數量構成比
B2: （4）訂單數量構成比
B3: 資料繳交日 | C3: 月份 | D3: 日期 | F3: 訂單量 | I3: 品類訂單量
I4: 熱食義麵 | K4: 季節調理麵 | M4: 微波小吃
F5: 日 | G5: 週累積 | H5: 月累積 | I5: 一配 | K5: 一配 | M5: 一配
I6: 訂單數 | J6: 比例(%) | K6: 訂單數 | L6: 比例(%) | M6: 訂單數 | N6: 比例(%)
C7: 六 | D7: 46174 | E7: 一 | F7: =SUM(I7,K7,M7) -> 64603 | G7: =SUM(F7) -> 64603 | H7: =SUM(F7:F36) -> 1751581 | I7: 53944 | J7: =I7/F7 -> 0.83500766 | L7: =K7/F7 -> 0 | M7: 10659 | N7: =M7/F7 -> 0.16499234
B8: 46182 | D8: 46175 | E8: 二 | F8: =SUM(I8,K8,M8) -> 62091 | G8: =SUM(F8:F14) -> 407538 | I8: 51859 | J8: =I8/F8 -> 0.83520961 | L8: =K8/F8 -> 0 | M8: 10232 | N8: =M8/F8 -> 0.16479039
D9: 46176 | E9: 三 | F9: =SUM(I9,K9,M9) -> 55658 | I9: 46680 | J9: =I9/F9 -> 0.83869345 | L9: =K9/F9 -> 0 | M9: 8978 | N9: =M9/F9 -> 0.16130655
D10: 46177 | E10: 四 | F10: =SUM(I10,K10,M10) -> 54358 | I10: 45611 | J10: =I10/F10 -> 0.83908532 | L10: =K10/F10 -> 0 | M10: 8747 | N10: =M10/F10 -> 0.16091468
D11: 46178 | E11: 五 | F11: =SUM(I11,K11,M11) -> 46341 | I11: 38387 | J11: =I11/F11 -> 0.82835934 | L11: =K11/F11 -> 0 | M11: 7954 | N11: =M11/F11 -> 0.17164066
D12: 46179 | E12: 六 | F12: =SUM(I12,K12,M12) -> 53256 | I12: 44801 | J12: =I12/F12 -> 0.84123855 | L12: =K12/F12 -> 0 | M12: 8455 | N12: =M12/F12 -> 0.15876145
D13: 46180 | E13: 日 | F13: =SUM(I13,K13,M13) -> 68143 | I13: 57735 | J13: =I13/F13 -> 0.84726237 | L13: =K13/F13 -> 0 | M13: 10408 | N13: =M13/F13 -> 0.15273763
D14: 46181 | E14: 一 | F14: =SUM(I14,K14,M14) -> 67691 | I14: 57337 | J14: =I14/F14 -> 0.84704023 | L14: =K14/F14 -> 0 | M14: 10354 | N14: =M14/F14 -> 0.15295977
B15: 46189 | D15: 46182 | E15: 二 | F15: =SUM(I15,K15,M15) -> 73200 | G15: =SUM(F15:F21) -> 442049 | I15: 63123 | J15: =I15/F15 -> 0.86233607 | L15: =K15/F15 -> 0 | M15: 10077 | N15: =M15/F15 -> 0.13766393
D16: 46183 | E16: 三 | F16: =SUM(I16,K16,M16) -> 64942 | I16: 55966 | J16: =I16/F16 -> 0.86178436 | L16: =K16/F16 -> 0 | M16: 8976 | N16: =M16/F16 -> 0.13821564
D17: 46184 | E17: 四 | F17: =SUM(I17,K17,M17) -> 62899 | I17: 54213 | J17: =I17/F17 -> 0.86190559 | L17: =K17/F17 -> 0 | M17: 8686 | N17: =M17/F17 -> 0.13809441
D18: 46185 | E18: 五 | F18: =SUM(I18,K18,M18) -> 46456 | I18: 39286 | J18: =I18/F18 -> 0.84566041 | L18: =K18/F18 -> 0 | M18: 7170 | N18: =M18/F18 -> 0.15433959
D19: 46186 | E19: 六 | F19: =SUM(I19,K19,M19) -> 55395 | I19: 47382 | J19: =I19/F19 -> 0.85534796 | L19: =K19/F19 -> 0 | M19: 8013 | N19: =M19/F19 -> 0.14465204
D20: 46187 | E20: 日 | F20: =SUM(I20,K20,M20) -> 70645 | I20: 61112 | J20: =I20/F20 -> 0.86505768 | L20: =K20/F20 -> 0 | M20: 9533 | N20: =M20/F20 -> 0.13494232
D21: 46188 | E21: 一 | F21: =SUM(I21,K21,M21) -> 68512 | I21: 58336 | J21: =I21/F21 -> 0.85147128 | L21: =K21/F21 -> 0 | M21: 10176 | N21: =M21/F21 -> 0.14852872
B22: 46196 | D22: 46189 | E22: 二 | F22: =SUM(I22,K22,M22) -> 69273 | G22: =SUM(F22:F28) -> 393347 | I22: 54069 | J22: =I22/F22 -> 0.78052055 | L22: =K22/F22 -> 0 | M22: 15204 | N22: =M22/F22 -> 0.21947945
D23: 46190 | E23: 三 | F23: =SUM(I23,K23,M23) -> 59082 | I23: 46055 | J23: =I23/F23 -> 0.77950983 | L23: =K23/F23 -> 0 | M23: 13027 | N23: =M23/F23 -> 0.22049017
D24: 46191 | E24: 四 | F24: =SUM(I24,K24,M24) -> 45667 | I24: 37013 | J24: =I24/F24 -> 0.81049773 | L24: =K24/F24 -> 0 | M24: 8654 | N24: =M24/F24 -> 0.18950227
D25: 46192 | E25: 五 | F25: =SUM(I25,K25,M25) -> 43813 | I25: 34640 | J25: =I25/F25 -> 0.79063292 | L25: =K25/F25 -> 0 | M25: 9173 | N25: =M25/F25 -> 0.20936708
D26: 46193 | E26: 六 | F26: =SUM(I26,K26,M26) -> 46311 | I26: 37481 | J26: =I26/F26 -> 0.80933256 | L26: =K26/F26 -> 0 | M26: 8830 | N26: =M26/F26 -> 0.19066744
D27: 46194 | E27: 日 | F27: =SUM(I27,K27,M27) -> 65708 | I27: 51451 | J27: =I27/F27 -> 0.7830249 | L27: =K27/F27 -> 0 | M27: 14257 | N27: =M27/F27 -> 0.2169751
D28: 46195 | E28: 一 | F28: =SUM(I28,K28,M28) -> 63493 | I28: 51249 | J28: =I28/F28 -> 0.80715984 | L28: =K28/F28 -> 0 | M28: 12244 | N28: =M28/F28 -> 0.19284016
B29: 46203 | D29: 46196 | E29: 二 | F29: =SUM(I29,K29,M29) -> 71426 | G29: =SUM(F29:F35) -> 444044 | I29: 59460 | J29: =I29/F29 -> 0.83246997 | L29: =K29/F29 -> 0 | M29: 11966 | N29: =M29/F29 -> 0.16753003
D30: 46197 | E30: 三 | F30: =SUM(I30,K30,M30) -> 62078 | I30: 50140 | J30: =I30/F30 -> 0.80769355 | L30: =K30/F30 -> 0 | M30: 11938 | N30: =M30/F30 -> 0.19230645
D31: 46198 | E31: 四 | F31: =SUM(I31,K31,M31) -> 60486 | I31: 49053 | J31: =I31/F31 -> 0.81098105 | L31: =K31/F31 -> 0 | M31: 11433 | N31: =M31/F31 -> 0.18901895
D32: 46199 | E32: 五 | F32: =SUM(I32,K32,M32) -> 48943 | I32: 39390 | J32: =I32/F32 -> 0.80481376 | L32: =K32/F32 -> 0 | M32: 9553 | N32: =M32/F32 -> 0.19518624
D33: 46200 | E33: 六 | F33: =SUM(I33,K33,M33) -> 58607 | I33: 47811 | J33: =I33/F33 -> 0.81578992 | L33: =K33/F33 -> 0 | M33: 10796 | N33: =M33/F33 -> 0.18421008
D34: 46201 | E34: 日 | F34: =SUM(I34,K34,M34) -> 72372 | I34: 59541 | J34: =I34/F34 -> 0.82270768 | L34: =K34/F34 -> 0 | M34: 12831 | N34: =M34/F34 -> 0.17729232
D35: 46202 | E35: 一 | F35: =SUM(I35,K35,M35) -> 70132 | I35: 57304 | J35: =I35/F35 -> 0.81708778 | L35: =K35/F35 -> 0 | M35: 12828 | N35: =M35/F35 -> 0.18291222
D36: 46203 | E36: 二 | F36: =SUM(I36,K36,M36) -> 0 | J36: =I36/F36 -> #DIV/0! | L36: =K36/F36 -> #DIV/0! | N36: =M36/F36 -> #DIV/0!

Sheet （５-1）品群別人時生產性（熱食義麵）
B1: 月平均人時性 | C1: =AVERAGE(L7,L30,L53,L76,L99,L122) -> 110.84042
B2: 產線配置圖－每週更新 | N2: 資料繳交 | O2: 日期 | AT2: 46174
P3: 二 | U3: 三 | Z3: 四 | AE3: 五 | AJ3: 六 | AO3: 日 | AT3: 一
B4: 品群 | C4: 商品名稱 | E4: 計畫 | H4: 平均人時性 | I4: 實績 | L4: 平均人時性 | M4: 排名 | O4: 日報 | P4: 實際 | T4: 平均人時性 | U4: 實際 | Y4: 平均人時性 | Z4: 實際 | AD4: 平均人時性 | AE4: 實際 | AI4: 平均人時性 | AJ4: 實際 | AN4: 平均人時性 | AO4: 實際 | AS4: 平均人時性 | AT4: 實際 | AX4: 平均人時性
E5: 產線配置圖 | I5: 產線配置圖 | P5: 生產實績 | U5: 生產實績 | Z5: 生產實績 | AE5: 生產實績 | AJ5: 生產實績 | AO5: 生產實績 | AT5: 生產實績
E6: 人數 | F6: 產能／時 | G6: 人時性 | I6: 人數 | J6: 產能／時 | K6: 人時性 | P6: 人數 | Q6: 產能／時 | R6: 人時性 | S6: 排名 | U6: 人數 | V6: 產能／時 | W6: 人時性 | X6: 排名 | Z6: 人數 | AA6: 產能／時 | AB6: 人時性 | AC6: 排名 | AE6: 人數 | AF6: 產能／時 | AG6: 人時性 | AH6: 排名 | AJ6: 人數 | AK6: 產能／時 | AL6: 人時性 | AM6: 排名 | AO6: 人數 | AP6: 產能／時 | AQ6: 人時性 | AR6: 排名 | AT6: 人數 | AU6: 產能／時 | AV6: 人時性 | AW6: 排名
B7: 熱食義麵 | C7: 1 | D7: 義式蕃茄起司義大利麵 | E7: =VLOOKUP(D7,'12產線配置圖'!$A$2:$C$25,2,0) -> 13 | F7: =VLOOKUP(D7,'12產線配置圖'!$A$2:$C$25,3,0) -> 2250 | G7: =F7/E7 -> 173.07692 | H7: =AVERAGE(G7:G21) -> 124.70503 | I7: =AVERAGE(P7,U7,Z7,AE7,AJ7,AO7,AT7) -> 13 | J7: =AVERAGE(Q7,V7,AA7,AF7,AK7,AP7,AU7) -> 1975 | K7: =AVERAGE(AV7) -> 151.92308 | L7: =IFERROR(AVERAGE(K7:K24),"-") -> 112.42018 | M7: =RANK(K7,$K$7:$K$24) -> 1 | R7: =Q7/P7 -> #DIV/0! | S7: =RANK(R7,$R$99:$R$116) -> #DIV/0! | T7: =AVERAGE(R7:R24) -> #DIV/0! | W7: =V7/U7 -> #DIV/0! | X7: =RANK(W7,$W$99:$W$116) -> #DIV/0! | Y7: =AVERAGE(W7:W24) -> #DIV/0! | AB7: =AA7/Z7 -> #DIV/0! | AC7: =RANK(AB7, $AB$99:$AB$116) -> #DIV/0! | AD7: =AVERAGE(AB7:AB24) -> #DIV/0! | AG7: =AF7/AE7 -> #DIV/0! | AH7: =RANK(AG7,$AG$7:$AG$24) -> #DIV/0! | AI7: =AVERAGE(AG7:AG24) -> #DIV/0! | AL7: =AK7/AJ7 -> #DIV/0! | AM7: =RANK(AL7,$AL$7:$AL$24) -> #DIV/0! | AN7: =AVERAGE(AL7:AL24) -> #DIV/0! | AQ7: =AP7/AO7 -> #DIV/0! | AR7: =RANK(AQ7,$AQ$7:$AQ$21) -> #DIV/0! | AS7: =AVERAGE(AQ7:AQ24) -> #DIV/0! | AT7: 13 | AU7: 1975 | AV7: =AU7/AT7 -> 151.92308 | AW7: =RANK(AV7,$AV$7:$AV$21) -> 1 | AX7: =AVERAGE(AV7:AV24) -> 112.42018
C8: 2 | D8: 奶油培根義大利麵 | E8: =VLOOKUP(D8,'12產線配置圖'!$A$2:$C$25,2,0) -> 15 | F8: =VLOOKUP(D8,'12產線配置圖'!$A$2:$C$25,3,0) -> 2250 | G8: =F8/E8 -> 150 | I8: =AVERAGE(P8,U8,Z8,AE8,AJ8,AO8,AT8) -> 15 | J8: =AVERAGE(Q8,V8,AA8,AF8,AK8,AP8,AU8) -> 2110 | K8: =AVERAGE(AV8) -> 140.66667 | M8: =RANK(K8,$K$7:$K$24) -> 4 | R8: =Q8/P8 -> #DIV/0! | S8: =RANK(R8,$R$99:$R$116) -> #DIV/0! | W8: =V8/U8 -> #DIV/0! | X8: =RANK(W8,$W$99:$W$116) -> #DIV/0! | AB8: =AA8/Z8 -> #DIV/0! | AC8: =RANK(AB8, $AB$99:$AB$116) -> #DIV/0! | AG8: =AF8/AE8 -> #DIV/0! | AH8: =RANK(AG8,$AG$7:$AG$24) -> #DIV/0! | AL8: =AK8/AJ8 -> #DIV/0! | AM8: =RANK(AL8,$AL$7:$AL$24) -> #DIV/0! | AQ8: =AP8/AO8 -> #DIV/0! | AR8: =RANK(AQ8,$AQ$7:$AQ$21) -> #DIV/0! | AT8: 15 | AU8: 2110 | AV8: =AU8/AT8 -> 140.66667 | AW8: =RANK(AV8,$AV$7:$AV$21) -> 4
C9: 3 | D9: 白酒清炒鮮蛤義大利麵 | E9: =VLOOKUP(D9,'12產線配置圖'!$A$2:$C$25,2,0) -> 15 | F9: =VLOOKUP(D9,'12產線配置圖'!$A$2:$C$25,3,0) -> 2250 | G9: =F9/E9 -> 150 | I9: =AVERAGE(P9,U9,Z9,AE9,AJ9,AO9,AT9) -> 15 | J9: =AVERAGE(Q9,V9,AA9,AF9,AK9,AP9,AU9) -> 2109 | K9: =AVERAGE(AV9) -> 140.6 | M9: =RANK(K9,$K$7:$K$24) -> 5 | R9: =Q9/P9 -> #DIV/0! | S9: =RANK(R9,$R$99:$R$116) -> #DIV/0! | W9: =V9/U9 -> #DIV/0! | X9: =RANK(W9,$W$99:$W$116) -> #DIV/0! | AB9: =AA9/Z9 -> #DIV/0! | AC9: =RANK(AB9, $AB$99:$AB$116) -> #DIV/0! | AG9: =AF9/AE9 -> #DIV/0! | AH9: =RANK(AG9,$AG$7:$AG$24) -> #DIV/0! | AL9: =AK9/AJ9 -> #DIV/0! | AM9: =RANK(AL9,$AL$7:$AL$24) -> #DIV/0! | AQ9: =AP9/AO9 -> #DIV/0! | AR9: =RANK(AQ9,$AQ$7:$AQ$21) -> #DIV/0! | AT9: 15 | AU9: 2109 | AV9: =AU9/AT9 -> 140.6 | AW9: =RANK(AV9,$AV$7:$AV$21) -> 5
C10: 4 | D10: 焗烤起司雙饗筆尖麵 | E10: =VLOOKUP(D10,'12產線配置圖'!$A$2:$C$25,2,0) -> 16 | F10: =VLOOKUP(D10,'12產線配置圖'!$A$2:$C$25,3,0) -> 1800 | G10: =F10/E10 -> 112.5 | I10: =AVERAGE(P10,U10,Z10,AE10,AJ10,AO10,AT10) -> 15 | J10: =AVERAGE(Q10,V10,AA10,AF10,AK10,AP10,AU10) -> 1504 | K10: =AVERAGE(AV10) -> 100.26667 | M10: =RANK(K10,$K$7:$K$24) -> 8 | R10: =Q10/P10 -> #DIV/0! | S10: =RANK(R10,$R$99:$R$116) -> #DIV/0! | W10: =V10/U10 -> #DIV/0! | X10: =RANK(W10,$W$99:$W$116) -> #DIV/0! | AB10: =AA10/Z10 -> #DIV/0! | AC10: =RANK(AB10, $AB$99:$AB$116) -> #DIV/0! | AG10: =AF10/AE10 -> #DIV/0! | AH10: =RANK(AG10,$AG$7:$AG$24) -> #DIV/0! | AL10: =AK10/AJ10 -> #DIV/0! | AM10: =RANK(AL10,$AL$7:$AL$24) -> #DIV/0! | AQ10: =AP10/AO10 -> #DIV/0! | AR10: =RANK(AQ10,$AQ$7:$AQ$21) -> #DIV/0! | AT10: 15 | AU10: 1504 | AV10: =AU10/AT10 -> 100.26667 | AW10: =RANK(AV10,$AV$7:$AV$21) -> 8
C11: 5 | D11: 青醬蛤蜊義大利麵 | E11: =VLOOKUP(D11,'12產線配置圖'!$A$2:$C$25,2,0) -> 14 | F11: =VLOOKUP(D11,'12產線配置圖'!$A$2:$C$25,3,0) -> 2250 | G11: =F11/E11 -> 160.71429 | I11: =AVERAGE(P11,U11,Z11,AE11,AJ11,AO11,AT11) -> 14 | J11: =AVERAGE(Q11,V11,AA11,AF11,AK11,AP11,AU11) -> 2053 | K11: =AVERAGE(AV11) -> 146.64286 | M11: =RANK(K11,$K$7:$K$24) -> 2 | R11: =Q11/P11 -> #DIV/0! | S11: =RANK(R11,$R$99:$R$116) -> #DIV/0! | W11: =V11/U11 -> #DIV/0! | X11: =RANK(W11,$W$99:$W$116) -> #DIV/0! | AB11: =AA11/Z11 -> #DIV/0! | AC11: =RANK(AB11, $AB$99:$AB$116) -> #DIV/0! | AG11: =AF11/AE11 -> #DIV/0! | AH11: =RANK(AG11,$AG$7:$AG$24) -> #DIV/0! | AL11: =AK11/AJ11 -> #DIV/0! | AM11: =RANK(AL11,$AL$7:$AL$24) -> #DIV/0! | AQ11: =AP11/AO11 -> #DIV/0! | AR11: =RANK(AQ11,$AQ$7:$AQ$21) -> #DIV/0! | AT11: 14 | AU11: 2053 | AV11: =AU11/AT11 -> 146.64286 | AW11: =RANK(AV11,$AV$7:$AV$21) -> 2
C12: 6 | D12: 青花椒麻雞肉拌麵 | E12: =VLOOKUP(D12,'12產線配置圖'!$A$2:$C$25,2,0) -> 15 | F12: =VLOOKUP(D12,'12產線配置圖'!$A$2:$C$25,3,0) -> 1714 | G12: =F12/E12 -> 114.26667 | I12: =AVERAGE(P12,U12,Z12,AE12,AJ12,AO12,AT12) -> 15 | J12: =AVERAGE(Q12,V12,AA12,AF12,AK12,AP12,AU12) -> 1529 | K12: =AVERAGE(AV12) -> 101.93333 | M12: =RANK(K12,$K$7:$K$24) -> 7 | R12: =Q12/P12 -> #DIV/0! | S12: =RANK(R12,$R$99:$R$116) -> #DIV/0! | W12: =V12/U12 -> #DIV/0! | X12: =RANK(W12,$W$99:$W$116) -> #DIV/0! | AB12: =AA12/Z12 -> #DIV/0! | AC12: =RANK(AB12, $AB$99:$AB$116) -> #DIV/0! | AG12: =AF12/AE12 -> #DIV/0! | AH12: =RANK(AG12,$AG$7:$AG$24) -> #DIV/0! | AL12: =AK12/AJ12 -> #DIV/0! | AM12: =RANK(AL12,$AL$7:$AL$24) -> #DIV/0! | AQ12: =AP12/AO12 -> #DIV/0! | AR12: =RANK(AQ12,$AQ$7:$AQ$21) -> #DIV/0! | AT12: 15 | AU12: 1529 | AV12: =AU12/AT12 -> 101.93333 | AW12: =RANK(AV12,$AV$7:$AV$21) -> 7
C13: 7 | D13: 沙茶豬肉炒麵 | E13: =VLOOKUP(D13,'12產線配置圖'!$A$2:$C$25,2,0) -> 17 | F13: =VLOOKUP(D13,'12產線配置圖'!$A$2:$C$25,3,0) -> 1800 | G13: =F13/E13 -> 105.88235 | I13: =AVERAGE(P13,U13,Z13,AE13,AJ13,AO13,AT13) -> 16 | J13: =AVERAGE(Q13,V13,AA13,AF13,AK13,AP13,AU13) -> 1475 | K13: =AVERAGE(AV13) -> 92.1875 | M13: =RANK(K13,$K$7:$K$24) -> 11 | AQ13: =AP13/AO13 -> #DIV/0! | AR13: =RANK(AQ13,$AQ$7:$AQ$21) -> #DIV/0! | AT13: 16 | AU13: 1475 | AV13: =AU13/AT13 -> 92.1875
C14: 8 | D14: 府城鹽水意麵 | E14: =VLOOKUP(D14,'12產線配置圖'!$A$2:$C$25,2,0) -> 17 | F14: =VLOOKUP(D14,'12產線配置圖'!$A$2:$C$25,3,0) -> 1636 | G14: =F14/E14 -> 96.235294 | I14: =AVERAGE(P14,U14,Z14,AE14,AJ14,AO14,AT14) -> 17 | J14: =AVERAGE(Q14,V14,AA14,AF14,AK14,AP14,AU14) -> 1559 | K14: =AVERAGE(AV14) -> 91.705882 | M14: =RANK(K14,$K$7:$K$24) -> 12 | R14: =Q14/P14 -> #DIV/0! | S14: =RANK(R14,$R$99:$R$116) -> #DIV/0! | W14: =V14/U14 -> #DIV/0! | X14: =RANK(W14,$W$99:$W$116) -> #DIV/0! | AB14: =AA14/Z14 -> #DIV/0! | AC14: =RANK(AB14, $AB$99:$AB$116) -> #DIV/0! | AG14: =AF14/AE14 -> #DIV/0! | AH14: =RANK(AG14,$AG$7:$AG$24) -> #DIV/0! | AL14: =AK14/AJ14 -> #DIV/0! | AM14: =RANK(AL14,$AL$7:$AL$24) -> #DIV/0! | AQ14: =AP14/AO14 -> #DIV/0! | AR14: =RANK(AQ14,$AQ$7:$AQ$21) -> #DIV/0! | AT14: 17 | AU14: 1559 | AV14: =AU14/AT14 -> 91.705882 | AW14: =RANK(AV14,$AV$7:$AV$21) -> 12
C15: 9 | D15: 焗烤起司肉醬筆尖麵 | E15: =VLOOKUP(D15,'12產線配置圖'!$A$2:$C$25,2,0) -> 13 | F15: =VLOOKUP(D15,'12產線配置圖'!$A$2:$C$25,3,0) -> 1440 | G15: =F15/E15 -> 110.76923 | I15: =AVERAGE(P15,U15,Z15,AE15,AJ15,AO15,AT15) -> 13 | J15: =AVERAGE(Q15,V15,AA15,AF15,AK15,AP15,AU15) -> 1288 | K15: =AVERAGE(AV15) -> 99.076923 | M15: =RANK(K15,$K$7:$K$24) -> 9 | R15: =Q15/P15 -> #DIV/0! | S15: =RANK(R15,$R$99:$R$116) -> #DIV/0! | W15: =V15/U15 -> #DIV/0! | X15: =RANK(W15,$W$99:$W$116) -> #DIV/0! | AB15: =AA15/Z15 -> #DIV/0! | AC15: =RANK(AB15, $AB$99:$AB$116) -> #DIV/0! | AG15: =AF15/AE15 -> #DIV/0! | AH15: =RANK(AG15,$AG$7:$AG$24) -> #DIV/0! | AL15: =AK15/AJ15 -> #DIV/0! | AM15: =RANK(AL15,$AL$7:$AL$24) -> #DIV/0! | AQ15: =AP15/AO15 -> #DIV/0! | AR15: =RANK(AQ15,$AQ$7:$AQ$21) -> #DIV/0! | AT15: 13 | AU15: 1288 | AV15: =AU15/AT15 -> 99.076923 | AW15: =RANK(AV15,$AV$7:$AV$21) -> 9
C16: 10 | D16: 蒜香奶油蝦蝦義大利麵 | E16: =VLOOKUP(D16,'12產線配置圖'!$A$2:$C$25,2,0) -> 17 | F16: =VLOOKUP(D16,'12產線配置圖'!$A$2:$C$25,3,0) -> 2250 | G16: =F16/E16 -> 132.35294 | I16: =AVERAGE(P16,U16,Z16,AE16,AJ16,AO16,AT16) -> 17 | J16: =AVERAGE(Q16,V16,AA16,AF16,AK16,AP16,AU16) -> 1663 | K16: =AVERAGE(AV16) -> 97.823529 | M16: =RANK(K16,$K$7:$K$24) -> 10 | R16: =Q16/P16 -> #DIV/0! | S16: =RANK(R16,$R$99:$R$116) -> #DIV/0! | W16: =V16/U16 -> #DIV/0! | X16: =RANK(W16,$W$99:$W$116) -> #DIV/0! | AB16: =AA16/Z16 -> #DIV/0! | AC16: =RANK(AB16, $AB$99:$AB$116) -> #DIV/0! | AG16: =AF16/AE16 -> #DIV/0! | AH16: =RANK(AG16,$AG$7:$AG$24) -> #DIV/0! | AL16: =AK16/AJ16 -> #DIV/0! | AM16: =RANK(AL16,$AL$7:$AL$24) -> #DIV/0! | AQ16: =AP16/AO16 -> #DIV/0! | AR16: =RANK(AQ16,$AQ$7:$AQ$21) -> #DIV/0! | AT16: 17 | AU16: 1663 | AV16: =AU16/AT16 -> 97.823529 | AW16: =RANK(AV16,$AV$7:$AV$21) -> 10
C17: 11 | D17: 義式辣味嫩烤雞腿排義大利麵 | E17: =VLOOKUP(D17,'12產線配置圖'!$A$2:$C$25,2,0) -> 15 | F17: =VLOOKUP(D17,'12產線配置圖'!$A$2:$C$25,3,0) -> 2250 | G17: =F17/E17 -> 150 | I17: =AVERAGE(P17,U17,Z17,AE17,AJ17,AO17,AT17) -> 15 | J17: =AVERAGE(Q17,V17,AA17,AF17,AK17,AP17,AU17) -> 1969 | K17: =AVERAGE(AV17) -> 131.26667 | M17: =RANK(K17,$K$7:$K$24) -> 6 | AT17: 15 | AU17: 1969 | AV17: =AU17/AT17 -> 131.26667
C18: 12 | D18: 香煎魚排佐檸檬奶油義大利麵 | E18: =VLOOKUP(D18,'12產線配置圖'!$A$2:$C$25,2,0) -> 15 | F18: =VLOOKUP(D18,'12產線配置圖'!$A$2:$C$25,3,0) -> 2250 | G18: =F18/E18 -> 150 | I18: =AVERAGE(P18,U18,Z18,AE18,AJ18,AO18,AT18) -> 15 | J18: =AVERAGE(Q18,V18,AA18,AF18,AK18,AP18,AU18) -> 2146 | K18: =AVERAGE(AV18) -> 143.06667 | M18: =RANK(K18,$K$7:$K$24) -> 3 | R18: =Q18/P18 -> #DIV/0! | S18: =RANK(R18,$R$99:$R$116) -> #DIV/0! | W18: =V18/U18 -> #DIV/0! | X18: =RANK(W18,$W$99:$W$116) -> #DIV/0! | AB18: =AA18/Z18 -> #DIV/0! | AC18: =RANK(AB18, $AB$99:$AB$116) -> #DIV/0! | AG18: =AF18/AE18 -> #DIV/0! | AH18: =RANK(AG18,$AG$7:$AG$24) -> #DIV/0! | AL18: =AK18/AJ18 -> #DIV/0! | AM18: =RANK(AL18,$AL$7:$AL$24) -> #DIV/0! | AQ18: =AP18/AO18 -> #DIV/0! | AR18: =RANK(AQ18,$AQ$7:$AQ$21) -> #DIV/0! | AT18: 15 | AU18: 2146 | AV18: =AU18/AT18 -> 143.06667 | AW18: =RANK(AV18,$AV$7:$AV$21) -> 3
C19: 13 | D19: 黑松露野菇義大利麵 | E19: =VLOOKUP(D19,'12產線配置圖'!$A$2:$C$25,2,0) -> 18 | F19: =VLOOKUP(D19,'12產線配置圖'!$A$2:$C$25,3,0) -> 1565 | G19: =F19/E19 -> 86.944444 | I19: =AVERAGE(P19,U19,Z19,AE19,AJ19,AO19,AT19) -> 16 | J19: =AVERAGE(Q19,V19,AA19,AF19,AK19,AP19,AU19) -> 1322 | K19: =AVERAGE(AV19) -> 82.625 | M19: =RANK(K19,$K$7:$K$24) -> 14 | R19: =Q19/P19 -> #DIV/0! | S19: =RANK(R19,$R$99:$R$116) -> #DIV/0! | W19: =V19/U19 -> #DIV/0! | X19: =RANK(W19,$W$99:$W$116) -> #DIV/0! | AB19: =AA19/Z19 -> #DIV/0! | AC19: =RANK(AB19, $AB$99:$AB$116) -> #DIV/0! | AG19: =AF19/AE19 -> #DIV/0! | AH19: =RANK(AG19,$AG$7:$AG$24) -> #DIV/0! | AL19: =AK19/AJ19 -> #DIV/0! | AM19: =RANK(AL19,$AL$7:$AL$24) -> #DIV/0! | AQ19: =AP19/AO19 -> #DIV/0! | AR19: =RANK(AQ19,$AQ$7:$AQ$21) -> #DIV/0! | AT19: 16 | AU19: 1322 | AV19: =AU19/AT19 -> 82.625 | AW19: =RANK(AV19,$AV$7:$AV$21) -> 14
C20: 14 | D20: 整條德式香腸義大利麵 | E20: =VLOOKUP(D20,'12產線配置圖'!$A$2:$C$25,2,0) -> 18 | F20: =VLOOKUP(D20,'12產線配置圖'!$A$2:$C$25,3,0) -> 1565 | G20: =F20/E20 -> 86.944444 | I20: =AVERAGE(P20,U20,Z20,AE20,AJ20,AO20,AT20) -> 14 | J20: =AVERAGE(Q20,V20,AA20,AF20,AK20,AP20,AU20) -> 1143 | K20: =AVERAGE(AV20) -> 81.642857 | M20: =RANK(K20,$K$7:$K$24) -> 15 | R20: =Q20/P20 -> #DIV/0! | S20: =RANK(R20,$R$99:$R$116) -> #DIV/0! | W20: =V20/U20 -> #DIV/0! | X20: =RANK(W20,$W$99:$W$116) -> #DIV/0! | AB20: =AA20/Z20 -> #DIV/0! | AC20: =RANK(AB20, $AB$99:$AB$116) -> #DIV/0! | AG20: =AF20/AE20 -> #DIV/0! | AH20: =RANK(AG20,$AG$7:$AG$24) -> #DIV/0! | AL20: =AK20/AJ20 -> #DIV/0! | AM20: =RANK(AL20,$AL$7:$AL$24) -> #DIV/0! | AQ20: =AP20/AO20 -> #DIV/0! | AR20: =RANK(AQ20,$AQ$7:$AQ$21) -> #DIV/0! | AT20: 14 | AU20: 1143 | AV20: =AU20/AT20 -> 81.642857 | AW20: =RANK(AV20,$AV$7:$AV$21) -> 15
C21: 15 | D21: 奶油鮮蝦明太子細扁麵 | E21: =VLOOKUP(D21,'12產線配置圖'!$A$2:$C$25,2,0) -> 18 | F21: =VLOOKUP(D21,'12產線配置圖'!$A$2:$C$25,3,0) -> 1636 | G21: =F21/E21 -> 90.888889 | I21: =AVERAGE(P21,U21,Z21,AE21,AJ21,AO21,AT21) -> 16 | J21: =AVERAGE(Q21,V21,AA21,AF21,AK21,AP21,AU21) -> 1358 | K21: =AVERAGE(AV21) -> 84.875 | M21: =RANK(K21,$K$7:$K$24) -> 13 | R21: =Q21/P21 -> #DIV/0! | S21: =RANK(R21,$R$99:$R$116) -> #DIV/0! | W21: =V21/U21 -> #DIV/0! | X21: =RANK(W21,$W$99:$W$116) -> #DIV/0! | AB21: =AA21/Z21 -> #DIV/0! | AC21: =RANK(AB21, $AB$99:$AB$116) -> #DIV/0! | AG21: =AF21/AE21 -> #DIV/0! | AH21: =RANK(AG21,$AG$7:$AG$24) -> #DIV/0! | AL21: =AK21/AJ21 -> #DIV/0! | AM21: =RANK(AL21,$AL$7:$AL$24) -> #DIV/0! | AQ21: =AP21/AO21 -> #DIV/0! | AR21: =RANK(AQ21,$AQ$7:$AQ$21) -> #DIV/0! | AT21: 16 | AU21: 1358 | AV21: =AU21/AT21 -> 84.875 | AW21: =RANK(AV21,$AV$7:$AV$21) -> 13
C22: 16
C23: 17
C24: 18
B25: 產線配置圖－每週更新 | N25: 資料繳交 | O25: 日期 | P25: 46175 | U25: =P25+1 -> 46176 | Z25: =U25+1 -> 46177 | AE25: =Z25+1 -> 46178 | AJ25: =AE25+1 -> 46179 | AO25: =AJ25+1 -> 46180 | AT25: =AO25+1 -> 46181
P26: 二 | U26: 三 | Z26: 四 | AE26: 五 | AJ26: 六 | AO26: 日 | AT26: 一
B27: 品群 | C27: 商品名稱 | E27: 計畫 | H27: 平均人時性 | I27: 實績 | L27: 平均人時性 | M27: 排名 | O27: 日報 | P27: 實際 | T27: 平均人時性 | U27: 實際 | Y27: 平均人時性 | Z27: 實際 | AD27: 平均人時性 | AE27: 實際 | AI27: 平均人時性 | AJ27: 實際 | AN27: 平均人時性 | AO27: 實際 | AS27: 平均人時性 | AT27: 實際 | AX27: 平均人時性
E28: 產線配置圖 | I28: 產線配置圖 | P28: 生產實績 | U28: 生產實績 | Z28: 生產實績 | AE28: 生產實績 | AJ28: 生產實績 | AO28: 生產實績 | AT28: 生產實績
E29: 人數 | F29: 產能／時 | G29: 人時性 | I29: 人數 | J29: 產能／時 | K29: 人時性 | P29: 人數 | Q29: 產能／時 | R29: 人時性 | S29: 排名 | U29: 人數 | V29: 產能／時 | W29: 人時性 | X29: 排名 | Z29: 人數 | AA29: 產能／時 | AB29: 人時性 | AC29: 排名 | AE29: 人數 | AF29: 產能／時 | AG29: 人時性 | AH29: 排名 | AJ29: 人數 | AK29: 產能／時 | AL29: 人時性 | AM29: 排名 | AO29: 人數 | AP29: 產能／時 | AQ29: 人時性 | AR29: 排名 | AT29: 人數 | AU29: 產能／時 | AV29: 人時性 | AW29: 排名
B30: 熱食義麵 | C30: 1 | D30: 義式蕃茄起司義大利麵 | E30: =VLOOKUP(D30,'12產線配置圖'!$A$2:$C$25,2,0) -> 13 | F30: =VLOOKUP(D30,'12產線配置圖'!$A$2:$C$25,3,0) -> 2250 | G30: =F30/E30 -> 173.07692 | H30: =AVERAGE(G30:G47) -> 124.70503 | I30: =AVERAGE(P30,U30,Z30,AE30,AJ30,AO30,AT30) -> 13 | J30: =AVERAGE(Q30,V30,AA30,AF30,AK30,AP30,AU30) -> 2034 | K30: =AVERAGE(R30,W30,AB30,AG30,AL30,AQ30,AV30) -> 156.46154 | L30: =IFERROR(AVERAGE(K30:K47),"-") -> 111.07682 | M30: =RANK(K30, K$30:$K$47) -> 1 | P30: 13 | Q30: 1830 | R30: =Q30/P30 -> 140.76923 | S30: =RANK(R30,$R$30:$R$47) -> 1 | T30: =AVERAGE(R30:R47) -> 104.06673 | U30: 13 | V30: 1903 | W30: =V30/U30 -> 146.38462 | X30: =RANK(W30, $W$30:$W$47) -> 2 | Y30: =AVERAGE(W30:W47) -> 110.63293 | Z30: 13 | AA30: 2082 | AB30: =AA30/Z30 -> 160.15385 | AC30: =RANK(AB30, $AB$30:$AB$47) -> 1 | AD30: =AVERAGE(AB30:AB47) -> 113.68754 | AE30: 13 | AF30: 2065 | AG30: =AF30/AE30 -> 158.84615 | AH30: =RANK(AG30, $AG$30:$AG$47) -> 1 | AI30: =AVERAGE(AG30:AG47) -> 112.21335 | AJ30: 13 | AK30: 2162 | AL30: =AK30/AJ30 -> 166.30769 | AM30: =RANK(AL30, $AL$30:$AL$47) -> 1 | AN30: =AVERAGE(AL30:AL47) -> 111.99543 | AO30: 13 | AP30: 2079 | AQ30: =AP30/AO30 -> 159.92308 | AR30: =RANK(AQ30,$AQ$30:$AQ$47) -> 1 | AS30: =AVERAGE(AQ30:AQ47) -> 111.16332 | AT30: 13 | AU30: 2117 | AV30: =AU30/AT30 -> 162.84615 | AW30: =RANK(AV30, $AV$30:$AV$47) -> 1 | AX30: =AVERAGE(AV30:AV47) -> 113.77847
C31: 2 | D31: 奶油培根義大利麵 | E31: =VLOOKUP(D31,'12產線配置圖'!$A$2:$C$25,2,0) -> 15 | F31: =VLOOKUP(D31,'12產線配置圖'!$A$2:$C$25,3,0) -> 2250 | G31: =F31/E31 -> 150 | I31: =AVERAGE(P31,U31,Z31,AE31,AJ31,AO31,AT31) -> 15 | J31: =AVERAGE(Q31,V31,AA31,AF31,AK31,AP31,AU31) -> 2016.7143 | K31: =AVERAGE(R31,W31,AB31,AG31,AL31,AQ31,AV31) -> 134.44762 | M31: =RANK(K31, K$30:$K$47) -> 4 | P31: 15 | Q31: 1884 | R31: =Q31/P31 -> 125.6 | S31: =RANK(R31,$R$30:$R$47) -> 3 | U31: 15 | V31: 1951 | W31: =V31/U31 -> 130.06667 | X31: =RANK(W31, $W$30:$W$47) -> 5 | Z31: 15 | AA31: 1971 | AB31: =AA31/Z31 -> 131.4 | AC31: =RANK(AB31, $AB$30:$AB$47) -> 6 | AE31: 15 | AF31: 2069 | AG31: =AF31/AE31 -> 137.93333 | AH31: =RANK(AG31, $AG$30:$AG$47) -> 4 | AJ31: 15 | AK31: 2147 | AL31: =AK31/AJ31 -> 143.13333 | AM31: =RANK(AL31, $AL$30:$AL$47) -> 3 | AO31: 15 | AP31: 2058 | AQ31: =AP31/AO31 -> 137.2 | AR31: =RANK(AQ31,$AQ$30:$AQ$47) -> 5 | AT31: 15 | AU31: 2037 | AV31: =AU31/AT31 -> 135.8 | AW31: =RANK(AV31, $AV$30:$AV$47) -> 4
C32: 3 | D32: 白酒清炒鮮蛤義大利麵 | E32: =VLOOKUP(D32,'12產線配置圖'!$A$2:$C$25,2,0) -> 15 | F32: =VLOOKUP(D32,'12產線配置圖'!$A$2:$C$25,3,0) -> 2250 | G32: =F32/E32 -> 150 | I32: =AVERAGE(P32,U32,Z32,AE32,AJ32,AO32,AT32) -> 15.142857 | J32: =AVERAGE(Q32,V32,AA32,AF32,AK32,AP32,AU32) -> 2019.1429 | K32: =AVERAGE(R32,W32,AB32,AG32,AL32,AQ32,AV32) -> 133.5506 | M32: =RANK(K32, K$30:$K$47) -> 5 | P32: 15 | Q32: 1850 | R32: =Q32/P32 -> 123.33333 | S32: =RANK(R32,$R$30:$R$47) -> 5 | U32: 15 | V32: 2146 | W32: =V32/U32 -> 143.06667 | X32: =RANK(W32, $W$30:$W$47) -> 4 | Z32: 15 | AA32: 2139 | AB32: =AA32/Z32 -> 142.6 | AC32: =RANK(AB32, $AB$30:$AB$47) -> 4 | AE32: 15 | AF32: 2111 | AG32: =AF32/AE32 -> 140.73333 | AH32: =RANK(AG32, $AG$30:$AG$47) -> 3 | AJ32: 15 | AK32: 2102 | AL32: =AK32/AJ32 -> 140.13333 | AM32: =RANK(AL32, $AL$30:$AL$47) -> 4 | AO32: 16 | AP32: 1779 | AQ32: =AP32/AO32 -> 111.1875 | AR32: =RANK(AQ32,$AQ$30:$AQ$47) -> 7 | AT32: 15 | AU32: 2007 | AV32: =AU32/AT32 -> 133.8 | AW32: =RANK(AV32, $AV$30:$AV$47) -> 6
C33: 4 | D33: 焗烤起司雙饗筆尖麵 | E33: =VLOOKUP(D33,'12產線配置圖'!$A$2:$C$25,2,0) -> 16 | F33: =VLOOKUP(D33,'12產線配置圖'!$A$2:$C$25,3,0) -> 1800 | G33: =F33/E33 -> 112.5 | I33: =AVERAGE(P33,U33,Z33,AE33,AJ33,AO33,AT33) -> 16 | J33: =AVERAGE(Q33,V33,AA33,AF33,AK33,AP33,AU33) -> 1566.5714 | K33: =AVERAGE(R33,W33,AB33,AG33,AL33,AQ33,AV33) -> 97.910714 | M33: =RANK(K33, K$30:$K$47) -> 10 | P33: 16 | Q33: 1526 | R33: =Q33/P33 -> 95.375 | S33: =RANK(R33,$R$30:$R$47) -> 8 | U33: 16 | V33: 1511 | W33: =V33/U33 -> 94.4375 | X33: =RANK(W33, $W$30:$W$47) -> 9 | Z33: 16 | AA33: 1509 | AB33: =AA33/Z33 -> 94.3125 | AC33: =RANK(AB33, $AB$30:$AB$47) -> 10 | AE33: 16 | AF33: 1601 | AG33: =AF33/AE33 -> 100.0625 | AH33: =RANK(AG33, $AG$30:$AG$47) -> 10 | AJ33: 16 | AK33: 1554 | AL33: =AK33/AJ33 -> 97.125 | AM33: =RANK(AL33, $AL$30:$AL$47) -> 10 | AO33: 16 | AP33: 1661 | AQ33: =AP33/AO33 -> 103.8125 | AR33: =RANK(AQ33,$AQ$30:$AQ$47) -> 10 | AT33: 16 | AU33: 1604 | AV33: =AU33/AT33 -> 100.25 | AW33: =RANK(AV33, $AV$30:$AV$47) -> 10
C34: 5 | D34: 青醬蛤蜊義大利麵 | E34: =VLOOKUP(D34,'12產線配置圖'!$A$2:$C$25,2,0) -> 14 | F34: =VLOOKUP(D34,'12產線配置圖'!$A$2:$C$25,3,0) -> 2250 | G34: =F34/E34 -> 160.71429 | I34: =AVERAGE(P34,U34,Z34,AE34,AJ34,AO34,AT34) -> 14 | J34: =AVERAGE(Q34,V34,AA34,AF34,AK34,AP34,AU34) -> 2075.8571 | K34: =AVERAGE(R34,W34,AB34,AG34,AL34,AQ34,AV34) -> 148.27551 | M34: =RANK(K34, K$30:$K$47) -> 2 | P34: 14 | Q34: 1952 | R34: =Q34/P34 -> 139.42857 | S34: =RANK(R34,$R$30:$R$47) -> 2 | U34: 14 | V34: 2171 | W34: =V34/U34 -> 155.07143 | X34: =RANK(W34, $W$30:$W$47) -> 1 | Z34: 14 | AA34: 2024 | AB34: =AA34/Z34 -> 144.57143 | AC34: =RANK(AB34, $AB$30:$AB$47) -> 3 | AE34: 14 | AF34: 2203 | AG34: =AF34/AE34 -> 157.35714 | AH34: =RANK(AG34, $AG$30:$AG$47) -> 2 | AJ34: 14 | AK34: 2079 | AL34: =AK34/AJ34 -> 148.5 | AM34: =RANK(AL34, $AL$30:$AL$47) -> 2 | AO34: 14 | AP34: 2097 | AQ34: =AP34/AO34 -> 149.78571 | AR34: =RANK(AQ34,$AQ$30:$AQ$47) -> 2 | AT34: 14 | AU34: 2005 | AV34: =AU34/AT34 -> 143.21429 | AW34: =RANK(AV34, $AV$30:$AV$47) -> 3
C35: 6 | D35: 青花椒麻雞肉拌麵 | E35: =VLOOKUP(D35,'12產線配置圖'!$A$2:$C$25,2,0) -> 15 | F35: =VLOOKUP(D35,'12產線配置圖'!$A$2:$C$25,3,0) -> 1714 | G35: =F35/E35 -> 114.26667 | I35: =AVERAGE(P35,U35,Z35,AE35,AJ35,AO35,AT35) -> 14.714286 | J35: =AVERAGE(Q35,V35,AA35,AF35,AK35,AP35,AU35) -> 1518.1429 | K35: =AVERAGE(R35,W35,AB35,AG35,AL35,AQ35,AV35) -> 103.20068 | M35: =RANK(K35, K$30:$K$47) -> 8 | P35: 15 | Q35: 1414 | R35: =Q35/P35 -> 94.266667 | S35: =RANK(R35,$R$30:$R$47) -> 9 | U35: 15 | V35: 1516 | W35: =V35/U35 -> 101.06667 | X35: =RANK(W35, $W$30:$W$47) -> 8 | Z35: 14 | AA35: 1515 | AB35: =AA35/Z35 -> 108.21429 | AC35: =RANK(AB35, $AB$30:$AB$47) -> 8 | AE35: 15 | AF35: 1631 | AG35: =AF35/AE35 -> 108.73333 | AH35: =RANK(AG35, $AG$30:$AG$47) -> 8 | AJ35: 14 | AK35: 1412 | AL35: =AK35/AJ35 -> 100.85714 | AM35: =RANK(AL35, $AL$30:$AL$47) -> 9 | AO35: 15 | AP35: 1601 | AQ35: =AP35/AO35 -> 106.73333 | AR35: =RANK(AQ35,$AQ$30:$AQ$47) -> 8 | AT35: 15 | AU35: 1538 | AV35: =AU35/AT35 -> 102.53333 | AW35: =RANK(AV35, $AV$30:$AV$47) -> 9
C36: 7 | D36: 沙茶豬肉炒麵 | E36: =VLOOKUP(D36,'12產線配置圖'!$A$2:$C$25,2,0) -> 17 | F36: =VLOOKUP(D36,'12產線配置圖'!$A$2:$C$25,3,0) -> 1800 | G36: =F36/E36 -> 105.88235 | I36: =AVERAGE(P36,U36,Z36,AE36,AJ36,AO36,AT36) -> 16.714286 | J36: =AVERAGE(Q36,V36,AA36,AF36,AK36,AP36,AU36) -> 1528 | K36: =AVERAGE(R36,W36,AB36,AG36,AL36,AQ36,AV36) -> 91.439601 | M36: =RANK(K36, K$30:$K$47) -> 11 | P36: 17 | Q36: 1549 | R36: =Q36/P36 -> 91.117647 | S36: =RANK(R36,$R$30:$R$47) -> 10 | U36: 16 | V36: 1474 | W36: =V36/U36 -> 92.125 | X36: =RANK(W36, $W$30:$W$47) -> 11 | Z36: 17 | AA36: 1575 | AB36: =AA36/Z36 -> 92.647059 | AC36: =RANK(AB36, $AB$30:$AB$47) -> 11 | AE36: 17 | AF36: 1528 | AG36: =AF36/AE36 -> 89.882353 | AH36: =RANK(AG36, $AG$30:$AG$47) -> 11 | AJ36: 17 | AK36: 1487 | AL36: =AK36/AJ36 -> 87.470588 | AM36: =RANK(AL36, $AL$30:$AL$47) -> 11 | AO36: 16 | AP36: 1491 | AQ36: =AP36/AO36 -> 93.1875 | AR36: =RANK(AQ36,$AQ$30:$AQ$47) -> 11 | AT36: 17 | AU36: 1592 | AV36: =AU36/AT36 -> 93.647059 | AW36: =RANK(AV36, $AV$30:$AV$47) -> 11
C37: 8 | D37: 府城鹽水意麵 | E37: =VLOOKUP(D37,'12產線配置圖'!$A$2:$C$25,2,0) -> 17 | F37: =VLOOKUP(D37,'12產線配置圖'!$A$2:$C$25,3,0) -> 1636 | G37: =F37/E37 -> 96.235294 | I37: =AVERAGE(P37,U37,Z37,AE37,AJ37,AO37,AT37) -> 16.857143 | J37: =AVERAGE(Q37,V37,AA37,AF37,AK37,AP37,AU37) -> 1413.8571 | K37: =AVERAGE(R37,W37,AB37,AG37,AL37,AQ37,AV37) -> 83.879202 | M37: =RANK(K37, K$30:$K$47) -> 12 | P37: 17 | Q37: 1347 | R37: =Q37/P37 -> 79.235294 | S37: =RANK(R37,$R$30:$R$47) -> 14 | U37: 17 | V37: 1486 | W37: =V37/U37 -> 87.411765 | X37: =RANK(W37, $W$30:$W$47) -> 12 | Z37: 17 | AA37: 1441 | AB37: =AA37/Z37 -> 84.764706 | AC37: =RANK(AB37, $AB$30:$AB$47) -> 13 | AE37: 17 | AF37: 1388 | AG37: =AF37/AE37 -> 81.647059 | AH37: =RANK(AG37, $AG$30:$AG$47) -> 13 | AJ37: 16 | AK37: 1354 | AL37: =AK37/AJ37 -> 84.625 | AM37: =RANK(AL37, $AL$30:$AL$47) -> 12 | AO37: 17 | AP37: 1398 | AQ37: =AP37/AO37 -> 82.235294 | AR37: =RANK(AQ37,$AQ$30:$AQ$47) -> 13 | AT37: 17 | AU37: 1483 | AV37: =AU37/AT37 -> 87.235294 | AW37: =RANK(AV37, $AV$30:$AV$47) -> 12
C38: 9 | D38: 焗烤起司肉醬筆尖麵 | E38: =VLOOKUP(D38,'12產線配置圖'!$A$2:$C$25,2,0) -> 13 | F38: =VLOOKUP(D38,'12產線配置圖'!$A$2:$C$25,3,0) -> 1440 | G38: =F38/E38 -> 110.76923 | I38: =AVERAGE(P38,U38,Z38,AE38,AJ38,AO38,AT38) -> 13 | J38: =AVERAGE(Q38,V38,AA38,AF38,AK38,AP38,AU38) -> 1316.8571 | K38: =AVERAGE(R38,W38,AB38,AG38,AL38,AQ38,AV38) -> 101.2967 | M38: =RANK(K38, K$30:$K$47) -> 9 | P38: 13 | Q38: 1176 | R38: =Q38/P38 -> 90.461538 | S38: =RANK(R38,$R$30:$R$47) -> 11 | U38: 13 | V38: 1224 | W38: =V38/U38 -> 94.153846 | X38: =RANK(W38, $W$30:$W$47) -> 10 | Z38: 13 | AA38: 1364 | AB38: =AA38/Z38 -> 104.92308 | AC38: =RANK(AB38, $AB$30:$AB$47) -> 9 | AE38: 13 | AF38: 1363 | AG38: =AF38/AE38 -> 104.84615 | AH38: =RANK(AG38, $AG$30:$AG$47) -> 9 | AJ38: 13 | AK38: 1357 | AL38: =AK38/AJ38 -> 104.38462 | AM38: =RANK(AL38, $AL$30:$AL$47) -> 8 | AO38: 13 | AP38: 1362 | AQ38: =AP38/AO38 -> 104.76923 | AR38: =RANK(AQ38,$AQ$30:$AQ$47) -> 9 | AT38: 13 | AU38: 1372 | AV38: =AU38/AT38 -> 105.53846 | AW38: =RANK(AV38, $AV$30:$AV$47) -> 8
C39: 10 | D39: 蒜香奶油蝦蝦義大利麵 | E39: =VLOOKUP(D39,'12產線配置圖'!$A$2:$C$25,2,0) -> 17 | F39: =VLOOKUP(D39,'12產線配置圖'!$A$2:$C$25,3,0) -> 2250 | G39: =F39/E39 -> 132.35294 | I39: =AVERAGE(P39,U39,Z39,AE39,AJ39,AO39,AT39) -> 17 | J39: =AVERAGE(Q39,V39,AA39,AF39,AK39,AP39,AU39) -> 1948.8571 | K39: =AVERAGE(R39,W39,AB39,AG39,AL39,AQ39,AV39) -> 114.63866 | M39: =RANK(K39, K$30:$K$47) -> 7 | P39: 17 | Q39: 1810 | R39: =Q39/P39 -> 106.47059 | S39: =RANK(R39,$R$30:$R$47) -> 7 | U39: 17 | V39: 1839 | W39: =V39/U39 -> 108.17647 | X39: =RANK(W39, $W$30:$W$47) -> 7 | Z39: 17 | AA39: 1878 | AB39: =AA39/Z39 -> 110.47059 | AC39: =RANK(AB39, $AB$30:$AB$47) -> 7 | AE39: 17 | AF39: 1856 | AG39: =AF39/AE39 -> 109.17647 | AH39: =RANK(AG39, $AG$30:$AG$47) -> 7 | AJ39: 17 | AK39: 2052 | AL39: =AK39/AJ39 -> 120.70588 | AM39: =RANK(AL39, $AL$30:$AL$47) -> 7 | AO39: 17 | AP39: 2072 | AQ39: =AP39/AO39 -> 121.88235 | AR39: =RANK(AQ39,$AQ$30:$AQ$47) -> 6 | AT39: 17 | AU39: 2135 | AV39: =AU39/AT39 -> 125.58824 | AW39: =RANK(AV39, $AV$30:$AV$47) -> 7
C40: 11 | D40: 義式辣味嫩烤雞腿排義大利麵 | E40: =VLOOKUP(D40,'12產線配置圖'!$A$2:$C$25,2,0) -> 15 | F40: =VLOOKUP(D40,'12產線配置圖'!$A$2:$C$25,3,0) -> 2250 | G40: =F40/E40 -> 150 | I40: =AVERAGE(P40,U40,Z40,AE40,AJ40,AO40,AT40) -> 15 | J40: =AVERAGE(Q40,V40,AA40,AF40,AK40,AP40,AU40) -> 1982.5714 | K40: =AVERAGE(R40,W40,AB40,AG40,AL40,AQ40,AV40) -> 132.17143 | M40: =RANK(K40, K$30:$K$47) -> 6 | P40: 15 | Q40: 1867 | R40: =Q40/P40 -> 124.46667 | S40: =RANK(R40,$R$30:$R$47) -> 4 | U40: 15 | V40: 1929 | W40: =V40/U40 -> 128.6 | X40: =RANK(W40, $W$30:$W$47) -> 6 | Z40: 15 | AA40: 2037 | AB40: =AA40/Z40 -> 135.8 | AC40: =RANK(AB40, $AB$30:$AB$47) -> 5 | AE40: 15 | AF40: 1862 | AG40: =AF40/AE40 -> 124.13333 | AH40: =RANK(AG40, $AG$30:$AG$47) -> 6 | AJ40: 15 | AK40: 2093 | AL40: =AK40/AJ40 -> 139.53333 | AM40: =RANK(AL40, $AL$30:$AL$47) -> 5 | AO40: 15 | AP40: 2062 | AQ40: =AP40/AO40 -> 137.46667 | AR40: =RANK(AQ40,$AQ$30:$AQ$47) -> 4 | AT40: 15 | AU40: 2028 | AV40: =AU40/AT40 -> 135.2 | AW40: =RANK(AV40, $AV$30:$AV$47) -> 5
C41: 12 | D41: 香煎魚排佐檸檬奶油義大利麵 | E41: =VLOOKUP(D41,'12產線配置圖'!$A$2:$C$25,2,0) -> 15 | F41: =VLOOKUP(D41,'12產線配置圖'!$A$2:$C$25,3,0) -> 2250 | G41: =F41/E41 -> 150 | I41: =AVERAGE(P41,U41,Z41,AE41,AJ41,AO41,AT41) -> 15 | J41: =AVERAGE(Q41,V41,AA41,AF41,AK41,AP41,AU41) -> 2069 | K41: =AVERAGE(R41,W41,AB41,AG41,AL41,AQ41,AV41) -> 137.93333 | M41: =RANK(K41, K$30:$K$47) -> 3 | P41: 15 | Q41: 1727 | R41: =Q41/P41 -> 115.13333 | S41: =RANK(R41,$R$30:$R$47) -> 6 | U41: 15 | V41: 2154 | W41: =V41/U41 -> 143.6 | X41: =RANK(W41, $W$30:$W$47) -> 3 | Z41: 15 | AA41: 2171 | AB41: =AA41/Z41 -> 144.73333 | AC41: =RANK(AB41, $AB$30:$AB$47) -> 2 | AE41: 15 | AF41: 2032 | AG41: =AF41/AE41 -> 135.46667 | AH41: =RANK(AG41, $AG$30:$AG$47) -> 5 | AJ41: 15 | AK41: 2089 | AL41: =AK41/AJ41 -> 139.26667 | AM41: =RANK(AL41, $AL$30:$AL$47) -> 6 | AO41: 15 | AP41: 2119 | AQ41: =AP41/AO41 -> 141.26667 | AR41: =RANK(AQ41,$AQ$30:$AQ$47) -> 3 | AT41: 15 | AU41: 2191 | AV41: =AU41/AT41 -> 146.06667 | AW41: =RANK(AV41, $AV$30:$AV$47) -> 2
C42: 13 | D42: 黑松露野菇義大利麵 | E42: 18 | F42: =VLOOKUP(D42,'12產線配置圖'!$A$2:$C$25,3,0) -> 1565 | G42: =F42/E42 -> 86.944444 | I42: =AVERAGE(P42,U42,Z42,AE42,AJ42,AO42,AT42) -> 17.857143 | J42: =AVERAGE(Q42,V42,AA42,AF42,AK42,AP42,AU42) -> 1464.5714 | K42: =AVERAGE(R42,W42,AB42,AG42,AL42,AQ42,AV42) -> 82.005602 | M42: =RANK(K42, K$30:$K$47) -> 13 | P42: 17 | Q42: 1372 | R42: =Q42/P42 -> 80.705882 | S42: =RANK(R42,$R$30:$R$47) -> 13 | U42: 18 | V42: 1488 | W42: =V42/U42 -> 82.666667 | X42: =RANK(W42, $W$30:$W$47) -> 13 | Z42: 18 | AA42: 1489 | AB42: =AA42/Z42 -> 82.722222 | AC42: =RANK(AB42, $AB$30:$AB$47) -> 14 | AE42: 18 | AF42: 1418 | AG42: =AF42/AE42 -> 78.777778 | AH42: =RANK(AG42, $AG$30:$AG$47) -> 14 | AJ42: 18 | AK42: 1480 | AL42: =AK42/AJ42 -> 82.222222 | AM42: =RANK(AL42, $AL$30:$AL$47) -> 13 | AO42: 18 | AP42: 1486 | AQ42: =AP42/AO42 -> 82.555556 | AR42: =RANK(AQ42,$AQ$30:$AQ$47) -> 12 | AT42: 18 | AU42: 1519 | AV42: =AU42/AT42 -> 84.388889 | AW42: =RANK(AV42, $AV$30:$AV$47) -> 13
C43: 14 | D43: 整條德式香腸義大利麵 | E43: =VLOOKUP(D43,'12產線配置圖'!$A$2:$C$25,2,0) -> 18 | F43: =VLOOKUP(D43,'12產線配置圖'!$A$2:$C$25,3,0) -> 1565 | G43: =F43/E43 -> 86.944444 | I43: =AVERAGE(P43,U43,Z43,AE43,AJ43,AO43,AT43) -> 17.714286 | J43: =AVERAGE(Q43,V43,AA43,AF43,AK43,AP43,AU43) -> 1267.4286 | K43: =AVERAGE(R43,W43,AB43,AG43,AL43,AQ43,AV43) -> 71.634921 | M43: =RANK(K43, K$30:$K$47) -> 15 | P43: 18 | Q43: 1299 | R43: =Q43/P43 -> 72.166667 | S43: =RANK(R43,$R$30:$R$47) -> 15 | U43: 18 | V43: 1441 | W43: =V43/U43 -> 80.055556 | X43: =RANK(W43, $W$30:$W$47) -> 14 | Z43: 17 | AA43: 1390 | AB43: =AA43/Z43 -> 81.764706 | AC43: =RANK(AB43, $AB$30:$AB$47) -> 15 | AE43: 18 | AF43: 1273 | AG43: =AF43/AE43 -> 70.722222 | AH43: =RANK(AG43, $AG$30:$AG$47) -> 15 | AJ43: 18 | AK43: 1063 | AL43: =AK43/AJ43 -> 59.055556 | AM43: =RANK(AL43, $AL$30:$AL$47) -> 15 | AO43: 18 | AP43: 1178 | AQ43: =AP43/AO43 -> 65.444444 | AR43: =RANK(AQ43,$AQ$30:$AQ$47) -> 15 | AT43: 17 | AU43: 1228 | AV43: =AU43/AT43 -> 72.235294 | AW43: =RANK(AV43, $AV$30:$AV$47) -> 15
C44: 15 | D44: 奶油鮮蝦明太子細扁麵 | E44: =VLOOKUP(D44,'12產線配置圖'!$A$2:$C$25,2,0) -> 18 | F44: =VLOOKUP(D44,'12產線配置圖'!$A$2:$C$25,3,0) -> 1636 | G44: =F44/E44 -> 90.888889 | I44: =AVERAGE(P44,U44,Z44,AE44,AJ44,AO44,AT44) -> 17.571429 | J44: =AVERAGE(Q44,V44,AA44,AF44,AK44,AP44,AU44) -> 1355.2857 | K44: =AVERAGE(R44,W44,AB44,AG44,AL44,AQ44,AV44) -> 77.306256 | P44: 17 | Q44: 1402 | R44: =Q44/P44 -> 82.470588 | S44: =RANK(R44,$R$30:$R$47) -> 12 | U44: 18 | V44: 1307 | W44: =V44/U44 -> 72.611111 | X44: =RANK(W44, $W$30:$W$47) -> 15 | Z44: 17 | AA44: 1466 | AB44: =AA44/Z44 -> 86.235294 | AC44: =RANK(AB44, $AB$30:$AB$47) -> 12 | AE44: 17 | AF44: 1443 | AG44: =AF44/AE44 -> 84.882353 | AH44: =RANK(AG44, $AG$30:$AG$47) -> 12 | AJ44: 18 | AK44: 1199 | AL44: =AK44/AJ44 -> 66.611111 | AM44: =RANK(AL44, $AL$30:$AL$47) -> 14 | AO44: 18 | AP44: 1260 | AQ44: =AP44/AO44 -> 70 | AR44: =RANK(AQ44,$AQ$30:$AQ$47) -> 14 | AT44: 18 | AU44: 1410 | AV44: =AU44/AT44 -> 78.333333 | AW44: =RANK(AV44, $AV$30:$AV$47) -> 14
C45: 16
C46: 17
C47: 18
B48: 產線配置圖－每週更新 | N48: 資料繳交 | O48: 日期 | P48: 46182 | U48: =P48+1 -> 46183 | Z48: =Z25+7 -> 46184 | AE48: =AE25+7 -> 46185 | AJ48: =AJ25+7 -> 46186 | AO48: =AO25+7 -> 46187 | AT48: =AT25+7 -> 46188
P49: 二 | U49: 三 | Z49: 四 | AE49: 五 | AJ49: 六 | AO49: 日 | AT49: 一
B50: 品群 | C50: 商品名稱 | E50: 計畫 | H50: 平均人時性 | I50: 實績 | L50: 平均人時性 | M50: 排名 | O50: 日報 | P50: 實際 | T50: 平均人時性 | U50: 實際 | Y50: 平均人時性 | Z50: 實際 | AD50: 平均人時性 | AE50: 實際 | AI50: 平均人時性 | AJ50: 實際 | AN50: 平均人時性 | AO50: 實際 | AS50: 平均人時性 | AT50: 實際 | AX50: 平均人時性
E51: 產線配置圖 | I51: 產線配置圖 | P51: 生產實績 | U51: 生產實績 | Z51: 生產實績 | AE51: 生產實績 | AJ51: 生產實績 | AO51: 生產實績 | AT51: 生產實績
E52: 人數 | F52: 產能／時 | G52: 人時性 | I52: 人數 | J52: 產能／時 | K52: 人時性 | P52: 人數 | Q52: 產能／時 | R52: 人時性 | S52: 排名 | U52: 人數 | V52: 產能／時 | W52: 人時性 | X52: 排名 | Z52: 人數 | AA52: 產能／時 | AB52: 人時性 | AC52: 排名 | AE52: 人數 | AF52: 產能／時 | AG52: 人時性 | AH52: 排名 | AJ52: 人數 | AK52: 產能／時 | AL52: 人時性 | AM52: 排名 | AO52: 人數 | AP52: 產能／時 | AQ52: 人時性 | AR52: 排名 | AT52: 人數 | AU52: 產能／時 | AV52: 人時性 | AW52: 排名
B53: 熱食義麵 | C53: 1 | D53: 義式蕃茄起司義大利麵 | E53: =VLOOKUP(D53,'12產線配置圖'!$A$2:$C$25,2,0) -> 13 | F53: =VLOOKUP(D53,'12產線配置圖'!$A$2:$C$25,3,0) -> 2250 | G53: =F53/E53 -> 173.07692 | H53: =AVERAGE(G53:G70) -> 122.34499 | I53: =AVERAGE(P53,U53,Z53,AE53,AJ53,AO53,AT53) -> 13 | J53: =AVERAGE(Q53,V53,AA53,AF53,AK53,AP53,AU53) -> 2057.7143 | K53: =AVERAGE(R53,W53,AB53,AG53,AL53,AQ53,AV53) -> 158.28571 | L53: =IFERROR(AVERAGE(K53:K70),"-") -> 112.24436 | M53: =RANK(K53, K$53:$K$70) -> 1 | P53: 13 | Q53: 2119 | R53: =Q53/P53 -> 163 | S53: =RANK(R53, $R$53:$R$70) -> 1 | T53: =AVERAGE(R53:R70) -> 109.72987 | U53: 13 | V53: 2052 | W53: =V53/U53 -> 157.84615 | X53: =RANK(W53,$W$53:$W$70) -> 1 | Y53: =AVERAGE(W53:W70) -> 111.5991 | Z53: 13 | AA53: 2158 | AB53: =AA53/Z53 -> 166 | AC53: =RANK(AB53, $AB$53:$AB$70) -> 1 | AD53: =AVERAGE(AB53:AB70) -> 114.2722 | AE53: 13 | AF53: 1969 | AG53: =AF53/AE53 -> 151.46154 | AH53: =RANK(AG53, $AG$53:$AG$70) -> 1 | AI53: =AVERAGE(AG53:AG70) -> 111.36729 | AJ53: 13 | AK53: 2087 | AL53: =AK53/AJ53 -> 160.53846 | AM53: =RANK(AL53,$AL$53:$AL$70) -> 1 | AN53: =AVERAGE(AL53:AL70) -> 113.53185 | AO53: 13 | AP53: 1904 | AQ53: =AP53/AO53 -> 146.46154 | AR53: =RANK(AQ53,$AQ$53:$AQ$70) -> 2 | AS53: =AVERAGE(AQ53:AQ70) -> 109.12562 | AT53: 13 | AU53: 2115 | AV53: =AU53/AT53 -> 162.69231 | AW53: =RANK(AV53,$AV$53:$AV$70) -> 1 | AX53: =AVERAGE(AV53:AV70) -> 116.08459
C54: 2 | D54: 奶油培根義大利麵 | E54: =VLOOKUP(D54,'12產線配置圖'!$A$2:$C$25,2,0) -> 15 | F54: =VLOOKUP(D54,'12產線配置圖'!$A$2:$C$25,3,0) -> 2250 | G54: =F54/E54 -> 150 | I54: =AVERAGE(P54,U54,Z54,AE54,AJ54,AO54,AT54) -> 15 | J54: =AVERAGE(Q54,V54,AA54,AF54,AK54,AP54,AU54) -> 2118.8571 | K54: =AVERAGE(R54,W54,AB54,AG54,AL54,AQ54,AV54) -> 141.25714 | M54: =RANK(K54, K$53:$K$70) -> 4 | P54: 15 | Q54: 2132 | R54: =Q54/P54 -> 142.13333 | S54: =RANK(R54, $R$53:$R$70) -> 3 | U54: 15 | V54: 2181 | W54: =V54/U54 -> 145.4 | X54: =RANK(W54,$W$53:$W$70) -> 3 | Z54: 15 | AA54: 2157 | AB54: =AA54/Z54 -> 143.8 | AC54: =RANK(AB54, $AB$53:$AB$70) -> 4 | AE54: 15 | AF54: 2068 | AG54: =AF54/AE54 -> 137.86667 | AH54: =RANK(AG54, $AG$53:$AG$70) -> 4 | AJ54: 15 | AK54: 2053 | AL54: =AK54/AJ54 -> 136.86667 | AM54: =RANK(AL54,$AL$53:$AL$70) -> 5 | AO54: 15 | AP54: 2122 | AQ54: =AP54/AO54 -> 141.46667 | AR54: =RANK(AQ54,$AQ$53:$AQ$70) -> 5 | AT54: 15 | AU54: 2119 | AV54: =AU54/AT54 -> 141.26667 | AW54: =RANK(AV54,$AV$53:$AV$70) -> 6
C55: 3 | D55: 白酒清炒鮮蛤義大利麵 | E55: =VLOOKUP(D55,'12產線配置圖'!$A$2:$C$25,2,0) -> 15 | F55: =VLOOKUP(D55,'12產線配置圖'!$A$2:$C$25,3,0) -> 2250 | G55: =F55/E55 -> 150 | I55: =AVERAGE(P55,U55,Z55,AE55,AJ55,AO55,AT55) -> 15 | J55: =AVERAGE(Q55,V55,AA55,AF55,AK55,AP55,AU55) -> 2103.5714 | K55: =AVERAGE(R55,W55,AB55,AG55,AL55,AQ55,AV55) -> 140.2381 | M55: =RANK(K55, K$53:$K$70) -> 5 | P55: 15 | Q55: 2011 | R55: =Q55/P55 -> 134.06667 | S55: =RANK(R55, $R$53:$R$70) -> 5 | U55: 15 | V55: 2151 | W55: =V55/U55 -> 143.4 | X55: =RANK(W55,$W$53:$W$70) -> 4 | Z55: 15 | AA55: 2178 | AB55: =AA55/Z55 -> 145.2 | AC55: =RANK(AB55, $AB$53:$AB$70) -> 3 | AE55: 15 | AF55: 2025 | AG55: =AF55/AE55 -> 135 | AH55: =RANK(AG55, $AG$53:$AG$70) -> 5 | AJ55: 15 | AK55: 2056 | AL55: =AK55/AJ55 -> 137.06667 | AM55: =RANK(AL55,$AL$53:$AL$70) -> 4 | AO55: 15 | AP55: 2158 | AQ55: =AP55/AO55 -> 143.86667 | AR55: =RANK(AQ55,$AQ$53:$AQ$70) -> 3 | AT55: 15 | AU55: 2146 | AV55: =AU55/AT55 -> 143.06667 | AW55: =RANK(AV55,$AV$53:$AV$70) -> 5
C56: 4 | D56: 焗烤起司雙饗筆尖麵 | E56: =VLOOKUP(D56,'12產線配置圖'!$A$2:$C$25,2,0) -> 16 | F56: =VLOOKUP(D56,'12產線配置圖'!$A$2:$C$25,3,0) -> 1800 | G56: =F56/E56 -> 112.5 | I56: =AVERAGE(P56,U56,Z56,AE56,AJ56,AO56,AT56) -> 15.571429 | J56: =AVERAGE(Q56,V56,AA56,AF56,AK56,AP56,AU56) -> 1635.5714 | K56: =AVERAGE(R56,W56,AB56,AG56,AL56,AQ56,AV56) -> 105.09464 | M56: =RANK(K56, K$53:$K$70) -> 8 | P56: 15 | Q56: 1597 | R56: =Q56/P56 -> 106.46667 | S56: =RANK(R56, $R$53:$R$70) -> 8 | U56: 16 | V56: 1584 | W56: =V56/U56 -> 99 | X56: =RANK(W56,$W$53:$W$70) -> 8 | Z56: 16 | AA56: 1736 | AB56: =AA56/Z56 -> 108.5 | AC56: =RANK(AB56, $AB$53:$AB$70) -> 8 | AE56: 15 | AF56: 1615 | AG56: =AF56/AE56 -> 107.66667 | AH56: =RANK(AG56, $AG$53:$AG$70) -> 8 | AJ56: 15 | AK56: 1612 | AL56: =AK56/AJ56 -> 107.46667 | AM56: =RANK(AL56,$AL$53:$AL$70) -> 10 | AO56: 16 | AP56: 1643 | AQ56: =AP56/AO56 -> 102.6875 | AR56: =RANK(AQ56,$AQ$53:$AQ$70) -> 8 | AT56: 16 | AU56: 1662 | AV56: =AU56/AT56 -> 103.875 | AW56: =RANK(AV56,$AV$53:$AV$70) -> 8
C57: 5 | D57: 青醬蛤蜊義大利麵 | E57: =VLOOKUP(D57,'12產線配置圖'!$A$2:$C$25,2,0) -> 14 | F57: =VLOOKUP(D57,'12產線配置圖'!$A$2:$C$25,3,0) -> 2250 | G57: =F57/E57 -> 160.71429 | I57: =AVERAGE(P57,U57,Z57,AE57,AJ57,AO57,AT57) -> 14 | J57: =AVERAGE(Q57,V57,AA57,AF57,AK57,AP57,AU57) -> 2090.1429 | K57: =AVERAGE(R57,W57,AB57,AG57,AL57,AQ57,AV57) -> 149.29592 | M57: =RANK(K57, K$53:$K$70) -> 2 | P57: 14 | Q57: 2032 | R57: =Q57/P57 -> 145.14286 | S57: =RANK(R57, $R$53:$R$70) -> 2 | U57: 14 | V57: 2064 | W57: =V57/U57 -> 147.42857 | X57: =RANK(W57,$W$53:$W$70) -> 2 | Z57: 14 | AA57: 2124 | AB57: =AA57/Z57 -> 151.71429 | AC57: =RANK(AB57, $AB$53:$AB$70) -> 2 | AE57: 14 | AF57: 1936 | AG57: =AF57/AE57 -> 138.28571 | AH57: =RANK(AG57, $AG$53:$AG$70) -> 3 | AJ57: 14 | AK57: 2178 | AL57: =AK57/AJ57 -> 155.57143 | AM57: =RANK(AL57,$AL$53:$AL$70) -> 2 | AO57: 14 | AP57: 2120 | AQ57: =AP57/AO57 -> 151.42857 | AR57: =RANK(AQ57,$AQ$53:$AQ$70) -> 1 | AT57: 14 | AU57: 2177 | AV57: =AU57/AT57 -> 155.5 | AW57: =RANK(AV57,$AV$53:$AV$70) -> 2
C58: 6 | D58: 青花椒麻雞肉拌麵 | E58: =VLOOKUP(D58,'12產線配置圖'!$A$2:$C$25,2,0) -> 15 | F58: =VLOOKUP(D58,'12產線配置圖'!$A$2:$C$25,3,0) -> 1714 | G58: =F58/E58 -> 114.26667 | I58: =AVERAGE(P58,U58,Z58,AE58,AJ58,AO58,AT58) -> 14.857143 | J58: =AVERAGE(Q58,V58,AA58,AF58,AK58,AP58,AU58) -> 1522.8571 | K58: =AVERAGE(R58,W58,AB58,AG58,AL58,AQ58,AV58) -> 102.44218 | M58: =RANK(K58, K$53:$K$70) -> 9 | P58: 15 | Q58: 1576 | R58: =Q58/P58 -> 105.06667 | S58: =RANK(R58, $R$53:$R$70) -> 9 | U58: 14 | V58: 1350 | W58: =V58/U58 -> 96.428571 | X58: =RANK(W58,$W$53:$W$70) -> 10 | Z58: 15 | AA58: 1583 | AB58: =AA58/Z58 -> 105.53333 | AC58: =RANK(AB58, $AB$53:$AB$70) -> 9 | AE58: 15 | AF58: 1588 | AG58: =AF58/AE58 -> 105.86667 | AH58: =RANK(AG58, $AG$53:$AG$70) -> 9 | AJ58: 15 | AK58: 1645 | AL58: =AK58/AJ58 -> 109.66667 | AM58: =RANK(AL58,$AL$53:$AL$70) -> 8 | AO58: 15 | AP58: 1512 | AQ58: =AP58/AO58 -> 100.8 | AR58: =RANK(AQ58,$AQ$53:$AQ$70) -> 9 | AT58: 15 | AU58: 1406 | AV58: =AU58/AT58 -> 93.733333 | AW58: =RANK(AV58,$AV$53:$AV$70) -> 11
C59: 7 | D59: 沙茶豬肉炒麵 | E59: =VLOOKUP(D59,'12產線配置圖'!$A$2:$C$25,2,0) -> 17 | F59: =VLOOKUP(D59,'12產線配置圖'!$A$2:$C$25,3,0) -> 1800 | G59: =F59/E59 -> 105.88235 | I59: =AVERAGE(P59,U59,Z59,AE59,AJ59,AO59,AT59) -> 16.714286 | J59: =AVERAGE(Q59,V59,AA59,AF59,AK59,AP59,AU59) -> 1625.7143 | K59: =AVERAGE(R59,W59,AB59,AG59,AL59,AQ59,AV59) -> 97.316702 | M59: =RANK(K59, K$53:$K$70) -> 10 | P59: 17 | Q59: 1540 | R59: =Q59/P59 -> 90.588235 | S59: =RANK(R59, $R$53:$R$70) -> 10 | U59: 17 | V59: 1665 | W59: =V59/U59 -> 97.941176 | X59: =RANK(W59,$W$53:$W$70) -> 9 | Z59: 17 | AA59: 1645 | AB59: =AA59/Z59 -> 96.764706 | AC59: =RANK(AB59, $AB$53:$AB$70) -> 10 | AE59: 16 | AF59: 1598 | AG59: =AF59/AE59 -> 99.875 | AH59: =RANK(AG59, $AG$53:$AG$70) -> 10 | AJ59: 16 | AK59: 1613 | AL59: =AK59/AJ59 -> 100.8125 | AM59: =RANK(AL59,$AL$53:$AL$70) -> 11 | AO59: 17 | AP59: 1574 | AQ59: =AP59/AO59 -> 92.588235 | AR59: =RANK(AQ59,$AQ$53:$AQ$70) -> 10 | AT59: 17 | AU59: 1745 | AV59: =AU59/AT59 -> 102.64706 | AW59: =RANK(AV59,$AV$53:$AV$70) -> 9
C60: 8 | D60: 府城鹽水意麵 | E60: =VLOOKUP(D60,'12產線配置圖'!$A$2:$C$25,2,0) -> 17 | F60: =VLOOKUP(D60,'12產線配置圖'!$A$2:$C$25,3,0) -> 1636 | G60: =F60/E60 -> 96.235294 | I60: =AVERAGE(P60,U60,Z60,AE60,AJ60,AO60,AT60) -> 17 | J60: =AVERAGE(Q60,V60,AA60,AF60,AK60,AP60,AU60) -> 1444.2857 | K60: =AVERAGE(R60,W60,AB60,AG60,AL60,AQ60,AV60) -> 85.028361 | M60: =RANK(K60, K$53:$K$70) -> 14 | P60: 17 | Q60: 1465 | R60: =Q60/P60 -> 86.176471 | S60: =RANK(R60, $R$53:$R$70) -> 11 | U60: 17 | V60: 1403 | W60: =V60/U60 -> 82.529412 | X60: =RANK(W60,$W$53:$W$70) -> 14 | Z60: 17 | AA60: 1500 | AB60: =AA60/Z60 -> 88.235294 | AC60: =RANK(AB60, $AB$53:$AB$70) -> 13 | AE60: 17 | AF60: 1420 | AG60: =AF60/AE60 -> 83.529412 | AH60: =RANK(AG60, $AG$53:$AG$70) -> 14 | AJ60: 18 | AK60: 1440 | AL60: =AK60/AJ60 -> 80 | AM60: =RANK(AL60,$AL$53:$AL$70) -> 15 | AO60: 17 | AP60: 1468 | AQ60: =AP60/AO60 -> 86.352941 | AR60: =RANK(AQ60,$AQ$53:$AQ$70) -> 12 | AT60: 16 | AU60: 1414 | AV60: =AU60/AT60 -> 88.375 | AW60: =RANK(AV60,$AV$53:$AV$70) -> 14
C61: 9 | D61: 焗烤起司肉醬筆尖麵 | E61: =VLOOKUP(D61,'12產線配置圖'!$A$2:$C$25,2,0) -> 13 | F61: =VLOOKUP(D61,'12產線配置圖'!$A$2:$C$25,3,0) -> 1440 | G61: =F61/E61 -> 110.76923 | I61: =AVERAGE(P61,U61,Z61,AE61,AJ61,AO61,AT61) -> 11.428571 | J61: =AVERAGE(Q61,V61,AA61,AF61,AK61,AP61,AU61) -> 1086.4286 | K61: =AVERAGE(R61,W61,AB61,AG61,AL61,AQ61,AV61) -> 93.578311 | M61: =RANK(K61, K$53:$K$70) -> 11 | P61: 11 | Q61: 947 | R61: =Q61/P61 -> 86.090909 | S61: =RANK(R61, $R$53:$R$70) -> 12 | U61: 12 | V61: 1096 | W61: =V61/U61 -> 91.333333 | X61: =RANK(W61,$W$53:$W$70) -> 11 | Z61: 9 | AA61: 822 | AB61: =AA61/Z61 -> 91.333333 | AC61: =RANK(AB61, $AB$53:$AB$70) -> 11 | AE61: 13 | AF61: 1436 | AG61: =AF61/AE61 -> 110.46154 | AH61: =RANK(AG61, $AG$53:$AG$70) -> 7 | AJ61: 13 | AK61: 1406 | AL61: =AK61/AJ61 -> 108.15385 | AM61: =RANK(AL61,$AL$53:$AL$70) -> 9 | AO61: 9 | AP61: 634 | AQ61: =AP61/AO61 -> 70.444444 | AR61: =RANK(AQ61,$AQ$53:$AQ$70) -> 15 | AT61: 13 | AU61: 1264 | AV61: =AU61/AT61 -> 97.230769 | AW61: =RANK(AV61,$AV$53:$AV$70) -> 10
C62: 10 | D62: 蒜香奶油蝦蝦義大利麵 | E62: =VLOOKUP(D62,'12產線配置圖'!$A$2:$C$25,2,0) -> 17 | F62: =VLOOKUP(D62,'12產線配置圖'!$A$2:$C$25,3,0) -> 2250 | G62: =F62/E62 -> 132.35294 | I62: =AVERAGE(P62,U62,Z62,AE62,AJ62,AO62,AT62) -> 16.857143 | J62: =AVERAGE(Q62,V62,AA62,AF62,AK62,AP62,AU62) -> 2088.2857 | K62: =AVERAGE(R62,W62,AB62,AG62,AL62,AQ62,AV62) -> 123.84086 | M62: =RANK(K62, K$53:$K$70) -> 7 | P62: 17 | Q62: 2047 | R62: =Q62/P62 -> 120.41176 | S62: =RANK(R62, $R$53:$R$70) -> 7 | U62: 17 | V62: 2058 | W62: =V62/U62 -> 121.05882 | X62: =RANK(W62,$W$53:$W$70) -> 7 | Z62: 16 | AA62: 1905 | AB62: =AA62/Z62 -> 119.0625 | AC62: =RANK(AB62, $AB$53:$AB$70) -> 7 | AE62: 17 | AF62: 2115 | AG62: =AF62/AE62 -> 124.41176 | AH62: =RANK(AG62, $AG$53:$AG$70) -> 6 | AJ62: 17 | AK62: 2168 | AL62: =AK62/AJ62 -> 127.52941 | AM62: =RANK(AL62,$AL$53:$AL$70) -> 7 | AO62: 17 | AP62: 2134 | AQ62: =AP62/AO62 -> 125.52941 | AR62: =RANK(AQ62,$AQ$53:$AQ$70) -> 7 | AT62: 17 | AU62: 2191 | AV62: =AU62/AT62 -> 128.88235 | AW62: =RANK(AV62,$AV$53:$AV$70) -> 7
C63: 11 | D63: 義式辣味嫩烤雞腿排義大利麵 | E63: =VLOOKUP(D63,'12產線配置圖'!$A$2:$C$25,2,0) -> 15 | F63: =VLOOKUP(D63,'12產線配置圖'!$A$2:$C$25,3,0) -> 2250 | G63: =F63/E63 -> 150 | I63: =AVERAGE(P63,U63,Z63,AE63,AJ63,AO63,AT63) -> 15 | J63: =AVERAGE(Q63,V63,AA63,AF63,AK63,AP63,AU63) -> 1955.8571 | K63: =AVERAGE(R63,W63,AB63,AG63,AL63,AQ63,AV63) -> 130.39048 | M63: =RANK(K63, K$53:$K$70) -> 6 | P63: 15 | Q63: 1885 | R63: =Q63/P63 -> 125.66667 | S63: =RANK(R63, $R$53:$R$70) -> 6 | U63: 15 | V63: 2003 | W63: =V63/U63 -> 133.53333 | X63: =RANK(W63,$W$53:$W$70) -> 6 | Z63: 15 | AA63: 2066 | AB63: =AA63/Z63 -> 137.73333 | AC63: =RANK(AB63, $AB$53:$AB$70) -> 6 | AE63: 15 | AF63: 1471 | AG63: =AF63/AE63 -> 98.066667 | AH63: =RANK(AG63, $AG$53:$AG$70) -> 11 | AJ63: 15 | AK63: 2070 | AL63: =AK63/AJ63 -> 138 | AM63: =RANK(AL63,$AL$53:$AL$70) -> 3 | AO63: 15 | AP63: 2019 | AQ63: =AP63/AO63 -> 134.6 | AR63: =RANK(AQ63,$AQ$53:$AQ$70) -> 6 | AT63: 15 | AU63: 2177 | AV63: =AU63/AT63 -> 145.13333 | AW63: =RANK(AV63,$AV$53:$AV$70) -> 4
C64: 12 | D64: 香煎魚排佐檸檬奶油義大利麵 | E64: =VLOOKUP(D64,'12產線配置圖'!$A$2:$C$25,2,0) -> 15 | F64: =VLOOKUP(D64,'12產線配置圖'!$A$2:$C$25,3,0) -> 2250 | G64: =F64/E64 -> 150 | I64: =AVERAGE(P64,U64,Z64,AE64,AJ64,AO64,AT64) -> 15 | J64: =AVERAGE(Q64,V64,AA64,AF64,AK64,AP64,AU64) -> 2120.5714 | K64: =AVERAGE(R64,W64,AB64,AG64,AL64,AQ64,AV64) -> 141.37143 | M64: =RANK(K64, K$53:$K$70) -> 3 | P64: 15 | Q64: 2052 | R64: =Q64/P64 -> 136.8 | S64: =RANK(R64, $R$53:$R$70) -> 4 | U64: 15 | V64: 2105 | W64: =V64/U64 -> 140.33333 | X64: =RANK(W64,$W$53:$W$70) -> 5 | Z64: 15 | AA64: 2101 | AB64: =AA64/Z64 -> 140.06667 | AC64: =RANK(AB64, $AB$53:$AB$70) -> 5 | AE64: 15 | AF64: 2158 | AG64: =AF64/AE64 -> 143.86667 | AH64: =RANK(AG64, $AG$53:$AG$70) -> 2 | AJ64: 15 | AK64: 2053 | AL64: =AK64/AJ64 -> 136.86667 | AM64: =RANK(AL64,$AL$53:$AL$70) -> 5 | AO64: 15 | AP64: 2135 | AQ64: =AP64/AO64 -> 142.33333 | AR64: =RANK(AQ64,$AQ$53:$AQ$70) -> 4 | AT64: 15 | AU64: 2240 | AV64: =AU64/AT64 -> 149.33333 | AW64: =RANK(AV64,$AV$53:$AV$70) -> 3
C65: 13 | D65: 黑松露野菇義大利麵 | E65: =VLOOKUP(D65,'12產線配置圖'!$A$2:$C$25,2,0) -> 18 | F65: =VLOOKUP(D65,'12產線配置圖'!$A$2:$C$25,3,0) -> 1565 | G65: =F65/E65 -> 86.944444 | I65: =AVERAGE(P65,U65,Z65,AE65,AJ65,AO65,AT65) -> 16.571429 | J65: =AVERAGE(Q65,V65,AA65,AF65,AK65,AP65,AU65) -> 1418.7143 | K65: =AVERAGE(R65,W65,AB65,AG65,AL65,AQ65,AV65) -> 85.666492 | M65: =RANK(K65, K$53:$K$70) -> 13 | P65: 17 | Q65: 1450 | R65: =Q65/P65 -> 85.294118 | S65: =RANK(R65, $R$53:$R$70) -> 13 | U65: 17 | V65: 1462 | W65: =V65/U65 -> 86 | X65: =RANK(W65,$W$53:$W$70) -> 12 | Z65: 17 | AA65: 1412 | AB65: =AA65/Z65 -> 83.058824 | AC65: =RANK(AB65, $AB$53:$AB$70) -> 14 | AE65: 16 | AF65: 1389 | AG65: =AF65/AE65 -> 86.8125 | AH65: =RANK(AG65, $AG$53:$AG$70) -> 13 | AJ65: 16 | AK65: 1400 | AL65: =AK65/AJ65 -> 87.5 | AM65: =RANK(AL65,$AL$53:$AL$70) -> 12 | AO65: 17 | AP65: 1394 | AQ65: =AP65/AO65 -> 82 | AR65: =RANK(AQ65,$AQ$53:$AQ$70) -> 13 | AT65: 16 | AU65: 1424 | AV65: =AU65/AT65 -> 89 | AW65: =RANK(AV65,$AV$53:$AV$70) -> 13
... C68: 16 | D68: 焦糖拿鐵烤雞細扁麵 | E68: =VLOOKUP(D68,'12產線配置圖'!$A$2:$C$25,2,0) -> 18 | F68: =VLOOKUP(D68,'12產線配置圖'!$A$2:$C$25,3,0) -> 1565 | G68: =F68/E68 -> 86.944444 | I68: =AVERAGE(P68,U68,Z68,AE68,AJ68,AO68,AT68) -> 17 | J68: =AVERAGE(Q68,V68,AA68,AF68,AK68,AP68,AU68) -> 1384.8571 | K68: =AVERAGE(R68,W68,AB68,AG68,AL68,AQ68,AV68) -> 81.473739 | M68: =RANK(K68, K$53:$K$70) -> 15 | P68: 18 | Q68: 1404 | R68: =Q68/P68 -> 78 | S68: =RANK(R68, $R$53:$R$70) -> 15 | U68: 17 | V68: 1436 | W68: =V68/U68 -> 84.470588 | X68: =RANK(W68,$W$53:$W$70) -> 13 | Z68: 17 | AA68: 1392 | AB68: =AA68/Z68 -> 81.882353 | AC68: =RANK(AB68, $AB$53:$AB$70) -> 15 | AE68: 17 | AF68: 1415 | AG68: =AF68/AE68 -> 83.235294 | AH68: =RANK(AG68, $AG$53:$AG$70) -> 15 | AJ68: 17 | AK68: 1387 | AL68: =AK68/AJ68 -> 81.588235 | AM68: =RANK(AL68,$AL$53:$AL$70) -> 14 | AO68: 16 | AP68: 1270 | AQ68: =AP68/AO68 -> 79.375 | AR68: =RANK(AQ68,$AQ$53:$AQ$70) -> 14 | AT68: 17 | AU68: 1390 | AV68: =AU68/AT68 -> 81.764706 | AW68: =RANK(AV68,$AV$53:$AV$70) -> 16
C69: 17
C70: 18
B71: 產線配置圖－每週更新 | N71: 資料繳交 | O71: 日期 | P71: 46189 | U71: =P71+1 -> 46190 | Z71: =Z48+7 -> 46191 | AE71: =AE48+7 -> 46192 | AJ71: =AJ48+7 -> 46193 | AO71: =AO48+7 -> 46194 | AT71: =AT48+7 -> 46195
P72: 二 | U72: 三 | Z72: 四 | AE72: 五 | AJ72: 六 | AO72: 日 | AT72: 一
B73: 品群 | C73: 商品名稱 | E73: 計畫 | H73: 平均人時性 | I73: 實績 | L73: 平均人時性 | M73: 排名 | O73: 日報 | P73: 實際 | T73: 平均人時性 | U73: 實際 | Y73: 平均人時性 | Z73: 實際 | AD73: 平均人時性 | AE73: 實際 | AI73: 平均人時性 | AJ73: 實際 | AN73: 平均人時性 | AO73: 實際 | AS73: 平均人時性 | AT73: 實際 | AX73: 平均人時性
E74: 產線配置圖 | I74: 產線配置圖 | P74: 生產實績 | U74: 生產實績 | Z74: 生產實績 | AE74: 生產實績 | AJ74: 生產實績 | AO74: 生產實績 | AT74: 生產實績
E75: 人數 | F75: 產能／時 | G75: 人時性 | I75: 人數 | J75: 產能／時 | K75: 人時性 | P75: 人數 | Q75: 產能／時 | R75: 人時性 | S75: 排名 | U75: 人數 | V75: 產能／時 | W75: 人時性 | X75: 排名 | Z75: 人數 | AA75: 產能／時 | AB75: 人時性 | AC75: 排名 | AE75: 人數 | AF75: 產能／時 | AG75: 人時性 | AH75: 排名 | AJ75: 人數 | AK75: 產能／時 | AL75: 人時性 | AM75: 排名 | AO75: 人數 | AP75: 產能／時 | AQ75: 人時性 | AR75: 排名 | AT75: 人數 | AU75: 產能／時 | AV75: 人時性 | AW75: 排名
B76: 熱食義麵 | C76: 1 | D76: 義式蕃茄起司義大利麵 | E76: 13 | F76: =VLOOKUP(D76,'12產線配置圖'!$A$2:$C$25,3,0) -> 2250 | G76: =F76/E76 -> 173.07692 | H76: =AVERAGE(G76:G90) -> 124.70503 | I76: =AVERAGE(P76,U76,Z76,AE76,AJ76,AO76,AT76) -> 13 | J76: =AVERAGE(Q76,V76,AA76,AF76,AK76,AP76,AU76) -> 2029.1429 | K76: =AVERAGE(R76,W76,AB76,AG76,AL76,AQ76,AV76) -> 156.08791 | L76: =IFERROR(AVERAGE(K76:K93),"-") -> 112.78254 | M76: =RANK(K76, $K$76:$K$93) -> 1 | P76: 13 | Q76: 2151 | R76: =Q76/P76 -> 165.46154 | S76: =RANK(R76, $R$76:$R$93) -> 1 | T76: =AVERAGE(R76:R93) -> 114.42377 | U76: 13 | V76: 2005 | W76: =V76/U76 -> 154.23077 | X76: =RANK(W76, $W$76:$W$93) -> 2 | Y76: =AVERAGE(W76:W93) -> 114.61732 | Z76: 13 | AA76: 2027 | AB76: =AA76/Z76 -> 155.92308 | AC76: =RANK(AB76, $AB$76:$AB$93) -> 1 | AD76: =AVERAGE(AB76:AB93) -> 108.85132 | AE76: 13 | AF76: 1744 | AG76: =AF76/AE76 -> 134.15385 | AH76: =RANK(AG76, $AG$76:$AG$93) -> 4 | AI76: =AVERAGE(AG76:AG93) -> 108.92392 | AJ76: 13 | AK76: 2102 | AL76: =AK76/AJ76 -> 161.69231 | AM76: =RANK(AL76, $AL$76:$AL$93) -> 1 | AN76: =AVERAGE(AL76:AL93) -> 114.03585 | AO76: 13 | AP76: 2108 | AQ76: =AP76/AO76 -> 162.15385 | AR76: =RANK(AQ76, $AQ$76:$AQ$93) -> 1 | AS76: =AVERAGE(AQ76:AQ93) -> 112.36305 | AT76: 13 | AU76: 2067 | AV76: =AU76/AT76 -> 159 | AW76: =RANK(AV76, $AV$76:$AV$93) -> 1 | AX76: =AVERAGE(AV76:AV93) -> 116.26258
C77: 2 | D77: 奶油培根義大利麵 | E77: =VLOOKUP(D77,'12產線配置圖'!$A$2:$C$25,2,0) -> 15 | F77: =VLOOKUP(D77,'12產線配置圖'!$A$2:$C$25,3,0) -> 2250 | G77: =F77/E77 -> 150 | I77: =AVERAGE(P77,U77,Z77,AE77,AJ77,AO77,AT77) -> 15 | J77: =AVERAGE(Q77,V77,AA77,AF77,AK77,AP77,AU77) -> 2061.5714 | K77: =AVERAGE(R77,W77,AB77,AG77,AL77,AQ77,AV77) -> 137.4381 | M77: =RANK(K77, $K$76:$K$93) -> 5 | P77: 15 | Q77: 2091 | R77: =Q77/P77 -> 139.4 | S77: =RANK(R77, $R$76:$R$93) -> 5 | U77: 15 | V77: 2105 | W77: =V77/U77 -> 140.33333 | X77: =RANK(W77, $W$76:$W$93) -> 4 | Z77: 15 | AA77: 2016 | AB77: =AA77/Z77 -> 134.4 | AC77: =RANK(AB77, $AB$76:$AB$93) -> 5 | AE77: 15 | AF77: 1836 | AG77: =AF77/AE77 -> 122.4 | AH77: =RANK(AG77, $AG$76:$AG$93) -> 6 | AJ77: 15 | AK77: 2135 | AL77: =AK77/AJ77 -> 142.33333 | AM77: =RANK(AL77, $AL$76:$AL$93) -> 4 | AO77: 15 | AP77: 2092 | AQ77: =AP77/AO77 -> 139.46667 | AR77: =RANK(AQ77, $AQ$76:$AQ$93) -> 4 | AT77: 15 | AU77: 2156 | AV77: =AU77/AT77 -> 143.73333 | AW77: =RANK(AV77, $AV$76:$AV$93) -> 4
C78: 3 | D78: 白酒清炒鮮蛤義大利麵 | E78: =VLOOKUP(D78,'12產線配置圖'!$A$2:$C$25,2,0) -> 15 | F78: =VLOOKUP(D78,'12產線配置圖'!$A$2:$C$25,3,0) -> 2250 | G78: =F78/E78 -> 150 | I78: =AVERAGE(P78,U78,Z78,AE78,AJ78,AO78,AT78) -> 15 | J78: =AVERAGE(Q78,V78,AA78,AF78,AK78,AP78,AU78) -> 2070.8571 | K78: =AVERAGE(R78,W78,AB78,AG78,AL78,AQ78,AV78) -> 138.05714 | M78: =RANK(K78, $K$76:$K$93) -> 4 | P78: 15 | Q78: 2166 | R78: =Q78/P78 -> 144.4 | S78: =RANK(R78, $R$76:$R$93) -> 3 | U78: 15 | V78: 2130 | W78: =V78/U78 -> 142 | X78: =RANK(W78, $W$76:$W$93) -> 3 | Z78: 15 | AA78: 2035 | AB78: =AA78/Z78 -> 135.66667 | AC78: =RANK(AB78, $AB$76:$AB$93) -> 4 | AE78: 15 | AF78: 1959 | AG78: =AF78/AE78 -> 130.6 | AH78: =RANK(AG78, $AG$76:$AG$93) -> 5 | AJ78: 15 | AK78: 1903 | AL78: =AK78/AJ78 -> 126.86667 | AM78: =RANK(AL78, $AL$76:$AL$93) -> 6 | AO78: 15 | AP78: 2081 | AQ78: =AP78/AO78 -> 138.73333 | AR78: =RANK(AQ78, $AQ$76:$AQ$93) -> 5 | AT78: 15 | AU78: 2222 | AV78: =AU78/AT78 -> 148.13333 | AW78: =RANK(AV78, $AV$76:$AV$93) -> 3
C79: 4 | D79: 焗烤起司雙饗筆尖麵 | E79: =VLOOKUP(D79,'12產線配置圖'!$A$2:$C$25,2,0) -> 16 | F79: =VLOOKUP(D79,'12產線配置圖'!$A$2:$C$25,3,0) -> 1800 | G79: =F79/E79 -> 112.5 | I79: =AVERAGE(P79,U79,Z79,AE79,AJ79,AO79,AT79) -> 15.714286 | J79: =AVERAGE(Q79,V79,AA79,AF79,AK79,AP79,AU79) -> 1628.4286 | K79: =AVERAGE(R79,W79,AB79,AG79,AL79,AQ79,AV79) -> 103.65119 | M79: =RANK(K79, $K$76:$K$93) -> 10 | P79: 16 | Q79: 1653 | R79: =Q79/P79 -> 103.3125 | S79: =RANK(R79, $R$76:$R$93) -> 10 | U79: 16 | V79: 1645 | W79: =V79/U79 -> 102.8125 | X79: =RANK(W79, $W$76:$W$93) -> 9 | Z79: 16 | AA79: 1633 | AB79: =AA79/Z79 -> 102.0625 | AC79: =RANK(AB79, $AB$76:$AB$93) -> 9 | AE79: 16 | AF79: 1637 | AG79: =AF79/AE79 -> 102.3125 | AH79: =RANK(AG79, $AG$76:$AG$93) -> 9 | AJ79: 15 | AK79: 1532 | AL79: =AK79/AJ79 -> 102.13333 | AM79: =RANK(AL79, $AL$76:$AL$93) -> 10 | AO79: 16 | AP79: 1682 | AQ79: =AP79/AO79 -> 105.125 | AR79: =RANK(AQ79, $AQ$76:$AQ$93) -> 9 | AT79: 15 | AU79: 1617 | AV79: =AU79/AT79 -> 107.8 | AW79: =RANK(AV79, $AV$76:$AV$93) -> 10
C80: 5 | D80: 青醬蛤蜊義大利麵 | E80: 14 | F80: =VLOOKUP(D80,'12產線配置圖'!$A$2:$C$25,3,0) -> 2250 | G80: =F80/E80 -> 160.71429 | I80: =AVERAGE(P80,U80,Z80,AE80,AJ80,AO80,AT80) -> 14 | J80: =AVERAGE(Q80,V80,AA80,AF80,AK80,AP80,AU80) -> 2082.2857 | K80: =AVERAGE(R80,W80,AB80,AG80,AL80,AQ80,AV80) -> 148.73469 | M80: =RANK(K80, $K$76:$K$93) -> 2 | P80: 14 | Q80: 2107 | R80: =Q80/P80 -> 150.5 | S80: =RANK(R80, $R$76:$R$93) -> 2 | U80: 14 | V80: 2248 | W80: =V80/U80 -> 160.57143 | X80: =RANK(W80, $W$76:$W$93) -> 1 | Z80: 14 | AA80: 2076 | AB80: =AA80/Z80 -> 148.28571 | AC80: =RANK(AB80, $AB$76:$AB$93) -> 2 | AE80: 14 | AF80: 2055 | AG80: =AF80/AE80 -> 146.78571 | AH80: =RANK(AG80, $AG$76:$AG$93) -> 1 | AJ80: 14 | AK80: 2005 | AL80: =AK80/AJ80 -> 143.21429 | AM80: =RANK(AL80, $AL$76:$AL$93) -> 2 | AO80: 14 | AP80: 1994 | AQ80: =AP80/AO80 -> 142.42857 | AR80: =RANK(AQ80, $AQ$76:$AQ$93) -> 2 | AT80: 14 | AU80: 2091 | AV80: =AU80/AT80 -> 149.35714 | AW80: =RANK(AV80, $AV$76:$AV$93) -> 2
C81: 6 | D81: 青花椒麻雞肉拌麵 | E81: =VLOOKUP(D81,'12產線配置圖'!$A$2:$C$25,2,0) -> 15 | F81: =VLOOKUP(D81,'12產線配置圖'!$A$2:$C$25,3,0) -> 1714 | G81: =F81/E81 -> 114.26667 | I81: =AVERAGE(P81,U81,Z81,AE81,AJ81,AO81,AT81) -> 14.857143 | J81: =AVERAGE(Q81,V81,AA81,AF81,AK81,AP81,AU81) -> 1592.4286 | K81: =AVERAGE(R81,W81,AB81,AG81,AL81,AQ81,AV81) -> 107.2034 | M81: =RANK(K81, $K$76:$K$93) -> 8 | P81: 15 | Q81: 1564 | R81: =Q81/P81 -> 104.26667 | S81: =RANK(R81, $R$76:$R$93) -> 9 | U81: 15 | V81: 1524 | W81: =V81/U81 -> 101.6 | X81: =RANK(W81, $W$76:$W$93) -> 10 | Z81: 14 | AA81: 1531 | AB81: =AA81/Z81 -> 109.35714 | AC81: =RANK(AB81, $AB$76:$AB$93) -> 7 | AE81: 15 | AF81: 1666 | AG81: =AF81/AE81 -> 111.06667 | AH81: =RANK(AG81, $AG$76:$AG$93) -> 7 | AJ81: 15 | AK81: 1645 | AL81: =AK81/AJ81 -> 109.66667 | AM81: =RANK(AL81, $AL$76:$AL$93) -> 8 | AO81: 15 | AP81: 1556 | AQ81: =AP81/AO81 -> 103.73333 | AR81: =RANK(AQ81, $AQ$76:$AQ$93) -> 10 | AT81: 15 | AU81: 1661 | AV81: =AU81/AT81 -> 110.73333 | AW81: =RANK(AV81, $AV$76:$AV$93) -> 9
C82: 7 | D82: 沙茶豬肉炒麵 | E82: =VLOOKUP(D82,'12產線配置圖'!$A$2:$C$25,2,0) -> 17 | F82: 1800 | G82: =F82/E82 -> 105.88235 | I82: =AVERAGE(P82,U82,Z82,AE82,AJ82,AO82,AT82) -> 16.571429 | J82: =AVERAGE(Q82,V82,AA82,AF82,AK82,AP82,AU82) -> 1583.4286 | K82: =AVERAGE(R82,W82,AB82,AG82,AL82,AQ82,AV82) -> 95.571429 | M82: =RANK(K82, $K$76:$K$93) -> 11 | P82: 17 | Q82: 1626 | R82: =Q82/P82 -> 95.647059 | S82: =RANK(R82, $R$76:$R$93) -> 11 | U82: 17 | V82: 1703 | W82: =V82/U82 -> 100.17647 | X82: =RANK(W82, $W$76:$W$93) -> 11 | Z82: 17 | AA82: 1503 | AB82: =AA82/Z82 -> 88.411765 | AC82: =RANK(AB82, $AB$76:$AB$93) -> 11 | AE82: 16 | AF82: 1459 | AG82: =AF82/AE82 -> 91.1875 | AH82: =RANK(AG82, $AG$76:$AG$93) -> 12 | AJ82: 16 | AK82: 1602 | AL82: =AK82/AJ82 -> 100.125 | AM82: =RANK(AL82, $AL$76:$AL$93) -> 11 | AO82: 17 | AP82: 1628 | AQ82: =AP82/AO82 -> 95.764706 | AR82: =RANK(AQ82, $AQ$76:$AQ$93) -> 11 | AT82: 16 | AU82: 1563 | AV82: =AU82/AT82 -> 97.6875 | AW82: =RANK(AV82, $AV$76:$AV$93) -> 11
C83: 8 | D83: 府城鹽水意麵 | E83: =VLOOKUP(D83,'12產線配置圖'!$A$2:$C$25,2,0) -> 17 | F83: =VLOOKUP(D83,'12產線配置圖'!$A$2:$C$25,3,0) -> 1636 | G83: =F83/E83 -> 96.235294 | I83: =AVERAGE(P83,U83,Z83,AE83,AJ83,AO83,AT83) -> 17 | J83: =AVERAGE(Q83,V83,AA83,AF83,AK83,AP83,AU83) -> 1478 | K83: =AVERAGE(R83,W83,AB83,AG83,AL83,AQ83,AV83) -> 87.041492 | M83: =RANK(K83, $K$76:$K$93) -> 12 | P83: 17 | Q83: 1565 | R83: =Q83/P83 -> 92.058824 | S83: =RANK(R83, $R$76:$R$93) -> 12 | U83: 17 | V83: 1434 | W83: =V83/U83 -> 84.352941 | X83: =RANK(W83, $W$76:$W$93) -> 15 | Z83: 17 | AA83: 1398 | AB83: =AA83/Z83 -> 82.235294 | AC83: =RANK(AB83, $AB$76:$AB$93) -> 13 | AE83: 16 | AF83: 1511 | AG83: =AF83/AE83 -> 94.4375 | AH83: =RANK(AG83, $AG$76:$AG$93) -> 11 | AJ83: 17 | AK83: 1500 | AL83: =AK83/AJ83 -> 88.235294 | AM83: =RANK(AL83, $AL$76:$AL$93) -> 12 | AO83: 18 | AP83: 1485 | AQ83: =AP83/AO83 -> 82.5 | AR83: =RANK(AQ83, $AQ$76:$AQ$93) -> 15 | AT83: 17 | AU83: 1453 | AV83: =AU83/AT83 -> 85.470588 | AW83: =RANK(AV83, $AV$76:$AV$93) -> 13
C84: 9 | D84: 焗烤起司肉醬筆尖麵 | E84: =VLOOKUP(D84,'12產線配置圖'!$A$2:$C$25,2,0) -> 13 | F84: =VLOOKUP(D84,'12產線配置圖'!$A$2:$C$25,3,0) -> 1440 | G84: =F84/E84 -> 110.76923 | I84: =AVERAGE(P84,U84,Z84,AE84,AJ84,AO84,AT84) -> 12.428571 | J84: =AVERAGE(Q84,V84,AA84,AF84,AK84,AP84,AU84) -> 1309.5714 | K84: =AVERAGE(R84,W84,AB84,AG84,AL84,AQ84,AV84) -> 106.07448 | M84: =RANK(K84, $K$76:$K$93) -> 9 | P84: 13 | Q84: 1380 | R84: =Q84/P84 -> 106.15385 | S84: =RANK(R84, $R$76:$R$93) -> 8 | U84: 13 | V84: 1368 | W84: =V84/U84 -> 105.23077 | X84: =RANK(W84, $W$76:$W$93) -> 8 | Z84: 13 | AA84: 1314 | AB84: =AA84/Z84 -> 101.07692 | AC84: =RANK(AB84, $AB$76:$AB$93) -> 10 | AE84: 13 | AF84: 1256 | AG84: =AF84/AE84 -> 96.615385 | AH84: =RANK(AG84, $AG$76:$AG$93) -> 10 | AJ84: 13 | AK84: 1383 | AL84: =AK84/AJ84 -> 106.38462 | AM84: =RANK(AL84, $AL$76:$AL$93) -> 9 | AO84: 13 | AP84: 1373 | AQ84: =AP84/AO84 -> 105.61538 | AR84: =RANK(AQ84, $AQ$76:$AQ$93) -> 8 | AT84: 9 | AU84: 1093 | AV84: =AU84/AT84 -> 121.44444 | AW84: =RANK(AV84, $AV$76:$AV$93) -> 8
C85: 10 | D85: 蒜香奶油蝦蝦義大利麵 | E85: =VLOOKUP(D85,'12產線配置圖'!$A$2:$C$25,2,0) -> 17 | F85: =VLOOKUP(D85,'12產線配置圖'!$A$2:$C$25,3,0) -> 2250 | G85: =F85/E85 -> 132.35294 | I85: =AVERAGE(P85,U85,Z85,AE85,AJ85,AO85,AT85) -> 17 | J85: =AVERAGE(Q85,V85,AA85,AF85,AK85,AP85,AU85) -> 2003.5714 | K85: =AVERAGE(R85,W85,AB85,AG85,AL85,AQ85,AV85) -> 117.85714 | M85: =RANK(K85, $K$76:$K$93) -> 7 | P85: 17 | Q85: 2103 | R85: =Q85/P85 -> 123.70588 | S85: =RANK(R85, $R$76:$R$93) -> 7 | U85: 17 | V85: 2038 | W85: =V85/U85 -> 119.88235 | X85: =RANK(W85, $W$76:$W$93) -> 7 | Z85: 17 | AA85: 1849 | AB85: =AA85/Z85 -> 108.76471 | AC85: =RANK(AB85, $AB$76:$AB$93) -> 8 | AE85: 17 | AF85: 1801 | AG85: =AF85/AE85 -> 105.94118 | AH85: =RANK(AG85, $AG$76:$AG$93) -> 8 | AJ85: 17 | AK85: 2121 | AL85: =AK85/AJ85 -> 124.76471 | AM85: =RANK(AL85, $AL$76:$AL$93) -> 7 | AO85: 17 | AP85: 1985 | AQ85: =AP85/AO85 -> 116.76471 | AR85: =RANK(AQ85, $AQ$76:$AQ$93) -> 7 | AT85: 17 | AU85: 2128 | AV85: =AU85/AT85 -> 125.17647 | AW85: =RANK(AV85, $AV$76:$AV$93) -> 7
C86: 11 | D86: 義式辣味嫩烤雞腿排義大利麵 | E86: =VLOOKUP(D86,'12產線配置圖'!$A$2:$C$25,2,0) -> 15 | F86: =VLOOKUP(D86,'12產線配置圖'!$A$2:$C$25,3,0) -> 2250 | G86: =F86/E86 -> 150 | I86: =AVERAGE(P86,U86,Z86,AE86,AJ86,AO86,AT86) -> 15 | J86: =AVERAGE(Q86,V86,AA86,AF86,AK86,AP86,AU86) -> 1995.8571 | K86: =AVERAGE(R86,W86,AB86,AG86,AL86,AQ86,AV86) -> 133.05714 | M86: =RANK(K86, $K$76:$K$93) -> 6 | P86: 15 | Q86: 1907 | R86: =Q86/P86 -> 127.13333 | S86: =RANK(R86, $R$76:$R$93) -> 6 | U86: 15 | V86: 2012 | W86: =V86/U86 -> 134.13333 | X86: =RANK(W86, $W$76:$W$93) -> 6 | Z86: 15 | AA86: 1897 | AB86: =AA86/Z86 -> 126.46667 | AC86: =RANK(AB86, $AB$76:$AB$93) -> 6 | AE86: 15 | AF86: 2067 | AG86: =AF86/AE86 -> 137.8 | AH86: =RANK(AG86, $AG$76:$AG$93) -> 3 | AJ86: 15 | AK86: 2129 | AL86: =AK86/AJ86 -> 141.93333 | AM86: =RANK(AL86, $AL$76:$AL$93) -> 5 | AO86: 15 | AP86: 1982 | AQ86: =AP86/AO86 -> 132.13333 | AR86: =RANK(AQ86, $AQ$76:$AQ$93) -> 6 | AT86: 15 | AU86: 1977 | AV86: =AU86/AT86 -> 131.8 | AW86: =RANK(AV86, $AV$76:$AV$93) -> 6
C87: 12 | D87: 香煎魚排佐檸檬奶油義大利麵 | E87: =VLOOKUP(D87,'12產線配置圖'!$A$2:$C$25,2,0) -> 15 | F87: =VLOOKUP(D87,'12產線配置圖'!$A$2:$C$25,3,0) -> 2250 | G87: =F87/E87 -> 150 | I87: =AVERAGE(P87,U87,Z87,AE87,AJ87,AO87,AT87) -> 15 | J87: =AVERAGE(Q87,V87,AA87,AF87,AK87,AP87,AU87) -> 2112.7143 | K87: =AVERAGE(R87,W87,AB87,AG87,AL87,AQ87,AV87) -> 140.84762 | M87: =RANK(K87, $K$76:$K$93) -> 3 | P87: 15 | Q87: 2126 | R87: =Q87/P87 -> 141.73333 | S87: =RANK(R87, $R$76:$R$93) -> 4 | U87: 15 | V87: 2096 | W87: =V87/U87 -> 139.73333 | X87: =RANK(W87, $W$76:$W$93) -> 5 | Z87: 15 | AA87: 2088 | AB87: =AA87/Z87 -> 139.2 | AC87: =RANK(AB87, $AB$76:$AB$93) -> 3 | AE87: 15 | AF87: 2109 | AG87: =AF87/AE87 -> 140.6 | AH87: =RANK(AG87, $AG$76:$AG$93) -> 2 | AJ87: 15 | AK87: 2137 | AL87: =AK87/AJ87 -> 142.46667 | AM87: =RANK(AL87, $AL$76:$AL$93) -> 3 | AO87: 15 | AP87: 2093 | AQ87: =AP87/AO87 -> 139.53333 | AR87: =RANK(AQ87, $AQ$76:$AQ$93) -> 3 | AT87: 15 | AU87: 2140 | AV87: =AU87/AT87 -> 142.66667 | AW87: =RANK(AV87, $AV$76:$AV$93) -> 5
C88: 13 | D88: 黑松露野菇義大利麵 | E88: 18 | F88: =VLOOKUP(D88,'12產線配置圖'!$A$2:$C$25,3,0) -> 1565 | G88: =F88/E88 -> 86.944444 | I88: =AVERAGE(P88,U88,Z88,AE88,AJ88,AO88,AT88) -> 16.714286 | J88: =AVERAGE(Q88,V88,AA88,AF88,AK88,AP88,AU88) -> 1411.1429 | K88: =AVERAGE(R88,W88,AB88,AG88,AL88,AQ88,AV88) -> 84.569153 | M88: =RANK(K88, $K$76:$K$93) -> 14 | P88: 16 | Q88: 1358 | R88: =Q88/P88 -> 84.875 | S88: =RANK(R88, $R$76:$R$93) -> 14 | U88: 17 | V88: 1512 | W88: =V88/U88 -> 88.941176 | X88: =RANK(W88, $W$76:$W$93) -> 13 | Z88: 18 | AA88: 1347 | AB88: =AA88/Z88 -> 74.833333 | AC88: =RANK(AB88, $AB$76:$AB$93) -> 15 | AE88: 17 | AF88: 1407 | AG88: =AF88/AE88 -> 82.764706 | AH88: =RANK(AG88, $AG$76:$AG$93) -> 14 | AJ88: 16 | AK88: 1384 | AL88: =AK88/AJ88 -> 86.5 | AM88: =RANK(AL88, $AL$76:$AL$93) -> 13 | AO88: 17 | AP88: 1443 | AQ88: =AP88/AO88 -> 84.882353 | AR88: =RANK(AQ88, $AQ$76:$AQ$93) -> 13 | AT88: 16 | AU88: 1427 | AV88: =AU88/AT88 -> 89.1875 | AW88: =RANK(AV88, $AV$76:$AV$93) -> 12
C89: 14 | D89: 整條德式香腸義大利麵 | E89: =VLOOKUP(D89,'12產線配置圖'!$A$2:$C$25,2,0) -> 18 | F89: =VLOOKUP(D89,'12產線配置圖'!$A$2:$C$25,3,0) -> 1565 | G89: =F89/E89 -> 86.944444 | I89: =AVERAGE(P89,U89,Z89,AE89,AJ89,AO89,AT89) -> 16.285714 | J89: =AVERAGE(Q89,V89,AA89,AF89,AK89,AP89,AU89) -> 1298.1429 | K89: =AVERAGE(R89,W89,AB89,AG89,AL89,AQ89,AV89) -> 79.598284 | M89: =RANK(K89, $K$76:$K$93) -> 16 | P89: 17 | Q89: 1416 | R89: =Q89/P89 -> 83.294118 | S89: =RANK(R89, $R$76:$R$93) -> 15 | U89: 17 | V89: 1396 | W89: =V89/U89 -> 82.117647 | X89: =RANK(W89, $W$76:$W$93) -> 16 | Z89: 15 | AA89: 1066 | AB89: =AA89/Z89 -> 71.066667 | AC89: =RANK(AB89, $AB$76:$AB$93) -> 16 | AE89: 17 | AF89: 1320 | AG89: =AF89/AE89 -> 77.647059 | AH89: =RANK(AG89, $AG$76:$AG$93) -> 16 | AJ89: 16 | AK89: 1334 | AL89: =AK89/AJ89 -> 83.375 | AM89: =RANK(AL89, $AL$76:$AL$93) -> 15 | AO89: 16 | AP89: 1289 | AQ89: =AP89/AO89 -> 80.5625 | AR89: =RANK(AQ89, $AQ$76:$AQ$93) -> 16 | AT89: 16 | AU89: 1266 | AV89: =AU89/AT89 -> 79.125 | AW89: =RANK(AV89, $AV$76:$AV$93) -> 16
C90: 15 | D90: 奶油鮮蝦明太子細扁麵 | E90: =VLOOKUP(D90,'12產線配置圖'!$A$2:$C$25,2,0) -> 18 | F90: =VLOOKUP(D90,'12產線配置圖'!$A$2:$C$25,3,0) -> 1636 | G90: =F90/E90 -> 90.888889 | I90: =AVERAGE(P90,U90,Z90,AE90,AJ90,AO90,AT90) -> 16.571429 | J90: =AVERAGE(Q90,V90,AA90,AF90,AK90,AP90,AU90) -> 1433.7143 | K90: =AVERAGE(R90,W90,AB90,AG90,AL90,AQ90,AV90) -> 86.503046 | M90: =RANK(K90, $K$76:$K$93) -> 13 | P90: 17 | Q90: 1489 | R90: =Q90/P90 -> 87.588235 | S90: =RANK(R90, $R$76:$R$93) -> 13 | U90: 17 | V90: 1544 | W90: =V90/U90 -> 90.823529 | X90: =RANK(W90, $W$76:$W$93) -> 12 | Z90: 15 | AA90: 1296 | AB90: =AA90/Z90 -> 86.4 | AC90: =RANK(AB90, $AB$76:$AB$93) -> 12 | AE90: 17 | AF90: 1465 | AG90: =AF90/AE90 -> 86.176471 | AH90: =RANK(AG90, $AG$76:$AG$93) -> 13 | AJ90: 17 | AK90: 1428 | AL90: =AK90/AJ90 -> 84 | AM90: =RANK(AL90, $AL$76:$AL$93) -> 14 | AO90: 17 | AP90: 1453 | AQ90: =AP90/AO90 -> 85.470588 | AR90: =RANK(AQ90, $AQ$76:$AQ$93) -> 12 | AT90: 16 | AU90: 1361 | AV90: =AU90/AT90 -> 85.0625 | AW90: =RANK(AV90, $AV$76:$AV$93) -> 14
C91: 16 | D91: 焦糖拿鐵烤雞細扁麵 | E91: =VLOOKUP(D91,'12產線配置圖'!$A$2:$C$25,2,0) -> 18 | F91: =VLOOKUP(D91,'12產線配置圖'!$A$2:$C$25,3,0) -> 1565 | G91: =F91/E91 -> 86.944444 | I91: =AVERAGE(P91,U91,Z91,AE91,AJ91,AO91,AT91) -> 16.714286 | J91: =AVERAGE(Q91,V91,AA91,AF91,AK91,AP91,AU91) -> 1373.8571 | K91: =AVERAGE(R91,W91,AB91,AG91,AL91,AQ91,AV91) -> 82.228466 | M91: =RANK(K91, $K$76:$K$93) -> 15 | P91: 16 | Q91: 1300 | R91: =Q91/P91 -> 81.25 | S91: =RANK(R91, $R$76:$R$93) -> 16 | U91: 16 | V91: 1391 | W91: =V91/U91 -> 86.9375 | X91: =RANK(W91, $W$76:$W$93) -> 14 | Z91: 17 | AA91: 1317 | AB91: =AA91/Z91 -> 77.470588 | AC91: =RANK(AB91, $AB$76:$AB$93) -> 14 | AE91: 17 | AF91: 1399 | AG91: =AF91/AE91 -> 82.294118 | AH91: =RANK(AG91, $AG$76:$AG$93) -> 15 | AJ91: 17 | AK91: 1375 | AL91: =AK91/AJ91 -> 80.882353 | AM91: =RANK(AL91, $AL$76:$AL$93) -> 16 | AO91: 17 | AP91: 1410 | AQ91: =AP91/AO91 -> 82.941176 | AR91: =RANK(AQ91, $AQ$76:$AQ$93) -> 14 | AT91: 17 | AU91: 1425 | AV91: =AU91/AT91 -> 83.823529 | AW91: =RANK(AV91, $AV$76:$AV$93) -> 15
C92: 17
C93: 18
B94: 產線配置圖－每週更新 | N94: 資料繳交 | O94: 日期 | P94: 46196 | U94: =P94+1 -> 46197 | Z94: =Z71+7 -> 46198 | AE94: =AE71+7 -> 46199 | AJ94: =AJ71+7 -> 46200 | AO94: =AO71+7 -> 46201 | AT94: =AT71+7 -> 46202
P95: 二 | U95: 三 | Z95: 四 | AE95: 五 | AJ95: 六 | AO95: 日 | AT95: 一
B96: 品群 | C96: 商品名稱 | E96: 計畫 | H96: 平均人時性 | I96: 實績 | L96: 平均人時性 | M96: 排名 | O96: 日報 | P96: 實際 | T96: 平均人時性 | U96: 實際 | Y96: 平均人時性 | Z96: 實際 | AD96: 平均人時性 | AE96: 實際 | AI96: 平均人時性 | AJ96: 實際 | AN96: 平均人時性 | AO96: 實際 | AS96: 平均人時性 | AT96: 實際 | AX96: 平均人時性
E97: 產線配置圖 | I97: 產線配置圖 | P97: 生產實績 | U97: 生產實績 | Z97: 生產實績 | AE97: 生產實績 | AJ97: 生產實績 | AO97: 生產實績 | AT97: 生產實績
E98: 人數 | F98: 產能／時 | G98: 人時性 | I98: 人數 | J98: 產能／時 | K98: 人時性 | P98: 人數 | Q98: 產能／時 | R98: 人時性 | S98: 排名 | U98: 人數 | V98: 產能／時 | W98: 人時性 | X98: 排名 | Z98: 人數 | AA98: 產能／時 | AB98: 人時性 | AC98: 排名 | AE98: 人數 | AF98: 產能／時 | AG98: 人時性 | AH98: 排名 | AJ98: 人數 | AK98: 產能／時 | AL98: 人時性 | AM98: 排名 | AO98: 人數 | AP98: 產能／時 | AQ98: 人時性 | AR98: 排名 | AT98: 人數 | AU98: 產能／時 | AV98: 人時性 | AW98: 排名
B99: 熱食義麵 | C99: 1 | D99: 義式蕃茄起司義大利麵 | E99: 13 | F99: =VLOOKUP(D99,'12產線配置圖'!$A$2:$C$25,3,0) -> 2250 | G99: =F99/E99 -> 173.07692 | H99: =AVERAGE(G99:G113) -> 124.70503 | I99: =AVERAGE(P99,U99,Z99,AE99,AJ99,AO99,AT99) -> 13 | J99: =AVERAGE(Q99,V99,AA99,AF99,AK99,AP99,AU99) -> 1936.4286 | K99: =AVERAGE(R99,W99,AB99,AG99,AL99,AQ99,AV99) -> 148.95604 | L99: =IFERROR(AVERAGE(K99:K116),"-") -> 105.67817 | M99: =RANK(K99, K$99:$K$116) -> 1 | P99: 13 | Q99: 1863 | R99: =Q99/P99 -> 143.30769 | S99: =RANK(R99,$R$99:$R$116) -> 1 | T99: =AVERAGE(R99:R116) -> 107.01882 | U99: 13 | V99: 1905 | W99: =V99/U99 -> 146.53846 | X99: =RANK(W99,$W$99:$W$116) -> 1 | Y99: =AVERAGE(W99:W116) -> 105.633 | Z99: 13 | AA99: 1831 | AB99: =AA99/Z99 -> 140.84615 | AC99: =RANK(AB99, $AB$99:$AB$116) -> 1 | AD99: =AVERAGE(AB99:AB116) -> 103.09907 | AE99: 13 | AF99: 1982 | AG99: =AF99/AE99 -> 152.46154 | AH99: =RANK(AG99,$AG$99:$AG$116) -> 1 | AI99: =AVERAGE(AG99:AG116) -> 104.19448 | AJ99: 13 | AK99: 1961 | AL99: =AK99/AJ99 -> 150.84615 | AM99: =RANK(AL99,$AL$99:$AL$116) -> 2 | AN99: =AVERAGE(AL99:AL116) -> 107.16083 | AO99: 13 | AP99: 1952 | AQ99: =AP99/AO99 -> 150.15385 | AR99: =RANK(AQ99,$AQ$99:$AQ$116) -> 1 | AS99: =AVERAGE(AQ99:AQ116) -> 105.33284 | AT99: 13 | AU99: 2061 | AV99: =AU99/AT99 -> 158.53846 | AW99: =RANK(AV99,$AV$99:$AV$116) -> 1 | AX99: =AVERAGE(AV99:AV116) -> 107.30816
C100: 2 | D100: 奶油培根義大利麵 | E100: =VLOOKUP(D100,'12產線配置圖'!$A$2:$C$25,2,0) -> 15 | F100: =VLOOKUP(D100,'12產線配置圖'!$A$2:$C$25,3,0) -> 2250 | G100: =F100/E100 -> 150 | I100: =AVERAGE(P100,U100,Z100,AE100,AJ100,AO100,AT100) -> 15 | J100: =AVERAGE(Q100,V100,AA100,AF100,AK100,AP100,AU100) -> 1936.8571 | K100: =AVERAGE(R100,W100,AB100,AG100,AL100,AQ100,AV100) -> 129.12381 | M100: =RANK(K100, K$99:$K$116) -> 4 | P100: 15 | Q100: 2010 | R100: =Q100/P100 -> 134 | S100: =RANK(R100,$R$99:$R$116) -> 3 | U100: 15 | V100: 2048 | W100: =V100/U100 -> 136.53333 | X100: =RANK(W100,$W$99:$W$116) -> 3 | Z100: 15 | AA100: 1893 | AB100: =AA100/Z100 -> 126.2 | AC100: =RANK(AB100, $AB$99:$AB$116) -> 4 | AE100: 15 | AF100: 1909 | AG100: =AF100/AE100 -> 127.26667 | AH100: =RANK(AG100,$AG$99:$AG$116) -> 4 | AJ100: 15 | AK100: 1910 | AL100: =AK100/AJ100 -> 127.33333 | AM100: =RANK(AL100,$AL$99:$AL$116) -> 4 | AO100: 15 | AP100: 1829 | AQ100: =AP100/AO100 -> 121.93333 | AR100: =RANK(AQ100,$AQ$99:$AQ$116) -> 5 | AT100: 15 | AU100: 1959 | AV100: =AU100/AT100 -> 130.6 | AW100: =RANK(AV100,$AV$99:$AV$116) -> 5
C101: 3 | D101: 白酒清炒鮮蛤義大利麵 | E101: =VLOOKUP(D101,'12產線配置圖'!$A$2:$C$25,2,0) -> 15 | F101: =VLOOKUP(D101,'12產線配置圖'!$A$2:$C$25,3,0) -> 2250 | G101: =F101/E101 -> 150 | I101: =AVERAGE(P101,U101,Z101,AE101,AJ101,AO101,AT101) -> 15 | J101: =AVERAGE(Q101,V101,AA101,AF101,AK101,AP101,AU101) -> 1977.7143 | K101: =AVERAGE(R101,W101,AB101,AG101,AL101,AQ101,AV101) -> 131.84762 | M101: =RANK(K101, K$99:$K$116) -> 3 | P101: 15 | Q101: 1977 | R101: =Q101/P101 -> 131.8 | S101: =RANK(R101,$R$99:$R$116) -> 5 | U101: 15 | V101: 2041 | W101: =V101/U101 -> 136.06667 | X101: =RANK(W101,$W$99:$W$116) -> 4 | Z101: 15 | AA101: 1885 | AB101: =AA101/Z101 -> 125.66667 | AC101: =RANK(AB101, $AB$99:$AB$116) -> 5 | AE101: 15 | AF101: 1921 | AG101: =AF101/AE101 -> 128.06667 | AH101: =RANK(AG101,$AG$99:$AG$116) -> 3 | AJ101: 15 | AK101: 2049 | AL101: =AK101/AJ101 -> 136.6 | AM101: =RANK(AL101,$AL$99:$AL$116) -> 3 | AO101: 15 | AP101: 2044 | AQ101: =AP101/AO101 -> 136.26667 | AR101: =RANK(AQ101,$AQ$99:$AQ$116) -> 3 | AT101: 15 | AU101: 1927 | AV101: =AU101/AT101 -> 128.46667 | AW101: =RANK(AV101,$AV$99:$AV$116) -> 6
A102: 18 | C102: 4 | D102: 焗烤起司雙饗筆尖麵 | E102: =VLOOKUP(D102,'12產線配置圖'!$A$2:$C$25,2,0) -> 16 | F102: =VLOOKUP(D102,'12產線配置圖'!$A$2:$C$25,3,0) -> 1800 | G102: =F102/E102 -> 112.5 | I102: =AVERAGE(P102,U102,Z102,AE102,AJ102,AO102,AT102) -> 16.142857 | J102: =AVERAGE(Q102,V102,AA102,AF102,AK102,AP102,AU102) -> 1594.4286 | K102: =AVERAGE(R102,W102,AB102,AG102,AL102,AQ102,AV102) -> 98.900035 | M102: =RANK(K102, K$99:$K$116) -> 9 | P102: 15 | Q102: 1565 | R102: =Q102/P102 -> 104.33333 | S102: =RANK(R102,$R$99:$R$116) -> 9 | U102: 17 | V102: 1561 | W102: =V102/U102 -> 91.823529 | X102: =RANK(W102,$W$99:$W$116) -> 11 | Z102: 17 | AA102: 1644 | AB102: =AA102/Z102 -> 96.705882 | AC102: =RANK(AB102, $AB$99:$AB$116) -> 10 | AE102: 16 | AF102: 1572 | AG102: =AF102/AE102 -> 98.25 | AH102: =RANK(AG102,$AG$99:$AG$116) -> 8 | AJ102: 16 | AK102: 1563 | AL102: =AK102/AJ102 -> 97.6875 | AM102: =RANK(AL102,$AL$99:$AL$116) -> 9 | AO102: 16 | AP102: 1620 | AQ102: =AP102/AO102 -> 101.25 | AR102: =RANK(AQ102,$AQ$99:$AQ$116) -> 9 | AT102: 16 | AU102: 1636 | AV102: =AU102/AT102 -> 102.25 | AW102: =RANK(AV102,$AV$99:$AV$116) -> 8
...

Sheet （５-3）品群別人時生產性(微波小吃)
B1: 月平均人時性 | C1: =AVERAGE(L7,L27,L47,L67,L87,L107) -> 116.98271
B2: 產線配置圖－每週更新 | N2: 資料繳交 | O2: 日期 | AT2: 46146
P3: 二 | U3: 三 | Z3: 四 | AE3: 五 | AJ3: 六 | AO3: 日 | AT3: 一
B4: 品群 | C4: 商品名稱 | E4: 計畫 | H4: 平均人時性 | I4: 實績 | L4: 平均人時性 | M4: 排名 | O4: 日報 | P4: 實際 | T4: 平均人時性 | U4: 實際 | Y4: 平均人時性 | Z4: 實際 | AD4: 平均人時性 | AE4: 實際 | AI4: 平均人時性 | AJ4: 實際 | AN4: 平均人時性 | AO4: 實際 | AS4: 平均人時性 | AT4: 實際 | AX4: 平均人時性
E5: 產線配置圖 | I5: 產線配置圖 | P5: 生產實績 | U5: 生產實績 | Z5: 生產實績 | AE5: 生產實績 | AJ5: 生產實績 | AO5: 生產實績 | AT5: 生產實績
E6: 人數 | F6: 產能／時 | G6: 人時性 | I6: 人數 | J6: 產能／時 | K6: 人時性 | P6: 人數 | Q6: 產能／時 | R6: 人時性 | S6: 排名 | U6: 人數 | V6: 產能／時 | W6: 人時性 | X6: 排名 | Z6: 人數 | AA6: 產能／時 | AB6: 人時性 | AC6: 排名 | AE6: 人數 | AF6: 產能／時 | AG6: 人時性 | AH6: 排名 | AJ6: 人數 | AK6: 產能／時 | AL6: 人時性 | AM6: 排名 | AO6: 人數 | AP6: 產能／時 | AQ6: 人時性 | AR6: 排名 | AT6: 人數 | AU6: 產能／時 | AV6: 人時性 | AW6: 排名
B7: 微波小吃 | C7: 1 | D7: 小滷青蔬 | E7: =VLOOKUP(D7,'12產線配置圖'!$A$26:$C$33,2,0) -> 15 | F7: =VLOOKUP(D7,'12產線配置圖'!$A$26:$C$33,3,0) -> 1565 | G7: =F7/E7 -> 104.33333 | H7: =AVERAGE(G7:G21) -> 125.67424 | I7: =AVERAGE(P7,U7,Z7,AE7,AJ7,AO7,AT7) -> 14.666667 | J7: =AVERAGE(Q7,V7,AA7,AF7,AK7,AP7,AU7) -> 1412.3333 | K7: =AVERAGE(AV7) -> 93.2 | L7: =IFERROR(AVERAGE(K7:K21),"-") -> 113.86717 | M7: =RANK(K7,$K$7:$K$21) -> 3 | R7: =Q7/P7 -> #DIV/0! | S7: =RANK(R7, R$7:R$21) -> #DIV/0! | T7: =AVERAGE(R7:R21) -> #DIV/0! | W7: =V7/U7 -> #DIV/0! | X7: =RANK(W7,$W$7:$W$21) -> #DIV/0! | Y7: =AVERAGE(W7:W21) -> #DIV/0! | AB7: =AA7/Z7 -> #DIV/0! | AC7: =RANK(AB7,$AB$7:$AB$21) -> #DIV/0! | AD7: =AVERAGE(AB7:AB21) -> #DIV/0! | AE7: 14 | AF7: 1281 | AG7: =AF7/AE7 -> 91.5 | AH7: =RANK(AG7,$AG$7:$AG$21) -> 2 | AI7: =AVERAGE(AG7:AG21) -> 107.84091 | AJ7: 15 | AK7: 1558 | AL7: =AK7/AJ7 -> 103.86667 | AM7: =RANK(AL7,$AL$7:$AL$21) -> 2 | AN7: =AVERAGE(AL7:AL21) -> 107.76667 | AQ7: =AP7/AO7 -> #DIV/0! | AR7: =RANK(AQ7,$AQ$7:$AQ$21) -> #DIV/0! | AS7: =AVERAGE(AQ7:AQ21) -> #DIV/0! | AT7: 15 | AU7: 1398 | AV7: =AU7/AT7 -> 93.2 | AW7: =RANK(AV7,$AV$7:$AV$21) -> 3 | AX7: =AVERAGE(AV7:AV21) -> 113.86717
C8: 2 | D8: 起司馬鈴薯 | E8: =VLOOKUP(D8,'12產線配置圖'!$A$26:$C$33,2,0) -> 12 | F8: =VLOOKUP(D8,'12產線配置圖'!$A$26:$C$33,3,0) -> 1565 | G8: =F8/E8 -> 130.41667 | I8: =AVERAGE(P8,U8,Z8,AE8,AJ8,AO8,AT8) -> 11.666667 | J8: =AVERAGE(Q8,V8,AA8,AF8,AK8,AP8,AU8) -> 1392.3333 | K8: =AVERAGE(AV8) -> 122.58333 | M8: =RANK(K8,$K$7:$K$21) -> 2 | R8: =Q8/P8 -> #DIV/0! | S8: =RANK(R8, R$7:R$21) -> #DIV/0! | W8: =V8/U8 -> #DIV/0! | X8: =RANK(W8,$W$7:$W$21) -> #DIV/0! | AB8: =AA8/Z8 -> #DIV/0! | AC8: =RANK(AB8,$AB$7:$AB$21) -> #DIV/0! | AE8: 11 | AF8: 1366 | AG8: =AF8/AE8 -> 124.18182 | AH8: =RANK(AG8,$AG$7:$AG$21) -> 1 | AJ8: 12 | AK8: 1340 | AL8: =AK8/AJ8 -> 111.66667 | AM8: =RANK(AL8,$AL$7:$AL$21) -> 1 | AQ8: =AP8/AO8 -> #DIV/0! | AR8: =RANK(AQ8,$AQ$7:$AQ$21) -> #DIV/0! | AT8: 12 | AU8: 1471 | AV8: =AU8/AT8 -> 122.58333 | AW8: =RANK(AV8,$AV$7:$AV$21) -> 2
C9: 3 | D9: 韓式炒冬粉 | E9: =VLOOKUP(D9,'12產線配置圖'!$A$26:$C$33,2,0) -> 11 | F9: =VLOOKUP(D9,'12產線配置圖'!$A$26:$C$33,3,0) -> 1565 | G9: =F9/E9 -> 142.27273 | I9: =AVERAGE(P9,U9,Z9,AE9,AJ9,AO9,AT9) -> 11 | J9: =AVERAGE(Q9,V9,AA9,AF9,AK9,AP9,AU9) -> 1384 | K9: =AVERAGE(AV9) -> 125.81818 | M9: =RANK(K9,$K$7:$K$21) -> 1 | R9: =Q9/P9 -> #DIV/0! | S9: =RANK(R9, R$7:R$21) -> #DIV/0! | W9: =V9/U9 -> #DIV/0! | X9: =RANK(W9,$W$7:$W$21) -> #DIV/0! | AB9: =AA9/Z9 -> #DIV/0! | AC9: =RANK(AB9,$AB$7:$AB$21) -> #DIV/0! | AT9: 11 | AU9: 1384 | AV9: =AU9/AT9 -> 125.81818 | AW9: =RANK(AV9,$AV$7:$AV$21) -> 1
C10: 4
C11: 5
C12: 6
C13: 7
C14: 8
C15: 9
C16: 10
C17: 11
C18: 12
C19: 13
C20: 14
C21: 15
B22: 產線配置圖－每週更新 | N22: 資料繳交 | O22: 日期 | P22: 46175 | U22: =P22+1 -> 46176 | Z22: =U22+1 -> 46177 | AE22: =Z22+1 -> 46178 | AJ22: =AE22+1 -> 46179 | AO22: =AJ22+1 -> 46180 | AT22: =AO22+1 -> 46181
P23: 二 | U23: 三 | Z23: 四 | AE23: 五 | AJ23: 六 | AO23: 日 | AT23: 一
B24: 品群 | C24: 商品名稱 | E24: 計畫 | H24: 平均人時性 | I24: 實績 | L24: 平均人時性 | M24: 排名 | O24: 日報 | P24: 實際 | T24: 平均人時性 | U24: 實際 | Y24: 平均人時性 | Z24: 實際 | AD24: 平均人時性 | AE24: 實際 | AI24: 平均人時性 | AJ24: 實際 | AN24: 平均人時性 | AO24: 實際 | AS24: 平均人時性 | AT24: 實際 | AX24: 平均人時性
E25: 產線配置圖 | I25: 產線配置圖 | P25: 生產實績 | U25: 生產實績 | Z25: 生產實績 | AE25: 生產實績 | AJ25: 生產實績 | AO25: 生產實績 | AT25: 生產實績
E26: 人數 | F26: 產能／時 | G26: 人時性 | I26: 人數 | J26: 產能／時 | K26: 人時性 | P26: 人數 | Q26: 產能／時 | R26: 人時性 | S26: 排名 | U26: 人數 | V26: 產能／時 | W26: 人時性 | X26: 排名 | Z26: 人數 | AA26: 產能／時 | AB26: 人時性 | AC26: 排名 | AE26: 人數 | AF26: 產能／時 | AG26: 人時性 | AH26: 排名 | AJ26: 人數 | AK26: 產能／時 | AL26: 人時性 | AM26: 排名 | AO26: 人數 | AP26: 產能／時 | AQ26: 人時性 | AR26: 排名 | AT26: 人數 | AU26: 產能／時 | AV26: 人時性 | AW26: 排名
B27: 微波小吃 | C27: 1 | D27: 小滷青蔬 | E27: =VLOOKUP(D27,'12產線配置圖'!$A$26:$C$33,2,0) -> 15 | F27: =VLOOKUP(D27,'12產線配置圖'!$A$26:$C$33,3,0) -> 1565 | G27: =F27/E27 -> 104.33333 | H27: =AVERAGE(G27:G41) -> 125.67424 | I27: =AVERAGE(P27,U27,Z27,AE27,AJ27,AO27,AT27) -> 15.571429 | J27: =AVERAGE(Q27,V27,AA27,AF27,AK27,AP27,AU27) -> 1430.8571 | K27: =AVERAGE(R27,W27,AB27,AG27,AL27,AQ27,AV27) -> 92.029552 | L27: =IFERROR(AVERAGE(K27:K41),"-") -> 110.90212 | M27: =RANK(K27, K$27:$K$41) -> 3 | P27: 15 | Q27: 1314 | R27: =Q27/P27 -> 87.6 | S27: =RANK(R27, $R$27:$R$41) -> 3 | T27: =AVERAGE(R27:R41) -> 111.82374 | U27: 16 | V27: 1220 | W27: =V27/U27 -> 76.25 | X27: =RANK(W27, $W$27:$W$41) -> 3 | Y27: =AVERAGE(W27:W41) -> 102.28333 | Z27: 15 | AA27: 1501 | AB27: =AA27/Z27 -> 100.06667 | AC27: =RANK(AB27,$AB$27:$AB$41) -> 3 | AD27: =AVERAGE(AB27:AB41) -> 115.85556 | AE27: 16 | AF27: 1552 | AG27: =AF27/AE27 -> 97 | AH27: =RANK(AG27, $AG$27:$AG$41) -> 3 | AI27: =AVERAGE(AG27:AG41) -> 112.28632 | AJ27: 15 | AK27: 1528 | AL27: =AK27/AJ27 -> 101.86667 | AM27: =RANK(AL27, $AL$27:$AL$41) -> 3 | AN27: =AVERAGE(AL27:AL41) -> 113.59697 | AO27: 15 | AP27: 1374 | AQ27: =AP27/AO27 -> 91.6 | AR27: =RANK(AQ27, $AQ$27:$AQ$41) -> 3 | AS27: =AVERAGE(AQ27:AQ41) -> 112.82626 | AT27: 17 | AU27: 1527 | AV27: =AU27/AT27 -> 89.823529 | AW27: =RANK(AV27, $AV$27:$AV$41) -> 3 | AX27: =AVERAGE(AV27:AV41) -> 107.64264
C28: 2 | D28: 起司馬鈴薯 | E28: =VLOOKUP(D28,'12產線配置圖'!$A$26:$C$33,2,0) -> 12 | F28: =VLOOKUP(D28,'12產線配置圖'!$A$26:$C$33,3,0) -> 1565 | G28: =F28/E28 -> 130.41667 | I28: =AVERAGE(P28,U28,Z28,AE28,AJ28,AO28,AT28) -> 12.571429 | J28: =AVERAGE(Q28,V28,AA28,AF28,AK28,AP28,AU28) -> 1534.4286 | K28: =AVERAGE(R28,W28,AB28,AG28,AL28,AQ28,AV28) -> 122.20264 | M28: =RANK(K28, K$27:$K$41) -> 1 | P28: 12 | Q28: 1481 | R28: =Q28/P28 -> 123.41667 | S28: =RANK(R28, $R$27:$R$41) -> 2 | U28: 13 | V28: 1651 | W28: =V28/U28 -> 127 | X28: =RANK(W28, $W$27:$W$41) -> 1 | Z28: 12 | AA28: 1422 | AB28: =AA28/Z28 -> 118.5 | AC28: =RANK(AB28,$AB$27:$AB$41) -> 2 | AE28: 13 | AF28: 1608 | AG28: =AF28/AE28 -> 123.69231 | AH28: =RANK(AG28, $AG$27:$AG$41) -> 1 | AJ28: 12 | AK28: 1474 | AL28: =AK28/AJ28 -> 122.83333 | AM28: =RANK(AL28, $AL$27:$AL$41) -> 1 | AO28: 12 | AP28: 1528 | AQ28: =AP28/AO28 -> 127.33333 | AR28: =RANK(AQ28, $AQ$27:$AQ$41) -> 1 | AT28: 14 | AU28: 1577 | AV28: =AU28/AT28 -> 112.64286 | AW28: =RANK(AV28, $AV$27:$AV$41) -> 2
C29: 3 | D29: 韓式炒冬粉 | E29: =VLOOKUP(D29,'12產線配置圖'!$A$26:$C$33,2,0) -> 11 | F29: =VLOOKUP(D29,'12產線配置圖'!$A$26:$C$33,3,0) -> 1565 | G29: =F29/E29 -> 142.27273 | I29: =AVERAGE(P29,U29,Z29,AE29,AJ29,AO29,AT29) -> 12 | J29: =AVERAGE(Q29,V29,AA29,AF29,AK29,AP29,AU29) -> 1413.4286 | K29: =AVERAGE(R29,W29,AB29,AG29,AL29,AQ29,AV29) -> 118.47416 | M29: =RANK(K29, K$27:$K$41) -> 2 | P29: 11 | Q29: 1369 | R29: =Q29/P29 -> 124.45455 | S29: =RANK(R29, $R$27:$R$41) -> 1 | U29: 15 | V29: 1554 | W29: =V29/U29 -> 103.6 | X29: =RANK(W29, $W$27:$W$41) -> 2 | Z29: 11 | AA29: 1419 | AB29: =AA29/Z29 -> 129 | AC29: =RANK(AB29,$AB$27:$AB$41) -> 1 | AE29: 12 | AF29: 1394 | AG29: =AF29/AE29 -> 116.16667 | AH29: =RANK(AG29, $AG$27:$AG$41) -> 2 | AJ29: 11 | AK29: 1277 | AL29: =AK29/AJ29 -> 116.09091 | AM29: =RANK(AL29, $AL$27:$AL$41) -> 2 | AO29: 11 | AP29: 1315 | AQ29: =AP29/AO29 -> 119.54545 | AR29: =RANK(AQ29, $AQ$27:$AQ$41) -> 2 | AT29: 13 | AU29: 1566 | AV29: =AU29/AT29 -> 120.46154 | AW29: =RANK(AV29, $AV$27:$AV$41) -> 1
C30: 4
C31: 5
C32: 6
C33: 7
C34: 8
C35: 9
C36: 10
C37: 11
C38: 12
C39: 13
C40: 14
C41: 15
B42: 產線配置圖－每週更新 | N42: 資料繳交 | O42: 日期 | P42: 46182 | U42: =P42+1 -> 46183 | Z42: =Z22+7 -> 46184 | AE42: =AE22+7 -> 46185 | AJ42: =AJ22+7 -> 46186 | AO42: =AO22+7 -> 46187 | AT42: =AT22+7 -> 46188
P43: 二 | U43: 三 | Z43: 四 | AE43: 五 | AJ43: 六 | AO43: 日 | AT43: 一
B44: 品群 | C44: 商品名稱 | E44: 計畫 | H44: 平均人時性 | I44: 實績 | L44: 平均人時性 | M44: 排名 | O44: 日報 | P44: 實際 | T44: 平均人時性 | U44: 實際 | Y44: 平均人時性 | Z44: 實際 | AD44: 平均人時性 | AE44: 實際 | AI44: 平均人時性 | AJ44: 實際 | AN44: 平均人時性 | AO44: 實際 | AS44: 平均人時性 | AT44: 實際 | AX44: 平均人時性
E45: 產線配置圖 | I45: 產線配置圖 | P45: 生產實績 | U45: 生產實績 | Z45: 生產實績 | AE45: 生產實績 | AJ45: 生產實績 | AO45: 生產實績 | AT45: 生產實績
E46: 人數 | F46: 產能／時 | G46: 人時性 | I46: 人數 | J46: 產能／時 | K46: 人時性 | P46: 人數 | Q46: 產能／時 | R46: 人時性 | S46: 排名 | U46: 人數 | V46: 產能／時 | W46: 人時性 | X46: 排名 | Z46: 人數 | AA46: 產能／時 | AB46: 人時性 | AC46: 排名 | AE46: 人數 | AF46: 產能／時 | AG46: 人時性 | AH46: 排名 | AJ46: 人數 | AK46: 產能／時 | AL46: 人時性 | AM46: 排名 | AO46: 人數 | AP46: 產能／時 | AQ46: 人時性 | AR46: 排名 | AT46: 人數 | AU46: 產能／時 | AV46: 人時性 | AW46: 排名
B47: 微波小吃 | C47: 1 | D47: 小滷青蔬 | E47: =VLOOKUP(D47,'12產線配置圖'!$A$26:$C$33,2,0) -> 15 | F47: =VLOOKUP(D47,'12產線配置圖'!$A$26:$C$33,3,0) -> 1565 | G47: =F47/E47 -> 104.33333 | H47: =AVERAGE(G47:G61) -> 125.67424 | I47: =AVERAGE(P47,U47,Z47,AE47,AJ47,AO47,AT47) -> 15.714286 | J47: =AVERAGE(Q47,V47,AA47,AF47,AK47,AP47,AU47) -> 1496.4286 | K47: =AVERAGE(R47,W47,AB47,AG47,AL47,AQ47,AV47) -> 95.328887 | L47: =IFERROR(AVERAGE(K47:K61),"-") -> 115.15935 | M47: =RANK(K47, K$47:$K$61) -> 3 | P47: 17 | Q47: 1560 | R47: =Q47/P47 -> 91.764706 | S47: =RANK(R47,$R$47:$R$61) -> 3 | T47: =AVERAGE(R47:R61) -> 111.54794 | U47: 15 | V47: 1483 | W47: =V47/U47 -> 98.866667 | X47: =RANK(W47,$W$47:$W$61) -> 3 | Y47: =AVERAGE(W47:W61) -> 119.09192 | Z47: 16 | AA47: 1528 | AB47: =AA47/Z47 -> 95.5 | AC47: =RANK(AB47,$AB$47:$AB$61) -> 3 | AD47: =AVERAGE(AB47:AB61) -> 110.49786 | AE47: 16 | AF47: 1548 | AG47: =AF47/AE47 -> 96.75 | AH47: =RANK(AG47,$AG$47:$AG$61) -> 3 | AI47: =AVERAGE(AG47:AG61) -> 115.41667 | AJ47: 15 | AK47: 1452 | AL47: =AK47/AJ47 -> 96.8 | AM47: =RANK(AL47, $AL$47:$AL$61) -> 3 | AN47: =AVERAGE(AL47:AL61) -> 117.82727 | AO47: 16 | AP47: 1435 | AQ47: =AP47/AO47 -> 89.6875 | AR47: =RANK(AQ47,$AQ$47:$AQ$61) -> 3 | AS47: =AVERAGE(AQ47:AQ61) -> 112.4984 | AT47: 15 | AU47: 1469 | AV47: =AU47/AT47 -> 97.933333 | AW47: =RANK(AV47,$AV$47:$AV$61) -> 3 | AX47: =AVERAGE(AV47:AV61) -> 119.23535
C48: 2 | D48: 起司馬鈴薯 | E48: =VLOOKUP(D48,'12產線配置圖'!$A$26:$C$33,2,0) -> 12 | F48: =VLOOKUP(D48,'12產線配置圖'!$A$26:$C$33,3,0) -> 1565 | G48: =F48/E48 -> 130.41667 | I48: =AVERAGE(P48,U48,Z48,AE48,AJ48,AO48,AT48) -> 12.571429 | J48: =AVERAGE(Q48,V48,AA48,AF48,AK48,AP48,AU48) -> 1521 | K48: =AVERAGE(R48,W48,AB48,AG48,AL48,AQ48,AV48) -> 121.10086 | M48: =RANK(K48, K$47:$K$61) -> 2 | P48: 14 | Q48: 1660 | R48: =Q48/P48 -> 118.57143 | S48: =RANK(R48,$R$47:$R$61) -> 2 | U48: 12 | V48: 1494 | W48: =V48/U48 -> 124.5 | X48: =RANK(W48,$W$47:$W$61) -> 2 | Z48: 13 | AA48: 1522 | AB48: =AA48/Z48 -> 117.07692 | AC48: =RANK(AB48,$AB$47:$AB$61) -> 2 | AE48: 12 | AF48: 1467 | AG48: =AF48/AE48 -> 122.25 | AH48: =RANK(AG48,$AG$47:$AG$61) -> 2 | AJ48: 12 | AK48: 1470 | AL48: =AK48/AJ48 -> 122.5 | AM48: =RANK(AL48, $AL$47:$AL$61) -> 2 | AO48: 13 | AP48: 1564 | AQ48: =AP48/AO48 -> 120.30769 | AR48: =RANK(AQ48,$AQ$47:$AQ$61) -> 2 | AT48: 12 | AU48: 1470 | AV48: =AU48/AT48 -> 122.5 | AW48: =RANK(AV48,$AV$47:$AV$61) -> 2
C49: 3 | D49: 韓式炒冬粉 | E49: =VLOOKUP(D49,'12產線配置圖'!$A$26:$C$33,2,0) -> 11 | F49: =VLOOKUP(D49,'12產線配置圖'!$A$26:$C$33,3,0) -> 1565 | G49: =F49/E49 -> 142.27273 | I49: =AVERAGE(P49,U49,Z49,AE49,AJ49,AO49,AT49) -> 11.714286 | J49: =AVERAGE(Q49,V49,AA49,AF49,AK49,AP49,AU49) -> 1508.4286 | K49: =AVERAGE(R49,W49,AB49,AG49,AL49,AQ49,AV49) -> 129.04829 | M49: =RANK(K49, K$47:$K$61) -> 1 | P49: 13 | Q49: 1616 | R49: =Q49/P49 -> 124.30769 | S49: =RANK(R49,$R$47:$R$61) -> 1 | U49: 11 | V49: 1473 | W49: =V49/U49 -> 133.90909 | X49: =RANK(W49,$W$47:$W$61) -> 1 | Z49: 12 | AA49: 1427 | AB49: =AA49/Z49 -> 118.91667 | AC49: =RANK(AB49,$AB$47:$AB$61) -> 1 | AE49: 12 | AF49: 1527 | AG49: =AF49/AE49 -> 127.25 | AH49: =RANK(AG49,$AG$47:$AG$61) -> 1 | AJ49: 11 | AK49: 1476 | AL49: =AK49/AJ49 -> 134.18182 | AM49: =RANK(AL49, $AL$47:$AL$61) -> 1 | AO49: 12 | AP49: 1530 | AQ49: =AP49/AO49 -> 127.5 | AR49: =RANK(AQ49,$AQ$47:$AQ$61) -> 1 | AT49: 11 | AU49: 1510 | AV49: =AU49/AT49 -> 137.27273 | AW49: =RANK(AV49,$AV$47:$AV$61) -> 1
C50: 4
C51: 5
C52: 6
C53: 7
C54: 8
C55: 9
C56: 10
C57: 11
C58: 12
C59: 13
C60: 14
C61: 15
B62: 產線配置圖－每週更新 | N62: 資料繳交 | O62: 日期 | P62: 46189 | U62: =P62+1 -> 46190 | Z62: =Z42+7 -> 46191 | AE62: =AE42+7 -> 46192 | AJ62: =AJ42+7 -> 46193 | AO62: =AO42+7 -> 46194 | AT62: =AT42+7 -> 46195
P63: 二 | U63: 三 | Z63: 四 | AE63: 五 | AJ63: 六 | AO63: 日 | AT63: 一
B64: 品群 | C64: 商品名稱 | E64: 計畫 | H64: 平均人時性 | I64: 實績 | L64: 平均人時性 | M64: 排名 | O64: 日報 | P64: 實際 | T64: 平均人時性 | U64: 實際 | Y64: 平均人時性 | Z64: 實際 | AD64: 平均人時性 | AE64: 實際 | AI64: 平均人時性 | AJ64: 實際 | AN64: 平均人時性 | AO64: 實際 | AS64: 平均人時性 | AT64: 實際 | AX64: 平均人時性
E65: 產線配置圖 | I65: 產線配置圖 | P65: 生產實績 | U65: 生產實績 | Z65: 生產實績 | AE65: 生產實績 | AJ65: 生產實績 | AO65: 生產實績 | AT65: 生產實績
E66: 人數 | F66: 產能／時 | G66: 人時性 | I66: 人數 | J66: 產能／時 | K66: 人時性 | P66: 人數 | Q66: 產能／時 | R66: 人時性 | S66: 排名 | U66: 人數 | V66: 產能／時 | W66: 人時性 | X66: 排名 | Z66: 人數 | AA66: 產能／時 | AB66: 人時性 | AC66: 排名 | AE66: 人數 | AF66: 產能／時 | AG66: 人時性 | AH66: 排名 | AJ66: 人數 | AK66: 產能／時 | AL66: 人時性 | AM66: 排名 | AO66: 人數 | AP66: 產能／時 | AQ66: 人時性 | AR66: 排名 | AT66: 人數 | AU66: 產能／時 | AV66: 人時性 | AW66: 排名
B67: 微波小吃 | C67: 1 | D67: 小滷青蔬 | E67: =VLOOKUP(D67,'12產線配置圖'!$A$26:$C$33,2,0) -> 15 | F67: =VLOOKUP(D67,'12產線配置圖'!$A$26:$C$33,3,0) -> 1565 | G67: =F67/E67 -> 104.33333 | H67: =AVERAGE(G67:G81) -> 139.70013 | I67: =AVERAGE(P67,U67,Z66,AE67,AJ67,AO67,AT67) -> 15 | J67: =AVERAGE(Q67,V67,AA67,AF67,AK67,AP67,AU67) -> 1493.1429 | K67: =AVERAGE(R67,W67,AB67,AG67,AL67,AQ67,AV67) -> 99.542857 | L67: =IFERROR(AVERAGE(K67:K81),"-") -> 123.46036 | M67: =RANK(K67, K$67:$K$81) -> 4 | P67: 15 | Q67: 1467 | R67: =Q67/P67 -> 97.8 | S67: =RANK(R67,$R$67:$R$81) -> 3 | T67: =AVERAGE(R67:R81) -> 119.99899 | U67: 15 | V67: 1395 | W67: =V67/U67 -> 93 | X67: =RANK(W67,$W$67:$W$81) -> 4 | Y67: =AVERAGE(W67:W81) -> 121.75 | Z67: 15 | AA67: 1478 | AB67: =AA67/Z67 -> 98.533333 | AC67: =RANK(AB67, $AB$67:$AB$81) -> 4 | AD67: =AVERAGE(AB67:AB81) -> 124.99886 | AE67: 15 | AF67: 1495 | AG67: =AF67/AE67 -> 99.666667 | AH67: =RANK(AG67, $AG$67:$AG$81) -> 4 | AI67: =AVERAGE(AG67:AG81) -> 122.61742 | AJ67: 15 | AK67: 1472 | AL67: =AK67/AJ67 -> 98.133333 | AM67: =RANK(AL67, $AL$67:$AL$81) -> 4 | AN67: =AVERAGE(AL67:AL81) -> 122.06364 | AO67: 15 | AP67: 1587 | AQ67: =AP67/AO67 -> 105.8 | AR67: =RANK(AQ67, $AQ$67:$AQ$81) -> 4 | AS67: =AVERAGE(AQ67:AQ81) -> 126.37045 | AT67: 15 | AU67: 1558 | AV67: =AU67/AT67 -> 103.86667 | AW67: =RANK(AV67, $AV$67:$AV$81) -> 4 | AX67: =AVERAGE(AV67:AV81) -> 122.12071
C68: 2 | D68: 起司馬鈴薯 | E68: =VLOOKUP(D68,'12產線配置圖'!$A$26:$C$33,2,0) -> 12 | F68: =VLOOKUP(D68,'12產線配置圖'!$A$26:$C$33,3,0) -> 1565 | G68: =F68/E68 -> 130.41667 | I68: =AVERAGE(P68,U68,Z67,AE68,AJ68,AO68,AT68) -> 12.142857 | J68: =AVERAGE(Q68,V68,AA68,AF68,AK68,AP68,AU68) -> 1472.7143 | K68: =AVERAGE(R68,W68,AB68,AG68,AL68,AQ68,AV68) -> 125.75216 | M68: =RANK(K68, K$67:$K$81) -> 3 | P68: 12 | Q68: 1498 | R68: =Q68/P68 -> 124.83333 | S68: =RANK(R68,$R$67:$R$81) -> 2 | U68: 11 | V68: 1384 | W68: =V68/U68 -> 125.81818 | X68: =RANK(W68,$W$67:$W$81) -> 2 | Z68: 12 | AA68: 1487 | AB68: =AA68/Z68 -> 123.91667 | AC68: =RANK(AB68, $AB$67:$AB$81) -> 3 | AE68: 12 | AF68: 1526 | AG68: =AF68/AE68 -> 127.16667 | AH68: =RANK(AG68, $AG$67:$AG$81) -> 2 | AJ68: 12 | AK68: 1436 | AL68: =AK68/AJ68 -> 119.66667 | AM68: =RANK(AL68, $AL$67:$AL$81) -> 3 | AO68: 12 | AP68: 1566 | AQ68: =AP68/AO68 -> 130.5 | AR68: =RANK(AQ68, $AQ$67:$AQ$81) -> 3 | AT68: 11 | AU68: 1412 | AV68: =AU68/AT68 -> 128.36364 | AW68: =RANK(AV68, $AV$67:$AV$81) -> 2
C69: 3 | D69: 韓式炒冬粉 | E69: =VLOOKUP(D69,'12產線配置圖'!$A$26:$C$33,2,0) -> 11 | F69: =VLOOKUP(D69,'12產線配置圖'!$A$26:$C$33,3,0) -> 1565 | G69: =F69/E69 -> 142.27273 | I69: =AVERAGE(P69,U69,Z68,AE69,AJ69,AO69,AT69) -> 11.142857 | J69: =AVERAGE(Q69,V69,AA69,AF69,AK69,AP69,AU69) -> 1444.7143 | K69: =AVERAGE(R69,W69,AB69,AG69,AL69,AQ69,AV69) -> 131.33766 | M69: =RANK(K69, K$67:$K$81) -> 2 | P69: 11 | Q69: 1511 | R69: =Q69/P69 -> 137.36364 | S69: =RANK(R69,$R$67:$R$81) -> 1 | U69: 11 | V69: 1361 | W69: =V69/U69 -> 123.72727 | X69: =RANK(W69,$W$67:$W$81) -> 3 | Z69: 11 | AA69: 1514 | AB69: =AA69/Z69 -> 137.63636 | AC69: =RANK(AB69, $AB$67:$AB$81) -> 2 | AE69: 11 | AF69: 1325 | AG69: =AF69/AE69 -> 120.45455 | AH69: =RANK(AG69, $AG$67:$AG$81) -> 3 | AJ69: 11 | AK69: 1499 | AL69: =AK69/AJ69 -> 136.27273 | AM69: =RANK(AL69, $AL$67:$AL$81) -> 1 | AO69: 11 | AP69: 1447 | AQ69: =AP69/AO69 -> 131.54545 | AR69: =RANK(AQ69, $AQ$67:$AQ$81) -> 2 | AT69: 11 | AU69: 1456 | AV69: =AU69/AT69 -> 132.36364 | AW69: =RANK(AV69, $AV$67:$AV$81) -> 1
C70: 4 | D70: 麻辣雞心 | E70: =VLOOKUP(D70,'12產線配置圖'!$A$26:$C$33,2,0) -> 9 | F70: =VLOOKUP(D70,'12產線配置圖'!$A$26:$C$33,3,0) -> 1636 | G70: =F70/E70 -> 181.77778 | I70: =AVERAGE(P70,U70,Z69,AE70,AJ70,AO70,AT70) -> 10.666667 | J70: =AVERAGE(Q70,V70,AA70,AF70,AK70,AP70,AU70) -> 1468 | K70: =AVERAGE(R70,W70,AB70,AG70,AL70,AQ70,AV70) -> 137.20875 | M70: =RANK(K70, K$67:$K$81) -> 1 | U70: 11 | V70: 1589 | W70: =V70/U70 -> 144.45455 | X70: =RANK(W70,$W$67:$W$81) -> 1 | Z70: 11 | AA70: 1539 | AB70: =AA70/Z70 -> 139.90909 | AC70: =RANK(AB70, $AB$67:$AB$81) -> 1 | AE70: 11 | AF70: 1575 | AG70: =AF70/AE70 -> 143.18182 | AH70: =RANK(AG70, $AG$67:$AG$81) -> 1 | AJ70: 11 | AK70: 1476 | AL70: =AK70/AJ70 -> 134.18182 | AM70: =RANK(AL70, $AL$67:$AL$81) -> 2 | AO70: 11 | AP70: 1514 | AQ70: =AP70/AO70 -> 137.63636 | AR70: =RANK(AQ70, $AQ$67:$AQ$81) -> 1 | AT70: 9 | AU70: 1115 | AV70: =AU70/AT70 -> 123.88889 | AW70: =RANK(AV70, $AV$67:$AV$81) -> 3
C71: 5
C72: 6
C73: 7
C74: 8
C75: 9
C76: 10
C77: 11
C78: 12
C79: 13
C80: 14
C81: 15
B82: 產線配置圖－每週更新 | N82: 資料繳交 | O82: 日期 | P82: 46196 | U82: =P82+1 -> 46197 | Z82: =Z62+7 -> 46198 | AE82: =AE62+7 -> 46199 | AJ82: =AJ62+7 -> 46200 | AO82: =AO62+7 -> 46201 | AT82: =AT62+7 -> 46202
P83: 二 | U83: 三 | Z83: 四 | AE83: 五 | AJ83: 六 | AO83: 日 | AT83: 一
B84: 品群 | C84: 商品名稱 | E84: 計畫 | H84: 平均人時性 | I84: 實績 | L84: 平均人時性 | M84: 排名 | O84: 日報 | P84: 實際 | T84: 平均人時性 | U84: 實際 | Y84: 平均人時性 | Z84: 實際 | AD84: 平均人時性 | AE84: 實際 | AI84: 平均人時性 | AJ84: 實際 | AN84: 平均人時性 | AO84: 實際 | AS84: 平均人時性 | AT84: 實際 | AX84: 平均人時性
E85: 產線配置圖 | I85: 產線配置圖 | P85: 生產實績 | U85: 生產實績 | Z85: 生產實績 | AE85: 生產實績 | AJ85: 生產實績 | AO85: 生產實績 | AT85: 生產實績
E86: 人數 | F86: 產能／時 | G86: 人時性 | I86: 人數 | J86: 產能／時 | K86: 人時性 | P86: 人數 | Q86: 產能／時 | R86: 人時性 | S86: 排名 | U86: 人數 | V86: 產能／時 | W86: 人時性 | X86: 排名 | Z86: 人數 | AA86: 產能／時 | AB86: 人時性 | AC86: 排名 | AE86: 人數 | AF86: 產能／時 | AG86: 人時性 | AH86: 排名 | AJ86: 人數 | AK86: 產能／時 | AL86: 人時性 | AM86: 排名 | AO86: 人數 | AP86: 產能／時 | AQ86: 人時性 | AR86: 排名 | AT86: 人數 | AU86: 產能／時 | AV86: 人時性 | AW86: 排名
B87: 微波小吃 | C87: 1 | D87: 小滷青蔬 | E87: =VLOOKUP(D87,'12產線配置圖'!$A$26:$C$33,2,0) -> 15 | F87: =VLOOKUP(D87,'12產線配置圖'!$A$26:$C$33,3,0) -> 1565 | G87: =F87/E87 -> 104.33333 | H87: =AVERAGE(G87:G101) -> 139.70013 | I87: =AVERAGE(P87,U87,Z86,AE87,AJ87,AO87) -> 14.8 | J87: =AVERAGE(Q87,V87,AA87,AF87,AK87,AP87) -> 1505.3333 | K87: =AVERAGE(R87,W87,AB87,AG87,AL87,AQ87) -> 101.48333 | L87: =IFERROR(AVERAGE(K87:K101),"-") -> 121.52456 | M87: =RANK(K87,$K$87:$K$101) -> 4 | P87: 15 | Q87: 1536 | R87: =Q87/P87 -> 102.4 | S87: =RANK(R87,$R$87:$R$101) -> 4 | T87: =AVERAGE(R87:R101) -> 128.35644 | U87: 14 | V87: 1421 | W87: =V87/U87 -> 101.5 | X87: =RANK(W87,$W$87:$W$101) -> 3 | Y87: =AVERAGE(W87:W101) -> 113.28258 | Z87: 15 | AA87: 1579 | AB87: =AA87/Z87 -> 105.26667 | AC87: =RANK(AB87,$AB$87:$AB$100) -> 4 | AD87: =AVERAGE(AB87:AB101) -> 122.25795 | AE87: 15 | AF87: 1537 | AG87: =AF87/AE87 -> 102.46667 | AH87: =RANK(AG87,$AG$87:$AG$101) -> 4 | AI87: =AVERAGE(AG87:AG101) -> 121.24356 | AJ87: 15 | AK87: 1443 | AL87: =AK87/AJ87 -> 96.2 | AM87: =RANK(AL87,$AL$87:$AL$101) -> 4 | AN87: =AVERAGE(AL87:AL101) -> 119.22045 | AO87: 15 | AP87: 1516 | AQ87: =AP87/AO87 -> 101.06667 | AR87: =RANK(AQ87,$AQ$87:$AQ$101) -> 4 | AS87: =AVERAGE(AQ87:AQ101) -> 124.78636 | AT87: 15 | AU87: 1563 | AV87: =AU87/AT87 -> 104.2 | AW87: =RANK(AV87,$AV$87:$AV$101) -> 4 | AX87: =AVERAGE(AV87:AV101) -> 129.83523
C88: 2 | D88: 起司馬鈴薯 | E88: =VLOOKUP(D88,'12產線配置圖'!$A$26:$C$33,2,0) -> 12 | F88: =VLOOKUP(D88,'12產線配置圖'!$A$26:$C$33,3,0) -> 1565 | G88: =F88/E88 -> 130.41667 | I88: =AVERAGE(P88,U88,Z87,AE88,AJ88,AO88) -> 12.5 | J88: =AVERAGE(Q88,V88,AA88,AF88,AK88,AP88) -> 1549.8333 | K88: =AVERAGE(R88,W88,AB88,AG88,AL88,AQ88) -> 129.15278 | M88: =RANK(K88,$K$87:$K$101) -> 2 | P88: 12 | Q88: 1589 | R88: =Q88/P88 -> 132.41667 | S88: =RANK(R88,$R$87:$R$101) -> 3 | U88: 12 | V88: 1592 | W88: =V88/U88 -> 132.66667 | X88: =RANK(W88,$W$87:$W$101) -> 1 | Z88: 12 | AA88: 1591 | AB88: =AA88/Z88 -> 132.58333 | AC88: =RANK(AB88,$AB$87:$AB$100) -> 2 | AE88: 12 | AF88: 1505 | AG88: =AF88/AE88 -> 125.41667 | AH88: =RANK(AG88,$AG$87:$AG$101) -> 2 | AJ88: 12 | AK88: 1542 | AL88: =AK88/AJ88 -> 128.5 | AM88: =RANK(AL88,$AL$87:$AL$101) -> 2 | AO88: 12 | AP88: 1480 | AQ88: =AP88/AO88 -> 123.33333 | AR88: =RANK(AQ88,$AQ$87:$AQ$101) -> 3 | AT88: 12 | AU88: 1593 | AV88: =AU88/AT88 -> 132.75 | AW88: =RANK(AV88,$AV$87:$AV$101) -> 3
C89: 3 | D89: 韓式炒冬粉 | E89: =VLOOKUP(D89,'12產線配置圖'!$A$26:$C$33,2,0) -> 11 | F89: =VLOOKUP(D89,'12產線配置圖'!$A$26:$C$33,3,0) -> 1565 | G89: =F89/E89 -> 142.27273 | I89: =AVERAGE(P89,U89,Z88,AE89,AJ89,AO89) -> 11.166667 | J89: =AVERAGE(Q89,V89,AA89,AF89,AK89,AP89) -> 1363 | K89: =AVERAGE(R89,W89,AB89,AG89,AL89,AQ89) -> 123.90909 | M89: =RANK(K89,$K$87:$K$101) -> 3 | P89: 11 | Q89: 1495 | R89: =Q89/P89 -> 135.90909 | S89: =RANK(R89,$R$87:$R$101) -> 2 | U89: 11 | V89: 994 | W89: =V89/U89 -> 90.363636 | X89: =RANK(W89,$W$87:$W$101) -> 4 | Z89: 11 | AA89: 1473 | AB89: =AA89/Z89 -> 133.90909 | AC89: =RANK(AB89,$AB$87:$AB$100) -> 1 | AE89: 11 | AF89: 1344 | AG89: =AF89/AE89 -> 122.18182 | AH89: =RANK(AG89,$AG$87:$AG$101) -> 3 | AJ89: 11 | AK89: 1359 | AL89: =AK89/AJ89 -> 123.54545 | AM89: =RANK(AL89,$AL$87:$AL$101) -> 3 | AO89: 11 | AP89: 1513 | AQ89: =AP89/AO89 -> 137.54545 | AR89: =RANK(AQ89,$AQ$87:$AQ$101) -> 1 | AT89: 11 | AU89: 1508 | AV89: =AU89/AT89 -> 137.09091 | AW89: =RANK(AV89,$AV$87:$AV$101) -> 2
C90: 4 | D90: 麻辣雞心 | E90: =VLOOKUP(D90,'12產線配置圖'!$A$26:$C$33,2,0) -> 9 | F90: =VLOOKUP(D90,'12產線配置圖'!$A$26:$C$33,3,0) -> 1636 | G90: =F90/E90 -> 181.77778 | I90: =AVERAGE(P90,U90,Z89,AE90,AJ90,AO90) -> 10.5 | J90: =AVERAGE(Q90,V90,AA90,AF90,AK90,AP90) -> 1379 | K90: =AVERAGE(R90,W90,AB90,AG90,AL90,AQ90) -> 131.55303 | M90: =RANK(K90,$K$87:$K$101) -> 1 | P90: 10 | Q90: 1427 | R90: =Q90/P90 -> 142.7 | S90: =RANK(R90,$R$87:$R$101) -> 1 | U90: 10 | V90: 1286 | W90: =V90/U90 -> 128.6 | X90: =RANK(W90,$W$87:$W$101) -> 2 | Z90: 11 | AA90: 1290 | AB90: =AA90/Z90 -> 117.27273 | AC90: =RANK(AB90,$AB$87:$AB$100) -> 3 | AE90: 11 | AF90: 1484 | AG90: =AF90/AE90 -> 134.90909 | AH90: =RANK(AG90,$AG$87:$AG$101) -> 1 | AJ90: 11 | AK90: 1415 | AL90: =AK90/AJ90 -> 128.63636 | AM90: =RANK(AL90,$AL$87:$AL$101) -> 1 | AO90: 10 | AP90: 1372 | AQ90: =AP90/AO90 -> 137.2 | AR90: =RANK(AQ90,$AQ$87:$AQ$101) -> 2 | AT90: 10 | AU90: 1453 | AV90: =AU90/AT90 -> 145.3 | AW90: =RANK(AV90,$AV$87:$AV$101) -> 1
C91: 5
C92: 6
C93: 7
C94: 8
C95: 9
C96: 10
C97: 11
C98: 12
C99: 13
C100: 14
...

Sheet 生產管理報表 6-1(週)
A1: 生產管理報表
A3: （６）人時生產性前幾名品項
A5: 品群 | B5: 1 | C5: 2 | D5: 3
B6: 熱食義麵 | C6: 季節調理麵 | D6: 微波小吃
A7: 品群 | C7: 排名 | D7: 商品名 | G7: 人數 | H7: 產能 | I7: 人時生產性 | J7: 前月比 | K7: 主要原因&對策
A8: 1 | B8: 熱食義麵 | C8: 1 | D8: 義式蕃茄起司義大利麵 | G8: 13 | H8: 1936.4286 | I8: 148.95604 | J8: 0.963 | K8: 煮麵組由調理支援，流程不熟悉
C9: 2 | D9: 青醬蛤蜊義大利麵 | G9: 14 | H9: 1959 | I9: 139.92857 | J9: 0.903 | K9: 煮麵組由調理支援，流程不熟悉
C10: 3 | D10: 白酒清炒鮮蛤義大利麵 | G10: 15 | H10: 1977.7143 | I10: 131.84762 | J10: 0.984 | K10: 煮麵組由調理支援，流程不熟悉
C11: 4 | D11: 奶油培根義大利麵 | G11: 15 | H11: 1936.8571 | I11: 129.12381 | J11: 0.953 | K11: 煮麵組由調理支援，流程不熟悉
C12: 5 | D12: 香煎魚排佐檸檬奶油義大利麵 | G12: 15 | H12: 1904.5714 | I12: 126.97143 | J12: 0.941 | K12: 煮麵組由調理支援，流程不熟悉
C13: ▼1 | D13: 整條德式香腸義大利麵 | G13: 16.428571 | H13: 1160.1429 | I13: 70.061149 | J13: 0.981 | K13: 人員減少測試
C14: ▼2 | D14: 義式蛋蛋青醬鮪魚冷義大利麵 | G14: 15.857143 | H14: 1299.5714 | I14: 81.689516 | K14: 新品
C15: ▼3 | D15: 焦糖拿鐵烤雞細扁麵 | G15: 17.428571 | H15: 1451.7143 | I15: 83.196604 | K15: 新品
C16: ▼4 | D16: 府城鹽水意麵 | G16: 16.857143 | H16: 1421 | I16: 84.28869 | J16: 1.019
C17: ▼5 | D17: 奶油鮮蝦明太子細扁麵 | G17: 17.571429 | H17: 1499.4286 | I17: 85.247899 | J17: 1.002
A18: 品群 | C18: 排名 | D18: 商品名 | G18: 人數 | H18: 產能 | I18: 人時生產性 | J18: 前月比 | K18: 主要原因&對策
A19: 2 | B19: 季節調理麵 | C19: 1
C20: 2
C21: 3
C22: 4
C23: 5
C24: ▼1
C25: ▼2
C26: ▼3
C27: ▼4
C28: ▼5
A29: 品群 | C29: 排名 | D29: 商品名 | G29: 人數 | H29: 產能 | I29: 人時生產性 | J29: 前月比 | K29: 主要原因&對策
A30: 3 | B30: 微波小吃 | C30: 1 | D30: 麻辣雞心 | G30: 10.5 | H30: 1379 | I30: 131.55303 | K30: 重新上巿
C31: 2 | D31: 起司馬鈴薯 | G31: 12.5 | H31: 1549.8333 | I31: 129.15278 | J31: 1.067 | K31: 減少1人
C32: 3 | D32: 韓式炒冬粉 | G32: 11.166667 | H32: 1363 | I32: 123.90909 | J32: 0.871 | K32: 袋子上機SOP測試
C33: 4 | D33: 小滷青蔬 | G33: 14.8 | H33: 1505.3333 | I33: 101.48333 | J33: 1.043
C34: 5
C35: ▼1
C36: ▼2
C37: ▼3
C38: ▼4
C39: ▼5

Sheet 生產管理報表 7-1(週)
A1: 生產管理報表
A3: （７）原因別分析
A5: 業績金額 | B5: =SUM('日別報廢率總表 '!B26:B32) -> 20223118 | E5: 前20名原因分析
A6: 項目 | B6: 合計 | E6: 項目 | F6: 1 | H6: 2 | J6: 3 | L6: 4
F7: 展開量高於１０5％ | H7: 調理多產 | J7: 製程不穩 | L7: 取樣不穩
B8: 金額 | C8: 比例 | F8: 金額 | G8: 比例 | H8: 金額 | I8: 比例 | J8: 金額 | K8: 比例 | L8: 金額 | M8: 比例
A9: 報廢 | B9: =SUM('日別報廢率總表 '!C26:C32) -> 49137.235 | C9: =B9/$B$5 -> 0.0024297556 | E9: 報廢 | F9: ='報廢－原因別分析 (週)'!AD8 -> 23316.87 | G9: ='報廢－原因別分析 (週)'!AD9 -> 0.5 | H9: ='報廢－原因別分析 (週)'!AE8 -> 17368.94 | I9: ='報廢－原因別分析 (週)'!AE9 -> 0.35 | J9: ='報廢－原因別分析 (週)'!AF8 -> 0 | K9: ='報廢－原因別分析 (週)'!AF9 -> 0 | L9: ='報廢－原因別分析 (週)'!AG8 -> 3066.04 | M9: ='報廢－原因別分析 (週)'!AG9 -> 0.15
A10: 超用 | B10: =SUM('日別報廢率總表 '!E26:E32) -> 63724.525 | C10: =B10/$B$5 -> 0.0031510731 | E10: 超用 | F10: ='超用－原因別分析 (週) '!AD8 -> 50319.71 | G10: ='超用－原因別分析 (週) '!AD9 -> 0.85 | H10: ='超用－原因別分析 (週) '!AE8 -> 0 | I10: ='超用－原因別分析 (週) '!AE9 -> 0 | J10: ='超用－原因別分析 (週) '!AF8 -> 0 | K10: ='超用－原因別分析 (週) '!AF9 -> 0 | L10: ='超用－原因別分析 (週) '!AG8 -> 7464.24 | M10: ='超用－原因別分析 (週) '!AG9 -> 0.15
E11: 項目 | F11: 5 | H11: 6 | J11: 7 | L11: 8
F12: 原物料規格 | H12: 研發設定 | J12: 其他原因 | L12: 步留不足
F13: 金額 | G13: 比例 | H13: 金額 | I13: 比例 | J13: 金額 | K13: 比例 | L13: 金額 | M13: 比例
E14: 報廢 | F14: ='報廢－原因別分析 (週)'!AH8 -> 0 | G14: ='報廢－原因別分析 (週)'!AH9 -> 0 | H14: ='報廢－原因別分析 (週)'!AI8 -> 0 | I14: ='報廢－原因別分析 (週)'!AI9 -> 0 | J14: ='報廢－原因別分析 (週)'!AJ8 -> 0 | K14: ='報廢－原因別分析 (週)'!AJ9 -> 0 | L14: 0 | M14: ='報廢－原因別分析 (週)'!AI9 -> 0
E15: 超用 | F15: ='超用－原因別分析 (週) '!AH8 -> 0 | G15: ='超用－原因別分析 (週) '!AH9 -> 0 | H15: ='超用－原因別分析 (週) '!AI8 -> 0 | I15: ='超用－原因別分析 (週) '!AI9 -> 0 | J15: ='超用－原因別分析 (週) '!AJ8 -> 0 | K15: ='超用－原因別分析 (週) '!AJ9 -> 0 | L15: 0 | M15: ='超用－原因別分析 (週) '!AI9 -> 0

Sheet 生產管理報表 8-1(週報廢)
A1: 生產管理報表
A3: （８）報廢原因別前幾名品項
A5: 類型 | B5: 1 | D5: 2 | F5: 3 | H5: 4 | J5: 5 | L5: 6 | N5: 7 | P5: 8
B6: 展開量高於１０5％ | D6: 調理多產 | F6: 製程不穩 | H6: 取樣不穩 | J6: 原物料規格 | L6: 研發設定 | N6: 其他原因 | P6: 步留因素
A8: 類型 | C8: 排名 | D8: 商品名 | G8: 半成品名 | J8: 單價 | K8: 報廢率 | L8: 數量 | M8: 金額 | N8: 前週比 | O8: 主要原因&對策
A9: 1 | B9: 展開量高於需求量 | C9: 1 | D9: 焦糖拿鐵烤雞細扁麵 | G9: 義麵-拿鐵醬 | J9: 108.5 | K9: 0.067 | L9: 89.2 | M9: =L9*J9 -> 9678.2 | N9: 3 | O9: 除中式麵外，A級3i依預估90%配料，其餘品項拉低預估量
C10: 2 | D10: 焦糖拿鐵烤雞細扁麵 | G10: 川燙-切紅黃甜椒絲 | J10: 296.8 | K10: 0.109 | L10: 13 | M10: =L10*J10 -> 3858.4 | N10: 2.14 | O10: 除中式麵外，A級3i依預估90%配料，其餘品項拉低預估量
C11: 3 | D11: 蒜香奶油蝦蝦義大利麵 | G11: 義麵-蒜味蝦醬(115年) | J11: 118.5 | K11: 0.028 | L11: 23.4 | M11: =L11*J11 -> 2772.9 | N11: 0.3786 | O11: 除中式麵外，A級3i依預估90%配料，其餘品項拉低預估量
C12: 4 | D12: 蒜香奶油蝦蝦義大利麵 | G12: 混蒜酥洋香菜(114年) | J12: 850.9 | K12: 0.034 | L12: 2 | M12: =L12*J12 -> 1701.8 | N12: 2.31 | O12: 除中式麵外，A級3i依預估90%配料，其餘品項拉低預估量
C13: 5 | D13: 沙茶豬肉炒麵 | G13: 113年煮沙茶炒麵湯凍 | J13: 82.8 | K13: 0.029 | L13: 17.8 | M13: =L13*J13 -> 1473.84 | N13: 0.3072 | O13: 除中式麵外，A級3i依預估90%配料，其餘品項拉低預估量
J14: 前幾名合計比例 | K14: =M14/SUM('日別報廢率總表 '!$C$12:$C$18) -> 0.35635864 | L14: 前幾名合計金額 | M14: =SUM(M9:M13) -> 19485.14
A16: 類型 | C16: 排名 | D16: 商品名 | G16: 半成品名 | J16: 單價 | K16: 報廢率 | L16: 數量 | M16: 金額 | N16: 前週比 | O16: 主要原因&對策
A17: 2 | B17: 調理多產 | C17: 1 | D17: 白酒清炒鮮蛤義大利麵 | G17: 義麵-海鮮湯凍(115年) | J17: 140.6 | K17: 0.028 | L17: 41.6 | M17: =J17*L17 -> 5848.96 | O17: 每日追踪製成率，長期異常調整出料率
C18: 2 | D18: 府城鹽水意麵 | G18: 煮意麵肉燥 | J18: 125.6 | K18: 0.012 | L18: 31.1 | M18: =J18*L18 -> 3906.16 | O18: 每日追踪製成率，長期異常調整出料率
C19: 3 | D19: 義式蕃茄起司義大利麵 | G19: 義麵-經典肉醬(114年) | J19: 156.7 | K19: 0.004 | L19: 17.4 | M19: =J19*L19 -> 2726.58 | O19: 每日追踪製成率，長期異常調整出料率
C20: 4 | D20: 青花椒麻雞肉拌麵 | G20: 煮青花椒湯凍(114年) | J20: 193.2 | K20: 0.01 | L20: 13.6 | M20: =J20*L20 -> 2627.52 | O20: 每日追踪製成率，長期異常調整出料率
C21: 5 | D21: 焗烤起司雙饗筆尖麵 | G21: 義麵-蛋黃白醬(113年) | J21: 77.3 | K21: 0.003 | L21: 14.4 | M21: =J21*L21 -> 1113.12 | N21: 0.873 | O21: 每日追踪製成率，長期異常調整出料率
J22: 前幾名合計比例 | K22: =M22/SUM('日別報廢率總表 '!$C$12:$C$18) -> 0.29668614 | L22: 前幾名合計金額 | M22: =SUM(M17:M21) -> 16222.34
A24: 類型 | C24: 排名 | D24: 商品名 | G24: 半成品名 | J24: 單價 | K24: 報廢率 | L24: 數量 | M24: 金額 | N24: 前月比 | O24: 主要原因&對策
A25: 3 | B25: 製程不穩 | C25: 1 | M25: =L25*J25 -> 0
C26: 2 | M26: =L26*J26 -> 0
C27: 3 | M27: =L27*J27 -> 0
C28: 4 | M28: =L28*J28 -> 0
C29: 5 | M29: =L29*J29 -> 0
J30: 前幾名合計比例 | K30: =M30/SUM('日別報廢率總表 '!$C$12:$C$18) -> 0 | L30: 前幾名合計金額 | M30: =SUM(M25:M29) -> 0

Sheet 生產管理報表 8-2(週報廢)
A1: 生產管理報表
A3: （８）報廢原因別前幾名品項
A5: 類型 | B5: 1 | D5: 2 | F5: 3 | H5: 4 | J5: 5 | L5: 6 | N5: 7 | P5: 8
B6: 展開量高於１０5％ | D6: 調理多產 | F6: 製程不穩 | H6: 取樣不穩 | J6: 原物料規格 | L6: 研發設定 | N6: 其他原因 | P6: 步留因素
A8: 類型 | C8: 排名 | D8: 商品名 | G8: 半成品名 | J8: 單價 | K8: 報廢率 | L8: 數量 | M8: 金額 | N8: 前週比 | O8: 主要原因&對策
A9: 4 | B9: 取樣不穩 | C9: 1 | D9: 義式蛋蛋青醬鮪魚冷義大利麵 | G9: 混拌玉米美乃滋鮪魚 | J9: 159 | K9: 0.011 | L9: 15.4 | M9: =L9*J9 -> 2448.6 | O9: 包裝超用超補→加強教育訓練
C10: 2 | D10: 府城鹽水意麵 | G10: 煮鹽水意麵 | J10: 36.4 | K10: 0.001 | L10: 10.6 | M10: =L10*J10 -> 385.84 | O10: 包裝超用超補→加強教育訓練
C11: 3 | D11: 韓式炒冬粉 | G11: 炒韓式冬粉 | J11: 77.2 | K11: 0.001 | L11: 3 | M11: =L11*J11 -> 231.6 | O11: 包裝超用超補→加強教育訓練
C12: 4 | M12: =L12*J12 -> 0 | O12: 包裝超用超補→加強教育訓練
C13: 5 | M13: =L13*J13 -> 0 | N13: 0.889 | O13: 新品/包裝超用超補→加強教育訓練
J14: 前幾名合計比例 | K14: =M14/SUM('日別報廢率總表 '!$C$12:$C$18) -> 0.056074005 | L14: 前幾名合計金額 | M14: =SUM(M9:M13) -> 3066.04
A16: 類型 | C16: 排名 | D16: 商品名 | G16: 半成品名 | J16: 單價 | K16: 報廢率 | L16: 數量 | M16: 金額 | N16: 前週比 | O16: 主要原因&對策
A17: 5 | B17: 原物料規格 | C17: 1 | M17: =L17*J17 -> 0
C18: 2 | M18: =L18*J18 -> 0
C19: 3 | M19: =L19*J19 -> 0
C20: 4 | M20: =L20*J20 -> 0
C21: 5 | M21: =L21*J21 -> 0
J22: 前幾名合計比例 | K22: =M22/SUM('日別報廢率總表 '!$C$12:$C$18) -> 0 | L22: 前幾名合計金額 | M22: =SUM(M17:M21) -> 0
A24: 類型 | C24: 排名 | D24: 商品名 | G24: 半成品名 | J24: 單價 | K24: 報廢率 | L24: 數量 | M24: 金額 | N24: 前月比 | O24: 主要原因&對策
A25: 6 | B25: 研發設定 | C25: 1 | M25: =L25*J25 -> 0
C26: 2 | M26: =L26*J26 -> 0
C27: 3
C28: 4
C29: 5
J30: 前幾名合計比例 | L30: 前幾名合計金額 | M30: =SUM(M25:M29) -> 0
A32: 類型 | C32: 排名 | D32: 商品名 | G32: 半成品名 | J32: 單價 | K32: 報廢率 | L32: 數量 | M32: 金額 | N32: 前月比 | O32: 主要原因&對策
A33: 7 | B33: 製程不穩 | C33: 1 | M33: 0
C34: 2 | M34: 0
C35: 3 | M35: 0
C36: 4 | M36: 0
C37: 5 | M37: 0
J38: 前幾名合計比例 | K38: =M38/SUM('日別報廢率總表 '!$C$12:$C$18) -> 0 | L38: 前幾名合計金額 | M38: 0

Sheet 生產管理報表 8-3(週超用)
A1: 生產管理報表
A3: （８）超用原因別前幾名品項
A5: 類型 | B5: 1 | D5: 2 | F5: 3 | H5: 4 | J5: 5 | L5: 6 | N5: 7 | P5: 8
B6: 展開量高於１０5％ | D6: 調理多產 | F6: 製程不穩 | H6: 取樣不穩 | J6: 原物料規格 | L6: 研發設定 | N6: 其他原因 | P6: 步留因素
A8: 類型 | C8: 排名 | D8: 商品名 | G8: 半成品名 | J8: 單價 | K8: 超用率 | L8: 數量 | M8: 金額 | N8: 前週比 | O8: 主要原因&對策
A9: 1 | B9: 展開量高於需求量 | C9: 1 | D9: 焦糖拿鐵烤雞細扁麵 | G9: 義麵-拿鐵醬 | J9: 108.5 | K9: 0.085 | L9: 113.1 | M9: =L9*J9 -> 12271.35 | N9: 2.351 | O9: 除中式麵外，A級3i依預估90%配料，其餘品項拉低預估量
C10: 2 | D10: 白酒清炒鮮蛤義大利麵 | G10: 義麵-海鮮湯凍(115年) | J10: 140.6 | K10: 0.026 | L10: 38.9 | M10: =L10*J10 -> 5469.34 | N10: 0.428 | O10: 除中式麵外，A級3i依預估90%配料，其餘品項拉低預估量
C11: 3 | D11: 青花椒麻雞肉拌麵 | G11: 煮青花椒湯凍(114年) | J11: 193.2 | K11: 0.019 | L11: 25.5 | M11: =L11*J11 -> 4926.6 | O11: 除中式麵外，A級3i依預估90%配料，其餘品項拉低預估量
C12: 4 | D12: 府城鹽水意麵 | G12: 煮意麵肉燥 | J12: 125.6 | K12: 0.015 | L12: 37.8 | M12: =L12*J12 -> 4747.68 | O12: 除中式麵外，A級3i依預估90%配料，其餘品項拉低預估量
C13: 5 | D13: 焦糖拿鐵烤雞細扁麵 | G13: 川燙-切紅黃甜椒絲 | J13: 296.8 | K13: 0.112 | L13: 13.3 | M13: =L13*J13 -> 3947.44 | O13: 除中式麵外，A級3i依預估90%配料，其餘品項拉低預估量
J14: 前幾名合計比例 | K14: =M14/SUM('日別報廢率總表 '!$E$12:$E$18) -> 0.35840804 | L14: 前幾名合計金額 | M14: =SUM(M9:M13) -> 31362.41
A16: 類型 | C16: 排名 | D16: 商品名 | G16: 半成品名 | J16: 單價 | K16: 超用率 | L16: 數量 | M16: 金額 | N16: 前週比 | O16: 主要原因&對策
A17: 2 | B17: 調理多產 | C17: 1 | M17: =L17*J17 -> 0 | O17: 持續追蹤，連續3天調整出料率
C18: 2 | M18: =L18*J18 -> 0 | O18: 持續追蹤，連續3天調整出料率
C19: 3 | M19: =L19*J19 -> 0 | O19: 持續追蹤，連續3天調整出料率
C20: 4 | M20: =L20*J20 -> 0 | O20: 持續追蹤，連續3天調整出料率
C21: 5 | M21: =L21*J21 -> 0 | O21: 持續追蹤，連續3天調整出料率
J22: 前幾名合計比例 | K22: =M22/SUM('日別報廢率總表 '!$E$12:$E$18) -> 0 | L22: 前幾名合計金額 | M22: =SUM(M17:M21) -> 0
A24: 類型 | C24: 排名 | D24: 商品名 | G24: 半成品名 | J24: 單價 | K24: 超用率 | L24: 數量 | M24: 金額 | N24: 前月比 | O24: 主要原因&對策
A25: 3 | B25: 製程不穩 | C25: 1 | M25: =L25*J25 -> 0
C26: 2 | M26: =L26*J26 -> 0
C27: 3 | M27: =L27*J27 -> 0
C28: 4 | M28: =L28*J28 -> 0
C29: 5 | M29: =L29*J29 -> 0
J30: 前幾名合計比例 | K30: =M30/SUM('日別報廢率總表 '!$E$12:$E$18) -> 0 | L30: 前幾名合計金額 | M30: =SUM(M25:M29) -> 0

Sheet 生產管理報表 8-4(週超用)
A1: 生產管理報表
A3: （８）超用原因別前幾名品項
A5: 類型 | B5: 1 | D5: 2 | F5: 3 | H5: 4 | J5: 5 | L5: 6 | N5: 7 | P5: 8
B6: 展開量高於１０5％ | D6: 調理多產 | F6: 製程不穩 | H6: 取樣不穩 | J6: 原物料規格 | L6: 研發設定 | N6: 其他原因 | P6: 步留因素
A8: 類型 | C8: 排名 | D8: 商品名 | G8: 半成品名 | J8: 單價 | K8: 超用率 | L8: 數量 | M8: 金額 | N8: 前週比 | O8: 主要原因&對策
A9: 4 | B9: 取樣不穩 | C9: 1 | D9: 義式蛋蛋青醬鮪魚冷義大利麵 | G9: 混拌玉米美乃滋鮪魚 | J9: 159 | K9: 0.017 | L9: 24.2 | M9: =L9*J9 -> 3847.8 | O9: 加強稽核及教育訓練
C10: 2 | D10: 府城鹽水意麵 | G10: 煮鹽水意麵 | J10: 36.4 | K10: 0.008 | L10: 68.6 | M10: =L10*J10 -> 2497.04 | O10: 加強稽核及教育訓練
C11: 3 | D11: 韓式炒冬粉 | G11: 炒韓式冬粉 | J11: 77.2 | K11: 0.006 | L11: 14.5 | M11: =L11*J11 -> 1119.4 | O11: 加強稽核及教育訓練
C12: 4 | M12: =L12*J12 -> 0 | O12: 加強稽核及教育訓練
C13: 5 | M13: =L13*J13 -> 0 | O13: 加強稽核及教育訓練
J14: 前幾名合計比例 | K14: =M14/SUM('日別報廢率總表 '!$E$12:$E$18) -> 0.085300959 | L14: 前幾名合計金額 | M14: =SUM(M9:M13) -> 7464.24
A16: 類型 | C16: 排名 | D16: 商品名 | G16: 半成品名 | J16: 單價 | K16: 超用率 | L16: 數量 | M16: 金額 | N16: 前週比 | O16: 主要原因&對策
A17: 5 | B17: 原物料規格 | C17: 1 | M17: =L17*J17 -> 0
C18: 2 | M18: =L18*J18 -> 0
C19: 3 | M19: =L19*J19 -> 0
C20: 4 | M20: =L20*J20 -> 0
C21: 5 | M21: =L21*J21 -> 0
J22: 前幾名合計比例 | K22: =M22/SUM('日別報廢率總表 '!$E$12:$E$18) -> 0 | L22: 前幾名合計金額 | M22: =SUM(M17:M21) -> 0
A24: 類型 | C24: 排名 | D24: 商品名 | G24: 半成品名 | J24: 單價 | K24: 超用率 | L24: 數量 | M24: 金額 | N24: 前月比 | O24: 主要原因&對策
A25: 6 | B25: 研發設定 | C25: 1 | M25: =L25*J25 -> 0
C26: 2 | M26: =L26*J26 -> 0
C27: 3
C28: 4
C29: 5
J30: 前幾名合計比例 | K30: =M30/SUM('日別報廢率總表 '!$E$12:$E$18) -> 0 | L30: 前幾名合計金額 | M30: =SUM(M25:M29) -> 0
A32: 類型 | C32: 排名 | D32: 商品名 | G32: 半成品名 | J32: 單價 | K32: 超用率 | L32: 數量 | M32: 金額 | N32: 前月比 | O32: 主要原因&對策
A33: 7 | B33: 製程不穩 | C33: 1 | M33: 0
C34: 2 | M34: 0
C35: 3 | M35: 0
C36: 4 | M36: 0
C37: 5 | M37: 0
J38: 前幾名合計比例 | K38: =M38/SUM('日別報廢率總表 '!$E$12:$E$18) -> 0 | L38: 前幾名合計金額 | M38: =SUM(M33:M37) -> 0

Sheet 生產管理報表 9(週)
A1: 生產管理報表
A3: （9）步留因素
A5: 類型 | B5: 1 | D5: 2 | F5: 3 | H5: 4 | J5: 5 | L5: 6 | N5: 7 | P5: 8
B6: 展開量高於１０5％ | D6: 調理多產 | F6: 製程不穩 | H6: 取樣不穩 | J6: 原物料規格 | L6: 研發設定 | N6: 其他原因 | P6: 步留因素
A8: 類型 | B8: No. | C8: 商品名 | F8: 半成品名 | I8: 單價 | J8: 規格 | K8: 實績 | L8: 差異 | M8: 主要原因&對策
A9: 作業原因 | B9: 1 | L9: =K9-J9 -> 0
B10: 2 | L10: =K10-J10 -> 0
B11: 3 | L11: =K11-J11 -> 0
B12: 4 | L12: =K12-J12 -> 0
B13: 5 | L13: =K13-J13 -> 0
A15: 類型 | B15: No. | C15: 商品名 | F15: 半成品名 | I15: 單價 | J15: 規格 | K15: 實績 | L15: 差異 | M15: 主要原因&對策
A16: 原料原因 | B16: 1 | L16: =K16-J16 -> 0
B17: 2 | L17: =K17-J17 -> 0
B18: 3 | L18: =K18-J18 -> 0
B19: 4 | L19: =K19-J19 -> 0
B20: 5 | L20: =K20-J20 -> 0

Sheet 報廢－原因別分析 (週)
B2: 報廢前二十名紀錄表
B3: 月別 | D3: 排序 | E3: 半成品名稱 | F3: 報廢金額 (元) | G3: 半成品單價 (元/kg) | H3: 訂單需求 (kg/個) | I3: 生管展開 | K3: 生產實際產出 | M3: 生產補單 | O3: 總產出 | Q3: 報廢 | S3: 超用 | V3: 類別 | W3: 分析原因 | X3: 原因說明 | Y3: 後續對策 | Z3: 次數 | AA3: 備註-商品名稱 | AC3: 分析原因（件）
I4: kg/個 | J4: % | K4: kg/個 | L4: % | M4: kg/個 | N4: % | O4: kg/個 | P4: % | Q4: kg/個 | R4: % | S4: kg/個 | T4: % | U4: 元
B5: 0623-0629 | D5: 1 | E5: 義麵-拿鐵醬 | F5: =IFERROR(Q5*G5,"-") -> 9678.2 | G5: 108.5 | H5: 1337.7 | I5: 1485 | J5: =IFERROR(I5/H5,"-") -> 1.1101144 | K5: 1450.8 | L5: =IFERROR(K5/H5,"-") -> 1.0845481 | M5: 0 | N5: =IFERROR(M5/H5,"-") -> 0 | O5: =IFERROR(K5+M5,"-") -> 1450.8 | P5: =IFERROR(O5/H5,"-") -> 1.0845481 | Q5: 89.2 | R5: =IFERROR(Q5/H5,"-") -> 0.066681618 | S5: =IFERROR(O5-H5,"-") -> 113.1 | T5: =IFERROR(S5/H5,"-") -> 0.084548105 | U5: =IFERROR(S5*G5,"-") -> 12271.35 | V5: 生管預估 | W5: 展開量高於需求量 | X5: 預估量大於訂單量 | Y5: 除中式麵外，A級3i依預估90%配料，其餘品項拉低預估量 | Z5: 1 | AA5: 焦糖拿鐵烤雞細扁麵
D6: 2 | E6: 義麵-海鮮湯凍(115年) | F6: =IFERROR(Q6*G6,"-") -> 5848.96 | G6: 140.6 | H6: 1508.2 | I6: 1440 | J6: =IFERROR(I6/H6,"-") -> 0.95478053 | K6: 1547.1 | L6: =IFERROR(K6/H6,"-") -> 1.0257923 | M6: 0 | N6: =IFERROR(M6/H6,"-") -> 0 | O6: =IFERROR(K6+M6,"-") -> 1547.1 | P6: =IFERROR(O6/H6,"-") -> 1.0257923 | Q6: 41.6 | R6: =IFERROR(Q6/H6,"-") -> 0.027582549 | S6: =IFERROR(O6-H6,"-") -> 38.9 | T6: =IFERROR(S6/H6,"-") -> 0.025792335 | U6: =IFERROR(S6*G6,"-") -> 5469.34 | V6: 調理 | W6: 調理多產 | X6: 製成率正常範圍 | Y6: 每日追踪製成率，長期異常調整出料率 | Z6: 1 | AA6: 白酒清炒鮮蛤義大利麵 | AC6: 總件數 | AD6: 展開量高於需求量 | AE6: 調理多產 | AF6: 製程不穩 | AG6: 取樣不穩 | AH6: 原物料規格 | AI6: 研發設定 | AJ6: 其他原因
D7: 3 | E7: 煮意麵肉燥 | F7: =IFERROR(Q7*G7,"-") -> 3906.16 | G7: 125.6 | H7: 2554.2 | I7: 2394 | J7: =IFERROR(I7/H7,"-") -> 0.93727977 | K7: 2592 | L7: =IFERROR(K7/H7,"-") -> 1.0147992 | M7: 0 | N7: =IFERROR(M7/H7,"-") -> 0 | O7: =IFERROR(K7+M7,"-") -> 2592 | P7: =IFERROR(O7/H7,"-") -> 1.0147992 | Q7: 31.1 | R7: =IFERROR(Q7/H7,"-") -> 0.012176024 | S7: =IFERROR(O7-H7,"-") -> 37.8 | T7: =IFERROR(S7/H7,"-") -> 0.014799154 | U7: =IFERROR(S7*G7,"-") -> 4747.68 | V7: 調理 | W7: 調理多產 | X7: 製成率正常範圍 | Y7: 每日追踪製成率，長期異常調整出料率 | Z7: 1 | AA7: 府城鹽水意麵 | AC7: =SUM(Z5:Z24) -> 20 | AD7: =SUMIF($W$5:$W$24,TRIM(AD6),$Z$5:$Z$24) -> 10 | AE7: =SUMIF($W$5:$W$24,TRIM(AE6),$Z$5:$Z$24) -> 7 | AF7: =SUMIF($W$5:$W$24,TRIM(AF6),$Z$5:$Z$24) -> 0 | AG7: =SUMIF($W$5:$W$24,TRIM(AG6),$Z$5:$Z$24) -> 3 | AH7: =SUMIF($W$5:$W$24,TRIM(AH6),$Z$5:$Z$24) -> 0 | AI7: =SUMIF($W$5:$W$24,TRIM(AI6),$Z$5:$Z$24) -> 0 | AJ7: =SUMIF($W$5:$W$24,TRIM(AJ6),$Z$5:$Z$24) -> 0
D8: 4 | E8: 川燙-切紅黃甜椒絲 | F8: =IFERROR(Q8*G8,"-") -> 3858.4 | G8: 296.8 | H8: 118.9 | I8: 132 | J8: =IFERROR(I8/H8,"-") -> 1.1101766 | K8: 132.2 | L8: =IFERROR(K8/H8,"-") -> 1.1118587 | M8: 0 | N8: =IFERROR(M8/H8,"-") -> 0 | O8: =IFERROR(K8+M8,"-") -> 132.2 | P8: =IFERROR(O8/H8,"-") -> 1.1118587 | Q8: 13 | R8: =IFERROR(Q8/H8,"-") -> 0.10933558 | S8: =IFERROR(O8-H8,"-") -> 13.3 | T8: =IFERROR(S8/H8,"-") -> 0.1118587 | U8: =IFERROR(S8*G8,"-") -> 3947.44 | V8: 生管預估 | W8: 展開量高於需求量 | X8: 預估量大於訂單量 | Y8: 除中式麵外，A級3i依預估90%配料，其餘品項拉低預估量 | Z8: 1 | AA8: 焦糖拿鐵烤雞細扁麵 | AC8: 金額 | AD8: =SUMIF($W5:$W$24,TRIM(AD6),$F$5:$F$24) -> 23316.87 | AE8: =SUMIF($W5:$W$24,TRIM(AE6),$F$5:$F$24) -> 17368.94 | AF8: =SUMIF($W5:$W$24,TRIM(AF6),$F$5:$F$24) -> 0 | AG8: =SUMIF($W5:$W$24,TRIM(AG6),$F$5:$F$24) -> 3066.04 | AH8: =SUMIF($W5:$W$24,TRIM(AH6),$F$5:$F$24) -> 0 | AI8: =SUMIF($W5:$W$24,TRIM(AI6),$F$5:$F$24) -> 0 | AJ8: =SUMIF($W5:$W$24,TRIM(AJ6),$F$5:$F$24) -> 0
D9: 5 | E9: 義麵-蒜味蝦醬(115年) | F9: =IFERROR(Q9*G9,"-") -> 2772.9 | G9: 118.5 | H9: 833.1 | I9: 777 | J9: =IFERROR(I9/H9,"-") -> 0.93266115 | K9: 861.1 | L9: =IFERROR(K9/H9,"-") -> 1.0336094 | M9: 0 | N9: =IFERROR(M9/H9,"-") -> 0 | O9: =IFERROR(K9+M9,"-") -> 861.1 | P9: =IFERROR(O9/H9,"-") -> 1.0336094 | Q9: 23.4 | R9: =IFERROR(Q9/H9,"-") -> 0.028087865 | S9: =IFERROR(O9-H9,"-") -> 28 | T9: =IFERROR(S9/H9,"-") -> 0.033609411 | U9: =IFERROR(S9*G9,"-") -> 3318 | V9: 生管預估 | W9: 展開量高於需求量 | X9: 預估量大於訂單量 | Y9: 除中式麵外，A級3i依預估90%配料，其餘品項拉低預估量 | Z9: 1 | AA9: 蒜香奶油蝦蝦義大利麵 | AC9: 百分比 | AD9: =AD7/$AC7 -> 0.5 | AE9: =AE7/$AC7 -> 0.35 | AF9: =AF7/$AC7 -> 0 | AG9: =AG7/$AC7 -> 0.15 | AH9: =AH7/$AC7 -> 0 | AI9: =AI7/$AC7 -> 0 | AJ9: =AJ7/$AC7 -> 0
D10: 6 | E10: 義麵-經典肉醬(114年) | F10: =IFERROR(Q10*G10,"-") -> 2726.58 | G10: 156.7 | H10: 4391.8 | I10: 3996 | J10: =IFERROR(I10/H10,"-") -> 0.9098775 | K10: 4408.7 | L10: =IFERROR(K10/H10,"-") -> 1.0038481 | M10: 0 | N10: =IFERROR(M10/H10,"-") -> 0 | O10: =IFERROR(K10+M10,"-") -> 4408.7 | P10: =IFERROR(O10/H10,"-") -> 1.0038481 | Q10: 17.4 | R10: =IFERROR(Q10/H10,"-") -> 0.003961929 | S10: =IFERROR(O10-H10,"-") -> 16.9 | T10: =IFERROR(S10/H10,"-") -> 0.0038480805 | U10: =IFERROR(S10*G10,"-") -> 2648.23 | V10: 調理 | W10: 調理多產 | X10: 製成率正常範圍 | Y10: 每日追踪製成率，長期異常調整出料率 | Z10: 1 | AA10: 義式蕃茄起司義大利麵
D11: 7 | E11: 煮青花椒湯凍(114年) | F11: =IFERROR(Q11*G11,"-") -> 2627.52 | G11: 193.2 | H11: 1323.6 | I11: 1284 | J11: =IFERROR(I11/H11,"-") -> 0.9700816 | K11: 1349.1 | L11: =IFERROR(K11/H11,"-") -> 1.0192656 | M11: 0 | N11: =IFERROR(M11/H11,"-") -> 0 | O11: =IFERROR(K11+M11,"-") -> 1349.1 | P11: =IFERROR(O11/H11,"-") -> 1.0192656 | Q11: 13.6 | R11: =IFERROR(Q11/H11,"-") -> 0.010275008 | S11: =IFERROR(O11-H11,"-") -> 25.5 | T11: =IFERROR(S11/H11,"-") -> 0.019265639 | U11: =IFERROR(S11*G11,"-") -> 4926.6 | V11: 調理 | W11: 調理多產 | X11: 製成率正常範圍 | Y11: 每日追踪製成率，長期異常調整出料率 | Z11: 1 | AA11: 青花椒麻雞肉拌麵 | AD11: 調理
D12: 8 | E12: 混拌玉米美乃滋鮪魚 | F12: =IFERROR(Q12*G12,"-") -> 2448.6 | G12: 159 | H12: 1415 | I12: 1380 | J12: =IFERROR(I12/H12,"-") -> 0.97526502 | K12: 1414.8 | L12: =IFERROR(K12/H12,"-") -> 0.99985866 | M12: 24.4 | N12: =IFERROR(M12/H12,"-") -> 0.017243816 | O12: =IFERROR(K12+M12,"-") -> 1439.2 | P12: =IFERROR(O12/H12,"-") -> 1.0171025 | Q12: 15.4 | R12: =IFERROR(Q12/H12,"-") -> 0.010883392 | S12: =IFERROR(O12-H12,"-") -> 24.2 | T12: =IFERROR(S12/H12,"-") -> 0.017102473 | U12: =IFERROR(S12*G12,"-") -> 3847.8 | V12: 包裝 | W12: 取樣不穩 | X12: 超用 | Y12: 加強教育訓練，抓樣範圍95%~103% | Z12: 1 | AA12: 義式蛋蛋青醬鮪魚冷義大利麵 | AD12: 包裝
D13: 9 | E13: 混蒜酥洋香菜(114年) | F13: =IFERROR(Q13*G13,"-") -> 1701.8 | G13: 850.9 | H13: 59.5 | I13: 55.5 | J13: =IFERROR(I13/H13,"-") -> 0.93277311 | K13: 61.5 | L13: =IFERROR(K13/H13,"-") -> 1.0336134 | M13: 0 | N13: =IFERROR(M13/H13,"-") -> 0 | O13: =IFERROR(K13+M13,"-") -> 61.5 | P13: =IFERROR(O13/H13,"-") -> 1.0336134 | Q13: 2 | R13: =IFERROR(Q13/H13,"-") -> 0.033613445 | S13: =IFERROR(O13-H13,"-") -> 2 | T13: =IFERROR(S13/H13,"-") -> 0.033613445 | U13: =IFERROR(S13*G13,"-") -> 1701.8 | V13: 生管預估 | W13: 展開量高於需求量 | X13: 預估量大於訂單量 | Y13: 除中式麵外，A級3i依預估90%配料，其餘品項拉低預估量 | Z13: 1 | AA13: 蒜香奶油蝦蝦義大利麵 | AD13: 研發
D14: 10 | E14: 113年煮沙茶炒麵湯凍 | F14: =IFERROR(Q14*G14,"-") -> 1473.84 | G14: 82.8 | H14: 624 | I14: 623.4 | J14: =IFERROR(I14/H14,"-") -> 0.99903846 | K14: 649.4 | L14: =IFERROR(K14/H14,"-") -> 1.0407051 | M14: 0 | N14: =IFERROR(M14/H14,"-") -> 0 | O14: =IFERROR(K14+M14,"-") -> 649.4 | P14: =IFERROR(O14/H14,"-") -> 1.0407051 | Q14: 17.8 | R14: =IFERROR(Q14/H14,"-") -> 0.028525641 | S14: =IFERROR(O14-H14,"-") -> 25.4 | T14: =IFERROR(S14/H14,"-") -> 0.040705128 | U14: =IFERROR(S14*G14,"-") -> 2103.12 | V14: 生管預估 | W14: 展開量高於需求量 | X14: 預估量大於訂單量 | Y14: 除中式麵外，A級3i依預估90%配料，其餘品項拉低預估量 | Z14: 1 | AA14: 沙茶豬肉炒麵 | AD14: 生管預估
D15: 11 | E15: 奶香白醬 | F15: =IFERROR(Q15*G15,"-") -> 1231.95 | G15: 95.5 | H15: 962 | I15: 962.5 | J15: =IFERROR(I15/H15,"-") -> 1.0005198 | K15: 974.6 | L15: =IFERROR(K15/H15,"-") -> 1.0130977 | M15: 0 | N15: =IFERROR(M15/H15,"-") -> 0 | O15: =IFERROR(K15+M15,"-") -> 974.6 | P15: =IFERROR(O15/H15,"-") -> 1.0130977 | Q15: 12.9 | R15: =IFERROR(Q15/H15,"-") -> 0.013409563 | S15: =IFERROR(O15-H15,"-") -> 12.6 | T15: =IFERROR(S15/H15,"-") -> 0.013097713 | U15: =IFERROR(S15*G15,"-") -> 1203.3 | V15: 生管預估 | W15: 展開量高於需求量 | X15: 預估量大於訂單量 | Y15: 除中式麵外，A級3i依預估90%配料，其餘品項拉低預估量 | Z15: 1 | AA15: 香煎魚排佐檸檬奶油義大利麵 | AD15: 原物料
D16: 12 | E16: 川燙油菜 | F16: =IFERROR(Q16*G16,"-") -> 1167.75 | G16: 155.7 | H16: 330.9 | I16: 321 | J16: =IFERROR(I16/H16,"-") -> 0.9700816 | K16: 337.8 | L16: =IFERROR(K16/H16,"-") -> 1.0208522 | M16: 0 | N16: =IFERROR(M16/H16,"-") -> 0 | O16: =IFERROR(K16+M16,"-") -> 337.8 | P16: =IFERROR(O16/H16,"-") -> 1.0208522 | Q16: 7.5 | R16: =IFERROR(Q16/H16,"-") -> 0.022665458 | S16: =IFERROR(O16-H16,"-") -> 6.9 | T16: =IFERROR(S16/H16,"-") -> 0.020852221 | U16: =IFERROR(S16*G16,"-") -> 1074.33 | V16: 生管預估 | W16: 展開量高於需求量 | X16: 預估量大於訂單量 | Y16: 除中式麵外，A級3i依預估90%配料，其餘品項拉低預估量 | Z16: 1 | AA16: 青花椒麻雞肉拌麵
D17: 13 | E17: 義麵-蛋黃白醬(113年) | F17: =IFERROR(Q17*G17,"-") -> 1113.12 | G17: 77.3 | H17: 4156.3 | I17: 3876 | J17: =IFERROR(I17/H17,"-") -> 0.93256021 | K17: 4177.1 | L17: =IFERROR(K17/H17,"-") -> 1.0050045 | M17: 0 | N17: =IFERROR(M17/H17,"-") -> 0 | O17: =IFERROR(K17+M17,"-") -> 4177.1 | P17: =IFERROR(O17/H17,"-") -> 1.0050045 | Q17: 14.4 | R17: =IFERROR(Q17/H17,"-") -> 0.00346462 | S17: =IFERROR(O17-H17,"-") -> 20.8 | T17: =IFERROR(S17/H17,"-") -> 0.0050044511 | U17: =IFERROR(S17*G17,"-") -> 1607.84 | V17: 調理 | W17: 調理多產 | X17: 製成率正常範圍 | Y17: 每日追踪製成率，長期異常調整出料率 | Z17: 1 | AA17: 焗烤起司雙饗筆尖麵
D18: 14 | E18: 義麵-經典肉醬(114年) | F18: =IFERROR(Q18*G18,"-") -> 911.6 | G18: 106 | H18: 624.9 | I18: 540 | J18: =IFERROR(I18/H18,"-") -> 0.86413826 | K18: 636.2 | L18: =IFERROR(K18/H18,"-") -> 1.0180829 | M18: 0 | N18: =IFERROR(M18/H18,"-") -> 0 | O18: =IFERROR(K18+M18,"-") -> 636.2 | P18: =IFERROR(O18/H18,"-") -> 1.0180829 | Q18: 8.6 | R18: =IFERROR(Q18/H18,"-") -> 0.013762202 | S18: =IFERROR(O18-H18,"-") -> 11.3 | T18: =IFERROR(S18/H18,"-") -> 0.018082893 | U18: =IFERROR(S18*G18,"-") -> 1197.8 | V18: 調理 | W18: 調理多產 | X18: 製成率正常範圍 | Y18: 每日追踪製成率，長期異常調整出料率 | Z18: 1 | AA18: 義式辣味嫩烤雞排義大利麵
D19: 15 | E19: 炒沙茶醬 | F19: =IFERROR(Q19*G19,"-") -> 809.88 | G19: 238.2 | H19: 77.5 | I19: 77.5 | J19: =IFERROR(I19/H19,"-") -> 1 | K19: 81.3 | L19: =IFERROR(K19/H19,"-") -> 1.0490323 | M19: 0 | N19: =IFERROR(M19/H19,"-") -> 0 | O19: =IFERROR(K19+M19,"-") -> 81.3 | P19: =IFERROR(O19/H19,"-") -> 1.0490323 | Q19: 3.4 | R19: =IFERROR(Q19/H19,"-") -> 0.043870968 | S19: =IFERROR(O19-H19,"-") -> 3.8 | T19: =IFERROR(S19/H19,"-") -> 0.049032258 | U19: =IFERROR(S19*G19,"-") -> 905.16 | V19: 生管預估 | W19: 展開量高於需求量 | X19: 預估量大於訂單量 | Y19: 除中式麵外，A級3i依預估90%配料，其餘品項拉低預估量 | Z19: 1 | AA19: 沙茶豬肉炒麵
D20: 16 | E20: 義麵(BIG)-蒜辣湯凍(115年) | F20: =IFERROR(Q20*G20,"-") -> 425.59 | G20: 58.3 | H20: 213.1 | I20: 186 | J20: =IFERROR(I20/H20,"-") -> 0.87282966 | K20: 223.3 | L20: =IFERROR(K20/H20,"-") -> 1.0478649 | M20: 0 | N20: =IFERROR(M20/H20,"-") -> 0 | O20: =IFERROR(K20+M20,"-") -> 223.3 | P20: =IFERROR(O20/H20,"-") -> 1.0478649 | Q20: 7.3 | R20: =IFERROR(Q20/H20,"-") -> 0.034256218 | S20: =IFERROR(O20-H20,"-") -> 10.2 | T20: =IFERROR(S20/H20,"-") -> 0.047864852 | U20: =IFERROR(S20*G20,"-") -> 594.66 | V20: 生管預估 | W20: 展開量高於需求量 | X20: 預估量大於訂單量 | Y20: 除中式麵外，A級3i依預估90%配料，其餘品項拉低預估量 | Z20: 1 | AA20: 整條德式香腸義大利麵
D21: 17 | E21: 煮鹽水意麵 | F21: =IFERROR(Q21*G21,"-") -> 385.84 | G21: 36.4 | H21: 8392.2 | I21: 7866 | J21: =IFERROR(I21/H21,"-") -> 0.93729892 | K21: 8402.2 | L21: =IFERROR(K21/H21,"-") -> 1.0011916 | M21: 58.6 | N21: =IFERROR(M21/H21,"-") -> 0.0069826744 | O21: =IFERROR(K21+M21,"-") -> 8460.8 | P21: =IFERROR(O21/H21,"-") -> 1.0081743 | Q21: 10.6 | R21: =IFERROR(Q21/H21,"-") -> 0.0012630776 | S21: =IFERROR(O21-H21,"-") -> 68.6 | T21: =IFERROR(S21/H21,"-") -> 0.008174257 | U21: =IFERROR(S21*G21,"-") -> 2497.04 | V21: 包裝 | W21: 取樣不穩 | X21: 超用 | Y21: 加強教育訓練，抓樣範圍95%~103% | Z21: 1 | AA21: 府城鹽水意麵
D22: 18 | E22: 炒韓式冬粉 | F22: =IFERROR(Q22*G22,"-") -> 231.6 | G22: 77.2 | H22: 2441.7 | I22: 2415 | J22: =IFERROR(I22/H22,"-") -> 0.989065 | K22: 2444 | L22: =IFERROR(K22/H22,"-") -> 1.000942 | M22: 12.2 | N22: =IFERROR(M22/H22,"-") -> 0.0049965188 | O22: =IFERROR(K22+M22,"-") -> 2456.2 | P22: =IFERROR(O22/H22,"-") -> 1.0059385 | Q22: 3 | R22: =IFERROR(Q22/H22,"-") -> 0.0012286522 | S22: =IFERROR(O22-H22,"-") -> 14.5 | T22: =IFERROR(S22/H22,"-") -> 0.0059384855 | U22: =IFERROR(S22*G22,"-") -> 1119.4 | V22: 包裝 | W22: 取樣不穩 | X22: 超用 | Y22: 加強教育訓練，抓樣範圍95%~103% | Z22: 1 | AA22: 韓式炒冬粉
D23: 19 | E23: 紅切達起司絲 | F23: =IFERROR(Q23*G23,"-") -> 235 | G23: 235 | H23: 56.8 | I23: 50.1 | J23: =IFERROR(I23/H23,"-") -> 0.88204225 | K23: 58.1 | L23: =IFERROR(K23/H23,"-") -> 1.0228873 | M23: 0 | N23: =IFERROR(M23/H23,"-") -> 0 | O23: =IFERROR(K23+M23,"-") -> 58.1 | P23: =IFERROR(O23/H23,"-") -> 1.0228873 | Q23: 1 | R23: =IFERROR(Q23/H23,"-") -> 0.017605634 | S23: =IFERROR(O23-H23,"-") -> 1.3 | T23: =IFERROR(S23/H23,"-") -> 0.022887324 | U23: =IFERROR(S23*G23,"-") -> 305.5 | V23: 調理 | W23: 調理多產 | X23: 補料需拆超1包，剩餘報廢 | Z23: 1 | AA23: 奶油培根義大利麵
D24: 20 | E24: 川燙油菜 | F24: =IFERROR(Q24*G24,"-") -> 196.56 | G24: 140.4 | H24: 302.2 | I24: 284 | J24: =IFERROR(I24/H24,"-") -> 0.93977498 | K24: 308.3 | L24: =IFERROR(K24/H24,"-") -> 1.0201853 | M24: 0 | N24: =IFERROR(M24/H24,"-") -> 0 | O24: =IFERROR(K24+M24,"-") -> 308.3 | P24: =IFERROR(O24/H24,"-") -> 1.0201853 | Q24: 1.4 | R24: =IFERROR(Q24/H24,"-") -> 0.0046326936 | S24: =IFERROR(O24-H24,"-") -> 6.1 | T24: =IFERROR(S24/H24,"-") -> 0.020185308 | U24: =IFERROR(S24*G24,"-") -> 856.44 | V24: 生管預估 | W24: 展開量高於需求量 | X24: 預估量大於訂單量 | Y24: 除中式麵外，A級3i依預估90%配料，其餘品項拉低預估量 | Z24: 1 | AA24: 府城鹽水意麵

Sheet 超用－原因別分析 (週) 
B2: 超用前二十名紀錄表
B3: 月別 | D3: 排序 | E3: 半成品名稱 | F3: 超用金額 (元) | G3: 半成品單價 (元/kg) | H3: 訂單需求 (kg/個) | I3: 生管展開 | K3: 生產實際產出 | M3: 生產補單 | O3: 總產出 | Q3: 報廢 | T3: 超用 | V3: 類別 | W3: 分析原因 | X3: 原因說明 | Y3: 後續對策 | Z3: 次數 | AA3: 備註-商品名稱 | AC3: 分析原因（件）
I4: kg/個 | J4: % | K4: kg/個 | L4: % | M4: kg/個 | N4: % | O4: kg/個 | P4: % | Q4: kg/個 | R4: % | S4: 元 | T4: kg/個 | U4: %
B5: 0623-0629 | D5: 1 | E5: 義麵-拿鐵醬 | F5: =IFERROR(T5*G5,"-") -> 12271.35 | G5: 108.5 | H5: 1337.7 | I5: 1485 | J5: =IFERROR(I5/H5,"-") -> 1.1101144 | K5: 1450.8 | L5: =IFERROR(K5/H5,"-") -> 1.0845481 | M5: 0 | N5: =IFERROR(M5/H5,"-") -> 0 | O5: =IFERROR(K5+M5,"-") -> 1450.8 | P5: =IFERROR(O5/H5,"-") -> 1.0845481 | Q5: 89.2 | R5: =IFERROR(Q5/H5,"-") -> 0.066681618 | S5: =IFERROR(Q5*G5,"-") -> 9678.2 | T5: =IFERROR(O5-H5,"-") -> 113.1 | U5: =IFERROR(T5/H5,"-") -> 0.084548105 | V5: 生管預估 | W5: 展開量高於需求量 | X5: 展開量高於需求量 | Y5: 除中式麵外，A級3i依預估90%配料，其餘品項拉低預估量 | Z5: 1 | AA5: 焦糖拿鐵烤雞細扁麵
D6: 2 | E6: 義麵-海鮮湯凍(115年) | F6: =IFERROR(T6*G6,"-") -> 5469.34 | G6: 140.6 | H6: 1508.2 | I6: 1440 | J6: =IFERROR(I6/H6,"-") -> 0.95478053 | K6: 1547.1 | L6: =IFERROR(K6/H6,"-") -> 1.0257923 | M6: 0 | N6: =IFERROR(M6/H6,"-") -> 0 | O6: =IFERROR(K6+M6,"-") -> 1547.1 | P6: =IFERROR(O6/H6,"-") -> 1.0257923 | Q6: 41.6 | R6: =IFERROR(Q6/H6,"-") -> 0.027582549 | S6: =IFERROR(Q6*G6,"-") -> 5848.96 | T6: =IFERROR(O6-H6,"-") -> 38.9 | U6: =IFERROR(T6/H6,"-") -> 0.025792335 | V6: 生管預估 | W6: 展開量高於需求量 | X6: 展開量高於需求量 | Y6: 除中式麵外，A級3i依預估90%配料，其餘品項拉低預估量 | Z6: 1 | AA6: 白酒清炒鮮蛤義大利麵 | AC6: 總件數 | AD6: 展開量高於需求量 | AE6: 調理多產 | AF6: 製程不穩 | AG6: 取樣不穩 | AH6: 原物料規格 | AI6: 研發設定 | AJ6: 其他原因
D7: 3 | E7: 煮青花椒湯凍(114年) | F7: =IFERROR(T7*G7,"-") -> 4926.6 | G7: 193.2 | H7: 1323.6 | I7: 1284 | J7: =IFERROR(I7/H7,"-") -> 0.9700816 | K7: 1349.1 | L7: =IFERROR(K7/H7,"-") -> 1.0192656 | M7: 0 | N7: =IFERROR(M7/H7,"-") -> 0 | O7: =IFERROR(K7+M7,"-") -> 1349.1 | P7: =IFERROR(O7/H7,"-") -> 1.0192656 | Q7: 13.6 | R7: =IFERROR(Q7/H7,"-") -> 0.010275008 | S7: =IFERROR(Q7*G7,"-") -> 2627.52 | T7: =IFERROR(O7-H7,"-") -> 25.5 | U7: =IFERROR(T7/H7,"-") -> 0.019265639 | V7: 生管預估 | W7: 展開量高於需求量 | X7: 展開量高於需求量 | Y7: 除中式麵外，A級3i依預估90%配料，其餘品項拉低預估量 | Z7: 1 | AA7: 青花椒麻雞肉拌麵 | AC7: =SUM(Z5:Z24) -> 20 | AD7: =SUMIF($W$5:$W$24,TRIM(AD6),$Z$5:$Z$24) -> 17 | AE7: =SUMIF($W$5:$W$24,TRIM(AE6),$Z$5:$Z$24) -> 0 | AF7: =SUMIF($W$5:$W$24,TRIM(AF6),$Z$5:$Z$24) -> 0 | AG7: =SUMIF($W$5:$W$24,TRIM(AG6),$Z$5:$Z$24) -> 3 | AH7: =SUMIF($W$5:$W$24,TRIM(AH6),$Z$5:$Z$24) -> 0 | AI7: =SUMIF($W$5:$W$24,TRIM(AI6),$Z$5:$Z$24) -> 0 | AJ7: =SUMIF($W$5:$W$24,TRIM(AJ6),$Z$5:$Z$24) -> 0
D8: 4 | E8: 煮意麵肉燥 | F8: =IFERROR(T8*G8,"-") -> 4747.68 | G8: 125.6 | H8: 2554.2 | I8: 2394 | J8: =IFERROR(I8/H8,"-") -> 0.93727977 | K8: 2592 | L8: =IFERROR(K8/H8,"-") -> 1.0147992 | M8: 0 | N8: =IFERROR(M8/H8,"-") -> 0 | O8: =IFERROR(K8+M8,"-") -> 2592 | P8: =IFERROR(O8/H8,"-") -> 1.0147992 | Q8: 31.1 | R8: =IFERROR(Q8/H8,"-") -> 0.012176024 | S8: =IFERROR(Q8*G8,"-") -> 3906.16 | T8: =IFERROR(O8-H8,"-") -> 37.8 | U8: =IFERROR(T8/H8,"-") -> 0.014799154 | V8: 生管預估 | W8: 展開量高於需求量 | X8: 展開量高於需求量 | Y8: 除中式麵外，A級3i依預估90%配料，其餘品項拉低預估量 | Z8: 1 | AA8: 府城鹽水意麵 | AC8: 金額 | AD8: =SUMIF($W5:$W$24,TRIM(AD6),$F$5:$F$24) -> 50319.71 | AE8: =SUMIF($W5:$W$24,TRIM(AE6),$F$5:$F$24) -> 0 | AF8: =SUMIF($W5:$W$24,TRIM(AF6),$F$5:$F$24) -> 0 | AG8: =SUMIF($W5:$W$24,TRIM(AG6),$F$5:$F$24) -> 7464.24 | AH8: =SUMIF($W5:$W$24,TRIM(AH6),$F$5:$F$24) -> 0 | AI8: =SUMIF($W5:$W$24,TRIM(AI6),$F$5:$F$24) -> 0 | AJ8: =SUMIF($W5:$W$24,TRIM(AJ6),$F$5:$F$24) -> 0
D9: 5 | E9: 川燙-切紅黃甜椒絲 | F9: =IFERROR(T9*G9,"-") -> 3947.44 | G9: 296.8 | H9: 118.9 | I9: 132 | J9: =IFERROR(I9/H9,"-") -> 1.1101766 | K9: 132.2 | L9: =IFERROR(K9/H9,"-") -> 1.1118587 | M9: 0 | N9: =IFERROR(M9/H9,"-") -> 0 | O9: =IFERROR(K9+M9,"-") -> 132.2 | P9: =IFERROR(O9/H9,"-") -> 1.1118587 | Q9: 13 | R9: =IFERROR(Q9/H9,"-") -> 0.10933558 | S9: =IFERROR(Q9*G9,"-") -> 3858.4 | T9: =IFERROR(O9-H9,"-") -> 13.3 | U9: =IFERROR(T9/H9,"-") -> 0.1118587 | V9: 生管預估 | W9: 展開量高於需求量 | X9: 展開量高於需求量 | Y9: 除中式麵外，A級3i依預估90%配料，其餘品項拉低預估量 | Z9: 1 | AA9: 焦糖拿鐵烤雞細扁麵 | AC9: 百分比 | AD9: =AD7/$AC7 -> 0.85 | AE9: =AE7/$AC7 -> 0 | AF9: =AF7/$AC7 -> 0 | AG9: =AG7/$AC7 -> 0.15 | AH9: =AH7/$AC7 -> 0 | AI9: =AI7/$AC7 -> 0 | AJ9: =AJ7/$AC7 -> 0
D10: 6 | E10: 混拌玉米美乃滋鮪魚 | F10: =IFERROR(T10*G10,"-") -> 3847.8 | G10: 159 | H10: 1415 | I10: 1380 | J10: =IFERROR(I10/H10,"-") -> 0.97526502 | K10: 1414.8 | L10: =IFERROR(K10/H10,"-") -> 0.99985866 | M10: 24.4 | N10: =IFERROR(M10/H10,"-") -> 0.017243816 | O10: =IFERROR(K10+M10,"-") -> 1439.2 | P10: =IFERROR(O10/H10,"-") -> 1.0171025 | Q10: 15.4 | R10: =IFERROR(Q10/H10,"-") -> 0.010883392 | S10: =IFERROR(Q10*G10,"-") -> 2448.6 | T10: =IFERROR(O10-H10,"-") -> 24.2 | U10: =IFERROR(T10/H10,"-") -> 0.017102473 | V10: 包裝 | W10: 取樣不穩 | X10: 超用 | Y10: 加強教育訓練，抓樣範圍95%~103% | Z10: 1 | AA10: 義式蛋蛋青醬鮪魚冷義大利麵
D11: 7 | E11: 義麵-蒜味蝦醬(115年) | F11: =IFERROR(T11*G11,"-") -> 3318 | G11: 118.5 | H11: 833.1 | I11: 777 | J11: =IFERROR(I11/H11,"-") -> 0.93266115 | K11: 861.1 | L11: =IFERROR(K11/H11,"-") -> 1.0336094 | M11: 0 | N11: =IFERROR(M11/H11,"-") -> 0 | O11: =IFERROR(K11+M11,"-") -> 861.1 | P11: =IFERROR(O11/H11,"-") -> 1.0336094 | Q11: 23.4 | R11: =IFERROR(Q11/H11,"-") -> 0.028087865 | S11: =IFERROR(Q11*G11,"-") -> 2772.9 | T11: =IFERROR(O11-H11,"-") -> 28 | U11: =IFERROR(T11/H11,"-") -> 0.033609411 | V11: 生管預估 | W11: 展開量高於需求量 | X11: 展開量高於需求量 | Y11: 除中式麵外，A級3i依預估90%配料，其餘品項拉低預估量 | Z11: 1 | AA11: 蒜香奶油蝦蝦義大利麵
D12: 8 | E12: 義麵-經典肉醬(114年) | F12: =IFERROR(T12*G12,"-") -> 2648.23 | G12: 156.7 | H12: 4391.8 | I12: 3996 | J12: =IFERROR(I12/H12,"-") -> 0.9098775 | K12: 4408.7 | L12: =IFERROR(K12/H12,"-") -> 1.0038481 | M12: 0 | N12: =IFERROR(M12/H12,"-") -> 0 | O12: =IFERROR(K12+M12,"-") -> 4408.7 | P12: =IFERROR(O12/H12,"-") -> 1.0038481 | Q12: 17.4 | R12: =IFERROR(Q12/H12,"-") -> 0.003961929 | S12: =IFERROR(Q12*G12,"-") -> 2726.58 | T12: =IFERROR(O12-H12,"-") -> 16.9 | U12: =IFERROR(T12/H12,"-") -> 0.0038480805 | V12: 生管預估 | W12: 展開量高於需求量 | X12: 展開量高於需求量 | Y12: 除中式麵外，A級3i依預估90%配料，其餘品項拉低預估量 | Z12: 1 | AA12: 義式蕃茄起司義大利麵 | AD12: 調理
D13: 9 | E13: 煮鹽水意麵 | F13: =IFERROR(T13*G13,"-") -> 2497.04 | G13: 36.4 | H13: 8392.2 | I13: 7866 | J13: =IFERROR(I13/H13,"-") -> 0.93729892 | K13: 8402.2 | L13: =IFERROR(K13/H13,"-") -> 1.0011916 | M13: 58.6 | N13: =IFERROR(M13/H13,"-") -> 0.0069826744 | O13: =IFERROR(K13+M13,"-") -> 8460.8 | P13: =IFERROR(O13/H13,"-") -> 1.0081743 | Q13: 10.6 | R13: =IFERROR(Q13/H13,"-") -> 0.0012630776 | S13: =IFERROR(Q13*G13,"-") -> 385.84 | T13: =IFERROR(O13-H13,"-") -> 68.6 | U13: =IFERROR(T13/H13,"-") -> 0.008174257 | V13: 包裝 | W13: 取樣不穩 | X13: 超用 | Y13: 加強教育訓練，抓樣範圍95%~103% | Z13: 1 | AA13: 府城鹽水意麵 | AD13: 包裝
D14: 10 | E14: 113年煮沙茶炒麵湯凍 | F14: =IFERROR(T14*G14,"-") -> 2103.12 | G14: 82.8 | H14: 624 | I14: 623.4 | J14: =IFERROR(I14/H14,"-") -> 0.99903846 | K14: 649.4 | L14: =IFERROR(K14/H14,"-") -> 1.0407051 | M14: 0 | N14: =IFERROR(M14/H14,"-") -> 0 | O14: =IFERROR(K14+M14,"-") -> 649.4 | P14: =IFERROR(O14/H14,"-") -> 1.0407051 | Q14: 17.8 | R14: =IFERROR(Q14/H14,"-") -> 0.028525641 | S14: =IFERROR(Q14*G14,"-") -> 1473.84 | T14: =IFERROR(O14-H14,"-") -> 25.4 | U14: =IFERROR(T14/H14,"-") -> 0.040705128 | V14: 生管預估 | W14: 展開量高於需求量 | X14: 展開量高於需求量 | Y14: 除中式麵外，A級3i依預估90%配料，其餘品項拉低預估量 | Z14: 1 | AA14: 沙茶豬肉炒麵 | AD14: 研發
D15: 11 | E15: 混蒜酥洋香菜(114年) | F15: =IFERROR(T15*G15,"-") -> 1701.8 | G15: 850.9 | H15: 59.5 | I15: 55.5 | J15: =IFERROR(I15/H15,"-") -> 0.93277311 | K15: 61.5 | L15: =IFERROR(K15/H15,"-") -> 1.0336134 | M15: 0 | N15: =IFERROR(M15/H15,"-") -> 0 | O15: =IFERROR(K15+M15,"-") -> 61.5 | P15: =IFERROR(O15/H15,"-") -> 1.0336134 | Q15: 2 | R15: =IFERROR(Q15/H15,"-") -> 0.033613445 | S15: =IFERROR(Q15*G15,"-") -> 1701.8 | T15: =IFERROR(O15-H15,"-") -> 2 | U15: =IFERROR(T15/H15,"-") -> 0.033613445 | V15: 生管預估 | W15: 展開量高於需求量 | X15: 展開量高於需求量 | Y15: 除中式麵外，A級3i依預估90%配料，其餘品項拉低預估量 | Z15: 1 | AA15: 蒜香奶油蝦蝦義大利麵 | AD15: 生管預估
D16: 12 | E16: 義麵-蛋黃白醬(113年) | F16: =IFERROR(T16*G16,"-") -> 1607.84 | G16: 77.3 | H16: 4156.3 | I16: 3876 | J16: =IFERROR(I16/H16,"-") -> 0.93256021 | K16: 4177.1 | L16: =IFERROR(K16/H16,"-") -> 1.0050045 | M16: 0 | N16: =IFERROR(M16/H16,"-") -> 0 | O16: =IFERROR(K16+M16,"-") -> 4177.1 | P16: =IFERROR(O16/H16,"-") -> 1.0050045 | Q16: 14.4 | R16: =IFERROR(Q16/H16,"-") -> 0.00346462 | S16: =IFERROR(Q16*G16,"-") -> 1113.12 | T16: =IFERROR(O16-H16,"-") -> 20.8 | U16: =IFERROR(T16/H16,"-") -> 0.0050044511 | V16: 生管預估 | W16: 展開量高於需求量 | X16: 展開量高於需求量 | Y16: 除中式麵外，A級3i依預估90%配料，其餘品項拉低預估量 | Z16: 1 | AA16: 焗烤起司雙饗筆尖麵 | AD16: 原物料
D17: 13 | E17: 炒油菜紅蘿蔔絲 | F17: =IFERROR(T17*G17,"-") -> 1281.28 | G17: 100.1 | H17: 221.9 | I17: 223.2 | J17: =IFERROR(I17/H17,"-") -> 1.0058585 | K17: 234.7 | L17: =IFERROR(K17/H17,"-") -> 1.0576836 | M17: 0 | N17: =IFERROR(M17/H17,"-") -> 0 | O17: =IFERROR(K17+M17,"-") -> 234.7 | P17: =IFERROR(O17/H17,"-") -> 1.0576836 | Q17: 1 | R17: =IFERROR(Q17/H17,"-") -> 0.0045065345 | S17: =IFERROR(Q17*G17,"-") -> 100.1 | T17: =IFERROR(O17-H17,"-") -> 12.8 | U17: =IFERROR(T17/H17,"-") -> 0.057683641 | V17: 生管預估 | W17: 展開量高於需求量 | X17: 展開量高於需求量 | Y17: 除中式麵外，A級3i依預估90%配料，其餘品項拉低預估量 | Z17: 1 | AA17: 沙茶豬肉炒麵
D18: 14 | E18: 奶香白醬 | F18: =IFERROR(T18*G18,"-") -> 1203.3 | G18: 95.5 | H18: 962 | I18: 962.5 | J18: =IFERROR(I18/H18,"-") -> 1.0005198 | K18: 974.6 | L18: =IFERROR(K18/H18,"-") -> 1.0130977 | M18: 0 | N18: =IFERROR(M18/H18,"-") -> 0 | O18: =IFERROR(K18+M18,"-") -> 974.6 | P18: =IFERROR(O18/H18,"-") -> 1.0130977 | Q18: 12.9 | R18: =IFERROR(Q18/H18,"-") -> 0.013409563 | S18: =IFERROR(Q18*G18,"-") -> 1231.95 | T18: =IFERROR(O18-H18,"-") -> 12.6 | U18: =IFERROR(T18/H18,"-") -> 0.013097713 | V18: 生管預估 | W18: 展開量高於需求量 | X18: 展開量高於需求量 | Y18: 除中式麵外，A級3i依預估90%配料，其餘品項拉低預估量 | Z18: 1 | AA18: 香煎魚排佐檸檬奶油義大利麵
D19: 15 | E19: 義麵-經典肉醬(114年) | F19: =IFERROR(T19*G19,"-") -> 1197.8 | G19: 106 | H19: 624.9 | I19: 540 | J19: =IFERROR(I19/H19,"-") -> 0.86413826 | K19: 636.2 | L19: =IFERROR(K19/H19,"-") -> 1.0180829 | M19: 0 | N19: =IFERROR(M19/H19,"-") -> 0 | O19: =IFERROR(K19+M19,"-") -> 636.2 | P19: =IFERROR(O19/H19,"-") -> 1.0180829 | Q19: 8.6 | R19: =IFERROR(Q19/H19,"-") -> 0.013762202 | S19: =IFERROR(Q19*G19,"-") -> 911.6 | T19: =IFERROR(O19-H19,"-") -> 11.3 | U19: =IFERROR(T19/H19,"-") -> 0.018082893 | V19: 生管預估 | W19: 展開量高於需求量 | X19: 展開量高於需求量 | Y19: 除中式麵外，A級3i依預估90%配料，其餘品項拉低預估量 | Z19: 1 | AA19: 義式辣味嫩烤雞排義大利麵
D20: 16 | E20: 炒韓式冬粉 | F20: =IFERROR(T20*G20,"-") -> 1119.4 | G20: 77.2 | H20: 2441.7 | I20: 2415 | J20: =IFERROR(I20/H20,"-") -> 0.989065 | K20: 2444 | L20: =IFERROR(K20/H20,"-") -> 1.000942 | M20: 12.2 | N20: =IFERROR(M20/H20,"-") -> 0.0049965188 | O20: =IFERROR(K20+M20,"-") -> 2456.2 | P20: =IFERROR(O20/H20,"-") -> 1.0059385 | Q20: 3 | R20: =IFERROR(Q20/H20,"-") -> 0.0012286522 | S20: =IFERROR(Q20*G20,"-") -> 231.6 | T20: =IFERROR(O20-H20,"-") -> 14.5 | U20: =IFERROR(T20/H20,"-") -> 0.0059384855 | V20: 包裝 | W20: 取樣不穩 | X20: 超用 | Y20: 加強教育訓練，抓樣範圍95%~103% | Z20: 1 | AA20: 韓式炒冬粉
D21: 17 | E21: 川燙油菜 | F21: =IFERROR(T21*G21,"-") -> 1074.33 | G21: 155.7 | H21: 330.9 | I21: 321 | J21: =IFERROR(I21/H21,"-") -> 0.9700816 | K21: 337.8 | L21: =IFERROR(K21/H21,"-") -> 1.0208522 | M21: 0 | N21: =IFERROR(M21/H21,"-") -> 0 | O21: =IFERROR(K21+M21,"-") -> 337.8 | P21: =IFERROR(O21/H21,"-") -> 1.0208522 | Q21: 7.5 | R21: =IFERROR(Q21/H21,"-") -> 0.022665458 | S21: =IFERROR(Q21*G21,"-") -> 1167.75 | T21: =IFERROR(O21-H21,"-") -> 6.9 | U21: =IFERROR(T21/H21,"-") -> 0.020852221 | V21: 生管預估 | W21: 展開量高於需求量 | X21: 展開量高於需求量 | Y21: 除中式麵外，A級3i依預估90%配料，其餘品項拉低預估量 | Z21: 1 | AA21: 青花椒麻雞肉拌麵
D22: 18 | E22: 鮮食雙色起司絲 | F22: =IFERROR(T22*G22,"-") -> 1060 | G22: 200 | H22: 81.9 | I22: 72 | J22: =IFERROR(I22/H22,"-") -> 0.87912088 | K22: 87.2 | L22: =IFERROR(K22/H22,"-") -> 1.0647131 | M22: 0 | N22: =IFERROR(M22/H22,"-") -> 0 | O22: =IFERROR(K22+M22,"-") -> 87.2 | P22: =IFERROR(O22/H22,"-") -> 1.0647131 | Q22: 1 | R22: =IFERROR(Q22/H22,"-") -> 0.012210012 | S22: =IFERROR(Q22*G22,"-") -> 200 | T22: =IFERROR(O22-H22,"-") -> 5.3 | U22: =IFERROR(T22/H22,"-") -> 0.064713065 | V22: 生管預估 | W22: 展開量高於需求量 | X22: 展開量高於需求量 | Y22: 除中式麵外，A級3i依預估90%配料，其餘品項拉低預估量 | Z22: 1 | AA22: 義式蕃茄起司義大利麵
D23: 19 | E23: 炒沙茶醬 | F23: =IFERROR(T23*G23,"-") -> 905.16 | G23: 238.2 | H23: 77.5 | I23: 77.5 | J23: =IFERROR(I23/H23,"-") -> 1 | K23: 81.3 | L23: =IFERROR(K23/H23,"-") -> 1.0490323 | M23: 0 | N23: =IFERROR(M23/H23,"-") -> 0 | O23: =IFERROR(K23+M23,"-") -> 81.3 | P23: =IFERROR(O23/H23,"-") -> 1.0490323 | Q23: 3.4 | R23: =IFERROR(Q23/H23,"-") -> 0.043870968 | S23: =IFERROR(Q23*G23,"-") -> 809.88 | T23: =IFERROR(O23-H23,"-") -> 3.8 | U23: =IFERROR(T23/H23,"-") -> 0.049032258 | V23: 生管預估 | W23: 展開量高於需求量 | X23: 展開量高於需求量 | Y23: 除中式麵外，A級3i依預估90%配料，其餘品項拉低預估量 | Z23: 1 | AA23: 沙茶豬肉炒麵
D24: 20 | E24: 川燙油菜 | F24: =IFERROR(T24*G24,"-") -> 856.44 | G24: 140.4 | H24: 302.2 | I24: 284 | J24: =IFERROR(I24/H24,"-") -> 0.93977498 | K24: 308.3 | L24: =IFERROR(K24/H24,"-") -> 1.0201853 | M24: 0 | N24: =IFERROR(M24/H24,"-") -> 0 | O24: =IFERROR(K24+M24,"-") -> 308.3 | P24: =IFERROR(O24/H24,"-") -> 1.0201853 | Q24: 1.4 | R24: =IFERROR(Q24/H24,"-") -> 0.0046326936 | S24: =IFERROR(Q24*G24,"-") -> 196.56 | T24: =IFERROR(O24-H24,"-") -> 6.1 | U24: =IFERROR(T24/H24,"-") -> 0.020185308 | V24: 生管預估 | W24: 展開量高於需求量 | X24: 展開量高於需求量 | Y24: 除中式麵外，A級3i依預估90%配料，其餘品項拉低預估量 | Z24: 1 | AA24: 府城鹽水意麵

Sheet 日別報廢率總表 
A1: 長家廠半成品管理日別總表
A2: 日期 | B2: 營業額 | C2: 報廢額 | D2: 報廢率 KPI 0.25% | E2: 超用額 | F2: 超用率 | G2: 廢棄前10名 | I2: 超用前10名 | K2: 共用類廢棄 | M2: 週累積
G3: 金額總計 | H3: 構成比 | I3: 金額總計 | J3: 構成比 | K3: 金額總計 | L3: 構成比 KPI 15% | M3: 營業額 | N3: 週報廢 | O3: 週超用
A4: 46174 | B4: 2835003 | C4: 3986.4195 | D4: =C4/B4 -> 0.001406143 | E4: 6685.0697 | F4: =E4/B4 -> 0.0023580468 | G4: 3986.4195 | H4: =G4/C4 -> 1 | I4: 6685.0697 | J4: =I4/E4 -> 1 | K4: 0 | L4: =K4/C4 -> 0
A5: =A4+1 -> 46175 | B5: 2722521.9 | C5: 2862.114 | D5: =C5/B5 -> 0.0010512731 | E5: 7057.4119 | F5: =E5/B5 -> 0.0025922333 | G5: 2862.114 | H5: =G5/C5 -> 1 | I5: 7057.4119 | J5: =I5/E5 -> 1 | K5: 0 | L5: =K5/C5 -> 0 | M5: =SUM(B5:B11) -> 18052963 | N5: =SUM(C5:C11) -> 52016.844 | O5: =SUM(E5:E11) -> 78046.934
A6: =A5+1 -> 46176 | B6: 2452866.6 | C6: 7924.906 | D6: =C6/B6 -> 0.0032308752 | E6: 13032.877 | F6: =E6/B6 -> 0.0053133247 | G6: 7924.906 | H6: =G6/C6 -> 1 | I6: 13032.877 | J6: =I6/E6 -> 1 | K6: 0 | L6: =K6/C6 -> 0
A7: =A6+1 -> 46177 | B7: 2382946.1 | C7: 5578.5348 | D7: =C7/B7 -> 0.0023410243 | E7: 5470.5875 | F7: =E7/B7 -> 0.0022957244 | G7: 5578.5348 | H7: =G7/C7 -> 1 | I7: 5470.5875 | J7: =I7/E7 -> 1 | K7: 0 | L7: =K7/C7 -> 0
A8: =A7+1 -> 46178 | B8: 1944479.1 | C8: 25778.887 | D8: =C8/B8 -> 0.013257478 | E8: 35517.401 | F8: =E8/B8 -> 0.018265767 | G8: 25778.887 | H8: =G8/C8 -> 1 | I8: 35517.401 | J8: =I8/E8 -> 1 | K8: 0 | L8: =K8/C8 -> 0
A9: =A8+1 -> 46179 | B9: 2318273.6 | C9: 2395.271 | D9: =C9/B9 -> 0.0010332132 | E9: 7752.639 | F9: =E9/B9 -> 0.0033441432 | G9: 2395.271 | H9: =G9/C9 -> 1 | I9: 7752.639 | J9: =I9/E9 -> 1 | K9: 0 | L9: =K9/C9 -> 0
A10: =A9+1 -> 46180 | B10: 2991875.1 | C10: 3054.7055 | D10: =C10/B10 -> 0.0010210003 | E10: 7327.6691 | F10: =E10/B10 -> 0.0024491895 | G10: 3054.7055 | H10: =G10/C10 -> 1 | I10: 7327.6691 | J10: =I10/E10 -> 1 | K10: 0 | L10: =K10/C10 -> 0
A11: =A10+1 -> 46181 | B11: 3240000.7 | C11: 4422.425 | D11: =C11/B11 -> 0.0013649457 | E11: 1888.348 | F11: =E11/B11 -> 0.00058282333 | G11: 4422.425 | H11: =G11/C11 -> 1 | I11: 1888.348 | J11: =I11/E11 -> 1 | K11: 0 | L11: =K11/C11 -> 0
A12: =A11+1 -> 46182 | B12: 3508974.2 | C12: 5465.763 | D12: =C12/B12 -> 0.0015576526 | E12: 11030.716 | F12: =E12/B12 -> 0.0031435727 | G12: 5465.763 | H12: =G12/C12 -> 1 | I12: 11030.716 | J12: =I12/E12 -> 1 | K12: 0 | L12: =K12/C12 -> 0 | M12: =SUM(B12:B18) -> 21305360 | N12: =SUM(C12:C18) -> 54678.455 | O12: =SUM(E12:E18) -> 87504.761
A13: =A12+1 -> 46183 | B13: 3139481 | C13: 8913.7696 | D13: =C13/B13 -> 0.0028392494 | E13: 13181.442 | F13: =E13/B13 -> 0.0041986055 | G13: 8913.7696 | H13: =G13/C13 -> 1 | I13: 13181.442 | J13: =I13/E13 -> 1 | K13: 0 | L13: =K13/C13 -> 0
A14: =A13+1 -> 46184 | B14: 3042840.9 | C14: 2603.556 | D14: =C14/B14 -> 0.00085563331 | E14: 4063.4463 | F14: =E14/B14 -> 0.001335412 | G14: 2603.556 | H14: =G14/C14 -> 1 | I14: 4063.4463 | J14: =I14/E14 -> 1 | K14: 0 | L14: =K14/C14 -> 0
A15: =A14+1 -> 46185 | B15: 2238951.4 | C15: 16173.427 | D15: =C15/B15 -> 0.0072236617 | E15: 19635.615 | F15: =E15/B15 -> 0.0087700052 | G15: 16173.427 | H15: =G15/C15 -> 1 | I15: 19635.615 | J15: =I15/E15 -> 1 | K15: 0 | L15: =K15/C15 -> 0
A16: =A15+1 -> 46186 | B16: 2665425.6 | C16: 6450.2529 | D16: =C16/B16 -> 0.0024199711 | E16: 9352.2816 | F16: =E16/B16 -> 0.0035087385 | G16: 6450.2529 | H16: =G16/C16 -> 1 | I16: 9352.2816 | J16: =I16/E16 -> 1 | K16: 0 | L16: =K16/C16 -> 0
A17: =A16+1 -> 46187 | B17: 3415399.9 | C17: 8554.5725 | D17: =C17/B17 -> 0.002504706 | E17: 23171.259 | F17: =E17/B17 -> 0.0067843472 | G17: 8554.5725 | H17: =G17/C17 -> 1 | I17: 23171.259 | J17: =I17/E17 -> 1 | K17: 0 | L17: =K17/C17 -> 0
A18: =A17+1 -> 46188 | B18: 3294287.4 | C18: 6517.1139 | D18: =C18/B18 -> 0.0019783076 | E18: 7070.0014 | F18: =E18/B18 -> 0.0021461398 | G18: 6517.1139 | H18: =G18/C18 -> 1 | I18: 7070.0014 | J18: =I18/E18 -> 1 | K18: 0 | L18: =K18/C18 -> 0
A19: =A18+1 -> 46189 | B19: 3209761.2 | C19: 10082.986 | D19: =C19/B19 -> 0.0031413507 | E19: 14959.877 | F19: =E19/B19 -> 0.0046607445 | G19: 10082.986 | H19: =G19/C19 -> 1 | I19: 14959.877 | J19: =I19/E19 -> 1 | K19: 0 | L19: =K19/C19 -> 0 | M19: =SUM(B19:B25) -> 18358742 | N19: =SUM(C19:C25) -> 68764.951 | O19: =SUM(E19:E25) -> 111484.82
A20: =A19+1 -> 46190 | B20: 2739001.4 | C20: 21042.457 | D20: =C20/B20 -> 0.0076825287 | E20: 29755.389 | F20: =E20/B20 -> 0.01086359 | G20: 21042.457 | H20: =G20/C20 -> 1 | I20: 29755.389 | J20: =I20/E20 -> 1 | K20: 0 | L20: =K20/C20 -> 0
A21: =A20+1 -> 46191 | B21: 2148217.9 | C21: 16525.317 | D21: =C21/B21 -> 0.00769257 | E21: 28710.917 | F21: =E21/B21 -> 0.013364993 | G21: 16525.317 | H21: =G21/C21 -> 1 | I21: 28710.917 | J21: =I21/E21 -> 1 | K21: 0 | L21: =K21/C21 -> 0
A22: =A21+1 -> 46192 | B22: 2051065 | C22: 9086.6615 | D22: =C22/B22 -> 0.0044302163 | E22: 12868.022 | F22: =E22/B22 -> 0.0062738244 | G22: 9086.6615 | H22: =G22/C22 -> 1 | I22: 12868.022 | J22: =I22/E22 -> 1 | K22: 0 | L22: =K22/C22 -> 0
A23: =A22+1 -> 46193 | B23: 2183098.7 | C23: 1998.46 | D23: =C23/B23 -> 0.00091542356 | E23: 6216.802 | F23: =E23/B23 -> 0.0028476962 | G23: 1998.46 | H23: =G23/C23 -> 1 | I23: 6216.802 | J23: =I23/E23 -> 1 | K23: 0 | L23: =K23/C23 -> 0
A24: =A23+1 -> 46194 | B24: 3045937.9 | C24: 5829.4605 | D24: =C24/B24 -> 0.0019138474 | E24: 10925.756 | F24: =E24/B24 -> 0.0035869924 | G24: 5829.4605 | H24: =G24/C24 -> 1 | I24: 10925.756 | J24: =I24/E24 -> 1 | K24: 0 | L24: =K24/C24 -> 0
A25: =A24+1 -> 46195 | B25: 2981660.1 | C25: 4199.6105 | D25: =C25/B25 -> 0.0014084806 | E25: 8048.0603 | F25: =E25/B25 -> 0.0026991877 | G25: 4199.6105 | H25: =G25/C25 -> 1 | I25: 8048.0603 | J25: =I25/E25 -> 1 | K25: 0 | L25: =K25/C25 -> 0
A26: =A25+1 -> 46196 | B26: 3337100 | C26: 4233.9685 | D26: =C26/B26 -> 0.0012687569 | E26: 6506.0842 | F26: =E26/B26 -> 0.0019496222 | G26: 4233.9685 | H26: =G26/C26 -> 1 | I26: 6506.0842 | J26: =I26/E26 -> 1 | K26: 0 | L26: =K26/C26 -> 0 | M26: =SUM(B26:B32) -> 20223118 | N26: =SUM(C26:C32) -> 49137.235 | O26: =SUM(E26:E32) -> 63724.525
A27: =A26+1 -> 46197 | B27: 2882994.2 | C27: 3986.9155 | D27: =C27/B27 -> 0.0013829079 | E27: 6528.5133 | F27: =E27/B27 -> 0.0022644906 | G27: 3986.9155 | H27: =G27/C27 -> 1 | I27: 6528.5133 | J27: =I27/E27 -> 1 | K27: 0 | L27: =K27/C27 -> 0
A28: =A27+1 -> 46198 | B28: 2814327.4 | C28: 5902.0521 | D28: =C28/B28 -> 0.0020971448 | E28: 9121.3594 | F28: =E28/B28 -> 0.0032410442 | G28: 5902.0521 | H28: =G28/C28 -> 1 | I28: 9121.3594 | J28: =I28/E28 -> 1 | K28: 0 | L28: =K28/C28 -> 0
A29: =A28+1 -> 46199 | B29: 2265418.4 | C29: 23602.1 | D29: =C29/B29 -> 0.010418428 | E29: 30387.47 | F29: =E29/B29 -> 0.013413624 | G29: 23602.1 | H29: =G29/C29 -> 1 | I29: 30387.47 | J29: =I29/E29 -> 1 | K29: 0 | L29: =K29/C29 -> 0
A30: =A29+1 -> 46200 | B30: 2274198.5 | C30: 3403.6275 | D30: =C30/B30 -> 0.0014966272 | E30: 4264.36 | F30: =E30/B30 -> 0.0018751045 | G30: 3403.6275 | H30: =G30/C30 -> 1 | I30: 4264.36 | J30: =I30/E30 -> 1 | K30: 0 | L30: =K30/C30 -> 0
A31: =A30+1 -> 46201 | B31: 3370259.7 | C31: 5665.099 | D31: =C31/B31 -> 0.0016809087 | E31: 5862.6062 | F31: =E31/B31 -> 0.0017395117 | G31: 5665.099 | H31: =G31/C31 -> 1 | I31: 5862.6062 | J31: =I31/E31 -> 1 | K31: 0 | L31: =K31/C31 -> 0
A32: =A31+1 -> 46202 | B32: 3278820.1 | C32: 2343.4725 | D32: =C32/B32 -> 0.00071473042 | E32: 1054.1315 | F32: =E32/B32 -> 0.0003214972 | G32: 2343.4725 | H32: =G32/C32 -> 1 | I32: 1054.1315 | J32: =I32/E32 -> 1 | K32: 0 | L32: =K32/C32 -> 0
A33: =A32+1 -> 46203 | D33: =C33/B33 -> #DIV/0! | F33: =E33/B33 -> #DIV/0! | H33: =G33/C33 -> #DIV/0! | J33: =I33/E33 -> #DIV/0! | K33: 0 | L33: =K33/C33 -> #DIV/0!
D34: =C34/B34 -> #DIV/0! | F34: =E34/B34 -> #DIV/0! | H34: =G34/C34 -> #DIV/0! | J34: =I34/E34 -> #DIV/0! | K34: 0 | L34: =K34/C34 -> #DIV/0!
A35: 平均 | B35: =AVERAGE(B4:B34) -> 2785351.3 | C35: =AVERAGE(C4:C34) -> 7882.2036 | D35: =C35/B35 -> 0.0028298778 | E35: =AVERAGE(E4:E34) -> 11980.9 | F35: =E35/B35 -> 0.0043013966 | G35: =AVERAGE(G4:G34) -> 7882.2036 | H35: =G35/C35 -> 1 | I35: =AVERAGE(I4:I34) -> 11980.9 | J35: =I35/E35 -> 1 | K35: =AVERAGE(K4:K34) -> 0 | L35: =K35/C35 -> 0
A36: 合計 | B36: =SUM(B4:B34) -> 80775187 | C36: =SUM(C4:C34) -> 228583.91 | D36: =C36/B36 -> 0.0028298778 | E36: =SUM(E4:E34) -> 347446.11 | F36: =E36/B36 -> 0.0043013966 | G36: =SUM(G4:G34) -> 228583.91 | H36: =G36/C36 -> 1 | I36: =SUM(I4:I34) -> 347446.11 | J36: =I36/E36 -> 1 | K36: =SUM(K4:K34) -> 0 | L36: =K36/C36 -> 0

Sheet 填寫舉例
A2: 7 | B2: 月別 | C2: 工廠名 | D2: ・・・・・・・・
A4: （１）收支狀況 | E4: ※單位：千元 | G4: （２）ＫＰＩ達成進度 | M4: （３）業績構成比 | S4: （４）訂單數量構成比
B5: 當月 | C5: 前月 | D5: 差異 | E5: 累計 | H5: KPI | I5: 當月 | J5: 前月 | K5: 累計 | L5: ※補充 | N5: 當月 | O5: 比例 | P5: 前月 | Q5: 差異 | T5: 當月 | U5: 比例 | V5: 前月 | W5: 差異
A6: 業績金額 | B6: 500000 | C6: 510000 | D6: =B6-C6 -> -10000 | E6: =B6+C6 -> 1010000 | G6: 人時生產性1 | H6: 110 | I6: 100 | J6: 90 | L6: 個／MH | M6: 飯糰 | N6: 150000 | O6: =IFERROR(N6/$B$6,"") -> 0.3 | P6: 0.4 | Q6: =IFERROR(O6-P6,"") -> -0.1 | S6: 飯糰 | T6: 35000 | U6: =IFERROR(T6/$B$7,"") -> 0.35 | V6: 0.3 | W6: =IFERROR(U6-V6,"") -> 0.05
A7: 訂單數量 | B7: 100000 | C7: 110000 | D7: =B7-C7 -> -10000 | E7: =B7+C7 -> 210000 | G7: 人時生產性2 | H7: 0.8 | I7: 0.85 | J7: 0.81 | K7: 0.84 | L7: 達成率 | M7: 大口飯糰 | N7: 100000 | O7: =IFERROR(N7/$B$6,"") -> 0.2 | P7: 0.15 | Q7: =IFERROR(O7-P7,"") -> 0.05 | S7: 大口飯糰 | T7: 30000 | U7: =IFERROR(T7/$B$7,"") -> 0.3 | V7: 0.15 | W7: =IFERROR(U7-V7,"") -> 0.15
A8: 材料費 | B8: 250000 | C8: 260000 | D8: =B8-C8 -> -10000 | E8: =B8+C8 -> 510000 | G8: 半成品報廢 | H8: 0.0025 | I8: 0.0024 | J8: 0.0023 | K8: 0.00235 | L8: 報廢率 | M8: 便當 | N8: 160000 | O8: =IFERROR(N8/$B$6,"") -> 0.32 | P8: 0.28 | Q8: =IFERROR(O8-P8,"") -> 0.04 | S8: 便當 | T8: 20000 | U8: =IFERROR(T8/$B$7,"") -> 0.2 | V8: 0.28 | W8: =IFERROR(U8-V8,"") -> -0.08
A9: 材料費率 | B9: =B8/B6 -> 0.5 | C9: =C8/C6 -> 0.50980392 | D9: =B9-C9 -> -0.0098039216 | E9: =(B9+C9)/2 -> 0.50490196 | G9: 半成品超用 | H9: 0.006 | I9: 0.009 | J9: 0.0095 | K9: 0.0092 | L9: 超用率 | M9: 調理麵 | N9: 90000 | O9: =IFERROR(N9/$B$6,"") -> 0.18 | P9: 0.17 | Q9: =IFERROR(O9-P9,"") -> 0.01 | S9: 調理麵 | T9: 15000 | U9: =IFERROR(T9/$B$7,"") -> 0.15 | V9: 0.27 | W9: =IFERROR(U9-V9,"") -> -0.12
A10: 勞務成本 | B10: 100000 | C10: 105000 | D10: =B10-C10 -> -5000 | E10: =B10+C10 -> 205000 | G10: 固定產線 | H10: 0.95 | I10: 0.9 | J10: 0.92 | K10: 0.91 | L10: 導入率 | M10: 調理麵包 | N10: - | O10: =IFERROR(N10/$B$6,"") | P10: -% | Q10: =IFERROR(O10-P10,"") | S10: 調理麵包 | T10: - | U10: =IFERROR(T10/$B$7,"") | V10: -% | W10: =IFERROR(U10-V10,"")
A11: 勞務費率 | B11: =B10/B6 -> 0.2 | C11: =C10/C6 -> 0.20588235 | D11: =B11-C11 -> -0.0058823529 | E11: =(B11+C11)/2 -> 0.20294118 | G11: 教育訓練 | H11: 0.8 | I11: 0.85 | J11: 1 | K11: 0.92 | L11: 實施率 | M11: 袋裝調理麵包 | N11: - | O11: =IFERROR(N11/$B$6,"") | P11: -% | Q11: =IFERROR(O11-P11,"") | S11: 袋裝調理麵包 | T11: - | U11: =IFERROR(T11/$B$7,"") | V11: -% | W11: =IFERROR(U11-V11,"")
M12: 義大利麵 | N12: - | O12: =IFERROR(N12/$B$6,"") | P12: -% | Q12: =IFERROR(O12-P12,"") | S12: 義大利麵 | T12: - | U12: =IFERROR(T12/$B$7,"") | V12: -% | W12: =IFERROR(U12-V12,"")
A13: （５）品群別人時生產性 | M13: 調理包 | N13: - | O13: =IFERROR(N13/$B$6,"") | P13: -% | Q13: =IFERROR(O13-P13,"") | S13: 調理包 | T13: - | U13: =IFERROR(T13/$B$7,"") | V13: -% | W13: =IFERROR(U13-V13,"")
B14: 當月 | C14: 前月 | D14: 差異 | E14: 累計 | H14: 當月 | I14: 前月 | J14: 差異 | K14: 累計 | O14: =SUM(O6:O13) -> 1 | P14: =SUM(P6:P13) -> 1 | U14: =SUM(U6:U13) -> 1 | V14: =SUM(V6:V13) -> 1
A15: 飯糰 | B15: 600 | C15: 660 | D15: =B15-C15 -> -60 | E15: =(B15+C15)/2 -> 630 | G15: 調理麵包 | J15: =H15-I15 -> 0 | M15: （７）原因別分析
A16: 大口飯糰 | B16: 800 | C16: 780 | D16: =B16-C16 -> 20 | E16: =(B16+C16)/2 -> 790 | G16: 袋裝調理麵包 | J16: =H16-I16 -> 0 | N16: 合計 | P16: 作業原因 | R16: 規格原因
A17: 便當 | B17: 130 | C17: 111 | D17: =B17-C17 -> 19 | E17: =(B17+C17)/2 -> 120.5 | G17: 義大利麵 | J17: =H17-I17 -> 0 | N17: 金額 | O17: 比例 | P17: 金額 | Q17: 比例 | R17: 金額 | S17: 比例
A18: 調理麵 | B18: 140 | C18: 165 | D18: =B18-C18 -> -25 | E18: =(B18+C18)/2 -> 152.5 | G18: 調理包 | J18: =H18-I18 -> 0 | M18: 半成品報廢 | N18: 1200 | O18: =N18/$B$6 -> 0.0024 | P18: 900 | Q18: =IFERROR(P18/$B$6,"") -> 0.0018 | R18: 300 | S18: =IFERROR(R18/$B$6,"") -> 0.0006
M19: 半成品超用 | N19: 4500 | O19: =N19/$B$6 -> 0.009 | P19: 3500 | Q19: =IFERROR(P19/$B$6,"") -> 0.007 | R19: 1000 | S19: =IFERROR(R19/$B$6,"") -> 0.002
A20: （６）人時生產性前幾名品項
B21: 排名 | C21: 商品名 | F21: 人數 | G21: 產能 | H21: 人時生產性 | I21: 前月比 | J21: 主要原因&對策 | M21: （８）報廢原因別前幾名品項
A22: 飯糰 | B22: 1 | C22: 手巻明太子 | F22: 3 | G22: 3000 | H22: 1000 | I22: 10 | J22: 減少暫時停止生產,人時UP | M22: 半成品報廢 | N22: 排名 | O22: 商品名 | R22: 半成品名 | U22: 單價 | V22: 報廢率 | W22: 數量 | X22: 金額 | Y22: 前月比 | Z22: 主要原因&對策
B23: 2 | M23: 作業原因 | N23: 1 | O23: 明太子海苔便當 | R23: 油炸白身魚 | U23: 10 | V23: 0.15 | W23: 10 | X23: =W23*U23 -> 100 | Y23: 80 | Z23: 油調過多報廢。變更條件。
B24: 3 | N24: 2 | X24: =W24*U24 -> 0
B25: 4 | N25: 3 | X25: =W25*U25 -> 0
B26: 5 | N26: 4 | X26: =W26*U26 -> 0
B27: ▼1 | C27: 手巻卵黄雞絞肉 | F27: 4 | G27: 2800 | H27: 700 | I27: 6/30新商品 | J27: 因組裝2食材,人員增加,產速減少 | N27: 5 | X27: =W27*U27 -> 0
B28: ▼2 | U28: 前幾名合計比例 | V28: =X28/N18 -> 0.083333333 | W28: 前幾名合計金額 | X28: =SUM(X23:X27) -> 100
B29: ▼3 | M29: 規格原因 | N29: 1 | O29: 海老炒飯 | R29: 川燙蝦子拌醬 | U29: 5.55 | V29: 0.21 | W29: 50 | X29: =W29*U29 -> 277.5 | Y29: 35 | Z29: 蝦子入數不足
B30: ▼4 | N30: 2 | X30: =W30*U30 -> 0
B31: ▼5 | N31: 3 | X31: =W31*U31 -> 0
N32: 4 | X32: =W32*U32 -> 0
B33: 排名 | C33: 商品名 | F33: 人數 | G33: 產能 | H33: 人時生產性 | I33: 前月比 | J33: 主要原因&對策 | N33: 5 | X33: =W33*U33 -> 0
A34: 大口飯糰 | B34: 1 | C34: 直巻明太子美奶茲 | F34: 3 | G34: 2500 | H34: 833.33 | I34: 20 | J34: 透由調整速度提升。 | U34: 前幾名合計比例 | V34: =X34/N18 -> 0.23125 | W34: 前幾名合計金額 | X34: =SUM(X29:X33) -> 277.5
B35: 2
B36: 3 | M36: 半成品超用 | N36: 排名 | O36: 商品名 | R36: 半成品名 | U36: 單價 | V36: 報廢率 | W36: 數量 | X36: 金額 | Y36: 前月比 | Z36: 主要原因&對策
B37: 4 | M37: 作業原因 | N37: 1 | O37: 特製醬汁炙燒牛五花便當 | R37: 牛五花醬汁 | U37: 25 | V37: 0.25 | W37: 10 | X37: =W37*U37 -> 250 | Y37: 150 | Z37: 難度有差異。調理指導。
B38: 5 | N38: 2 | X38: =W38*U38 -> 0
B39: ▼1 | C39: 大口飯糰燒肉美奶滋 | F39: 7 | G39: 2200 | H39: 314.29 | I39: -15 | J39: 因摺疊增員。實施教育訓練。 | N39: 3 | X39: =W39*U39 -> 0
B40: ▼2 | N40: 4 | X40: =W40*U40 -> 0
B41: ▼3 | N41: 5 | X41: =W41*U41 -> 0
B42: ▼4 | U42: 前幾名合計比例 | V42: =X42/N19 -> 0.055555556 | W42: 前幾名合計金額 | X42: =SUM(X37:X41) -> 250
B43: ▼5 | M43: 規格原因 | N43: 1 | O43: 特製醬汁炙燒牛五花便當 | R43: 牛五花燒成 | U43: 30 | V43: 0.1 | W43: 20 | X43: =W43*U43 -> 600 | Y43: 400 | Z43: 因原料變更。
N44: 2 | X44: =W44*U44 -> 0
B45: 排名 | C45: 商品名 | F45: 人數 | G45: 產能 | H45: 人時生產性 | I45: 前月比 | J45: 主要原因&對策 | N45: 3 | X45: =W45*U45 -> 0
A46: 便當 | B46: 1 | C46: 明太子海苔便當 | F46: 15 | G46: 1200 | H46: 80 | I46: 5 | J46: 指導鋪開炒柴魚片 | N46: 4 | X46: =W46*U46 -> 0
B47: 2 | N47: 5 | X47: =W47*U47 -> 0
B48: 3 | U48: 前幾名合計比例 | V48: =X48/N19 -> 0.13333333 | W48: 前幾名合計金額 | X48: =SUM(X43:X47) -> 600
B49: 4
B50: 5 | M50: （９）歩留
B51: ▼1 | C51: 特製醬汁炙燒牛五花便當 | F51: 18 | G51: 800 | H51: 44.44 | I51: -15 | J51: 肉狀態不良，已連動開發 | N51: No. | O51: 商品名 | R51: 半成品名 | U51: 單價 | V51: 規格 | W51: 實績 | X51: 差異 | Y51: 主要原因&對策
B52: ▼2 | M52: 作業原因 | N52: 1 | O52: 特製醬汁炙燒牛五花便當 | R52: 牛五花燒成 | U52: 30 | V52: 0.62 | W52: 0.58 | X52: =W52-V52 -> -0.04 | Y52: 燒成過多，調整調理條件。
B53: ▼3 | N53: 2 | X53: =W53-V53 -> 0
B54: ▼4 | M54: 規格原因 | N54: 1 | O54: 大口飯糰三種起司午餐肉 | R54: ３種起司燒成 | U54: 20 | V54: 0.9 | W54: 0.82 | X54: =W54-V54 -> -0.08 | Y54: 與燒成範本不同。
B55: ▼5 | N55: 2 | X55: =W55-V55 -> 0

Sheet 鮮食品群番
B2: 鮮食品群番
B3: 06 | C3: 飯糰 | E3: 10 | F3: 三明治
B4: 061 | C4: 飯糰一配 | E4: 106 | F4: 三明治４度Ｃ
B5: 063 | C5: 飯糰二配 | E5: 107 | F5: 調理麵包４度Ｃ
B6: 065 | C6: 飯糰４度Ｃ | E6: 11 | F6: 季節調理麵
B7: 07 | C7: 壽司、手卷 | E7: 111 | F7: 涼麵
B8: 071 | C8: 壽司一配 | E8: 112 | F8: 熱湯麵
B9: 072 | C9: 手卷一配 | E9: 12 | F9: 熱食義麵
B10: 075 | C10: 壽司二配 | E10: 122 | F10: 熱食麵
B11: 076 | C11: 手卷２配 | E11: 123 | F11: 熱湯麵
B12: 077 | C12: ４℃壽司手卷 | E12: 124 | F12: 義大利麵
B13: 08 | C13: 便當 | E13: 126 | F13: 冷凍調理麵
B14: 083 | C14: 便當４℃ | E14: 14 | F14: 沙拉
... B19: 094 | C19: 粥品 | E19: 155 | F19: 特色小吃
B20: 095 | C20: 其他飯類

Sheet 12產線配置圖
A1: 品項 | B1: 人數 | C1: 產能
A2: 義大利麵 | D2: ET-600
A3: 白酒清炒鮮蛤義大利麵 | B3: 15 | C3: 2250 | D3: ET-55 | G3: =C3/B3 -> 150
A4: 白酒清炒鮮蛤義大利麵-手 | B4: 17 | C4: 1716
A5: 青醬蛤蜊義大利麵 | B5: 14 | C5: 2250 | G5: =C5/B5 -> 160.71429
A6: 青醬蛤蜊義大利麵-手 | B6: 16 | C6: 1714
A7: 義式蕃茄起司義大利麵 | B7: 13 | C7: 2250 | G7: =C7/B7 -> 173.07692
A8: 奶油培根義大利麵 | B8: 15 | C8: 2250 | G8: =C8/B8 -> 150
A9: 蒜香奶油蝦蝦義大利麵 | B9: 17 | C9: 2250
A10: 蒜香奶油蝦蝦義大利麵-手 | B10: 17 | C10: 1716 | G10: =C10/B10 -> 100.94118
A11: 義式辣味嫩烤雞腿排義大利麵 | B11: 15 | C11: 2250 | G11: =C11/B11 -> 150
A12: 香煎魚排佐檸檬奶油義大利麵 | B12: 15 | C12: 2250
A13: 黑松露野菇義大利麵 | B13: 18 | C13: 1565
A14: 青花椒麻雞肉拌麵 | B14: 15 | C14: 1714 | G14: =C14/B14 -> 114.26667
A15: 焗烤起司雙饗筆尖麵 | B15: 16 | C15: 1800
A16: 沙茶豬肉炒麵 | B16: 17 | C16: 1800 | G16: =C16/B16 -> 105.88235
A17: 府城鹽水意麵 | B17: 17 | C17: 1636 | G17: =C17/B17 -> 96.235294
A18: 焗烤起司肉醬筆尖麵-降 | B18: 10 | C18: 1125 | G18: =C18/B18 -> 112.5
A19: 焗烤起司肉醬筆尖麵 | B19: 13 | C19: 1440 | G19: =C19/B19 -> 110.76923
A20: 整條德式香腸義大利麵 | B20: 18 | C20: 1565
A21: 奶油鮮蝦明太子細扁麵 | B21: 18 | C21: 1636
A22: 焦糖拿鐵烤雞細扁麵 | B22: 18 | C22: 1565
A23: 義式蛋蛋青醬鮪魚冷義大利麵 | B23: 17 | C23: 1500
A26: 調理包
A27: 小滷青蔬 | B27: 15 | C27: 1565 | G27: =C27/B27 -> 104.33333
A28: 起司馬鈴薯 | B28: 12 | C28: 1565 | G28: =C28/B28 -> 130.41667
A29: 麻辣雞心 | B29: 9 | C29: 1636 | G29: =C29/B29 -> 181.77778
A30: 韓式炒冬粉 | B30: 11 | C30: 1565
