Workbook

Sheet 生產管理報表(週) 
A1: 長家廠生產管理報表
A3: 月別 | B3: 7 | C3: 週別 | D3: W3 | E3: 工廠 | F3: 長家廠
A4: （１）收支狀況 | E4: ※單位：千元 | G4: （２）ＫＰＩ達成進度
A5: 項目 | B5: 當週 | C5: 前週 | D5: 差異 | E5: 累計 | G5: 項目 | H5: KPI | I5: 當週 | J5: 前週 | K5: 累計 | L5: ※補充
A6: 業績金額 | B6: ='（１）收支狀況'!G18/1000 -> 20961.818 | C6: 21123.7 | D6: =B6-C6 -> -161.88225 | E6: ='（１）收支狀況'!H5/1000 -> 60007.833 | G6: 人時性(個/月均) | H6: ='（２）ＫＰＩ達成進度'!C1 -> 122.3 | I6: ='（２）ＫＰＩ達成進度'!G18 -> 113.12857 | J6: 113.45714 | K6: ='（２）ＫＰＩ達成進度'!H5 -> 112.25 | L6: 個／MH
A7: 訂單數量 | B7: ='（１）收支狀況'!J18 -> 456696 | C7: 455465 | D7: =B7-C7 -> 1231 | E7: ='（１）收支狀況'!K5 -> 1287266 | G7: 人時達成率(%/月均) | H7: 0.8 | I7: =I6/H6 -> 0.92500876 | J7: =J6/H6 -> 0.92769536 | K7: =K6/H6 -> 0.91782502 | L7: 達成率
A8: 材料費 | B8: ='（１）收支狀況'!M18/1000 -> 13232.255 | C8: 13334.331 | D8: =B8-C8 -> -102.07582 | E8: ='（１）收支狀況'!N5/1000 -> 37884.645 | G8: 半成品-報廢(%) | H8: 0.0025 | I8: =('日別報廢率總表 '!N17)/('日別報廢率總表 '!M17) -> 0.0028275812 | J8: 0.0021085069 | K8: ='日別報廢率總表 '!C36/'日別報廢率總表 '!B36 -> 0.002475859 | L8: 報廢率
A9: 材料費率 | B9: =B8/B6 -> 0.63125514 | C9: =C8/C6 -> 0.63124978 | D9: =B9-C9 -> 5.3581883e-06 | E9: =E8/E6 -> 0.63132833 | G9: 半成品-超用(%) | H9: 0.0025 | I9: =('日別報廢率總表 '!O17)/('日別報廢率總表 '!M17) -> 0.0027065689 | J9: 0.0036409609 | K9: ='日別報廢率總表 '!E36/'日別報廢率總表 '!B36 -> 0.0032437447 | L9: 超用率
A10: 勞務成本 | D10: =B10-C10 -> 0 | G10: 固定產線-導入率(%) | H10: 1 | I10: ='（２）ＫＰＩ達成進度'!S18 -> 0.2857 | J10: 0.2857 | K10: ='（２）ＫＰＩ達成進度'!T5 -> 0.2857 | L10: 導入率
A11: 勞務費率 | D11: =B11-C11 -> 0 | G11: 教育訓練-實施率(%) | H11: 1 | I11: ='（２）ＫＰＩ達成進度'!V18 -> 0.89285714 | J11: 0.8 | K11: ='（２）ＫＰＩ達成進度'!W5 -> 0.82241379 | L11: 實施率
A13: （３）業績構成比 | G13: （４）訂單數量構成比
B14: 當週 | C14: 比例 | D14: 前週 | E14: 差異 | H14: 當週 | I14: 比例 | J14: 前週 | K14: 差異
A15: 熱食義麵(122,123,124,126) | B15: =SUM('（３）業績構成比'!I20:I26)/1000 -> 18823.321 | C15: =B15/B6 -> 0.8979813 | D15: 0.89711264 | E15: =C15-D15 -> 0.00086865859 | G15: 熱食義麵(122,123,124,126) | H15: =SUM('（４）訂單數量構成比'!I20:I26) -> 379277 | I15: =IFERROR(H15/$B$7,"") -> 0.83048023 | J15: 0.82721175 | K15: =IFERROR(I15-J15,"") -> 0.0032684813
A16: 季節調理麵(111,112) | C16: =IFERROR(B16/$B$6,"") -> 0 | D16: 0 | E16: =IFERROR(C16-D16,"") -> 0 | G16: 季節調理麵(111,112) | I16: =IFERROR(H16/$B$7,"") -> 0 | J16: 0 | K16: =IFERROR(I16-J16,"") -> 0
A17: 微波小吃(153,154,155) | B17: =SUM('（３）業績構成比'!M20:M26)/1000 -> 2138.4974 | C17: =B17/B6 -> 0.1020187 | D17: 0.10288736 | E17: =C17-D17 -> -0.00086865859 | G17: 微波小吃(153,154,155) | H17: =SUM('（４）訂單數量構成比'!M20:M26) -> 77419 | I17: =IFERROR(H17/$B$7,"") -> 0.16951977 | J17: 0.17278825 | K17: =IFERROR(I17-J17,"") -> -0.0032684813
C18: =SUM(C15:C17) -> 1 | D18: =SUM(D15:D17) -> 1 | I18: =SUM(I15:I17) -> 1 | J18: =SUM(J15:J17) -> 1
A20: （５）品群別人時生產性
A21: 品群 | B21: 當週 | C21: 前週 | D21: 差異 | E21: 累計
A22: 熱食義麵(122,123,124,126) | B22: 111.5 | C22: 110.7 | D22: =B22-C22 -> 0.8 | E22: ='（５-1）品群別人時生產性（熱食義麵）'!C1 -> 110.49749
A23: 季節調理麵(111,112) | D23: =B23-C23 -> 0
A24: 微波小吃(153,154,155) | B24: 128.6 | C24: 127.6 | D24: =B24-C24 -> 1 | E24: ='（５-3）品群別人時生產性(微波小吃)'!C1 -> 127.68458

Sheet （１）收支狀況
B2: （１）收支狀況
B3: 資料繳交日 | C3: 月份 | D3: 日期 | F3: 營業額(元) | I3: 訂單數量(個) | L3: 材料費(元) | O3: 材料費率（材料費／營業額） | R3: 勞務成本（全廠人事成本） | U3: 勞務費率（勞務成本／營業額）
F4: 日 | G4: 週累積 | H4: 月累積 | I4: 日 | J4: 週累積 | K4: 月累積 | L4: 日 | M4: 週累積 | N4: 月累積 | O4: 日 | P4: 週累積 | Q4: 月累積 | R4: 日 | S4: 週累積 | T4: 月累積 | U4: 日 | V4: 週累積 | W4: 月累積
B5: 46211 | C5: 七 | D5: 46204 | E5: 三 | F5: 3008576 | G5: =SUM(F5:F10) -> 17922315 | H5: =SUM(F5:F35) -> 60007833 | I5: 64740 | J5: =SUM(I5:I10) -> 375105 | K5: =SUM(I5:I35) -> 1287266 | L5: 1900002.9 | M5: =SUM(L5:L10) -> 11318058 | N5: =SUM(L5:L35) -> 37884645 | O5: =L5/F5 -> 0.63152896 | P5: =M5/G5 -> 0.6315065 | Q5: =N5/H5 -> 0.63132833 | S5: =SUM(R5) -> 0 | T5: =SUM(R5:R36) -> 0 | U5: =R5/F5 -> 0 | V5: =S5/M5 -> 0 | W5: =T5/N5 -> 0
D6: 46205 | E6: 四 | F6: 2877019.6 | I6: 51631 | L6: 1816222.3 | O6: =L6/F6 -> 0.63128605 | S6: =SUM(R6:R12) -> 0 | U6: =R6/F6 -> 0 | V6: =S6/M6 -> #DIV/0!
D7: 46206 | E7: 五 | F7: 2420688.2 | I7: 52190 | L7: 1529033.6 | O7: =L7/F7 -> 0.63165242 | U7: =R7/F7 -> 0
D8: 46207 | E8: 六 | F8: 2867965.9 | I8: 61707 | L8: 1811818.5 | O8: =L8/F8 -> 0.6317434 | U8: =R8/F8 -> 0
D9: 46208 | E9: 日 | F9: 3409988.5 | I9: 73271 | L9: 2152992.7 | O9: =L9/F9 -> 0.6313783 | U9: =R9/F9 -> 0
D10: 46209 | E10: 一 | F10: 3338076.8 | I10: 71566 | L10: 2107988.4 | O10: =L10/F10 -> 0.63149787 | U10: =R10/F10 -> 0
B11: 46218 | D11: 46210 | E11: 二 | F11: 2944276.7 | G11: =SUM(F11:F17) -> 21123700 | I11: 63648 | J11: =SUM(I11:I17) -> 455465 | L11: 1858894.3 | M11: =SUM(L11:L17) -> 13334331 | O11: =L11/F11 -> 0.63135857 | P11: =M11/G11 -> 0.63124978 | U11: =R11/F11 -> 0
D12: 46211 | E12: 三 | F12: 3038869.3 | I12: 65338 | L12: 1917487.7 | O12: =L12/F12 -> 0.63098721 | U12: =R12/F12 -> 0
D13: 46212 | E13: 四 | F13: 3350396.6 | I13: 71986 | L13: 2115749.9 | O13: =L13/F13 -> 0.63149236 | S13: =SUM(R13:R19) -> 0 | U13: =R13/F13 -> 0 | V13: =S13/M13 -> #DIV/0!
D14: 46213 | E14: 五 | F14: 2275501.1 | I14: 49267 | L14: 1436565.7 | O14: =L14/F14 -> 0.63131839 | U14: =R14/F14 -> 0
D15: 46214 | E15: 六 | F15: 2731630 | I15: 58998 | L15: 1723926.9 | O15: =L15/F15 -> 0.63109825 | U15: =R15/F15 -> 0
D16: 46215 | E16: 日 | F16: 3362568.3 | I16: 72479 | L16: 2122618.1 | O16: =L16/F16 -> 0.63124905 | U16: =R16/F16 -> 0
D17: 46216 | E17: 一 | F17: 3420458.2 | I17: 73749 | L17: 2159088.7 | O17: =L17/F17 -> 0.63122791 | U17: =R17/F17 -> 0
B18: 46225 | D18: 46217 | E18: 二 | F18: 3528841.4 | G18: =SUM(F18:F24) -> 20961818 | I18: 75526 | J18: =SUM(I18:I24) -> 456696 | L18: 2227860.1 | M18: =SUM(L18:L24) -> 13232255 | O18: =L18/F18 -> 0.63132905 | P18: =M18/G18 -> 0.63125514 | U18: =R18/F18 -> 0
D19: 46218 | E19: 三 | F19: 3157061.3 | I19: 67666 | L19: 1992648.6 | O19: =L19/F19 -> 0.63117198 | U19: =R19/F19 -> 0
D20: 46219 | E20: 四 | F20: 2922058.2 | I20: 62695 | L20: 1844696.7 | O20: =L20/F20 -> 0.63130045 | S20: =SUM(R20:R26) -> 0 | U20: =R20/F20 -> 0 | V20: =S20/M20 -> #DIV/0!
D21: 46220 | E21: 五 | F21: 2282826.5 | I21: 49290 | L21: 1441100.7 | O21: =L21/F21 -> 0.63127912 | U21: =R21/F21 -> 0
D22: 46221 | E22: 六 | F22: 2534267.7 | I22: 54825 | L22: 1599588.7 | O22: =L22/F22 -> 0.63118377 | U22: =R22/F22 -> 0
D23: 46222 | E23: 日 | F23: 3200427.4 | I23: 74386 | L23: 2020269.3 | O23: =L23/F23 -> 0.63124983 | U23: =R23/F23 -> 0
D24: 46223 | E24: 一 | F24: 3336335.4 | I24: 72308 | L24: 2106091.3 | O24: =L24/F24 -> 0.63125887 | U24: =R24/F24 -> 0
B25: 46232 | D25: 46224 | E25: 二 | G25: =SUM(F25:F31) -> 0 | J25: =SUM(I25:I31) -> 0 | M25: =SUM(L25:L31) -> 0 | O25: =L25/F25 -> #DIV/0! | P25: =M25/G25 -> #DIV/0! | U25: =R25/F25 -> #DIV/0!
D26: 46225 | E26: 三 | O26: =L26/F26 -> #DIV/0! | U26: =R26/F26 -> #DIV/0!
D27: 46226 | E27: 四 | O27: =L27/F27 -> #DIV/0! | S27: =SUM(R27:R33) -> 0 | U27: =R27/F27 -> #DIV/0! | V27: =S27/M27 -> #DIV/0!
D28: 46227 | E28: 五 | O28: =L28/F28 -> #DIV/0! | U28: =R28/F28 -> #DIV/0!
D29: 46228 | E29: 六 | O29: =L29/F29 -> #DIV/0! | U29: =R29/F29 -> #DIV/0!
D30: 46229 | E30: 日 | O30: =L30/F30 -> #DIV/0! | U30: =R30/F30 -> #DIV/0!
D31: 46230 | E31: 一 | O31: =L31/F31 -> #DIV/0! | U31: =R31/F31 -> #DIV/0!
D32: 46231 | E32: 二 | O32: =L32/F32 -> #DIV/0! | U32: =R32/F32 -> #DIV/0!
D33: 46232 | E33: 三 | O33: =L33/F33 -> #DIV/0! | U33: =R33/F33 -> #DIV/0!
D34: 46233 | E34: 四 | U34: =R34/F38 -> 0
D35: 46234 | E35: 五 | U35: =R35/F35 -> #DIV/0!
D38: 46203 | E38: 二 | F38: 3411506.4 | I38: 73435 | L38: 2158249.1 | O38: =L38/F38 -> 0.63263813

Sheet （２）ＫＰＩ達成進度
C1: 122.3
B2: （２）ＫＰＩ達成進度
B3: 資料繳交日 | C3: 月份 | D3: 日期 | F3: 人時生產性(個/人) | I3: 人時生產性達成率(%) | L3: 半成品報廢(%) | O3: 半成品超用(%) | R3: 固定產線-導入率(固定產線數/總產線數) | U3: 教育訓練-實施率(進度/計畫)
F4: 日 | G4: 週平均 | H4: 月平均 | I4: 日 | J4: 週平均 | K4: 月平均 | L4: 日 | M4: 週平均 | N4: 月平均 | O4: 日 | P4: 週平均 | Q4: 月平均 | R4: 日 | S4: 週平均 | T4: 月平均 | U4: 日 | V4: 週平均 | W4: 月平均
B5: 46211 | C5: 七 | D5: 46204 | E5: 三 | F5: 108.4 | G5: =(SUM(F5:F10)+F38)/7 -> 110.8 | H5: =AVERAGE(F5:F35) -> 112.25 | I5: =F5/$C$1 -> 0.88634505 | J5: =AVERAGE(F5:F10,F38)/$C$1 -> 0.90596893 | K5: =AVERAGE(I5:I38) -> 0.91803917 | L5: ='日別報廢率總表 '!C4/'日別報廢率總表 '!B4 -> 0.002326038 | M5: ='日別報廢率總表 '!N4/'日別報廢率總表 '!M4 -> 0.0022480417 | N5: ='日別報廢率總表 '!C36/'日別報廢率總表 '!B36 -> 0.002475859 | O5: ='日別報廢率總表 '!E4/'日別報廢率總表 '!B4 -> 0.0044729662 | P5: ='日別報廢率總表 '!O4/'日別報廢率總表 '!M4 -> 0.0038929937 | Q5: ='日別報廢率總表 '!E36/'日別報廢率總表 '!B36 -> 0.0032437447 | R5: 0.2857 | S5: =AVERAGE(R5:R10) -> 0.2857 | T5: =AVERAGE(R5:R35) -> 0.2857 | U5: 0.95 | V5: =AVERAGE(U5:U10) -> 0.8 | W5: =AVERAGE(U5:U33) -> 0.82241379
D6: 46205 | E6: 四 | F6: 108.7 | I6: =F6/$C$1 -> 0.88879804 | L6: ='日別報廢率總表 '!C5/'日別報廢率總表 '!B5 -> 0.0021041336 | O6: ='日別報廢率總表 '!E5/'日別報廢率總表 '!B5 -> 0.0038430133 | R6: 0.2857 | U6: 0.75
D7: 46206 | E7: 五 | F7: 110.3 | I7: =F7/$C$1 -> 0.90188062 | L7: ='日別報廢率總表 '!C6/'日別報廢率總表 '!B6 -> 0.0011981081 | O7: ='日別報廢率總表 '!E6/'日別報廢率總表 '!B6 -> 0.0022266929 | R7: 0.2857 | U7: 0.75
D8: 46207 | E8: 六 | F8: 110.6 | I8: =F8/$C$1 -> 0.90433361 | L8: ='日別報廢率總表 '!C7/'日別報廢率總表 '!B7 -> 0.0036737766 | O8: ='日別報廢率總表 '!E7/'日別報廢率總表 '!B7 -> 0.0059518248 | R8: 0.2857 | U8: 0.75
D9: 46208 | E9: 日 | F9: 112.7 | I9: =F9/$C$1 -> 0.9215045 | L9: ='日別報廢率總表 '!C8/'日別報廢率總表 '!B8 -> 0.0034429345 | O9: ='日別報廢率總表 '!E8/'日別報廢率總表 '!B8 -> 0.0053104474 | R9: 0.2857 | U9: 0.8
D10: 46209 | E10: 一 | F10: 112.1 | I10: =F10/$C$1 -> 0.91659853 | L10: ='日別報廢率總表 '!C9/'日別報廢率總表 '!B9 -> 0.0006175821 | O10: ='日別報廢率總表 '!E9/'日別報廢率總表 '!B9 -> 0.0014048366 | R10: 0.2857 | U10: 0.8
B11: 46218 | D11: 46210 | E11: 二 | F11: 113.9 | G11: =AVERAGE(F11:F17) -> 113.45714 | I11: =F11/$C$1 -> 0.93131643 | J11: =AVERAGE(F11:F17)/$C$1 -> 0.92769536 | L11: ='日別報廢率總表 '!C10/'日別報廢率總表 '!B10 -> 0.0034873564 | M11: ='日別報廢率總表 '!N10/'日別報廢率總表 '!M10 -> 0.002320123 | O11: ='日別報廢率總表 '!E10/'日別報廢率總表 '!B10 -> 0.0043177596 | P11: ='日別報廢率總表 '!O10/'日別報廢率總表 '!M10 -> 0.0032259512 | R11: 0.2857 | S11: =AVERAGE(R11:R17) -> 0.2857 | U11: 0.8 | V11: =AVERAGE(U11:U17) -> 0.8
D12: 46211 | E12: 三 | F12: 113.4 | I12: =F12/$C$1 -> 0.92722813 | L12: ='日別報廢率總表 '!C11/'日別報廢率總表 '!B11 -> 0.00043968656 | O12: ='日別報廢率總表 '!E11/'日別報廢率總表 '!B11 -> 0.00014416777 | R12: 0.2857 | U12: 0.8
D13: 46212 | E13: 四 | F13: 112.2 | I13: =F13/$C$1 -> 0.91741619 | L13: ='日別報廢率總表 '!C12/'日別報廢率總表 '!B12 -> 0.00046947755 | O13: ='日別報廢率總表 '!E12/'日別報廢率總表 '!B12 -> 0.00076458584 | R13: 0.2857 | U13: 0.8
D14: 46213 | E14: 五 | F14: 110.1 | I14: =F14/$C$1 -> 0.9002453 | L14: ='日別報廢率總表 '!C13/'日別報廢率總表 '!B13 -> 0.0025282845 | O14: ='日別報廢率總表 '!E13/'日別報廢率總表 '!B13 -> 0.004058868 | R14: 0.2857 | U14: 0.8
D15: 46214 | E15: 六 | F15: 114.9 | I15: =F15/$C$1 -> 0.93949305 | L15: ='日別報廢率總表 '!C14/'日別報廢率總表 '!B14 -> 0.0033121078 | O15: ='日別報廢率總表 '!E14/'日別報廢率總表 '!B14 -> 0.0054262865 | R15: 0.2857 | U15: 0.8
D16: 46215 | E16: 日 | F16: 113.9 | I16: =F16/$C$1 -> 0.93131643 | L16: ='日別報廢率總表 '!C15/'日別報廢率總表 '!B15 -> 0.0058671193 | O16: ='日別報廢率總表 '!E15/'日別報廢率總表 '!B15 -> 0.0084265973 | R16: 0.2857 | U16: 0.8
D17: 46216 | E17: 一 | F17: 115.8 | I17: =F17/$C$1 -> 0.946852 | L17: ='日別報廢率總表 '!C16/'日別報廢率總表 '!B16 -> 0.00038111794 | O17: ='日別報廢率總表 '!E16/'日別報廢率總表 '!B16 -> 1.1109623e-05 | R17: 0.2857 | U17: 0.8
B18: 46225 | D18: 46217 | E18: 二 | F18: 108.8 | G18: =AVERAGE(F17:F23) -> 113.12857 | I18: =F18/$C$1 -> 0.8896157 | J18: =AVERAGE(F18:F24)/$C$1 -> 0.92045322 | L18: ='日別報廢率總表 '!C17/'日別報廢率總表 '!B17 -> 0.0027490928 | M18: ='日別報廢率總表 '!N17/'日別報廢率總表 '!M17 -> 0.0028275812 | O18: ='日別報廢率總表 '!E17/'日別報廢率總表 '!B17 -> 0.0033046489 | P18: ='日別報廢率總表 '!O17/'日別報廢率總表 '!M17 -> 0.0027065689 | R18: 0.2857 | S18: =AVERAGE(R18:R24) -> 0.2857 | U18: 0.85 | V18: =AVERAGE(U18:U24) -> 0.89285714
D19: 46218 | E19: 三 | F19: 114.6 | I19: =F19/$C$1 -> 0.93704007 | L19: ='日別報廢率總表 '!C18/'日別報廢率總表 '!B18 -> 0.0011240144 | O19: ='日別報廢率總表 '!E18/'日別報廢率總表 '!B18 -> 0.00094866358 | R19: 0.2857 | U19: 0.9
D20: 46219 | E20: 四 | F20: 112.3 | I20: =F20/$C$1 -> 0.91823385 | L20: ='日別報廢率總表 '!C19/'日別報廢率總表 '!B19 -> 0.0020578931 | O20: ='日別報廢率總表 '!E19/'日別報廢率總表 '!B19 -> 0.0018978758 | R20: 0.2857 | U20: 0.9
D21: 46220 | E21: 五 | F21: 112.8 | I21: =F21/$C$1 -> 0.92232216 | L21: ='日別報廢率總表 '!C20/'日別報廢率總表 '!B20 -> 0.0036016492 | O21: ='日別報廢率總表 '!E20/'日別報廢率總表 '!B20 -> 0.0035216037 | R21: 0.2857 | U21: 0.9
D22: 46221 | E22: 六 | F22: 113.3 | I22: =F22/$C$1 -> 0.92641047 | L22: ='日別報廢率總表 '!C21/'日別報廢率總表 '!B21 -> 0.0061825743 | O22: ='日別報廢率總表 '!E21/'日別報廢率總表 '!B21 -> 0.0059989016 | R22: 0.2857 | U22: 0.9
D23: 46222 | E23: 日 | F23: 114.3 | I23: =F23/$C$1 -> 0.93458708 | L23: ='日別報廢率總表 '!C22/'日別報廢率總表 '!B22 -> 0.0014365814 | O23: ='日別報廢率總表 '!E22/'日別報廢率總表 '!B22 -> 0.00029703245 | R23: 0.2857 | U23: 0.9
D24: 46223 | E24: 一 | F24: 111.9 | I24: =F24/$C$1 -> 0.91496321 | L24: ='日別報廢率總表 '!C23/'日別報廢率總表 '!B23 -> 0.0034529955 | O24: ='日別報廢率總表 '!E23/'日別報廢率總表 '!B23 -> 0.0036985687 | R24: 0.2857 | U24: 0.9
B25: 46232 | D25: 46224 | E25: 二 | G25: =AVERAGE(F24:F30) -> 111.9 | J25: =AVERAGE(F25:F31)/$C$1 -> #DIV/0! | L25: ='日別報廢率總表 '!C24/'日別報廢率總表 '!B24 -> #DIV/0! | M25: ='日別報廢率總表 '!N24/'日別報廢率總表 '!M24 -> #DIV/0! | O25: ='日別報廢率總表 '!E24/'日別報廢率總表 '!B24 -> #DIV/0! | P25: ='日別報廢率總表 '!O24/'日別報廢率總表 '!M24 -> #DIV/0! | R25: 0.2857 | S25: =AVERAGE(R25:R31) -> 0.2857 | U25: 0.8 | V25: =AVERAGE(U25:U31) -> 0.8
D26: 46225 | E26: 三 | L26: ='日別報廢率總表 '!C25/'日別報廢率總表 '!B25 -> #DIV/0! | O26: ='日別報廢率總表 '!E25/'日別報廢率總表 '!B25 -> #DIV/0! | R26: 0.2857 | U26: 0.8
D27: 46226 | E27: 四 | L27: ='日別報廢率總表 '!C26/'日別報廢率總表 '!B26 -> #DIV/0! | O27: ='日別報廢率總表 '!E26/'日別報廢率總表 '!B26 -> #DIV/0! | R27: 0.2857 | U27: 0.8
D28: 46227 | E28: 五 | L28: ='日別報廢率總表 '!C27/'日別報廢率總表 '!B27 -> #DIV/0! | O28: ='日別報廢率總表 '!E27/'日別報廢率總表 '!B27 -> #DIV/0! | R28: 0.2857 | U28: 0.8
D29: 46228 | E29: 六 | L29: ='日別報廢率總表 '!C28/'日別報廢率總表 '!B28 -> #DIV/0! | O29: ='日別報廢率總表 '!E28/'日別報廢率總表 '!B28 -> #DIV/0! | R29: 0.2857 | U29: 0.8
D30: 46229 | E30: 日 | L30: ='日別報廢率總表 '!C29/'日別報廢率總表 '!B29 -> #DIV/0! | O30: ='日別報廢率總表 '!E29/'日別報廢率總表 '!B29 -> #DIV/0! | R30: 0.2857 | U30: 0.8
D31: 46230 | E31: 一 | G31: =AVERAGE(F30:F36) -> #DIV/0! | L31: ='日別報廢率總表 '!C30/'日別報廢率總表 '!B30 -> #DIV/0! | O31: ='日別報廢率總表 '!E30/'日別報廢率總表 '!B30 -> #DIV/0! | R31: 0.2857 | U31: 0.8
D32: 46231 | E32: 二 | L32: ='日別報廢率總表 '!C31/'日別報廢率總表 '!B31 -> #DIV/0! | O32: ='日別報廢率總表 '!E31/'日別報廢率總表 '!B31 -> #DIV/0! | R32: 0.2857 | U32: 0.8
D33: 46232 | E33: 三 | L33: ='日別報廢率總表 '!C32/'日別報廢率總表 '!B32 -> #DIV/0! | O33: ='日別報廢率總表 '!E32/'日別報廢率總表 '!B32 -> #DIV/0! | R33: 0.2857 | U33: 0.8
D34: 46233 | E34: 四 | L34: ='日別報廢率總表 '!C33/'日別報廢率總表 '!B33 -> #DIV/0! | O34: ='日別報廢率總表 '!E33/'日別報廢率總表 '!B33 -> #DIV/0! | R34: 0.2857 | U34: 0.8
D35: 46234 | E35: 五 | L35: ='日別報廢率總表 '!C34/'日別報廢率總表 '!B34 -> #DIV/0! | O35: ='日別報廢率總表 '!E34/'日別報廢率總表 '!B34 -> #DIV/0! | R35: 0.2857 | U35: 0.8
D38: 46203 | E38: 二 | F38: 112.8 | I38: =F38/$C$1 -> 0.92232216 | L38: 0.00141 | O38: ='日別報廢率總表 '!E33/'日別報廢率總表 '!B33 -> #DIV/0! | R38: 0.2857 | U38: 0.8
H45: 0.91568164
H46: 0.90622537
H47: 0.88967691
H48: 0.86997636
H49: 0.91883373
H50: 0.88337273
H51: 0.92277384

Sheet （３）業績構成比
B2: （3）業績構成比
B3: 資料繳交日 | C3: 月份 | D3: 日期 | F3: 營業額 | I3: 品類業績
I4: 熱食義麵 | K4: 季節調理麵 | M4: 微波小吃
F5: 日 | G5: 週累積 | H5: 月累積 | I5: 一配 | K5: 一配 | M5: 一配
I6: 業績(元) | J6: 比例(%) | K6: 業績(元) | L6: 比例(%) | M6: 業績(元) | N6: 比例(%)
B7: 46211 | C7: 七 | D7: 46204 | E7: 三 | F7: =I7+M7 -> 3008576 | G7: =SUM(F7:F12,F40) -> 21333821 | H7: =SUM(F7:F37) -> 60007833 | I7: 2704766 | J7: =I7/F7 -> 0.89901867 | L7: =K7/F7 -> 0 | M7: 303810 | N7: =M7/F7 -> 0.10098133
D8: 46205 | E8: 四 | F8: =I8+M8 -> 2877019.6 | I8: 2594796.9 | J8: =I8/F8 -> 0.90190448 | L8: =K8/F8 -> 0 | M8: 282222.72 | N8: =M8/F8 -> 0.098095516
D9: 46206 | E9: 五 | F9: =I9+M9 -> 2420688.2 | I9: 2177752.4 | J9: =I9/F9 -> 0.89964181 | L9: =K9/F9 -> 0 | M9: 242935.88 | N9: =M9/F9 -> 0.10035819
D10: 46207 | E10: 六 | F10: =I10+M10 -> 2867965.9 | I10: 2581183.9 | J10: =I10/F10 -> 0.90000508 | L10: =K10/F10 -> 0 | M10: 286782.03 | N10: =M10/F10 -> 0.099994923
D11: 46208 | E11: 日 | F11: =I11+M11 -> 3409988.5 | I11: 3085249.1 | J11: =I11/F11 -> 0.90476818 | L11: =K11/F11 -> 0 | M11: 324739.39 | N11: =M11/F11 -> 0.095231815
D12: 46209 | E12: 一 | F12: =I12+M12 -> 3338076.8 | I12: 3004362.5 | J12: =I12/F12 -> 0.90002798 | L12: =K12/F12 -> 0 | M12: 333714.29 | N12: =M12/F12 -> 0.099972023
B13: 46218 | D13: 46210 | E13: 二 | F13: =I13+M13 -> 2944276.7 | G13: =SUM(F13:F19) -> 21123700 | I13: 2624629.7 | J13: =I13/F13 -> 0.89143445 | L13: =K13/F13 -> 0 | M13: 319647.01 | N13: =M13/F13 -> 0.10856555
D14: 46211 | E14: 三 | F14: =I14+M14 -> 3038869.3 | I14: 2732746.1 | J14: =I14/F14 -> 0.8992641 | L14: =K14/F14 -> 0 | M14: 306123.22 | N14: =M14/F14 -> 0.1007359
D15: 46212 | E15: 四 | F15: =I15+M15 -> 3350396.6 | I15: 3018909.5 | J15: =I15/F15 -> 0.90106035 | L15: =K15/F15 -> 0 | M15: 331487.06 | N15: =M15/F15 -> 0.098939648
D16: 46213 | E16: 五 | F16: =I16+M16 -> 2275501.1 | I16: 2037955 | J16: =I16/F16 -> 0.89560714 | L16: =K16/F16 -> 0 | M16: 237546.06 | N16: =M16/F16 -> 0.10439286
D17: 46214 | E17: 六 | F17: =I17+M17 -> 2731630 | I17: 2452817 | J17: =I17/F17 -> 0.89793164 | L17: =K17/F17 -> 0 | M17: 278812.98 | N17: =M17/F17 -> 0.10206836
D18: 46215 | E18: 日 | F18: =I18+M18 -> 3362568.3 | I18: 3022699.7 | J18: =I18/F18 -> 0.89892587 | L18: =K18/F18 -> 0 | M18: 339868.68 | N18: =M18/F18 -> 0.10107413
D19: 46216 | E19: 一 | F19: =I19+M19 -> 3420458.2 | I19: 3060581.5 | J19: =I19/F19 -> 0.894787 | L19: =K19/F19 -> 0 | M19: 359876.67 | N19: =M19/F19 -> 0.105213
B20: 46225 | D20: 46217 | E20: 二 | F20: =I20+M20 -> 3528841.4 | G20: =SUM(F20:F26) -> 20961818 | I20: 3196165.9 | J20: =I20/F20 -> 0.90572671 | L20: =K20/F20 -> 0 | M20: 332675.48 | N20: =M20/F20 -> 0.094273288
D21: 46218 | E21: 三 | F21: =I21+M21 -> 3157061.3 | I21: 2852950.4 | J21: =I21/F21 -> 0.90367279 | L21: =K21/F21 -> 0 | M21: 304110.91 | N21: =M21/F21 -> 0.09632721
D22: 46219 | E22: 四 | F22: =I22+M22 -> 2922058.2 | I22: 2637733.1 | J22: =I22/F22 -> 0.90269699 | L22: =K22/F22 -> 0 | M22: 284325.07 | N22: =M22/F22 -> 0.097303014
D23: 46220 | E23: 五 | F23: =I23+M23 -> 2282826.5 | I23: 2042641.5 | J23: =I23/F23 -> 0.89478616 | L23: =K23/F23 -> 0 | M23: 240184.93 | N23: =M23/F23 -> 0.10521384
D24: 46221 | E24: 六 | F24: =I24+M24 -> 2534267.7 | I24: 2271670.1 | J24: =I24/F24 -> 0.89638124 | L24: =K24/F24 -> 0 | M24: 262597.67 | N24: =M24/F24 -> 0.10361876
D25: 46222 | E25: 日 | F25: =I25+M25 -> 3200427.4 | I25: 2863270 | J25: =I25/F25 -> 0.89465237 | L25: =K25/F25 -> 0 | M25: 337157.43 | N25: =M25/F25 -> 0.10534763
D26: 46223 | E26: 一 | F26: =I26+M26 -> 3336335.4 | I26: 2958889.5 | J26: =I26/F26 -> 0.88686812 | L26: =K26/F26 -> 0 | M26: 377445.89 | N26: =M26/F26 -> 0.11313188
B27: 46232 | D27: 46224 | E27: 二 | F27: =I27+M27 -> 0 | G27: =SUM(F27:F33) -> 0 | J27: =I27/F27 -> #DIV/0! | L27: =K27/F27 -> #DIV/0! | N27: =M27/F27 -> #DIV/0!
D28: 46225 | E28: 三 | F28: =I28+M28 -> 0 | J28: =I28/F28 -> #DIV/0! | L28: =K28/F28 -> #DIV/0! | N28: =M28/F28 -> #DIV/0!
D29: 46226 | E29: 四 | F29: =I29+M29 -> 0 | J29: =I29/F29 -> #DIV/0! | L29: =K29/F29 -> #DIV/0! | N29: =M29/F29 -> #DIV/0!
D30: 46227 | E30: 五 | F30: =I30+M30 -> 0 | J30: =I30/F30 -> #DIV/0! | L30: =K30/F30 -> #DIV/0! | N30: =M30/F30 -> #DIV/0!
D31: 46228 | E31: 六 | F31: =I31+M31 -> 0 | J31: =I31/F31 -> #DIV/0! | L31: =K31/F31 -> #DIV/0! | N31: =M31/F31 -> #DIV/0!
D32: 46229 | E32: 日 | F32: =I32+M32 -> 0 | J32: =I32/F32 -> #DIV/0! | L32: =K32/F32 -> #DIV/0! | N32: =M32/F32 -> #DIV/0!
D33: 46230 | E33: 一 | F33: =I33+M33 -> 0 | J33: =I33/F33 -> #DIV/0! | L33: =K33/F33 -> #DIV/0! | N33: =M33/F33 -> #DIV/0!
D34: 46231 | E34: 二 | F34: =I34+M34 -> 0 | J34: =I34/F34 -> #DIV/0! | L34: =K34/F34 -> #DIV/0! | N34: =M34/F34 -> #DIV/0!
D35: 46232 | E35: 三 | F35: =I35+M35 -> 0 | J35: =I35/F35 -> #DIV/0! | L35: =K35/F35 -> #DIV/0! | N35: =M35/F35 -> #DIV/0!
D36: 46233 | E36: 四 | F36: =I36+M36 -> 0 | J36: =I36/F36 -> #DIV/0! | L36: =K36/F36 -> #DIV/0! | N36: =M36/F36 -> #DIV/0!
D37: 46234 | E37: 五 | F37: =I37+M37 -> 0 | J37: =I37/F37 -> #DIV/0! | L37: =K37/F37 -> #DIV/0! | N37: =M37/F37 -> #DIV/0!
F40: =I40+M40 -> 3411506.4 | I40: 3076682.5 | J40: =I40/F40 -> 0.90185452 | M40: 334823.93 | N40: =M40/F40 -> 0.098145478
I42: =SUM(I7:I12)+I40 -> 19224793
I43: =SUM(F7:F12)+F40 -> 21333821

Sheet （４）訂單數量構成比
B2: （4）訂單數量構成比
B3: 資料繳交日 | C3: 月份 | D3: 日期 | F3: 訂單量 | I3: 品類訂單量
I4: 熱食義麵 | K4: 季節調理麵 | M4: 微波小吃
F5: 日 | G5: 週累積 | H5: 月累積 | I5: 一配 | K5: 一配 | M5: 一配
I6: 訂單數 | J6: 比例(%) | K6: 訂單數 | L6: 比例(%) | M6: 訂單數 | N6: 比例(%)
B7: 46211 | C7: 七 | D7: 46204 | E7: 三 | F7: =SUM(I7,K7,M7) -> 64740 | G7: =SUM(F7:F12) -> 375105 | H7: =SUM(F7:F36) -> 1287266 | I7: 53739 | J7: =I7/F7 -> 0.83007414 | L7: =K7/F7 -> 0 | M7: 11001 | N7: =M7/F7 -> 0.16992586
D8: 46205 | E8: 四 | F8: =SUM(I8,K8,M8) -> 51631 | I8: 41408 | J8: =I8/F8 -> 0.8019988 | L8: =K8/F8 -> 0 | M8: 10223 | N8: =M8/F8 -> 0.1980012
D9: 46206 | E9: 五 | F9: =SUM(I9,K9,M9) -> 52190 | I9: 43392 | J9: =I9/F9 -> 0.83142364 | L9: =K9/F9 -> 0 | M9: 8798 | N9: =M9/F9 -> 0.16857636
D10: 46207 | E10: 六 | F10: =SUM(I10,K10,M10) -> 61707 | I10: 51314 | J10: =I10/F10 -> 0.83157502 | L10: =K10/F10 -> 0 | M10: 10393 | N10: =M10/F10 -> 0.16842498
D11: 46208 | E11: 日 | F11: =SUM(I11,K11,M11) -> 73271 | I11: 61496 | J11: =I11/F11 -> 0.83929522 | L11: =K11/F11 -> 0 | M11: 11775 | N11: =M11/F11 -> 0.16070478
D12: 46209 | E12: 一 | F12: =SUM(I12,K12,M12) -> 71566 | I12: 59473 | J12: =I12/F12 -> 0.83102311 | L12: =K12/F12 -> 0 | M12: 12093 | N12: =M12/F12 -> 0.16897689
B13: 46218 | D13: 46210 | E13: 二 | F13: =SUM(I13,K13,M13) -> 63648 | G13: =SUM(F13:F19) -> 455465 | I13: 52070 | J13: =I13/F13 -> 0.81809326 | L13: =K13/F13 -> 0 | M13: 11578 | N13: =M13/F13 -> 0.18190674
D14: 46211 | E14: 三 | F14: =SUM(I14,K14,M14) -> 65338 | I14: 54255 | J14: =I14/F14 -> 0.83037436 | L14: =K14/F14 -> 0 | M14: 11083 | N14: =M14/F14 -> 0.16962564
D15: 46212 | E15: 四 | F15: =SUM(I15,K15,M15) -> 71986 | I15: 59985 | J15: =I15/F15 -> 0.83328703 | L15: =K15/F15 -> 0 | M15: 12001 | N15: =M15/F15 -> 0.16671297
D16: 46213 | E16: 五 | F16: =SUM(I16,K16,M16) -> 49267 | I16: 40667 | J16: =I16/F16 -> 0.82544096 | L16: =K16/F16 -> 0 | M16: 8600 | N16: =M16/F16 -> 0.17455904
D17: 46214 | E17: 六 | F17: =SUM(I17,K17,M17) -> 58998 | I17: 48901 | J17: =I17/F17 -> 0.82885861 | L17: =K17/F17 -> 0 | M17: 10097 | N17: =M17/F17 -> 0.17114139
D18: 46215 | E18: 日 | F18: =SUM(I18,K18,M18) -> 72479 | I18: 60167 | J18: =I18/F18 -> 0.83013011 | L18: =K18/F18 -> 0 | M18: 12312 | N18: =M18/F18 -> 0.16986989
D19: 46216 | E19: 一 | F19: =SUM(I19,K19,M19) -> 73749 | I19: 60721 | J19: =I19/F19 -> 0.82334676 | L19: =K19/F19 -> 0 | M19: 13028 | N19: =M19/F19 -> 0.17665324
B20: 46225 | D20: 46217 | E20: 二 | F20: =SUM(I20,K20,M20) -> 75526 | G20: =SUM(F20:F26) -> 456696 | I20: 63483 | J20: =I20/F20 -> 0.84054498 | L20: =K20/F20 -> 0 | M20: 12043 | N20: =M20/F20 -> 0.15945502
D21: 46218 | E21: 三 | F21: =SUM(I21,K21,M21) -> 67666 | I21: 56656 | J21: =I21/F21 -> 0.83728904 | L21: =K21/F21 -> 0 | M21: 11010 | N21: =M21/F21 -> 0.16271096
D22: 46219 | E22: 四 | F22: =SUM(I22,K22,M22) -> 62695 | I22: 52400 | J22: =I22/F22 -> 0.83579233 | L22: =K22/F22 -> 0 | M22: 10295 | N22: =M22/F22 -> 0.16420767
D23: 46220 | E23: 五 | F23: =SUM(I23,K23,M23) -> 49290 | I23: 40594 | J23: =I23/F23 -> 0.82357476 | L23: =K23/F23 -> 0 | M23: 8696 | N23: =M23/F23 -> 0.17642524
D24: 46221 | E24: 六 | F24: =SUM(I24,K24,M24) -> 54825 | I24: 45315 | J24: =I24/F24 -> 0.82653899 | L24: =K24/F24 -> 0 | M24: 9510 | N24: =M24/F24 -> 0.17346101
D25: 46222 | E25: 日 | F25: =SUM(I25,K25,M25) -> 74386 | I25: 62168 | J25: =I25/F25 -> 0.83574866 | L25: =K25/F25 -> 0 | M25: 12218 | N25: =M25/F25 -> 0.16425134
D26: 46223 | E26: 一 | F26: =SUM(I26,K26,M26) -> 72308 | I26: 58661 | J26: =I26/F26 -> 0.8112657 | L26: =K26/F26 -> 0 | M26: 13647 | N26: =M26/F26 -> 0.1887343
B27: 46232 | D27: 46224 | E27: 二 | F27: =SUM(I27,K27,M27) -> 0 | G27: =SUM(F27:F33) -> 0 | J27: =I27/F27 -> #DIV/0! | L27: =K27/F27 -> #DIV/0! | N27: =M27/F27 -> #DIV/0!
D28: 46225 | E28: 三 | F28: =SUM(I28,K28,M28) -> 0 | J28: =I28/F28 -> #DIV/0! | L28: =K28/F28 -> #DIV/0! | N28: =M28/F28 -> #DIV/0!
D29: 46226 | E29: 四 | F29: =SUM(I29,K29,M29) -> 0 | J29: =I29/F29 -> #DIV/0! | L29: =K29/F29 -> #DIV/0! | N29: =M29/F29 -> #DIV/0!
D30: 46227 | E30: 五 | F30: =SUM(I30,K30,M30) -> 0 | J30: =I30/F30 -> #DIV/0! | L30: =K30/F30 -> #DIV/0! | N30: =M30/F30 -> #DIV/0!
D31: 46228 | E31: 六 | F31: =SUM(I31,K31,M31) -> 0 | J31: =I31/F31 -> #DIV/0! | L31: =K31/F31 -> #DIV/0! | N31: =M31/F31 -> #DIV/0!
D32: 46229 | E32: 日 | F32: =SUM(I32,K32,M32) -> 0 | J32: =I32/F32 -> #DIV/0! | L32: =K32/F32 -> #DIV/0! | N32: =M32/F32 -> #DIV/0!
D33: 46230 | E33: 一 | F33: =SUM(I33,K33,M33) -> 0 | J33: =I33/F33 -> #DIV/0! | L33: =K33/F33 -> #DIV/0! | N33: =M33/F33 -> #DIV/0!
D34: 46231 | E34: 二 | F34: =SUM(I34,K34,M34) -> 0 | J34: =I34/F34 -> #DIV/0! | L34: =K34/F34 -> #DIV/0! | N34: =M34/F34 -> #DIV/0!
D35: 46232 | E35: 三 | F35: =SUM(I35,K35,M35) -> 0 | J35: =I35/F35 -> #DIV/0! | L35: =K35/F35 -> #DIV/0! | N35: =M35/F35 -> #DIV/0!
D36: 46233 | E36: 四 | F36: =SUM(I36,K36,M36) -> 0 | J36: =I36/F36 -> #DIV/0! | L36: =K36/F36 -> #DIV/0! | N36: =M36/F36 -> #DIV/0!
D37: 46234 | E37: 五
F40: =SUM(I40,K40,M40) -> 73435 | I40: 61306 | J40: =I40/F40 -> 0.83483353 | M40: 12129 | N40: =M40/F40 -> 0.16516647

Sheet （５-1）品群別人時生產性（熱食義麵）
B1: 月平均人時性 | C1: =AVERAGE(L7,L30,L53,L76,L99,L122) -> 110.49749
B2: 產線配置圖－每週更新 | N2: 資料繳交 | O2: 日期 | P2: 46203 | U2: =P2+1 -> 46204 | Z2: =U2+1 -> 46205 | AE2: =Z2+1 -> 46206 | AJ2: =AE2+1 -> 46207 | AO2: =AJ2+1 -> 46208 | AT2: =AO2+1 -> 46209
P3: 二 | U3: 三 | Z3: 四 | AE3: 五 | AJ3: 六 | AO3: 日 | AT3: 一
B4: 品群 | C4: 商品名稱 | E4: 計畫 | H4: 平均人時性 | I4: 實績 | L4: 平均人時性 | M4: 排名 | O4: 日報 | P4: 實際 | T4: 平均人時性 | U4: 實際 | Y4: 平均人時性 | Z4: 實際 | AD4: 平均人時性 | AE4: 實際 | AI4: 平均人時性 | AJ4: 實際 | AN4: 平均人時性 | AO4: 實際 | AS4: 平均人時性 | AT4: 實際 | AX4: 平均人時性
E5: 產線配置圖 | I5: 產線配置圖 | P5: 生產實績 | U5: 生產實績 | Z5: 生產實績 | AE5: 生產實績 | AJ5: 生產實績 | AO5: 生產實績 | AT5: 生產實績
E6: 人數 | F6: 產能／時 | G6: 人時性 | I6: 人數 | J6: 產能／時 | K6: 人時性 | P6: 人數 | Q6: 產能／時 | R6: 人時性 | S6: 排名 | U6: 人數 | V6: 產能／時 | W6: 人時性 | X6: 排名 | Z6: 人數 | AA6: 產能／時 | AB6: 人時性 | AC6: 排名 | AE6: 人數 | AF6: 產能／時 | AG6: 人時性 | AH6: 排名 | AJ6: 人數 | AK6: 產能／時 | AL6: 人時性 | AM6: 排名 | AO6: 人數 | AP6: 產能／時 | AQ6: 人時性 | AR6: 排名 | AT6: 人數 | AU6: 產能／時 | AV6: 人時性 | AW6: 排名
B7: 熱食義麵 | C7: 1 | D7: 義式蕃茄起司義大利麵 | E7: =VLOOKUP(D7,'07產線配置圖'!$A$2:$C$25,2,0) -> 13 | F7: =VLOOKUP(D7,'07產線配置圖'!$A$2:$C$25,3,0) -> 2250 | G7: =F7/E7 -> 173.07692 | H7: =AVERAGE(G7:G21) -> #N/A | I7: =AVERAGE(P7,U7,Z7,AE7,AJ7,AO7,AT7) -> 13 | J7: =AVERAGE(Q7,V7,AA7,AF7,AK7,AP7,AU7) -> 2085.2857 | K7: =J7/I7 -> 160.40659 | L7: =IFERROR(AVERAGE(K7:K24),"-") -> 109.28977 | M7: =RANK(K7,$K$7:$K$24) -> 1 | P7: 13 | Q7: 2060 | R7: 158.46154 | S7: =RANK(R7,$R$7:$R$24) -> 1 | T7: =AVERAGE(R7:R24) -> 110.71181 | U7: 13 | V7: 2051 | W7: =V7/U7 -> 157.76923 | X7: =RANK(W7,$W$7:$W$24) -> 1 | Y7: =AVERAGE(W7:W24) -> 105.22103 | Z7: 13 | AA7: 2071 | AB7: =AA7/Z7 -> 159.30769 | AC7: =RANK(AB7,$AB$7:$AB$24) -> 1 | AD7: =AVERAGE(AB7:AB24) -> 106.72491 | AE7: 13 | AF7: 2039 | AG7: =AF7/AE7 -> 156.84615 | AH7: =RANK(AG7,$AG$7:$AG$24) -> 2 | AI7: =AVERAGE(AG7:AG24) -> 109.11876 | AJ7: 13 | AK7: 2105 | AL7: =AK7/AJ7 -> 161.92308 | AM7: =RANK(AL7,$AL$7:$AL$24) -> 1 | AN7: =AVERAGE(AL7:AL24) -> 111.02792 | AO7: 13 | AP7: 2143 | AQ7: =AP7/AO7 -> 164.84615 | AR7: =RANK(AQ7,$AQ$7:$AQ$24) -> 1 | AS7: =AVERAGE(AQ7:AQ24) -> 112.81091 | AT7: 13 | AU7: 2128 | AV7: =AU7/AT7 -> 163.69231 | AW7: =RANK(AV7,$AV$7:$AV$24) -> 1 | AX7: =AVERAGE(AV7:AV24) -> 109.81296
C8: 2 | D8: 奶油培根義大利麵 | E8: =VLOOKUP(D8,'07產線配置圖'!$A$2:$C$25,2,0) -> 15 | F8: =VLOOKUP(D8,'07產線配置圖'!$A$2:$C$25,3,0) -> 2250 | G8: =F8/E8 -> 150 | I8: =AVERAGE(P8,U8,Z8,AE8,AJ8,AO8,AT8) -> 15 | J8: =AVERAGE(Q8,V8,AA8,AF8,AK8,AP8,AU8) -> 2077.1429 | K8: =J8/I8 -> 138.47619 | M8: =RANK(K8,$K$7:$K$24) -> 5 | P8: 15 | Q8: 2107 | R8: 140.46667 | S8: =RANK(R8,$R$7:$R$24) -> 4 | U8: 15 | V8: 2045 | W8: =V8/U8 -> 136.33333 | X8: =RANK(W8,$W$7:$W$24) -> 3 | Z8: 15 | AA8: 2014 | AB8: =AA8/Z8 -> 134.26667 | AC8: =RANK(AB8,$AB$7:$AB$24) -> 5 | AE8: 15 | AF8: 2065 | AG8: =AF8/AE8 -> 137.66667 | AH8: =RANK(AG8,$AG$7:$AG$24) -> 5 | AJ8: 15 | AK8: 2111 | AL8: =AK8/AJ8 -> 140.73333 | AM8: =RANK(AL8,$AL$7:$AL$24) -> 5 | AO8: 15 | AP8: 2112 | AQ8: =AP8/AO8 -> 140.8 | AR8: =RANK(AQ8,$AQ$7:$AQ$24) -> 5 | AT8: 15 | AU8: 2086 | AV8: =AU8/AT8 -> 139.06667 | AW8: =RANK(AV8,$AV$7:$AV$24) -> 6
C9: 3 | D9: 白酒清炒鮮蛤義大利麵 | E9: =VLOOKUP(D9,'07產線配置圖'!$A$2:$C$25,2,0) -> 15 | F9: =VLOOKUP(D9,'07產線配置圖'!$A$2:$C$25,3,0) -> 2250 | G9: =F9/E9 -> 150 | I9: =AVERAGE(P9,U9,Z9,AE9,AJ9,AO9,AT9) -> 15 | J9: =AVERAGE(Q9,V9,AA9,AF9,AK9,AP9,AU9) -> 2112.4286 | K9: =J9/I9 -> 140.82857 | M9: =RANK(K9,$K$7:$K$24) -> 3 | P9: 15 | Q9: 2094 | R9: 139.6 | S9: =RANK(R9,$R$7:$R$24) -> 5 | U9: 15 | V9: 2090 | W9: =V9/U9 -> 139.33333 | X9: =RANK(W9,$W$7:$W$24) -> 2 | Z9: 15 | AA9: 2048 | AB9: =AA9/Z9 -> 136.53333 | AC9: =RANK(AB9,$AB$7:$AB$24) -> 4 | AE9: 15 | AF9: 2093 | AG9: =AF9/AE9 -> 139.53333 | AH9: =RANK(AG9,$AG$7:$AG$24) -> 4 | AJ9: 15 | AK9: 2164 | AL9: =AK9/AJ9 -> 144.26667 | AM9: =RANK(AL9,$AL$7:$AL$24) -> 3 | AO9: 15 | AP9: 2192 | AQ9: =AP9/AO9 -> 146.13333 | AR9: =RANK(AQ9,$AQ$7:$AQ$24) -> 3 | AT9: 15 | AU9: 2106 | AV9: =AU9/AT9 -> 140.4 | AW9: =RANK(AV9,$AV$7:$AV$24) -> 4
C10: 4 | D10: 焗烤起司雙饗筆尖麵 | E10: =VLOOKUP(D10,'07產線配置圖'!$A$2:$C$25,2,0) -> 16 | F10: =VLOOKUP(D10,'07產線配置圖'!$A$2:$C$25,3,0) -> 1800 | G10: =F10/E10 -> 112.5 | I10: =AVERAGE(P10,U10,Z10,AE10,AJ10,AO10,AT10) -> 15.428571 | J10: =AVERAGE(Q10,V10,AA10,AF10,AK10,AP10,AU10) -> 1586.5714 | K10: =J10/I10 -> 102.83333 | M10: =RANK(K10,$K$7:$K$24) -> 8 | P10: 16 | Q10: 1549 | R10: 96.8125 | S10: =RANK(R10,$R$7:$R$24) -> 10 | U10: 16 | V10: 1632 | W10: =V10/U10 -> 102 | X10: =RANK(W10,$W$7:$W$24) -> 8 | Z10: 16 | AA10: 1726 | AB10: =AA10/Z10 -> 107.875 | AC10: =RANK(AB10,$AB$7:$AB$24) -> 9 | AE10: 16 | AF10: 1615 | AG10: =AF10/AE10 -> 100.9375 | AH10: =RANK(AG10,$AG$7:$AG$24) -> 9 | AJ10: 16 | AK10: 1628 | AL10: =AK10/AJ10 -> 101.75 | AM10: =RANK(AL10,$AL$7:$AL$24) -> 9 | AO10: 12 | AP10: 1334 | AQ10: =AP10/AO10 -> 111.16667 | AR10: =RANK(AQ10,$AQ$7:$AQ$24) -> 8 | AT10: 16 | AU10: 1622 | AV10: =AU10/AT10 -> 101.375 | AW10: =RANK(AV10,$AV$7:$AV$24) -> 8
C11: 5 | D11: 青醬蛤蜊義大利麵 | E11: =VLOOKUP(D11,'07產線配置圖'!$A$2:$C$25,2,0) -> 14 | F11: =VLOOKUP(D11,'07產線配置圖'!$A$2:$C$25,3,0) -> 2250 | G11: =F11/E11 -> 160.71429 | I11: =AVERAGE(P11,U11,Z11,AE11,AJ11,AO11,AT11) -> 14 | J11: =AVERAGE(Q11,V11,AA11,AF11,AK11,AP11,AU11) -> 2039.8571 | K11: =J11/I11 -> 145.70408 | M11: =RANK(K11,$K$7:$K$24) -> 2 | P11: 14 | Q11: 1987 | R11: 141.92857 | S11: =RANK(R11,$R$7:$R$24) -> 2 | U11: 14 | V11: 1839 | W11: =V11/U11 -> 131.35714 | X11: =RANK(W11,$W$7:$W$24) -> 4 | Z11: 14 | AA11: 2019 | AB11: =AA11/Z11 -> 144.21429 | AC11: =RANK(AB11,$AB$7:$AB$24) -> 2 | AE11: 14 | AF11: 2225 | AG11: =AF11/AE11 -> 158.92857 | AH11: =RANK(AG11,$AG$7:$AG$24) -> 1 | AJ11: 14 | AK11: 2082 | AL11: =AK11/AJ11 -> 148.71429 | AM11: =RANK(AL11,$AL$7:$AL$24) -> 2 | AO11: 14 | AP11: 2114 | AQ11: =AP11/AO11 -> 151 | AR11: =RANK(AQ11,$AQ$7:$AQ$24) -> 2 | AT11: 14 | AU11: 2013 | AV11: =AU11/AT11 -> 143.78571 | AW11: =RANK(AV11,$AV$7:$AV$24) -> 3
C12: 6 | D12: 青花椒麻雞肉拌麵 | E12: =VLOOKUP(D12,'07產線配置圖'!$A$2:$C$25,2,0) -> 15 | F12: =VLOOKUP(D12,'07產線配置圖'!$A$2:$C$25,3,0) -> 1714 | G12: =F12/E12 -> 114.26667 | I12: =AVERAGE(P12,U12,Z12,AE12,AJ12,AO12,AT12) -> 15.142857 | J12: =AVERAGE(Q12,V12,AA12,AF12,AK12,AP12,AU12) -> 1542.4286 | K12: =J12/I12 -> 101.85849 | M12: =RANK(K12,$K$7:$K$24) -> 9 | P12: 15 | Q12: 1521 | R12: 101.4 | S12: =RANK(R12,$R$7:$R$24) -> 8 | U12: 16 | V12: 1394 | W12: =V12/U12 -> 87.125 | X12: =RANK(W12,$W$7:$W$24) -> 13 | Z12: 15 | AA12: 1624 | AB12: =AA12/Z12 -> 108.26667 | AC12: =RANK(AB12,$AB$7:$AB$24) -> 8 | AE12: 15 | AF12: 1608 | AG12: =AF12/AE12 -> 107.2 | AH12: =RANK(AG12,$AG$7:$AG$24) -> 8 | AJ12: 15 | AK12: 1639 | AL12: =AK12/AJ12 -> 109.26667 | AM12: =RANK(AL12,$AL$7:$AL$24) -> 7 | AO12: 15 | AP12: 1589 | AQ12: =AP12/AO12 -> 105.93333 | AR12: =RANK(AQ12,$AQ$7:$AQ$24) -> 9 | AT12: 15 | AU12: 1422 | AV12: =AU12/AT12 -> 94.8 | AW12: =RANK(AV12,$AV$7:$AV$24) -> 10
C13: 7 | D13: 沙茶豬肉炒麵 | E13: =VLOOKUP(D13,'07產線配置圖'!$A$2:$C$25,2,0) -> 17 | F13: =VLOOKUP(D13,'07產線配置圖'!$A$2:$C$25,3,0) -> 1800 | G13: =F13/E13 -> 105.88235 | I13: =AVERAGE(P13,U13,Z13,AE13,AJ13,AO13,AT13) -> 16.857143 | J13: =AVERAGE(Q13,V13,AA13,AF13,AK13,AP13,AU13) -> 1629.5714 | K13: =J13/I13 -> 96.669492 | M13: =RANK(K13,$K$7:$K$24) -> 10 | P13: 16 | Q13: 1573 | R13: 98.3125 | S13: =RANK(R13,$R$7:$R$24) -> 9 | U13: 17 | V13: 1599 | W13: =V13/U13 -> 94.058824 | X13: =RANK(W13,$W$7:$W$24) -> 9 | Z13: 17 | AA13: 1524 | AB13: =AA13/Z13 -> 89.647059 | AC13: =RANK(AB13,$AB$7:$AB$24) -> 11 | AE13: 17 | AF13: 1611 | AG13: =AF13/AE13 -> 94.764706 | AH13: =RANK(AG13,$AG$7:$AG$24) -> 10 | AJ13: 17 | AK13: 1683 | AL13: =AK13/AJ13 -> 99 | AM13: =RANK(AL13,$AL$7:$AL$24) -> 10 | AO13: 17 | AP13: 1766 | AQ13: =AP13/AO13 -> 103.88235 | AR13: =RANK(AQ13,$AQ$7:$AQ$24) -> 10 | AT13: 17 | AU13: 1651 | AV13: =AU13/AT13 -> 97.117647 | AW13: =RANK(AV13,$AV$7:$AV$24) -> 9
C14: 8 | D14: 府城鹽水意麵 | E14: =VLOOKUP(D14,'07產線配置圖'!$A$2:$C$25,2,0) -> 18 | F14: =VLOOKUP(D14,'07產線配置圖'!$A$2:$C$25,3,0) -> 1636 | G14: =F14/E14 -> 90.888889 | I14: =AVERAGE(P14,U14,Z14,AE14,AJ14,AO14,AT14) -> 17.428571 | J14: =AVERAGE(Q14,V14,AA14,AF14,AK14,AP14,AU14) -> 1452.8571 | K14: =J14/I14 -> 83.360656 | M14: =RANK(K14,$K$7:$K$24) -> 14 | P14: 17 | Q14: 1527 | R14: 89.823529 | S14: =RANK(R14,$R$7:$R$24) -> 13 | U14: 19 | V14: 1549 | W14: =V14/U14 -> 81.526316 | X14: =RANK(W14,$W$7:$W$24) -> 16 | Z14: 17 | AA14: 1397 | AB14: =AA14/Z14 -> 82.176471 | AC14: =RANK(AB14,$AB$7:$AB$24) -> 14 | AE14: 18 | AF14: 1422 | AG14: =AF14/AE14 -> 79 | AH14: =RANK(AG14,$AG$7:$AG$24) -> 16 | AJ14: 17 | AK14: 1369 | AL14: =AK14/AJ14 -> 80.529412 | AM14: =RANK(AL14,$AL$7:$AL$24) -> 17 | AO14: 17 | AP14: 1416 | AQ14: =AP14/AO14 -> 83.294118 | AR14: =RANK(AQ14,$AQ$7:$AQ$24) -> 13 | AT14: 17 | AU14: 1490 | AV14: =AU14/AT14 -> 87.647059 | AW14: =RANK(AV14,$AV$7:$AV$24) -> 13
C15: 9 | D15: 焗烤起司肉醬筆尖麵 | E15: =VLOOKUP(D15,'07產線配置圖'!$A$2:$C$25,2,0) -> 13 | F15: =VLOOKUP(D15,'07產線配置圖'!$A$2:$C$25,3,0) -> 1440 | G15: =F15/E15 -> 110.76923 | I15: =AVERAGE(P15,U15,Z15,AE15,AJ15,AO15,AT15) -> 12.428571 | J15: =AVERAGE(Q15,V15,AA15,AF15,AK15,AP15,AU15) -> 1022 | K15: =J15/I15 -> 82.229885 | M15: =RANK(K15,$K$7:$K$24) -> 15 | P15: 11 | Q15: 1063 | R15: 96.636364 | S15: =RANK(R15,$R$7:$R$24) -> 11 | U15: 13 | V15: 1160 | W15: =V15/U15 -> 89.230769 | X15: =RANK(W15,$W$7:$W$24) -> 11 | Z15: 13 | AA15: 759 | AB15: =AA15/Z15 -> 58.384615 | AC15: =RANK(AB15,$AB$7:$AB$24) -> 17 | AE15: 13 | AF15: 968 | AG15: =AF15/AE15 -> 74.461538 | AH15: =RANK(AG15,$AG$7:$AG$24) -> 17 | AJ15: 11 | AK15: 1007 | AL15: =AK15/AJ15 -> 91.545455 | AM15: =RANK(AL15,$AL$7:$AL$24) -> 12 | AO15: 13 | AP15: 1304 | AQ15: =AP15/AO15 -> 100.30769 | AR15: =RANK(AQ15,$AQ$7:$AQ$24) -> 11 | AT15: 13 | AU15: 893 | AV15: =AU15/AT15 -> 68.692308 | AW15: =RANK(AV15,$AV$7:$AV$24) -> 17
C16: 10 | D16: 蒜香奶油蝦蝦義大利麵 | E16: =VLOOKUP(D16,'07產線配置圖'!$A$2:$C$25,2,0) -> 17 | F16: =VLOOKUP(D16,'07產線配置圖'!$A$2:$C$25,3,0) -> 2250 | G16: =F16/E16 -> 132.35294 | I16: =AVERAGE(P16,U16,Z16,AE16,AJ16,AO16,AT16) -> 16.857143 | J16: =AVERAGE(Q16,V16,AA16,AF16,AK16,AP16,AU16) -> 2002.1429 | K16: =J16/I16 -> 118.77119 | M16: =RANK(K16,$K$7:$K$24) -> 7 | P16: 17 | Q16: 2078 | R16: 122.23529 | S16: =RANK(R16,$R$7:$R$24) -> 7 | U16: 17 | V16: 1922 | W16: =V16/U16 -> 113.05882 | X16: =RANK(W16,$W$7:$W$24) -> 6 | Z16: 17 | AA16: 1875 | AB16: =AA16/Z16 -> 110.29412 | AC16: =RANK(AB16,$AB$7:$AB$24) -> 7 | AE16: 16 | AF16: 1818 | AG16: =AF16/AE16 -> 113.625 | AH16: =RANK(AG16,$AG$7:$AG$24) -> 7 | AJ16: 17 | AK16: 2120 | AL16: =AK16/AJ16 -> 124.70588 | AM16: =RANK(AL16,$AL$7:$AL$24) -> 6 | AO16: 17 | AP16: 2096 | AQ16: =AP16/AO16 -> 123.29412 | AR16: =RANK(AQ16,$AQ$7:$AQ$24) -> 7 | AT16: 17 | AU16: 2106 | AV16: =AU16/AT16 -> 123.88235 | AW16: =RANK(AV16,$AV$7:$AV$24) -> 7
C17: 11 | D17: 義式辣味嫩烤雞腿排義大利麵 | E17: =VLOOKUP(D17,'07產線配置圖'!$A$2:$C$25,2,0) -> #N/A | F17: =VLOOKUP(D17,'07產線配置圖'!$A$2:$C$25,3,0) -> #N/A | G17: =F17/E17 -> #N/A | I17: =AVERAGE(P17,U17,Z17,AE17,AJ17,AO17,AT17) -> 15 | J17: =AVERAGE(Q17,V17,AA17,AF17,AK17,AP17,AU17) -> 1837 | K17: =J17/I17 -> 122.46667 | M17: =RANK(K17,$K$7:$K$24) -> 6 | P17: 15 | Q17: 1984 | R17: 132.26667 | S17: =RANK(R17,$R$7:$R$24) -> 6 | U17: 15 | V17: 1673 | W17: =V17/U17 -> 111.53333 | X17: =RANK(W17,$W$7:$W$24) -> 7 | Z17: 15 | AA17: 1814 | AB17: =AA17/Z17 -> 120.93333 | AC17: =RANK(AB17,$AB$7:$AB$24) -> 6 | AE17: 15 | AF17: 1779 | AG17: =AF17/AE17 -> 118.6 | AH17: =RANK(AG17,$AG$7:$AG$24) -> 6 | AJ17: 15 | AK17: 1570 | AL17: =AK17/AJ17 -> 104.66667 | AM17: =RANK(AL17,$AL$7:$AL$24) -> 8 | AO17: 15 | AP17: 1944 | AQ17: =AP17/AO17 -> 129.6 | AR17: =RANK(AQ17,$AQ$7:$AQ$24) -> 6 | AT17: 15 | AU17: 2095 | AV17: =AU17/AT17 -> 139.66667 | AW17: =RANK(AV17,$AV$7:$AV$24) -> 5
C18: 12 | D18: 香煎魚排佐檸檬奶油義大利麵 | E18: =VLOOKUP(D18,'07產線配置圖'!$A$2:$C$25,2,0) -> 15 | F18: =VLOOKUP(D18,'07產線配置圖'!$A$2:$C$25,3,0) -> 2250 | G18: =F18/E18 -> 150 | I18: =AVERAGE(P18,U18,Z18,AE18,AJ18,AO18,AT18) -> 15 | J18: =AVERAGE(Q18,V18,AA18,AF18,AK18,AP18,AU18) -> 2081.4286 | K18: =J18/I18 -> 138.7619 | M18: =RANK(K18,$K$7:$K$24) -> 4 | P18: 15 | Q18: 2118 | R18: 141.2 | S18: =RANK(R18,$R$7:$R$24) -> 3 | U18: 15 | V18: 1795 | W18: =V18/U18 -> 119.66667 | X18: =RANK(W18,$W$7:$W$24) -> 5 | Z18: 15 | AA18: 2087 | AB18: =AA18/Z18 -> 139.13333 | AC18: =RANK(AB18,$AB$7:$AB$24) -> 3 | AE18: 15 | AF18: 2114 | AG18: =AF18/AE18 -> 140.93333 | AH18: =RANK(AG18,$AG$7:$AG$24) -> 3 | AJ18: 15 | AK18: 2132 | AL18: =AK18/AJ18 -> 142.13333 | AM18: =RANK(AL18,$AL$7:$AL$24) -> 4 | AO18: 15 | AP18: 2132 | AQ18: =AP18/AO18 -> 142.13333 | AR18: =RANK(AQ18,$AQ$7:$AQ$24) -> 4 | AT18: 15 | AU18: 2192 | AV18: =AU18/AT18 -> 146.13333 | AW18: =RANK(AV18,$AV$7:$AV$24) -> 2
C19: 13 | D19: 黑松露野菇義大利麵 | E19: =VLOOKUP(D19,'07產線配置圖'!$A$2:$C$25,2,0) -> 17 | F19: =VLOOKUP(D19,'07產線配置圖'!$A$2:$C$25,3,0) -> 1636 | G19: =F19/E19 -> 96.235294 | I19: =AVERAGE(P19,U19,Z19,AE19,AJ19,AO19,AT19) -> 16.571429 | J19: =AVERAGE(Q19,V19,AA19,AF19,AK19,AP19,AU19) -> 1475.2857 | K19: =J19/I19 -> 89.025862 | M19: =RANK(K19,$K$7:$K$24) -> 11 | P19: 16 | Q19: 1485 | R19: 92.8125 | S19: =RANK(R19,$R$7:$R$24) -> 12 | U19: 17 | V19: 1564 | W19: =V19/U19 -> 92 | X19: =RANK(W19,$W$7:$W$24) -> 10 | Z19: 17 | AA19: 1553 | AB19: =AA19/Z19 -> 91.352941 | AC19: =RANK(AB19,$AB$7:$AB$24) -> 10 | AE19: 17 | AF19: 1466 | AG19: =AF19/AE19 -> 86.235294 | AH19: =RANK(AG19,$AG$7:$AG$24) -> 13 | AJ19: 17 | AK19: 1520 | AL19: =AK19/AJ19 -> 89.411765 | AM19: =RANK(AL19,$AL$7:$AL$24) -> 13 | AO19: 16 | AP19: 1319 | AQ19: =AP19/AO19 -> 82.4375 | AR19: =RANK(AQ19,$AQ$7:$AQ$24) -> 15 | AT19: 16 | AU19: 1420 | AV19: =AU19/AT19 -> 88.75 | AW19: =RANK(AV19,$AV$7:$AV$24) -> 12
... C23: 17 | D23: 蕃茄莎莎海鮮冷義大利麵 | E23: =VLOOKUP(D23,'07產線配置圖'!$A$2:$C$25,2,0) -> 16 | F23: =VLOOKUP(D23,'07產線配置圖'!$A$2:$C$25,3,0) -> 1500 | G23: =F23/E23 -> 93.75 | I23: =AVERAGE(P23,U23,Z23,AE23,AJ23,AO23,AT23) -> 15.285714 | J23: =AVERAGE(Q23,V23,AA23,AF23,AK23,AP23,AU23) -> 1255.1429 | K23: =J23/I23 -> 82.11215 | M23: =RANK(K23,$K$7:$K$24) -> 16 | P23: 15 | Q23: 1260 | R23: 84 | S23: =RANK(R23,$R$7:$R$24) -> 15 | U23: 15 | V23: 1185 | W23: =V23/U23 -> 79 | X23: =RANK(W23,$W$7:$W$24) -> 17 | Z23: 15 | AA23: 1185 | AB23: =AA23/Z23 -> 79 | AC23: =RANK(AB23,$AB$7:$AB$24) -> 16 | AE23: 16 | AF23: 1390 | AG23: =AF23/AE23 -> 86.875 | AH23: =RANK(AG23,$AG$7:$AG$24) -> 12 | AJ23: 15 | AK23: 1316 | AL23: =AK23/AJ23 -> 87.733333 | AM23: =RANK(AL23,$AL$7:$AL$24) -> 14 | AO23: 15 | AP23: 1232 | AQ23: =AP23/AO23 -> 82.133333 | AR23: =RANK(AQ23,$AQ$7:$AQ$24) -> 16 | AT23: 16 | AU23: 1218 | AV23: =AU23/AT23 -> 76.125 | AW23: =RANK(AV23,$AV$7:$AV$24) -> 16
C24: 18
B25: 產線配置圖－每週更新 | N25: 資料繳交 | O25: 日期 | P25: =AT2+1 -> 46210 | U25: =P25+1 -> 46211 | Z25: =U25+1 -> 46212 | AE25: =Z25+1 -> 46213 | AJ25: =AE25+1 -> 46214 | AO25: =AJ25+1 -> 46215 | AT25: =AO25+1 -> 46216
P26: 二 | U26: 三 | Z26: 四 | AE26: 五 | AJ26: 六 | AO26: 日 | AT26: 一
B27: 品群 | C27: 商品名稱 | E27: 計畫 | H27: 平均人時性 | I27: 實績 | L27: 平均人時性 | M27: 排名 | O27: 日報 | P27: 實際 | T27: 平均人時性 | U27: 實際 | Y27: 平均人時性 | Z27: 實際 | AD27: 平均人時性 | AE27: 實際 | AI27: 平均人時性 | AJ27: 實際 | AN27: 平均人時性 | AO27: 實際 | AS27: 平均人時性 | AT27: 實際 | AX27: 平均人時性
E28: 產線配置圖 | I28: 產線配置圖 | P28: 生產實績 | U28: 生產實績 | Z28: 生產實績 | AE28: 生產實績 | AJ28: 生產實績 | AO28: 生產實績 | AT28: 生產實績
E29: 人數 | F29: 產能／時 | G29: 人時性 | I29: 人數 | J29: 產能／時 | K29: 人時性 | P29: 人數 | Q29: 產能／時 | R29: 人時性 | S29: 排名 | U29: 人數 | V29: 產能／時 | W29: 人時性 | X29: 排名 | Z29: 人數 | AA29: 產能／時 | AB29: 人時性 | AC29: 排名 | AE29: 人數 | AF29: 產能／時 | AG29: 人時性 | AH29: 排名 | AJ29: 人數 | AK29: 產能／時 | AL29: 人時性 | AM29: 排名 | AO29: 人數 | AP29: 產能／時 | AQ29: 人時性 | AR29: 排名 | AT29: 人數 | AU29: 產能／時 | AV29: 人時性 | AW29: 排名
B30: 熱食義麵 | C30: 1 | D30: 義式蕃茄起司義大利麵 | E30: =VLOOKUP(D30,'07產線配置圖'!$A$2:$C$25,2,0) -> 13 | F30: =VLOOKUP(D30,'07產線配置圖'!$A$2:$C$25,3,0) -> 2250 | G30: =F30/E30 -> 173.07692 | H30: =AVERAGE(G30:G47) -> 121.02256 | I30: =AVERAGE(P30,U30,Z30,AE30,AJ30,AO30,AT30) -> 12.714286 | J30: =AVERAGE(Q30,V30,AA30,AF30,AK30,AP30,AU30) -> 2070.4286 | K30: =J30/I30 -> 162.8427 | L30: =IFERROR(AVERAGE(K30:K47),"-") -> 110.74778 | M30: =RANK(K30, K$30:$K$47) -> 1 | P30: 13 | Q30: 2148 | R30: =Q30/P30 -> 165.23077 | S30: =RANK(R30,$R$30:$R$47) -> 1 | T30: =AVERAGE(R30:R47) -> 111.19833 | U30: 13 | V30: 1997 | W30: =V30/U30 -> 153.61538 | X30: =RANK(W30, $W$30:$W$47) -> 1 | Y30: =AVERAGE(W30:W47) -> 110.0699 | Z30: 13 | AA30: 2154 | AB30: =AA30/Z30 -> 165.69231 | AC30: =RANK(AB30, $AB$30:$AB$47) -> 1 | AD30: =AVERAGE(AB30:AB47) -> 110.15653 | AE30: 13 | AF30: 1948 | AG30: =AF30/AE30 -> 149.84615 | AH30: =RANK(AG30, $AG$30:$AG$47) -> 2 | AI30: =AVERAGE(AG30:AG47) -> 108.39631 | AJ30: 13 | AK30: 2060 | AL30: =AK30/AJ30 -> 158.46154 | AM30: =RANK(AL30, $AL$30:$AL$47) -> 1 | AN30: =AVERAGE(AL30:AL47) -> 111.48999 | AO30: 12 | AP30: 2127 | AQ30: =AP30/AO30 -> 177.25 | AR30: =RANK(AQ30,$AQ$30:$AQ$47) -> 1 | AS30: =AVERAGE(AQ30:AQ47) -> 111.46963 | AT30: 12 | AU30: 2059 | AV30: =AU30/AT30 -> 171.58333 | AW30: =RANK(AV30, $AV$30:$AV$47) -> 1 | AX30: =AVERAGE(AV30:AV47) -> 112.88037
C31: 2 | D31: 奶油培根義大利麵 | E31: =VLOOKUP(D31,'07產線配置圖'!$A$2:$C$25,2,0) -> 15 | F31: =VLOOKUP(D31,'07產線配置圖'!$A$2:$C$25,3,0) -> 2250 | G31: =F31/E31 -> 150 | I31: =AVERAGE(P31,U31,Z31,AE31,AJ31,AO31,AT31) -> 14.714286 | J31: =AVERAGE(Q31,V31,AA31,AF31,AK31,AP31,AU31) -> 2120 | K31: =J31/I31 -> 144.07767 | M31: =RANK(K31, K$30:$K$47) -> 4 | P31: 15 | Q31: 2131 | R31: =Q31/P31 -> 142.06667 | S31: =RANK(R31,$R$30:$R$47) -> 4 | U31: 15 | V31: 2055 | W31: =V31/U31 -> 137 | X31: =RANK(W31, $W$30:$W$47) -> 3 | Z31: 15 | AA31: 2148 | AB31: =AA31/Z31 -> 143.2 | AC31: =RANK(AB31, $AB$30:$AB$47) -> 4 | AE31: 15 | AF31: 2097 | AG31: =AF31/AE31 -> 139.8 | AH31: =RANK(AG31, $AG$30:$AG$47) -> 4 | AJ31: 15 | AK31: 2150 | AL31: =AK31/AJ31 -> 143.33333 | AM31: =RANK(AL31, $AL$30:$AL$47) -> 3 | AO31: 14 | AP31: 2133 | AQ31: =AP31/AO31 -> 152.35714 | AR31: =RANK(AQ31,$AQ$30:$AQ$47) -> 2 | AT31: 14 | AU31: 2126 | AV31: =AU31/AT31 -> 151.85714 | AW31: =RANK(AV31, $AV$30:$AV$47) -> 4
C32: 3 | D32: 白酒清炒鮮蛤義大利麵 | E32: =VLOOKUP(D32,'07產線配置圖'!$A$2:$C$25,2,0) -> 15 | F32: =VLOOKUP(D32,'07產線配置圖'!$A$2:$C$25,3,0) -> 2250 | G32: =F32/E32 -> 150 | I32: =AVERAGE(P32,U32,Z32,AE32,AJ32,AO32,AT32) -> 14.714286 | J32: =AVERAGE(Q32,V32,AA32,AF32,AK32,AP32,AU32) -> 2130.5714 | K32: =J32/I32 -> 144.79612 | M32: =RANK(K32, K$30:$K$47) -> 3 | P32: 15 | Q32: 2130 | R32: =Q32/P32 -> 142 | S32: =RANK(R32,$R$30:$R$47) -> 5 | U32: 15 | V32: 2068 | W32: =V32/U32 -> 137.86667 | X32: =RANK(W32, $W$30:$W$47) -> 2 | Z32: 15 | AA32: 2171 | AB32: =AA32/Z32 -> 144.73333 | AC32: =RANK(AB32, $AB$30:$AB$47) -> 3 | AE32: 15 | AF32: 2142 | AG32: =AF32/AE32 -> 142.8 | AH32: =RANK(AG32, $AG$30:$AG$47) -> 3 | AJ32: 15 | AK32: 2209 | AL32: =AK32/AJ32 -> 147.26667 | AM32: =RANK(AL32, $AL$30:$AL$47) -> 2 | AO32: 14 | AP32: 2062 | AQ32: =AP32/AO32 -> 147.28571 | AR32: =RANK(AQ32,$AQ$30:$AQ$47) -> 3 | AT32: 14 | AU32: 2132 | AV32: =AU32/AT32 -> 152.28571 | AW32: =RANK(AV32, $AV$30:$AV$47) -> 3
C33: 4 | D33: 焗烤起司雙饗筆尖麵 | E33: =VLOOKUP(D33,'07產線配置圖'!$A$2:$C$25,2,0) -> 16 | F33: =VLOOKUP(D33,'07產線配置圖'!$A$2:$C$25,3,0) -> 1800 | G33: =F33/E33 -> 112.5 | I33: =AVERAGE(P33,U33,Z33,AE33,AJ33,AO33,AT33) -> 16 | J33: =AVERAGE(Q33,V33,AA33,AF33,AK33,AP33,AU33) -> 1590.5714 | K33: =J33/I33 -> 99.410714 | M33: =RANK(K33, K$30:$K$47) -> 8 | P33: 16 | Q33: 1635 | R33: =Q33/P33 -> 102.1875 | S33: =RANK(R33,$R$30:$R$47) -> 8 | U33: 16 | V33: 1582 | W33: =V33/U33 -> 98.875 | X33: =RANK(W33, $W$30:$W$47) -> 9 | Z33: 16 | AA33: 1562 | AB33: =AA33/Z33 -> 97.625 | AC33: =RANK(AB33, $AB$30:$AB$47) -> 9 | AE33: 16 | AF33: 1616 | AG33: =AF33/AE33 -> 101 | AH33: =RANK(AG33, $AG$30:$AG$47) -> 8 | AJ33: 16 | AK33: 1552 | AL33: =AK33/AJ33 -> 97 | AM33: =RANK(AL33, $AL$30:$AL$47) -> 9 | AO33: 16 | AP33: 1658 | AQ33: =AP33/AO33 -> 103.625 | AR33: =RANK(AQ33,$AQ$30:$AQ$47) -> 7 | AT33: 16 | AU33: 1529 | AV33: =AU33/AT33 -> 95.5625 | AW33: =RANK(AV33, $AV$30:$AV$47) -> 9
C34: 5 | D34: 青醬蛤蜊義大利麵 | E34: =VLOOKUP(D34,'07產線配置圖'!$A$2:$C$25,2,0) -> 14 | F34: =VLOOKUP(D34,'07產線配置圖'!$A$2:$C$25,3,0) -> 2250 | G34: =F34/E34 -> 160.71429 | I34: =AVERAGE(P34,U34,Z34,AE34,AJ34,AO34,AT34) -> 13.857143 | J34: =AVERAGE(Q34,V34,AA34,AF34,AK34,AP34,AU34) -> 2069.1429 | K34: =J34/I34 -> 149.31959 | M34: =RANK(K34, K$30:$K$47) -> 2 | P34: 14 | Q34: 2151 | R34: =Q34/P34 -> 153.64286 | S34: =RANK(R34,$R$30:$R$47) -> 2 | U34: 14 | V34: 1901 | W34: =V34/U34 -> 135.78571 | X34: =RANK(W34, $W$30:$W$47) -> 4 | Z34: 14 | AA34: 2169 | AB34: =AA34/Z34 -> 154.92857 | AC34: =RANK(AB34, $AB$30:$AB$47) -> 2 | AE34: 14 | AF34: 2135 | AG34: =AF34/AE34 -> 152.5 | AH34: =RANK(AG34, $AG$30:$AG$47) -> 1 | AJ34: 14 | AK34: 2006 | AL34: =AK34/AJ34 -> 143.28571 | AM34: =RANK(AL34, $AL$30:$AL$47) -> 4 | AO34: 14 | AP34: 1978 | AQ34: =AP34/AO34 -> 141.28571 | AR34: =RANK(AQ34,$AQ$30:$AQ$47) -> 6 | AT34: 13 | AU34: 2144 | AV34: =AU34/AT34 -> 164.92308 | AW34: =RANK(AV34, $AV$30:$AV$47) -> 2
C35: 6 | D35: 青花椒麻雞肉拌麵 | E35: =VLOOKUP(D35,'07產線配置圖'!$A$2:$C$25,2,0) -> 15 | F35: =VLOOKUP(D35,'07產線配置圖'!$A$2:$C$25,3,0) -> 1714 | G35: =F35/E35 -> 114.26667 | I35: =AVERAGE(P35,U35,Z35,AE35,AJ35,AO35,AT35) -> 15.142857 | J35: =AVERAGE(Q35,V35,AA35,AF35,AK35,AP35,AU35) -> 1564.8571 | K35: =J35/I35 -> 103.33962 | M35: =RANK(K35, K$30:$K$47) -> 7 | P35: 15 | Q35: 1630 | R35: =Q35/P35 -> 108.66667 | S35: =RANK(R35,$R$30:$R$47) -> 7 | U35: 15 | V35: 1602 | W35: =V35/U35 -> 106.8 | X35: =RANK(W35, $W$30:$W$47) -> 8 | Z35: 15 | AA35: 1580 | AB35: =AA35/Z35 -> 105.33333 | AC35: =RANK(AB35, $AB$30:$AB$47) -> 7 | AE35: 15 | AF35: 1523 | AG35: =AF35/AE35 -> 101.53333 | AH35: =RANK(AG35, $AG$30:$AG$47) -> 7 | AJ35: 15 | AK35: 1620 | AL35: =AK35/AJ35 -> 108 | AM35: =RANK(AL35, $AL$30:$AL$47) -> 7 | AO35: 15 | AP35: 1509 | AQ35: =AP35/AO35 -> 100.6 | AR35: =RANK(AQ35,$AQ$30:$AQ$47) -> 8 | AT35: 16 | AU35: 1490 | AV35: =AU35/AT35 -> 93.125 | AW35: =RANK(AV35, $AV$30:$AV$47) -> 10
C36: 7 | D36: 沙茶豬肉炒麵 | E36: =VLOOKUP(D36,'07產線配置圖'!$A$2:$C$25,2,0) -> 17 | F36: =VLOOKUP(D36,'07產線配置圖'!$A$2:$C$25,3,0) -> 1800 | G36: =F36/E36 -> 105.88235 | I36: =AVERAGE(P36,U36,Z36,AE36,AJ36,AO36,AT36) -> 17 | J36: =AVERAGE(Q36,V36,AA36,AF36,AK36,AP36,AU36) -> 1621.5714 | K36: =J36/I36 -> 95.386555 | M36: =RANK(K36, K$30:$K$47) -> 9 | P36: 17 | Q36: 1637 | R36: =Q36/P36 -> 96.294118 | S36: =RANK(R36,$R$30:$R$47) -> 9 | U36: 17 | V36: 1680 | W36: =V36/U36 -> 98.823529 | X36: =RANK(W36, $W$30:$W$47) -> 10 | Z36: 17 | AA36: 1633 | AB36: =AA36/Z36 -> 96.058824 | AC36: =RANK(AB36, $AB$30:$AB$47) -> 10 | AE36: 17 | AF36: 1428 | AG36: =AF36/AE36 -> 84 | AH36: =RANK(AG36, $AG$30:$AG$47) -> 13 | AJ36: 17 | AK36: 1766 | AL36: =AK36/AJ36 -> 103.88235 | AM36: =RANK(AL36, $AL$30:$AL$47) -> 8 | AO36: 17 | AP36: 1563 | AQ36: =AP36/AO36 -> 91.941176 | AR36: =RANK(AQ36,$AQ$30:$AQ$47) -> 9 | AT36: 17 | AU36: 1644 | AV36: =AU36/AT36 -> 96.705882 | AW36: =RANK(AV36, $AV$30:$AV$47) -> 7
C37: 8 | D37: 府城鹽水意麵 | E37: =VLOOKUP(D37,'07產線配置圖'!$A$2:$C$25,2,0) -> 18 | F37: =VLOOKUP(D37,'07產線配置圖'!$A$2:$C$25,3,0) -> 1636 | G37: =F37/E37 -> 90.888889 | I37: =AVERAGE(P37,U37,Z37,AE37,AJ37,AO37,AT37) -> 17.285714 | J37: =AVERAGE(Q37,V37,AA37,AF37,AK37,AP37,AU37) -> 1431 | K37: =J37/I37 -> 82.785124 | M37: =RANK(K37, K$30:$K$47) -> 15 | P37: 18 | Q37: 1353 | R37: =Q37/P37 -> 75.166667 | S37: =RANK(R37,$R$30:$R$47) -> 15 | U37: 18 | V37: 1526 | W37: =V37/U37 -> 84.777778 | X37: =RANK(W37, $W$30:$W$47) -> 16 | Z37: 17 | AA37: 1404 | AB37: =AA37/Z37 -> 82.588235 | AC37: =RANK(AB37, $AB$30:$AB$47) -> 15 | AE37: 17 | AF37: 1341 | AG37: =AF37/AE37 -> 78.882353 | AH37: =RANK(AG37, $AG$30:$AG$47) -> 15 | AJ37: 16 | AK37: 1370 | AL37: =AK37/AJ37 -> 85.625 | AM37: =RANK(AL37, $AL$30:$AL$47) -> 14 | AO37: 18 | AP37: 1547 | AQ37: =AP37/AO37 -> 85.944444 | AR37: =RANK(AQ37,$AQ$30:$AQ$47) -> 12 | AT37: 17 | AU37: 1476 | AV37: =AU37/AT37 -> 86.823529 | AW37: =RANK(AV37, $AV$30:$AV$47) -> 12
C38: 9 | D38: 蒜香奶油蝦蝦義大利麵 | E38: =VLOOKUP(D38,'07產線配置圖'!$A$2:$C$25,2,0) -> 17 | F38: =VLOOKUP(D38,'07產線配置圖'!$A$2:$C$25,3,0) -> 2250 | G38: =F38/E38 -> 132.35294 | I38: =AVERAGE(P38,U38,Z38,AE38,AJ38,AO38,AT38) -> 14.285714 | J38: =AVERAGE(Q38,V38,AA38,AF38,AK38,AP38,AU38) -> 1126.4286 | K38: =J38/I38 -> 78.85 | M38: =RANK(K38, K$30:$K$47) -> 16 | P38: 13 | Q38: 935 | R38: =Q38/P38 -> 71.923077 | S38: =RANK(R38,$R$30:$R$47) -> 16 | U38: 16 | V38: 1754 | W38: =V38/U38 -> 109.625 | X38: =RANK(W38, $W$30:$W$47) -> 7 | Z38: 15 | AA38: 926 | AB38: =AA38/Z38 -> 61.733333 | AC38: =RANK(AB38, $AB$30:$AB$47) -> 16 | AE38: 15 | AF38: 1131 | AG38: =AF38/AE38 -> 75.4 | AH38: =RANK(AG38, $AG$30:$AG$47) -> 16 | AJ38: 9 | AK38: 735 | AL38: =AK38/AJ38 -> 81.666667 | AM38: =RANK(AL38, $AL$30:$AL$47) -> 15 | AO38: 16 | AP38: 1127 | AQ38: =AP38/AO38 -> 70.4375 | AR38: =RANK(AQ38,$AQ$30:$AQ$47) -> 16 | AT38: 16 | AU38: 1277 | AV38: =AU38/AT38 -> 79.8125 | AW38: =RANK(AV38, $AV$30:$AV$47) -> 15
C39: 10 | D39: 香煎魚排佐檸檬奶油義大利麵 | E39: =VLOOKUP(D39,'07產線配置圖'!$A$2:$C$25,2,0) -> 15 | F39: =VLOOKUP(D39,'07產線配置圖'!$A$2:$C$25,3,0) -> 2250 | G39: =F39/E39 -> 150 | I39: =AVERAGE(P39,U39,Z39,AE39,AJ39,AO39,AT39) -> 14.714286 | J39: =AVERAGE(Q39,V39,AA39,AF39,AK39,AP39,AU39) -> 2056.7143 | K39: =J39/I39 -> 139.7767 | M39: =RANK(K39, K$30:$K$47) -> 5 | P39: 15 | Q39: 2174 | R39: =Q39/P39 -> 144.93333 | S39: =RANK(R39,$R$30:$R$47) -> 3 | U39: 15 | V39: 1919 | W39: =V39/U39 -> 127.93333 | X39: =RANK(W39, $W$30:$W$47) -> 6 | Z39: 15 | AA39: 2080 | AB39: =AA39/Z39 -> 138.66667 | AC39: =RANK(AB39, $AB$30:$AB$47) -> 5 | AE39: 15 | AF39: 2084 | AG39: =AF39/AE39 -> 138.93333 | AH39: =RANK(AG39, $AG$30:$AG$47) -> 5 | AJ39: 15 | AK39: 2080 | AL39: =AK39/AJ39 -> 138.66667 | AM39: =RANK(AL39, $AL$30:$AL$47) -> 5 | AO39: 14 | AP39: 1995 | AQ39: =AP39/AO39 -> 142.5 | AR39: =RANK(AQ39,$AQ$30:$AQ$47) -> 5 | AT39: 14 | AU39: 2065 | AV39: =AU39/AT39 -> 147.5 | AW39: =RANK(AV39, $AV$30:$AV$47) -> 5
C40: 11 | D40: 黑松露野菇義大利麵 | E40: =VLOOKUP(D40,'07產線配置圖'!$A$2:$C$25,2,0) -> 17 | F40: =VLOOKUP(D40,'07產線配置圖'!$A$2:$C$25,3,0) -> 1636 | G40: =F40/E40 -> 96.235294 | I40: =AVERAGE(P40,U40,Z40,AE40,AJ40,AO40,AT40) -> 17 | J40: =AVERAGE(Q40,V40,AA40,AF40,AK40,AP40,AU40) -> 1477 | K40: =J40/I40 -> 86.882353 | M40: =RANK(K40, K$30:$K$47) -> 12 | P40: 17 | Q40: 1505 | R40: =Q40/P40 -> 88.529412 | S40: =RANK(R40,$R$30:$R$47) -> 12 | U40: 17 | V40: 1524 | W40: =V40/U40 -> 89.647059 | X40: =RANK(W40, $W$30:$W$47) -> 12 | Z40: 17 | AA40: 1449 | AB40: =AA40/Z40 -> 85.235294 | AC40: =RANK(AB40, $AB$30:$AB$47) -> 13 | AE40: 17 | AF40: 1579 | AG40: =AF40/AE40 -> 92.882353 | AH40: =RANK(AG40, $AG$30:$AG$47) -> 9 | AJ40: 17 | AK40: 1477 | AL40: =AK40/AJ40 -> 86.882353 | AM40: =RANK(AL40, $AL$30:$AL$47) -> 13 | AO40: 17 | AP40: 1391 | AQ40: =AP40/AO40 -> 81.823529 | AR40: =RANK(AQ40,$AQ$30:$AQ$47) -> 15 | AT40: 17 | AU40: 1414 | AV40: =AU40/AT40 -> 83.176471 | AW40: =RANK(AV40, $AV$30:$AV$47) -> 14
C41: 12 | D41: 奶油鮮蝦明太子細扁麵 | E41: 18 | F41: =VLOOKUP(D41,'07產線配置圖'!$A$2:$C$25,3,0) -> 1636 | G41: =F41/E41 -> 90.888889 | I41: =AVERAGE(P41,U41,Z41,AE41,AJ41,AO41,AT41) -> 17.714286 | J41: =AVERAGE(Q41,V41,AA41,AF41,AK41,AP41,AU41) -> 1528.1429 | K41: =J41/I41 -> 86.266129 | M41: =RANK(K41, K$30:$K$47) -> 13 | P41: 18 | Q41: 1566 | R41: =Q41/P41 -> 87 | S41: =RANK(R41,$R$30:$R$47) -> 13 | U41: 18 | V41: 1529 | W41: =V41/U41 -> 84.944444 | X41: =RANK(W41, $W$30:$W$47) -> 15 | Z41: 17 | AA41: 1444 | AB41: =AA41/Z41 -> 84.941176 | AC41: =RANK(AB41, $AB$30:$AB$47) -> 14 | AE41: 18 | AF41: 1543 | AG41: =AF41/AE41 -> 85.722222 | AH41: =RANK(AG41, $AG$30:$AG$47) -> 12 | AJ41: 17 | AK41: 1491 | AL41: =AK41/AJ41 -> 87.705882 | AM41: =RANK(AL41, $AL$30:$AL$47) -> 12 | AO41: 18 | AP41: 1546 | AQ41: =AP41/AO41 -> 85.888889 | AR41: =RANK(AQ41,$AQ$30:$AQ$47) -> 13 | AT41: 18 | AU41: 1578 | AV41: =AU41/AT41 -> 87.666667 | AW41: =RANK(AV41, $AV$30:$AV$47) -> 11
C42: 13 | D42: 焦糖拿鐵烤雞細扁麵 | E42: =VLOOKUP(D42,'07產線配置圖'!$A$2:$C$25,2,0) -> 18 | F42: =VLOOKUP(D42,'07產線配置圖'!$A$2:$C$25,3,0) -> 1565 | G42: =F42/E42 -> 86.944444 | I42: =AVERAGE(P42,U42,Z42,AE42,AJ42,AO42,AT42) -> 17.428571 | J42: =AVERAGE(Q42,V42,AA42,AF42,AK42,AP42,AU42) -> 1448.7143 | K42: =J42/I42 -> 83.122951 | M42: =RANK(K42, K$30:$K$47) -> 14 | P42: 18 | Q42: 1501 | R42: =Q42/P42 -> 83.388889 | S42: =RANK(R42,$R$30:$R$47) -> 14 | U42: 18 | V42: 1563 | W42: =V42/U42 -> 86.833333 | X42: =RANK(W42, $W$30:$W$47) -> 14 | Z42: 16 | AA42: 1380 | AB42: =AA42/Z42 -> 86.25 | AC42: =RANK(AB42, $AB$30:$AB$47) -> 12 | AE42: 18 | AF42: 1469 | AG42: =AF42/AE42 -> 81.611111 | AH42: =RANK(AG42, $AG$30:$AG$47) -> 14 | AJ42: 17 | AK42: 1383 | AL42: =AK42/AJ42 -> 81.352941 | AM42: =RANK(AL42, $AL$30:$AL$47) -> 16 | AO42: 17 | AP42: 1421 | AQ42: =AP42/AO42 -> 83.588235 | AR42: =RANK(AQ42,$AQ$30:$AQ$47) -> 14 | AT42: 18 | AU42: 1424 | AV42: =AU42/AT42 -> 79.111111 | AW42: =RANK(AV42, $AV$30:$AV$47) -> 16
C43: 14 | D43: 義式蛋蛋青醬鮪魚冷義大利麵 | E43: =VLOOKUP(D43,'07產線配置圖'!$A$2:$C$25,2,0) -> 17 | F43: =VLOOKUP(D43,'07產線配置圖'!$A$2:$C$25,3,0) -> 1500 | G43: =F43/E43 -> 88.235294 | I43: =AVERAGE(P43,U43,Z43,AE43,AJ43,AO43,AT43) -> 17 | J43: =AVERAGE(Q43,V43,AA43,AF43,AK43,AP43,AU43) -> 1513.8571 | K43: =J43/I43 -> 89.05042 | M43: =RANK(K43, K$30:$K$47) -> 11 | P43: 17 | Q43: 1559 | R43: =Q43/P43 -> 91.705882 | S43: =RANK(R43,$R$30:$R$47) -> 11 | U43: 17 | V43: 1526 | W43: =V43/U43 -> 89.764706 | X43: =RANK(W43, $W$30:$W$47) -> 11 | Z43: 17 | AA43: 1508 | AB43: =AA43/Z43 -> 88.705882 | AC43: =RANK(AB43, $AB$30:$AB$47) -> 11 | AE43: 17 | AF43: 1515 | AG43: =AF43/AE43 -> 89.117647 | AH43: =RANK(AG43, $AG$30:$AG$47) -> 11 | AJ43: 17 | AK43: 1518 | AL43: =AK43/AJ43 -> 89.294118 | AM43: =RANK(AL43, $AL$30:$AL$47) -> 11 | AO43: 17 | AP43: 1503 | AQ43: =AP43/AO43 -> 88.411765 | AR43: =RANK(AQ43,$AQ$30:$AQ$47) -> 10 | AT43: 17 | AU43: 1468 | AV43: =AU43/AT43 -> 86.352941 | AW43: =RANK(AV43, $AV$30:$AV$47) -> 13
C44: 15 | D44: 蕃茄莎莎海鮮冷義大利麵 | E44: =VLOOKUP(D44,'07產線配置圖'!$A$2:$C$25,2,0) -> 16 | F44: =VLOOKUP(D44,'07產線配置圖'!$A$2:$C$25,3,0) -> 1500 | G44: =F44/E44 -> 93.75 | I44: =AVERAGE(P44,U44,Z44,AE44,AJ44,AO44,AT44) -> 16.142857 | J44: =AVERAGE(Q44,V44,AA44,AF44,AK44,AP44,AU44) -> 1492 | K44: =J44/I44 -> 92.424779 | M44: =RANK(K44, K$30:$K$47) -> 10 | P44: 16 | Q44: 1484 | R44: =Q44/P44 -> 92.75 | S44: =RANK(R44,$R$30:$R$47) -> 10 | U44: 18 | V44: 1582 | W44: =V44/U44 -> 87.888889 | X44: =RANK(W44, $W$30:$W$47) -> 13 | Z44: 16 | AA44: 1564 | AB44: =AA44/Z44 -> 97.75 | AC44: =RANK(AB44, $AB$30:$AB$47) -> 8 | AE44: 16 | AF44: 1460 | AG44: =AF44/AE44 -> 91.25 | AH44: =RANK(AG44, $AG$30:$AG$47) -> 10 | AJ44: 16 | AK44: 1532 | AL44: =AK44/AJ44 -> 95.75 | AM44: =RANK(AL44, $AL$30:$AL$47) -> 10 | AO44: 16 | AP44: 1382 | AQ44: =AP44/AO44 -> 86.375 | AR44: =RANK(AQ44,$AQ$30:$AQ$47) -> 11 | AT44: 15 | AU44: 1440 | AV44: =AU44/AT44 -> 96 | AW44: =RANK(AV44, $AV$30:$AV$47) -> 8
C45: 16 | D45: 羅馬黑胡椒起司義大利麵 | E45: =VLOOKUP(D45,'07產線配置圖'!$A$2:$C$25,2,0) -> 16 | F45: =VLOOKUP(D45,'07產線配置圖'!$A$2:$C$25,3,0) -> 2250 | G45: =F45/E45 -> 140.625 | I45: =AVERAGE(P45,U45,Z45,AE45,AJ45,AO45,AT45) -> 15.571429 | J45: =AVERAGE(Q45,V45,AA45,AF45,AK45,AP45,AU45) -> 2080.8571 | K45: =J45/I45 -> 133.63303 | M45: =RANK(K45, K$30:$K$47) -> 6 | P45: 16 | Q45: 2139 | R45: =Q45/P45 -> 133.6875 | S45: =RANK(R45,$R$30:$R$47) -> 6 | U45: 16 | V45: 2095 | W45: =V45/U45 -> 130.9375 | X45: =RANK(W45, $W$30:$W$47) -> 5 | Z45: 16 | AA45: 2065 | AB45: =AA45/Z45 -> 129.0625 | AC45: =RANK(AB45, $AB$30:$AB$47) -> 6 | AE45: 16 | AF45: 2065 | AG45: =AF45/AE45 -> 129.0625 | AH45: =RANK(AG45, $AG$30:$AG$47) -> 6 | AJ45: 15 | AK45: 2035 | AL45: =AK45/AJ45 -> 135.66667 | AM45: =RANK(AL45, $AL$30:$AL$47) -> 6 | AO45: 15 | AP45: 2163 | AQ45: =AP45/AO45 -> 144.2 | AR45: =RANK(AQ45,$AQ$30:$AQ$47) -> 4 | AT45: 15 | AU45: 2004 | AV45: =AU45/AT45 -> 133.6 | AW45: =RANK(AV45, $AV$30:$AV$47) -> 6
C46: 17
C47: 18
B48: 產線配置圖－每週更新 | N48: 資料繳交 | O48: 日期 | P48: =AT25+1 -> 46217 | U48: =P48+1 -> 46218 | Z48: =Z25+7 -> 46219 | AE48: =AE25+7 -> 46220 | AJ48: =AJ25+7 -> 46221 | AO48: =AO25+7 -> 46222 | AT48: =AT25+7 -> 46223
P49: 二 | U49: 三 | Z49: 四 | AE49: 五 | AJ49: 六 | AO49: 日 | AT49: 一
B50: 品群 | C50: 商品名稱 | E50: 計畫 | H50: 平均人時性 | I50: 實績 | L50: 平均人時性 | M50: 排名 | O50: 日報 | P50: 實際 | T50: 平均人時性 | U50: 實際 | Y50: 平均人時性 | Z50: 實際 | AD50: 平均人時性 | AE50: 實際 | AI50: 平均人時性 | AJ50: 實際 | AN50: 平均人時性 | AO50: 實際 | AS50: 平均人時性 | AT50: 實際 | AX50: 平均人時性
E51: 產線配置圖 | I51: 產線配置圖 | P51: 生產實績 | U51: 生產實績 | Z51: 生產實績 | AE51: 生產實績 | AJ51: 生產實績 | AO51: 生產實績 | AT51: 生產實績
E52: 人數 | F52: 產能／時 | G52: 人時性 | I52: 人數 | J52: 產能／時 | K52: 人時性 | P52: 人數 | Q52: 產能／時 | R52: 人時性 | S52: 排名 | U52: 人數 | V52: 產能／時 | W52: 人時性 | X52: 排名 | Z52: 人數 | AA52: 產能／時 | AB52: 人時性 | AC52: 排名 | AE52: 人數 | AF52: 產能／時 | AG52: 人時性 | AH52: 排名 | AJ52: 人數 | AK52: 產能／時 | AL52: 人時性 | AM52: 排名 | AO52: 人數 | AP52: 產能／時 | AQ52: 人時性 | AR52: 排名 | AT52: 人數 | AU52: 產能／時 | AV52: 人時性 | AW52: 排名
B53: 熱食義麵 | C53: 1 | D53: 義式蕃茄起司義大利麵 | E53: =VLOOKUP(D53,'07產線配置圖'!$A$2:$C$25,2,0) -> 13 | F53: =VLOOKUP(D53,'07產線配置圖'!$A$2:$C$25,3,0) -> 2250 | G53: =F53/E53 -> 173.07692 | H53: =AVERAGE(G53:G70) -> 117.71674 | I53: =AVERAGE(P53,U53,Z53,AE53,AJ53,AO53,AT53) -> 12 | J53: =AVERAGE(Q53,V53,AA53,AF53,AK53,AP53,AU53) -> 2044.4286 | K53: =AVERAGE(R53,W53,AB53,AG53,AL53,AQ53,AV53) -> 170.36905 | L53: =IFERROR(AVERAGE(K53:K70),"-") -> 111.45493 | M53: =RANK(K53, K$53:$K$70) -> 1 | P53: 12 | Q53: 2140 | R53: =Q53/P53 -> 178.33333 | S53: =RANK(R53, $R$53:$R$70) -> 1 | T53: =AVERAGE(R53:R70) -> 111.06546 | U53: 12 | V53: 2008 | W53: =V53/U53 -> 167.33333 | X53: =RANK(W53,$W$53:$W$70) -> 1 | Y53: =AVERAGE(W53:W70) -> 112.83798 | Z53: 12 | AA53: 2120 | AB53: =AA53/Z53 -> 176.66667 | AC53: =RANK(AB53, $AB$53:$AB$70) -> 1 | AD53: =AVERAGE(AB53:AB70) -> 110.16928 | AE53: 12 | AF53: 2055 | AG53: =AF53/AE53 -> 171.25 | AH53: =RANK(AG53, $AG$53:$AG$70) -> 1 | AI53: =AVERAGE(AG53:AG70) -> 111.88702 | AJ53: 12 | AK53: 2006 | AL53: =AK53/AJ53 -> 167.16667 | AM53: =RANK(AL53,$AL$53:$AL$70) -> 1 | AN53: =AVERAGE(AL53:AL70) -> 112.6063 | AO53: 12 | AP53: 1952 | AQ53: =AP53/AO53 -> 162.66667 | AR53: =RANK(AQ53,$AQ$53:$AQ$70) -> 1 | AS53: =AVERAGE(AQ53:AQ70) -> 112.14599 | AT53: 12 | AU53: 2030 | AV53: =AU53/AT53 -> 169.16667 | AW53: =RANK(AV53,$AV$53:$AV$70) -> 1 | AX53: =AVERAGE(AV53:AV70) -> 109.47246
C54: 2 | D54: 奶油培根義大利麵 | E54: =VLOOKUP(D54,'07產線配置圖'!$A$2:$C$25,2,0) -> 15 | F54: =VLOOKUP(D54,'07產線配置圖'!$A$2:$C$25,3,0) -> 2250 | G54: =F54/E54 -> 150 | I54: =AVERAGE(P54,U54,Z54,AE54,AJ54,AO54,AT54) -> 14 | J54: =AVERAGE(Q54,V54,AA54,AF54,AK54,AP54,AU54) -> 2099.1429 | K54: =AVERAGE(R54,W54,AB54,AG54,AL54,AQ54,AV54) -> 149.93878 | M54: =RANK(K54, K$53:$K$70) -> 4 | P54: 14 | Q54: 2154 | R54: =Q54/P54 -> 153.85714 | S54: =RANK(R54, $R$53:$R$70) -> 3 | U54: 14 | V54: 2222 | W54: =V54/U54 -> 158.71429 | X54: =RANK(W54,$W$53:$W$70) -> 3 | Z54: 14 | AA54: 1991 | AB54: =AA54/Z54 -> 142.21429 | AC54: =RANK(AB54, $AB$53:$AB$70) -> 5 | AE54: 14 | AF54: 2141 | AG54: =AF54/AE54 -> 152.92857 | AH54: =RANK(AG54, $AG$53:$AG$70) -> 3 | AJ54: 14 | AK54: 2112 | AL54: =AK54/AJ54 -> 150.85714 | AM54: =RANK(AL54,$AL$53:$AL$70) -> 5 | AO54: 14 | AP54: 2126 | AQ54: =AP54/AO54 -> 151.85714 | AR54: =RANK(AQ54,$AQ$53:$AQ$70) -> 4 | AT54: 14 | AU54: 1948 | AV54: =AU54/AT54 -> 139.14286 | AW54: =RANK(AV54,$AV$53:$AV$70) -> 4
C55: 3 | D55: 白酒清炒鮮蛤義大利麵 | E55: =VLOOKUP(D55,'07產線配置圖'!$A$2:$C$25,2,0) -> 15 | F55: =VLOOKUP(D55,'07產線配置圖'!$A$2:$C$25,3,0) -> 2250 | G55: =F55/E55 -> 150 | I55: =AVERAGE(P55,U55,Z55,AE55,AJ55,AO55,AT55) -> 14 | J55: =AVERAGE(Q55,V55,AA55,AF55,AK55,AP55,AU55) -> 2125.7143 | K55: =AVERAGE(R55,W55,AB55,AG55,AL55,AQ55,AV55) -> 151.83673 | M55: =RANK(K55, K$53:$K$70) -> 3 | P55: 14 | Q55: 2159 | R55: =Q55/P55 -> 154.21429 | S55: =RANK(R55, $R$53:$R$70) -> 2 | U55: 14 | V55: 2075 | W55: =V55/U55 -> 148.21429 | X55: =RANK(W55,$W$53:$W$70) -> 5 | Z55: 14 | AA55: 2044 | AB55: =AA55/Z55 -> 146 | AC55: =RANK(AB55, $AB$53:$AB$70) -> 4 | AE55: 14 | AF55: 2122 | AG55: =AF55/AE55 -> 151.57143 | AH55: =RANK(AG55, $AG$53:$AG$70) -> 5 | AJ55: 14 | AK55: 2180 | AL55: =AK55/AJ55 -> 155.71429 | AM55: =RANK(AL55,$AL$53:$AL$70) -> 3 | AO55: 14 | AP55: 2159 | AQ55: =AP55/AO55 -> 154.21429 | AR55: =RANK(AQ55,$AQ$53:$AQ$70) -> 3 | AT55: 14 | AU55: 2141 | AV55: =AU55/AT55 -> 152.92857 | AW55: =RANK(AV55,$AV$53:$AV$70) -> 3
C56: 4 | D56: 焗烤起司雙饗筆尖麵 | E56: =VLOOKUP(D56,'07產線配置圖'!$A$2:$C$25,2,0) -> 16 | F56: =VLOOKUP(D56,'07產線配置圖'!$A$2:$C$25,3,0) -> 1800 | G56: =F56/E56 -> 112.5 | I56: =AVERAGE(P56,U56,Z56,AE56,AJ56,AO56,AT56) -> 16 | J56: =AVERAGE(Q56,V56,AA56,AF56,AK56,AP56,AU56) -> 1592.5714 | K56: =AVERAGE(R56,W56,AB56,AG56,AL56,AQ56,AV56) -> 99.535714 | M56: =RANK(K56, K$53:$K$70) -> 8 | P56: 16 | Q56: 1594 | R56: =Q56/P56 -> 99.625 | S56: =RANK(R56, $R$53:$R$70) -> 9 | U56: 16 | V56: 1595 | W56: =V56/U56 -> 99.6875 | X56: =RANK(W56,$W$53:$W$70) -> 8 | Z56: 16 | AA56: 1526 | AB56: =AA56/Z56 -> 95.375 | AC56: =RANK(AB56, $AB$53:$AB$70) -> 8 | AE56: 16 | AF56: 1628 | AG56: =AF56/AE56 -> 101.75 | AH56: =RANK(AG56, $AG$53:$AG$70) -> 8 | AJ56: 16 | AK56: 1595 | AL56: =AK56/AJ56 -> 99.6875 | AM56: =RANK(AL56,$AL$53:$AL$70) -> 8 | AO56: 16 | AP56: 1672 | AQ56: =AP56/AO56 -> 104.5 | AR56: =RANK(AQ56,$AQ$53:$AQ$70) -> 8 | AT56: 16 | AU56: 1538 | AV56: =AU56/AT56 -> 96.125 | AW56: =RANK(AV56,$AV$53:$AV$70) -> 8
C57: 5 | D57: 青醬蛤蜊義大利麵 | E57: =VLOOKUP(D57,'07產線配置圖'!$A$2:$C$25,2,0) -> 14 | F57: =VLOOKUP(D57,'07產線配置圖'!$A$2:$C$25,3,0) -> 2250 | G57: =F57/E57 -> 160.71429 | I57: =AVERAGE(P57,U57,Z57,AE57,AJ57,AO57,AT57) -> 13.142857 | J57: =AVERAGE(Q57,V57,AA57,AF57,AK57,AP57,AU57) -> 2066.7143 | K57: =AVERAGE(R57,W57,AB57,AG57,AL57,AQ57,AV57) -> 157.22606 | M57: =RANK(K57, K$53:$K$70) -> 2 | P57: 13 | Q57: 1939 | R57: =Q57/P57 -> 149.15385 | S57: =RANK(R57, $R$53:$R$70) -> 5 | U57: 13 | V57: 2132 | W57: =V57/U57 -> 164 | X57: =RANK(W57,$W$53:$W$70) -> 2 | Z57: 13 | AA57: 2052 | AB57: =AA57/Z57 -> 157.84615 | AC57: =RANK(AB57, $AB$53:$AB$70) -> 2 | AE57: 13 | AF57: 1985 | AG57: =AF57/AE57 -> 152.69231 | AH57: =RANK(AG57, $AG$53:$AG$70) -> 4 | AJ57: 13 | AK57: 2068 | AL57: =AK57/AJ57 -> 159.07692 | AM57: =RANK(AL57,$AL$53:$AL$70) -> 2 | AO57: 14 | AP57: 2232 | AQ57: =AP57/AO57 -> 159.42857 | AR57: =RANK(AQ57,$AQ$53:$AQ$70) -> 2 | AT57: 13 | AU57: 2059 | AV57: =AU57/AT57 -> 158.38462 | AW57: =RANK(AV57,$AV$53:$AV$70) -> 2
C58: 6 | D58: 青花椒麻雞肉拌麵 | E58: =VLOOKUP(D58,'07產線配置圖'!$A$2:$C$25,2,0) -> 15 | F58: =VLOOKUP(D58,'07產線配置圖'!$A$2:$C$25,3,0) -> 1714 | G58: =F58/E58 -> 114.26667 | I58: =AVERAGE(P58,U58,Z58,AE58,AJ58,AO58,AT58) -> 15 | J58: =AVERAGE(Q58,V58,AA58,AF58,AK58,AP58,AU58) -> 1582.1429 | K58: =AVERAGE(R58,W58,AB58,AG58,AL58,AQ58,AV58) -> 105.47619 | M58: =RANK(K58, K$53:$K$70) -> 7 | P58: 15 | Q58: 1497 | R58: =Q58/P58 -> 99.8 | S58: =RANK(R58, $R$53:$R$70) -> 8 | U58: 15 | V58: 1590 | W58: =V58/U58 -> 106 | X58: =RANK(W58,$W$53:$W$70) -> 7 | Z58: 15 | AA58: 1516 | AB58: =AA58/Z58 -> 101.06667 | AC58: =RANK(AB58, $AB$53:$AB$70) -> 7 | AE58: 15 | AF58: 1611 | AG58: =AF58/AE58 -> 107.4 | AH58: =RANK(AG58, $AG$53:$AG$70) -> 7 | AJ58: 15 | AK58: 1532 | AL58: =AK58/AJ58 -> 102.13333 | AM58: =RANK(AL58,$AL$53:$AL$70) -> 7 | AO58: 15 | AP58: 1677 | AQ58: =AP58/AO58 -> 111.8 | AR58: =RANK(AQ58,$AQ$53:$AQ$70) -> 7 | AT58: 15 | AU58: 1652 | AV58: =AU58/AT58 -> 110.13333 | AW58: =RANK(AV58,$AV$53:$AV$70) -> 7
C59: 7 | D59: 沙茶豬肉炒麵 | E59: =VLOOKUP(D59,'07產線配置圖'!$A$2:$C$25,2,0) -> 17 | F59: =VLOOKUP(D59,'07產線配置圖'!$A$2:$C$25,3,0) -> 1800 | G59: =F59/E59 -> 105.88235 | I59: =AVERAGE(P59,U59,Z59,AE59,AJ59,AO59,AT59) -> 17 | J59: =AVERAGE(Q59,V59,AA59,AF59,AK59,AP59,AU59) -> 1641.5714 | K59: =AVERAGE(R59,W59,AB59,AG59,AL59,AQ59,AV59) -> 96.563025 | M59: =RANK(K59, K$53:$K$70) -> 9 | P59: 17 | Q59: 1722 | R59: =Q59/P59 -> 101.29412 | S59: =RANK(R59, $R$53:$R$70) -> 7 | U59: 17 | V59: 1679 | W59: =V59/U59 -> 98.764706 | X59: =RANK(W59,$W$53:$W$70) -> 9 | Z59: 17 | AA59: 1607 | AB59: =AA59/Z59 -> 94.529412 | AC59: =RANK(AB59, $AB$53:$AB$70) -> 9 | AE59: 17 | AF59: 1682 | AG59: =AF59/AE59 -> 98.941176 | AH59: =RANK(AG59, $AG$53:$AG$70) -> 9 | AJ59: 17 | AK59: 1694 | AL59: =AK59/AJ59 -> 99.647059 | AM59: =RANK(AL59,$AL$53:$AL$70) -> 9 | AO59: 17 | AP59: 1544 | AQ59: =AP59/AO59 -> 90.823529 | AR59: =RANK(AQ59,$AQ$53:$AQ$70) -> 11 | AT59: 17 | AU59: 1563 | AV59: =AU59/AT59 -> 91.941176 | AW59: =RANK(AV59,$AV$53:$AV$70) -> 10
C60: 8 | D60: 府城鹽水意麵 | E60: =VLOOKUP(D60,'07產線配置圖'!$A$2:$C$25,2,0) -> 18 | F60: =VLOOKUP(D60,'07產線配置圖'!$A$2:$C$25,3,0) -> 1636 | G60: =F60/E60 -> 90.888889 | I60: =AVERAGE(P60,U60,Z60,AE60,AJ60,AO60,AT60) -> 17.285714 | J60: =AVERAGE(Q60,V60,AA60,AF60,AK60,AP60,AU60) -> 1415.4286 | K60: =AVERAGE(R60,W60,AB60,AG60,AL60,AQ60,AV60) -> 82.007003 | M60: =RANK(K60, K$53:$K$70) -> 15 | P60: 17 | Q60: 1415 | R60: =Q60/P60 -> 83.235294 | S60: =RANK(R60, $R$53:$R$70) -> 13 | U60: 18 | V60: 1477 | W60: =V60/U60 -> 82.055556 | X60: =RANK(W60,$W$53:$W$70) -> 16 | Z60: 18 | AA60: 1359 | AB60: =AA60/Z60 -> 75.5 | AC60: =RANK(AB60, $AB$53:$AB$70) -> 16 | AE60: 17 | AF60: 1456 | AG60: =AF60/AE60 -> 85.647059 | AH60: =RANK(AG60, $AG$53:$AG$70) -> 13 | AJ60: 15 | AK60: 1280 | AL60: =AK60/AJ60 -> 85.333333 | AM60: =RANK(AL60,$AL$53:$AL$70) -> 14 | AO60: 18 | AP60: 1419 | AQ60: =AP60/AO60 -> 78.833333 | AR60: =RANK(AQ60,$AQ$53:$AQ$70) -> 16 | AT60: 18 | AU60: 1502 | AV60: =AU60/AT60 -> 83.444444 | AW60: =RANK(AV60,$AV$53:$AV$70) -> 13
C61: 9 | D61: 蒜香奶油蝦蝦義大利麵-手 | E61: =VLOOKUP(D61,'07產線配置圖'!$A$2:$C$25,2,0) -> 17 | F61: =VLOOKUP(D61,'07產線配置圖'!$A$2:$C$25,3,0) -> 1716 | G61: =F61/E61 -> 100.94118 | I61: =AVERAGE(P61,U61,Z61,AE61,AJ61,AO61,AT61) -> 15.285714 | J61: =AVERAGE(Q61,V61,AA61,AF61,AK61,AP61,AU61) -> 1146.7143 | K61: =AVERAGE(R61,W61,AB61,AG61,AL61,AQ61,AV61) -> 74.877181 | M61: =RANK(K61, K$53:$K$70) -> 17 | P61: 17 | Q61: 1328 | R61: =Q61/P61 -> 78.117647 | S61: =RANK(R61, $R$53:$R$70) -> 16 | U61: 16 | V61: 1186 | W61: =V61/U61 -> 74.125 | X61: =RANK(W61,$W$53:$W$70) -> 17 | Z61: 15 | AA61: 1148 | AB61: =AA61/Z61 -> 76.533333 | AC61: =RANK(AB61, $AB$53:$AB$70) -> 15 | AE61: 14 | AF61: 898 | AG61: =AF61/AE61 -> 64.142857 | AH61: =RANK(AG61, $AG$53:$AG$70) -> 17 | AJ61: 14 | AK61: 1086 | AL61: =AK61/AJ61 -> 77.571429 | AM61: =RANK(AL61,$AL$53:$AL$70) -> 16 | AO61: 15 | AP61: 1161 | AQ61: =AP61/AO61 -> 77.4 | AR61: =RANK(AQ61,$AQ$53:$AQ$70) -> 17 | AT61: 16 | AU61: 1220 | AV61: =AU61/AT61 -> 76.25 | AW61: =RANK(AV61,$AV$53:$AV$70) -> 16
C62: 10 | D62: 香煎魚排佐檸檬奶油義大利麵 | E62: =VLOOKUP(D62,'07產線配置圖'!$A$2:$C$25,2,0) -> 15 | F62: =VLOOKUP(D62,'07產線配置圖'!$A$2:$C$25,3,0) -> 2250 | G62: =F62/E62 -> 150 | I62: =AVERAGE(P62,U62,Z62,AE62,AJ62,AO62,AT62) -> 14 | J62: =AVERAGE(Q62,V62,AA62,AF62,AK62,AP62,AU62) -> 2017.4286 | K62: =AVERAGE(R62,W62,AB62,AG62,AL62,AQ62,AV62) -> 144.10204 | M62: =RANK(K62, K$53:$K$70) -> 6 | P62: 14 | Q62: 1788 | R62: =Q62/P62 -> 127.71429 | S62: =RANK(R62, $R$53:$R$70) -> 6 | U62: 14 | V62: 1929 | W62: =V62/U62 -> 137.78571 | X62: =RANK(W62,$W$53:$W$70) -> 6 | Z62: 14 | AA62: 2173 | AB62: =AA62/Z62 -> 155.21429 | AC62: =RANK(AB62, $AB$53:$AB$70) -> 3 | AE62: 14 | AF62: 2150 | AG62: =AF62/AE62 -> 153.57143 | AH62: =RANK(AG62, $AG$53:$AG$70) -> 2 | AJ62: 14 | AK62: 2119 | AL62: =AK62/AJ62 -> 151.35714 | AM62: =RANK(AL62,$AL$53:$AL$70) -> 4 | AO62: 14 | AP62: 2019 | AQ62: =AP62/AO62 -> 144.21429 | AR62: =RANK(AQ62,$AQ$53:$AQ$70) -> 6 | AT62: 14 | AU62: 1944 | AV62: =AU62/AT62 -> 138.85714 | AW62: =RANK(AV62,$AV$53:$AV$70) -> 6
C63: 11 | D63: 黑松露野菇義大利麵 | E63: =VLOOKUP(D63,'07產線配置圖'!$A$2:$C$25,2,0) -> 17 | F63: =VLOOKUP(D63,'07產線配置圖'!$A$2:$C$25,3,0) -> 1636 | G63: =F63/E63 -> 96.235294 | I63: =AVERAGE(P63,U63,Z63,AE63,AJ63,AO63,AT63) -> 16.857143 | J63: =AVERAGE(Q63,V63,AA63,AF63,AK63,AP63,AU63) -> 1437.7143 | K63: =AVERAGE(R63,W63,AB63,AG63,AL63,AQ63,AV63) -> 85.292017 | M63: =RANK(K63, K$53:$K$70) -> 13 | P63: 17 | Q63: 1405 | R63: =Q63/P63 -> 82.647059 | S63: =RANK(R63, $R$53:$R$70) -> 14 | U63: 17 | V63: 1414 | W63: =V63/U63 -> 83.176471 | X63: =RANK(W63,$W$53:$W$70) -> 15 | Z63: 17 | AA63: 1282 | AB63: =AA63/Z63 -> 75.411765 | AC63: =RANK(AB63, $AB$53:$AB$70) -> 17 | AE63: 17 | AF63: 1515 | AG63: =AF63/AE63 -> 89.117647 | AH63: =RANK(AG63, $AG$53:$AG$70) -> 11 | AJ63: 17 | AK63: 1580 | AL63: =AK63/AJ63 -> 92.941176 | AM63: =RANK(AL63,$AL$53:$AL$70) -> 11 | AO63: 16 | AP63: 1372 | AQ63: =AP63/AO63 -> 85.75 | AR63: =RANK(AQ63,$AQ$53:$AQ$70) -> 13 | AT63: 17 | AU63: 1496 | AV63: =AU63/AT63 -> 88 | AW63: =RANK(AV63,$AV$53:$AV$70) -> 12
C64: 12 | D64: 奶油鮮蝦明太子細扁麵 | E64: =VLOOKUP(D64,'07產線配置圖'!$A$2:$C$25,2,0) -> 18 | F64: =VLOOKUP(D64,'07產線配置圖'!$A$2:$C$25,3,0) -> 1636 | G64: =F64/E64 -> 90.888889 | I64: =AVERAGE(P64,U64,Z64,AE64,AJ64,AO64,AT64) -> 17.285714 | J64: =AVERAGE(Q64,V64,AA64,AF64,AK64,AP64,AU64) -> 1466.7143 | K64: =AVERAGE(R64,W64,AB64,AG64,AL64,AQ64,AV64) -> 84.822596 | M64: =RANK(K64, K$53:$K$70) -> 14 | P64: 18 | Q64: 1563 | R64: =Q64/P64 -> 86.833333 | S64: =RANK(R64, $R$53:$R$70) -> 12 | U64: 18 | V64: 1553 | W64: =V64/U64 -> 86.277778 | X64: =RANK(W64,$W$53:$W$70) -> 13 | Z64: 17 | AA64: 1448 | AB64: =AA64/Z64 -> 85.176471 | AC64: =RANK(AB64, $AB$53:$AB$70) -> 13 | AE64: 17 | AF64: 1461 | AG64: =AF64/AE64 -> 85.941176 | AH64: =RANK(AG64, $AG$53:$AG$70) -> 12 | AJ64: 17 | AK64: 1474 | AL64: =AK64/AJ64 -> 86.705882 | AM64: =RANK(AL64,$AL$53:$AL$70) -> 13 | AO64: 17 | AP64: 1427 | AQ64: =AP64/AO64 -> 83.941176 | AR64: =RANK(AQ64,$AQ$53:$AQ$70) -> 14 | AT64: 17 | AU64: 1341 | AV64: =AU64/AT64 -> 78.882353 | AW64: =RANK(AV64,$AV$53:$AV$70) -> 15
C65: 13 | D65: 焦糖拿鐵烤雞細扁麵 | E65: =VLOOKUP(D65,'07產線配置圖'!$A$2:$C$25,2,0) -> 18 | F65: =VLOOKUP(D65,'07產線配置圖'!$A$2:$C$25,3,0) -> 1565 | G65: =F65/E65 -> 86.944444 | I65: =AVERAGE(P65,U65,Z65,AE65,AJ65,AO65,AT65) -> 17.142857 | J65: =AVERAGE(Q65,V65,AA65,AF65,AK65,AP65,AU65) -> 1373 | K65: =AVERAGE(R65,W65,AB65,AG65,AL65,AQ65,AV65) -> 80.048611 | M65: =RANK(K65, K$53:$K$70) -> 16 | P65: 18 | Q65: 1487 | R65: =Q65/P65 -> 82.611111 | S65: =RANK(R65, $R$53:$R$70) -> 15 | U65: 18 | V65: 1506 | W65: =V65/U65 -> 83.666667 | X65: =RANK(W65,$W$53:$W$70) -> 14 | Z65: 17 | AA65: 1369 | AB65: =AA65/Z65 -> 80.529412 | AC65: =RANK(AB65, $AB$53:$AB$70) -> 14 | AE65: 17 | AF65: 1426 | AG65: =AF65/AE65 -> 83.882353 | AH65: =RANK(AG65, $AG$53:$AG$70) -> 14 | AJ65: 17 | AK65: 1296 | AL65: =AK65/AJ65 -> 76.235294 | AM65: =RANK(AL65,$AL$53:$AL$70) -> 17 | AO65: 16 | AP65: 1297 | AQ65: =AP65/AO65 -> 81.0625 | AR65: =RANK(AQ65,$AQ$53:$AQ$70) -> 15 | AT65: 17 | AU65: 1230 | AV65: =AU65/AT65 -> 72.352941 | AW65: =RANK(AV65,$AV$53:$AV$70) -> 17
... C69: 17 | D69: 鱈魚粉紅青醬筆尖麵 | E69: =VLOOKUP(D69,'07產線配置圖'!$A$2:$C$25,2,0) -> 17 | F69: =VLOOKUP(D69,'07產線配置圖'!$A$2:$C$25,3,0) -> 1636 | G69: =F69/E69 -> 96.235294 | I69: =AVERAGE(P69,U69,Z69,AE69,AJ69,AO69,AT69) -> 13.857143 | J69: =AVERAGE(Q69,V69,AA69,AF69,AK69,AP69,AU69) -> 1210.2857 | K69: =AVERAGE(R69,W69,AB69,AG69,AL69,AQ69,AV69) -> 87.751898 | M69: =RANK(K69, K$53:$K$70) -> 11 | P69: 17 | Q69: 1488 | R69: =Q69/P69 -> 87.529412 | S69: =RANK(R69, $R$53:$R$70) -> 11 | U69: 12 | V69: 1107 | W69: =V69/U69 -> 92.25 | X69: =RANK(W69,$W$53:$W$70) -> 11 | Z69: 14 | AA69: 1224 | AB69: =AA69/Z69 -> 87.428571 | AC69: =RANK(AB69, $AB$53:$AB$70) -> 12 | AE69: 15 | AF69: 1256 | AG69: =AF69/AE69 -> 83.733333 | AH69: =RANK(AG69, $AG$53:$AG$70) -> 15 | AJ69: 11 | AK69: 983 | AL69: =AK69/AJ69 -> 89.363636 | AM69: =RANK(AL69,$AL$53:$AL$70) -> 12 | AO69: 12 | AP69: 1108 | AQ69: =AP69/AO69 -> 92.333333 | AR69: =RANK(AQ69,$AQ$53:$AQ$70) -> 10 | AT69: 16 | AU69: 1306 | AV69: =AU69/AT69 -> 81.625 | AW69: =RANK(AV69,$AV$53:$AV$70) -> 14
C70: 18
B71: 產線配置圖－每週更新 | N71: 資料繳交 | O71: 日期 | P71: =AT48+1 -> 46224 | U71: =P71+1 -> 46225 | Z71: =Z48+7 -> 46226 | AE71: =AE48+7 -> 46227 | AJ71: =AJ48+7 -> 46228 | AO71: =AO48+7 -> 46229 | AT71: =AT48+7 -> 46230
P72: 二 | U72: 三 | Z72: 四 | AE72: 五 | AJ72: 六 | AO72: 日 | AT72: 一
B73: 品群 | C73: 商品名稱 | E73: 計畫 | H73: 平均人時性 | I73: 實績 | L73: 平均人時性 | M73: 排名 | O73: 日報 | P73: 實際 | T73: 平均人時性 | U73: 實際 | Y73: 平均人時性 | Z73: 實際 | AD73: 平均人時性 | AE73: 實際 | AI73: 平均人時性 | AJ73: 實際 | AN73: 平均人時性 | AO73: 實際 | AS73: 平均人時性 | AT73: 實際 | AX73: 平均人時性
E74: 產線配置圖 | I74: 產線配置圖 | P74: 生產實績 | U74: 生產實績 | Z74: 生產實績 | AE74: 生產實績 | AJ74: 生產實績 | AO74: 生產實績 | AT74: 生產實績
E75: 人數 | F75: 產能／時 | G75: 人時性 | I75: 人數 | J75: 產能／時 | K75: 人時性 | P75: 人數 | Q75: 產能／時 | R75: 人時性 | S75: 排名 | U75: 人數 | V75: 產能／時 | W75: 人時性 | X75: 排名 | Z75: 人數 | AA75: 產能／時 | AB75: 人時性 | AC75: 排名 | AE75: 人數 | AF75: 產能／時 | AG75: 人時性 | AH75: 排名 | AJ75: 人數 | AK75: 產能／時 | AL75: 人時性 | AM75: 排名 | AO75: 人數 | AP75: 產能／時 | AQ75: 人時性 | AR75: 排名 | AT75: 人數 | AU75: 產能／時 | AV75: 人時性 | AW75: 排名
B76: 熱食義麵 | C76: 1 | D76: 義式蕃茄起司義大利麵 | E76: 13 | F76: =VLOOKUP(D76,'07產線配置圖'!$A$2:$C$25,3,0) -> 2250 | G76: =F76/E76 -> 173.07692 | H76: =AVERAGE(G76:G90) -> #N/A | I76: =AVERAGE(P76,U76,Z76,AE76,AJ76,AO76,AT76) -> #DIV/0! | J76: =AVERAGE(Q76,V76,AA76,AF76,AK76,AP76,AU76) -> #DIV/0! | K76: =AVERAGE(R76,W76,AB76,AG76,AL76,AQ76,AV76) -> #DIV/0! | L76: =IFERROR(AVERAGE(K76:K93),"-") -> - | M76: =RANK(K76, $K$76:$K$93) -> #DIV/0! | R76: =Q76/P76 -> #DIV/0! | S76: =RANK(R76, $R$76:$R$93) -> #DIV/0! | T76: =AVERAGE(R76:R93) -> #DIV/0! | W76: =V76/U76 -> #DIV/0! | X76: =RANK(W76, $W$76:$W$93) -> #DIV/0! | Y76: =AVERAGE(W76:W93) -> #DIV/0! | AB76: =AA76/Z76 -> #DIV/0! | AC76: =RANK(AB76, $AB$76:$AB$93) -> #DIV/0! | AD76: =AVERAGE(AB76:AB93) -> #DIV/0! | AG76: =AF76/AE76 -> #DIV/0! | AH76: =RANK(AG76, $AG$76:$AG$93) -> #DIV/0! | AI76: =AVERAGE(AG76:AG93) -> #DIV/0! | AL76: =AK76/AJ76 -> #DIV/0! | AM76: =RANK(AL76, $AL$76:$AL$93) -> #DIV/0! | AN76: =AVERAGE(AL76:AL93) -> #DIV/0! | AQ76: =AP76/AO76 -> #DIV/0! | AR76: =RANK(AQ76, $AQ$76:$AQ$93) -> #DIV/0! | AS76: =AVERAGE(AQ76:AQ93) -> #DIV/0! | AV76: =AU76/AT76 -> #DIV/0! | AW76: =RANK(AV76, $AV$76:$AV$93) -> #DIV/0! | AX76: =AVERAGE(AV76:AV93) -> #DIV/0!
C77: 2 | D77: 奶油培根義大利麵 | E77: =VLOOKUP(D77,'07產線配置圖'!$A$2:$C$25,2,0) -> 15 | F77: =VLOOKUP(D77,'07產線配置圖'!$A$2:$C$25,3,0) -> 2250 | G77: =F77/E77 -> 150 | I77: =AVERAGE(P77,U77,Z77,AE77,AJ77,AO77,AT77) -> #DIV/0! | J77: =AVERAGE(Q77,V77,AA77,AF77,AK77,AP77,AU77) -> #DIV/0! | K77: =AVERAGE(R77,W77,AB77,AG77,AL77,AQ77,AV77) -> #DIV/0! | M77: =RANK(K77, $K$76:$K$93) -> #DIV/0! | R77: =Q77/P77 -> #DIV/0! | S77: =RANK(R77, $R$76:$R$93) -> #DIV/0! | W77: =V77/U77 -> #DIV/0! | X77: =RANK(W77, $W$76:$W$93) -> #DIV/0! | AB77: =AA77/Z77 -> #DIV/0! | AC77: =RANK(AB77, $AB$76:$AB$93) -> #DIV/0! | AG77: =AF77/AE77 -> #DIV/0! | AH77: =RANK(AG77, $AG$76:$AG$93) -> #DIV/0! | AL77: =AK77/AJ77 -> #DIV/0! | AM77: =RANK(AL77, $AL$76:$AL$93) -> #DIV/0! | AQ77: =AP77/AO77 -> #DIV/0! | AR77: =RANK(AQ77, $AQ$76:$AQ$93) -> #DIV/0! | AV77: =AU77/AT77 -> #DIV/0! | AW77: =RANK(AV77, $AV$76:$AV$93) -> #DIV/0!
C78: 3 | D78: 白酒清炒鮮蛤義大利麵 | E78: =VLOOKUP(D78,'07產線配置圖'!$A$2:$C$25,2,0) -> 15 | F78: =VLOOKUP(D78,'07產線配置圖'!$A$2:$C$25,3,0) -> 2250 | G78: =F78/E78 -> 150 | I78: =AVERAGE(P78,U78,Z78,AE78,AJ78,AO78,AT78) -> #DIV/0! | J78: =AVERAGE(Q78,V78,AA78,AF78,AK78,AP78,AU78) -> #DIV/0! | K78: =AVERAGE(R78,W78,AB78,AG78,AL78,AQ78,AV78) -> #DIV/0! | M78: =RANK(K78, $K$76:$K$93) -> #DIV/0! | R78: =Q78/P78 -> #DIV/0! | S78: =RANK(R78, $R$76:$R$93) -> #DIV/0! | W78: =V78/U78 -> #DIV/0! | X78: =RANK(W78, $W$76:$W$93) -> #DIV/0! | AB78: =AA78/Z78 -> #DIV/0! | AC78: =RANK(AB78, $AB$76:$AB$93) -> #DIV/0! | AG78: =AF78/AE78 -> #DIV/0! | AH78: =RANK(AG78, $AG$76:$AG$93) -> #DIV/0! | AL78: =AK78/AJ78 -> #DIV/0! | AM78: =RANK(AL78, $AL$76:$AL$93) -> #DIV/0! | AQ78: =AP78/AO78 -> #DIV/0! | AR78: =RANK(AQ78, $AQ$76:$AQ$93) -> #DIV/0! | AV78: =AU78/AT78 -> #DIV/0! | AW78: =RANK(AV78, $AV$76:$AV$93) -> #DIV/0!
C79: 4 | D79: 焗烤起司雙饗筆尖麵 | E79: =VLOOKUP(D79,'07產線配置圖'!$A$2:$C$25,2,0) -> 16 | F79: =VLOOKUP(D79,'07產線配置圖'!$A$2:$C$25,3,0) -> 1800 | G79: =F79/E79 -> 112.5 | I79: =AVERAGE(P79,U79,Z79,AE79,AJ79,AO79,AT79) -> #DIV/0! | J79: =AVERAGE(Q79,V79,AA79,AF79,AK79,AP79,AU79) -> #DIV/0! | K79: =AVERAGE(R79,W79,AB79,AG79,AL79,AQ79,AV79) -> #DIV/0! | M79: =RANK(K79, $K$76:$K$93) -> #DIV/0! | R79: =Q79/P79 -> #DIV/0! | S79: =RANK(R79, $R$76:$R$93) -> #DIV/0! | W79: =V79/U79 -> #DIV/0! | X79: =RANK(W79, $W$76:$W$93) -> #DIV/0! | AB79: =AA79/Z79 -> #DIV/0! | AC79: =RANK(AB79, $AB$76:$AB$93) -> #DIV/0! | AG79: =AF79/AE79 -> #DIV/0! | AH79: =RANK(AG79, $AG$76:$AG$93) -> #DIV/0! | AL79: =AK79/AJ79 -> #DIV/0! | AM79: =RANK(AL79, $AL$76:$AL$93) -> #DIV/0! | AQ79: =AP79/AO79 -> #DIV/0! | AR79: =RANK(AQ79, $AQ$76:$AQ$93) -> #DIV/0! | AV79: =AU79/AT79 -> #DIV/0! | AW79: =RANK(AV79, $AV$76:$AV$93) -> #DIV/0!
C80: 5 | D80: 青醬蛤蜊義大利麵 | E80: 14 | F80: =VLOOKUP(D80,'07產線配置圖'!$A$2:$C$25,3,0) -> 2250 | G80: =F80/E80 -> 160.71429 | I80: =AVERAGE(P80,U80,Z80,AE80,AJ80,AO80,AT80) -> #DIV/0! | J80: =AVERAGE(Q80,V80,AA80,AF80,AK80,AP80,AU80) -> #DIV/0! | K80: =AVERAGE(R80,W80,AB80,AG80,AL80,AQ80,AV80) -> #DIV/0! | M80: =RANK(K80, $K$76:$K$93) -> #DIV/0! | R80: =Q80/P80 -> #DIV/0! | S80: =RANK(R80, $R$76:$R$93) -> #DIV/0! | W80: =V80/U80 -> #DIV/0! | X80: =RANK(W80, $W$76:$W$93) -> #DIV/0! | AB80: =AA80/Z80 -> #DIV/0! | AC80: =RANK(AB80, $AB$76:$AB$93) -> #DIV/0! | AG80: =AF80/AE80 -> #DIV/0! | AH80: =RANK(AG80, $AG$76:$AG$93) -> #DIV/0! | AL80: =AK80/AJ80 -> #DIV/0! | AM80: =RANK(AL80, $AL$76:$AL$93) -> #DIV/0! | AQ80: =AP80/AO80 -> #DIV/0! | AR80: =RANK(AQ80, $AQ$76:$AQ$93) -> #DIV/0! | AV80: =AU80/AT80 -> #DIV/0! | AW80: =RANK(AV80, $AV$76:$AV$93) -> #DIV/0!
C81: 6 | D81: 青花椒麻雞肉拌麵 | E81: =VLOOKUP(D81,'07產線配置圖'!$A$2:$C$25,2,0) -> 15 | F81: =VLOOKUP(D81,'07產線配置圖'!$A$2:$C$25,3,0) -> 1714 | G81: =F81/E81 -> 114.26667 | I81: =AVERAGE(P81,U81,Z81,AE81,AJ81,AO81,AT81) -> #DIV/0! | J81: =AVERAGE(Q81,V81,AA81,AF81,AK81,AP81,AU81) -> #DIV/0! | K81: =AVERAGE(R81,W81,AB81,AG81,AL81,AQ81,AV81) -> #DIV/0! | M81: =RANK(K81, $K$76:$K$93) -> #DIV/0! | R81: =Q81/P81 -> #DIV/0! | S81: =RANK(R81, $R$76:$R$93) -> #DIV/0! | W81: =V81/U81 -> #DIV/0! | X81: =RANK(W81, $W$76:$W$93) -> #DIV/0! | AB81: =AA81/Z81 -> #DIV/0! | AC81: =RANK(AB81, $AB$76:$AB$93) -> #DIV/0! | AG81: =AF81/AE81 -> #DIV/0! | AH81: =RANK(AG81, $AG$76:$AG$93) -> #DIV/0! | AL81: =AK81/AJ81 -> #DIV/0! | AM81: =RANK(AL81, $AL$76:$AL$93) -> #DIV/0! | AQ81: =AP81/AO81 -> #DIV/0! | AR81: =RANK(AQ81, $AQ$76:$AQ$93) -> #DIV/0! | AV81: =AU81/AT81 -> #DIV/0! | AW81: =RANK(AV81, $AV$76:$AV$93) -> #DIV/0!
C82: 7 | D82: 沙茶豬肉炒麵 | E82: =VLOOKUP(D82,'07產線配置圖'!$A$2:$C$25,2,0) -> 17 | F82: 1800 | G82: =F82/E82 -> 105.88235 | I82: =AVERAGE(P82,U82,Z82,AE82,AJ82,AO82,AT82) -> #DIV/0! | J82: =AVERAGE(Q82,V82,AA82,AF82,AK82,AP82,AU82) -> #DIV/0! | K82: =AVERAGE(R82,W82,AB82,AG82,AL82,AQ82,AV82) -> #DIV/0! | M82: =RANK(K82, $K$76:$K$93) -> #DIV/0! | R82: =Q82/P82 -> #DIV/0! | S82: =RANK(R82, $R$76:$R$93) -> #DIV/0! | W82: =V82/U82 -> #DIV/0! | X82: =RANK(W82, $W$76:$W$93) -> #DIV/0! | AB82: =AA82/Z82 -> #DIV/0! | AC82: =RANK(AB82, $AB$76:$AB$93) -> #DIV/0! | AG82: =AF82/AE82 -> #DIV/0! | AH82: =RANK(AG82, $AG$76:$AG$93) -> #DIV/0! | AL82: =AK82/AJ82 -> #DIV/0! | AM82: =RANK(AL82, $AL$76:$AL$93) -> #DIV/0! | AQ82: =AP82/AO82 -> #DIV/0! | AR82: =RANK(AQ82, $AQ$76:$AQ$93) -> #DIV/0! | AV82: =AU82/AT82 -> #DIV/0! | AW82: =RANK(AV82, $AV$76:$AV$93) -> #DIV/0!
C83: 8 | D83: 府城鹽水意麵 | E83: =VLOOKUP(D83,'07產線配置圖'!$A$2:$C$25,2,0) -> 18 | F83: =VLOOKUP(D83,'07產線配置圖'!$A$2:$C$25,3,0) -> 1636 | G83: =F83/E83 -> 90.888889 | I83: =AVERAGE(P83,U83,Z83,AE83,AJ83,AO83,AT83) -> #DIV/0! | J83: =AVERAGE(Q83,V83,AA83,AF83,AK83,AP83,AU83) -> #DIV/0! | K83: =AVERAGE(R83,W83,AB83,AG83,AL83,AQ83,AV83) -> #DIV/0! | M83: =RANK(K83, $K$76:$K$93) -> #DIV/0! | R83: =Q83/P83 -> #DIV/0! | S83: =RANK(R83, $R$76:$R$93) -> #DIV/0! | W83: =V83/U83 -> #DIV/0! | X83: =RANK(W83, $W$76:$W$93) -> #DIV/0! | AB83: =AA83/Z83 -> #DIV/0! | AC83: =RANK(AB83, $AB$76:$AB$93) -> #DIV/0! | AG83: =AF83/AE83 -> #DIV/0! | AH83: =RANK(AG83, $AG$76:$AG$93) -> #DIV/0! | AL83: =AK83/AJ83 -> #DIV/0! | AM83: =RANK(AL83, $AL$76:$AL$93) -> #DIV/0! | AQ83: =AP83/AO83 -> #DIV/0! | AR83: =RANK(AQ83, $AQ$76:$AQ$93) -> #DIV/0! | AV83: =AU83/AT83 -> #DIV/0! | AW83: =RANK(AV83, $AV$76:$AV$93) -> #DIV/0!
C84: 9 | D84: 焗烤起司肉醬筆尖麵 | E84: =VLOOKUP(D84,'07產線配置圖'!$A$2:$C$25,2,0) -> 13 | F84: =VLOOKUP(D84,'07產線配置圖'!$A$2:$C$25,3,0) -> 1440 | G84: =F84/E84 -> 110.76923 | I84: =AVERAGE(P84,U84,Z84,AE84,AJ84,AO84,AT84) -> #DIV/0! | J84: =AVERAGE(Q84,V84,AA84,AF84,AK84,AP84,AU84) -> #DIV/0! | K84: =AVERAGE(R84,W84,AB84,AG84,AL84,AQ84,AV84) -> #DIV/0! | M84: =RANK(K84, $K$76:$K$93) -> #DIV/0! | R84: =Q84/P84 -> #DIV/0! | S84: =RANK(R84, $R$76:$R$93) -> #DIV/0! | W84: =V84/U84 -> #DIV/0! | X84: =RANK(W84, $W$76:$W$93) -> #DIV/0! | AB84: =AA84/Z84 -> #DIV/0! | AC84: =RANK(AB84, $AB$76:$AB$93) -> #DIV/0! | AG84: =AF84/AE84 -> #DIV/0! | AH84: =RANK(AG84, $AG$76:$AG$93) -> #DIV/0! | AL84: =AK84/AJ84 -> #DIV/0! | AM84: =RANK(AL84, $AL$76:$AL$93) -> #DIV/0! | AQ84: =AP84/AO84 -> #DIV/0! | AR84: =RANK(AQ84, $AQ$76:$AQ$93) -> #DIV/0! | AV84: =AU84/AT84 -> #DIV/0! | AW84: =RANK(AV84, $AV$76:$AV$93) -> #DIV/0!
C85: 10 | D85: 蒜香奶油蝦蝦義大利麵 | E85: =VLOOKUP(D85,'07產線配置圖'!$A$2:$C$25,2,0) -> 17 | F85: =VLOOKUP(D85,'07產線配置圖'!$A$2:$C$25,3,0) -> 2250 | G85: =F85/E85 -> 132.35294 | I85: =AVERAGE(P85,U85,Z85,AE85,AJ85,AO85,AT85) -> #DIV/0! | J85: =AVERAGE(Q85,V85,AA85,AF85,AK85,AP85,AU85) -> #DIV/0! | K85: =AVERAGE(R85,W85,AB85,AG85,AL85,AQ85,AV85) -> #DIV/0! | M85: =RANK(K85, $K$76:$K$93) -> #DIV/0! | R85: =Q85/P85 -> #DIV/0! | S85: =RANK(R85, $R$76:$R$93) -> #DIV/0! | W85: =V85/U85 -> #DIV/0! | X85: =RANK(W85, $W$76:$W$93) -> #DIV/0! | AB85: =AA85/Z85 -> #DIV/0! | AC85: =RANK(AB85, $AB$76:$AB$93) -> #DIV/0! | AG85: =AF85/AE85 -> #DIV/0! | AH85: =RANK(AG85, $AG$76:$AG$93) -> #DIV/0! | AL85: =AK85/AJ85 -> #DIV/0! | AM85: =RANK(AL85, $AL$76:$AL$93) -> #DIV/0! | AQ85: =AP85/AO85 -> #DIV/0! | AR85: =RANK(AQ85, $AQ$76:$AQ$93) -> #DIV/0! | AV85: =AU85/AT85 -> #DIV/0! | AW85: =RANK(AV85, $AV$76:$AV$93) -> #DIV/0!
C86: 11 | D86: 義式辣味嫩烤雞腿排義大利麵 | E86: =VLOOKUP(D86,'07產線配置圖'!$A$2:$C$25,2,0) -> #N/A | F86: =VLOOKUP(D86,'07產線配置圖'!$A$2:$C$25,3,0) -> #N/A | G86: =F86/E86 -> #N/A | I86: =AVERAGE(P86,U86,Z86,AE86,AJ86,AO86,AT86) -> #DIV/0! | J86: =AVERAGE(Q86,V86,AA86,AF86,AK86,AP86,AU86) -> #DIV/0! | K86: =AVERAGE(R86,W86,AB86,AG86,AL86,AQ86,AV86) -> #DIV/0! | M86: =RANK(K86, $K$76:$K$93) -> #DIV/0! | R86: =Q86/P86 -> #DIV/0! | S86: =RANK(R86, $R$76:$R$93) -> #DIV/0! | W86: =V86/U86 -> #DIV/0! | X86: =RANK(W86, $W$76:$W$93) -> #DIV/0! | AB86: =AA86/Z86 -> #DIV/0! | AC86: =RANK(AB86, $AB$76:$AB$93) -> #DIV/0! | AG86: =AF86/AE86 -> #DIV/0! | AH86: =RANK(AG86, $AG$76:$AG$93) -> #DIV/0! | AL86: =AK86/AJ86 -> #DIV/0! | AM86: =RANK(AL86, $AL$76:$AL$93) -> #DIV/0! | AQ86: =AP86/AO86 -> #DIV/0! | AR86: =RANK(AQ86, $AQ$76:$AQ$93) -> #DIV/0! | AV86: =AU86/AT86 -> #DIV/0! | AW86: =RANK(AV86, $AV$76:$AV$93) -> #DIV/0!
C87: 12 | D87: 香煎魚排佐檸檬奶油義大利麵 | E87: =VLOOKUP(D87,'07產線配置圖'!$A$2:$C$25,2,0) -> 15 | F87: =VLOOKUP(D87,'07產線配置圖'!$A$2:$C$25,3,0) -> 2250 | G87: =F87/E87 -> 150 | I87: =AVERAGE(P87,U87,Z87,AE87,AJ87,AO87,AT87) -> #DIV/0! | J87: =AVERAGE(Q87,V87,AA87,AF87,AK87,AP87,AU87) -> #DIV/0! | K87: =AVERAGE(R87,W87,AB87,AG87,AL87,AQ87,AV87) -> #DIV/0! | M87: =RANK(K87, $K$76:$K$93) -> #DIV/0! | R87: =Q87/P87 -> #DIV/0! | S87: =RANK(R87, $R$76:$R$93) -> #DIV/0! | W87: =V87/U87 -> #DIV/0! | X87: =RANK(W87, $W$76:$W$93) -> #DIV/0! | AB87: =AA87/Z87 -> #DIV/0! | AC87: =RANK(AB87, $AB$76:$AB$93) -> #DIV/0! | AG87: =AF87/AE87 -> #DIV/0! | AH87: =RANK(AG87, $AG$76:$AG$93) -> #DIV/0! | AL87: =AK87/AJ87 -> #DIV/0! | AM87: =RANK(AL87, $AL$76:$AL$93) -> #DIV/0! | AQ87: =AP87/AO87 -> #DIV/0! | AR87: =RANK(AQ87, $AQ$76:$AQ$93) -> #DIV/0! | AV87: =AU87/AT87 -> #DIV/0! | AW87: =RANK(AV87, $AV$76:$AV$93) -> #DIV/0!
C88: 13 | D88: 黑松露野菇義大利麵 | E88: 18 | F88: =VLOOKUP(D88,'07產線配置圖'!$A$2:$C$25,3,0) -> 1636 | G88: =F88/E88 -> 90.888889 | I88: =AVERAGE(P88,U88,Z88,AE88,AJ88,AO88,AT88) -> #DIV/0! | J88: =AVERAGE(Q88,V88,AA88,AF88,AK88,AP88,AU88) -> #DIV/0! | K88: =AVERAGE(R88,W88,AB88,AG88,AL88,AQ88,AV88) -> #DIV/0! | M88: =RANK(K88, $K$76:$K$93) -> #DIV/0! | R88: =Q88/P88 -> #DIV/0! | S88: =RANK(R88, $R$76:$R$93) -> #DIV/0! | W88: =V88/U88 -> #DIV/0! | X88: =RANK(W88, $W$76:$W$93) -> #DIV/0! | AB88: =AA88/Z88 -> #DIV/0! | AC88: =RANK(AB88, $AB$76:$AB$93) -> #DIV/0! | AG88: =AF88/AE88 -> #DIV/0! | AH88: =RANK(AG88, $AG$76:$AG$93) -> #DIV/0! | AL88: =AK88/AJ88 -> #DIV/0! | AM88: =RANK(AL88, $AL$76:$AL$93) -> #DIV/0! | AQ88: =AP88/AO88 -> #DIV/0! | AR88: =RANK(AQ88, $AQ$76:$AQ$93) -> #DIV/0! | AV88: =AU88/AT88 -> #DIV/0! | AW88: =RANK(AV88, $AV$76:$AV$93) -> #DIV/0!
C89: 14 | D89: 整條德式香腸義大利麵 | E89: =VLOOKUP(D89,'07產線配置圖'!$A$2:$C$25,2,0) -> #N/A | F89: =VLOOKUP(D89,'07產線配置圖'!$A$2:$C$25,3,0) -> #N/A | G89: =F89/E89 -> #N/A | I89: =AVERAGE(P89,U89,Z89,AE89,AJ89,AO89,AT89) -> #DIV/0! | J89: =AVERAGE(Q89,V89,AA89,AF89,AK89,AP89,AU89) -> #DIV/0! | K89: =AVERAGE(R89,W89,AB89,AG89,AL89,AQ89,AV89) -> #DIV/0! | M89: =RANK(K89, $K$76:$K$93) -> #DIV/0! | R89: =Q89/P89 -> #DIV/0! | S89: =RANK(R89, $R$76:$R$93) -> #DIV/0! | W89: =V89/U89 -> #DIV/0! | X89: =RANK(W89, $W$76:$W$93) -> #DIV/0! | AB89: =AA89/Z89 -> #DIV/0! | AC89: =RANK(AB89, $AB$76:$AB$93) -> #DIV/0! | AG89: =AF89/AE89 -> #DIV/0! | AH89: =RANK(AG89, $AG$76:$AG$93) -> #DIV/0! | AL89: =AK89/AJ89 -> #DIV/0! | AM89: =RANK(AL89, $AL$76:$AL$93) -> #DIV/0! | AQ89: =AP89/AO89 -> #DIV/0! | AR89: =RANK(AQ89, $AQ$76:$AQ$93) -> #DIV/0! | AV89: =AU89/AT89 -> #DIV/0! | AW89: =RANK(AV89, $AV$76:$AV$93) -> #DIV/0!
C90: 15 | D90: 奶油鮮蝦明太子細扁麵 | E90: =VLOOKUP(D90,'07產線配置圖'!$A$2:$C$25,2,0) -> 18 | F90: =VLOOKUP(D90,'07產線配置圖'!$A$2:$C$25,3,0) -> 1636 | G90: =F90/E90 -> 90.888889 | I90: =AVERAGE(P90,U90,Z90,AE90,AJ90,AO90,AT90) -> #DIV/0! | J90: =AVERAGE(Q90,V90,AA90,AF90,AK90,AP90,AU90) -> #DIV/0! | K90: =AVERAGE(R90,W90,AB90,AG90,AL90,AQ90,AV90) -> #DIV/0! | M90: =RANK(K90, $K$76:$K$93) -> #DIV/0! | R90: =Q90/P90 -> #DIV/0! | S90: =RANK(R90, $R$76:$R$93) -> #DIV/0! | W90: =V90/U90 -> #DIV/0! | X90: =RANK(W90, $W$76:$W$93) -> #DIV/0! | AB90: =AA90/Z90 -> #DIV/0! | AC90: =RANK(AB90, $AB$76:$AB$93) -> #DIV/0! | AG90: =AF90/AE90 -> #DIV/0! | AH90: =RANK(AG90, $AG$76:$AG$93) -> #DIV/0! | AL90: =AK90/AJ90 -> #DIV/0! | AM90: =RANK(AL90, $AL$76:$AL$93) -> #DIV/0! | AQ90: =AP90/AO90 -> #DIV/0! | AR90: =RANK(AQ90, $AQ$76:$AQ$93) -> #DIV/0! | AV90: =AU90/AT90 -> #DIV/0! | AW90: =RANK(AV90, $AV$76:$AV$93) -> #DIV/0!
C91: 16 | D91: 焦糖拿鐵烤雞細扁麵 | E91: =VLOOKUP(D91,'07產線配置圖'!$A$2:$C$25,2,0) -> 18 | F91: =VLOOKUP(D91,'07產線配置圖'!$A$2:$C$25,3,0) -> 1565 | G91: =F91/E91 -> 86.944444 | I91: =AVERAGE(P91,U91,Z91,AE91,AJ91,AO91,AT91) -> #DIV/0! | J91: =AVERAGE(Q91,V91,AA91,AF91,AK91,AP91,AU91) -> #DIV/0! | K91: =AVERAGE(R91,W91,AB91,AG91,AL91,AQ91,AV91) -> #DIV/0! | M91: =RANK(K91, $K$76:$K$93) -> #DIV/0! | R91: =Q91/P91 -> #DIV/0! | S91: =RANK(R91, $R$76:$R$93) -> #DIV/0! | W91: =V91/U91 -> #DIV/0! | X91: =RANK(W91, $W$76:$W$93) -> #DIV/0! | AB91: =AA91/Z91 -> #DIV/0! | AC91: =RANK(AB91, $AB$76:$AB$93) -> #DIV/0! | AG91: =AF91/AE91 -> #DIV/0! | AH91: =RANK(AG91, $AG$76:$AG$93) -> #DIV/0! | AL91: =AK91/AJ91 -> #DIV/0! | AM91: =RANK(AL91, $AL$76:$AL$93) -> #DIV/0! | AQ91: =AP91/AO91 -> #DIV/0! | AR91: =RANK(AQ91, $AQ$76:$AQ$93) -> #DIV/0! | AV91: =AU91/AT91 -> #DIV/0! | AW91: =RANK(AV91, $AV$76:$AV$93) -> #DIV/0!
C92: 17
C93: 18
B94: 產線配置圖－每週更新 | N94: 資料繳交 | O94: 日期 | P94: =AT71+1 -> 46231 | U94: =P94+1 -> 46232 | Z94: =Z71+7 -> 46233 | AE94: =AE71+7 -> 46234 | AJ94: =AJ71+7 -> 46235 | AO94: =AO71+7 -> 46236 | AT94: =AT71+7 -> 46237
P95: 二 | U95: 三 | Z95: 四 | AE95: 五 | AJ95: 六 | AO95: 日 | AT95: 一
B96: 品群 | C96: 商品名稱 | E96: 計畫 | H96: 平均人時性 | I96: 實績 | L96: 平均人時性 | M96: 排名 | O96: 日報 | P96: 實際 | T96: 平均人時性 | U96: 實際 | Y96: 平均人時性 | Z96: 實際 | AD96: 平均人時性 | AE96: 實際 | AI96: 平均人時性 | AJ96: 實際 | AN96: 平均人時性 | AO96: 實際 | AS96: 平均人時性 | AT96: 實際 | AX96: 平均人時性
E97: 產線配置圖 | I97: 產線配置圖 | P97: 生產實績 | U97: 生產實績 | Z97: 生產實績 | AE97: 生產實績 | AJ97: 生產實績 | AO97: 生產實績 | AT97: 生產實績
E98: 人數 | F98: 產能／時 | G98: 人時性 | I98: 人數 | J98: 產能／時 | K98: 人時性 | P98: 人數 | Q98: 產能／時 | R98: 人時性 | S98: 排名 | U98: 人數 | V98: 產能／時 | W98: 人時性 | X98: 排名 | Z98: 人數 | AA98: 產能／時 | AB98: 人時性 | AC98: 排名 | AE98: 人數 | AF98: 產能／時 | AG98: 人時性 | AH98: 排名 | AJ98: 人數 | AK98: 產能／時 | AL98: 人時性 | AM98: 排名 | AO98: 人數 | AP98: 產能／時 | AQ98: 人時性 | AR98: 排名 | AT98: 人數 | AU98: 產能／時 | AV98: 人時性 | AW98: 排名
B99: 熱食義麵 | C99: 1 | D99: 義式蕃茄起司義大利麵 | E99: 13 | F99: =VLOOKUP(D99,'07產線配置圖'!$A$2:$C$25,3,0) -> 2250 | G99: =F99/E99 -> 173.07692 | H99: =AVERAGE(G99:G113) -> #N/A | I99: =AVERAGE(P99,U99,Z99,AE99,AJ99,AO99,AT99) -> #DIV/0! | J99: =AVERAGE(Q99,V99,AA99,AF99,AK99,AP99,AU99) -> #DIV/0! | K99: =AVERAGE(R99,W99,AB99,AG99,AL99,AQ99,AV99) -> #DIV/0! | L99: =IFERROR(AVERAGE(K99:K116),"-") -> - | M99: =RANK(K99, K$99:$K$116) -> #DIV/0! | R99: =Q99/P99 -> #DIV/0! | S99: =RANK(R99,$R$99:$R$116) -> #DIV/0! | T99: =AVERAGE(R99:R116) -> #DIV/0! | W99: =V99/U99 -> #DIV/0! | X99: =RANK(W99,$W$99:$W$116) -> #DIV/0! | Y99: =AVERAGE(W99:W116) -> #DIV/0! | AB99: =AA99/Z99 -> #DIV/0! | AC99: =RANK(AB99, $AB$99:$AB$116) -> #DIV/0! | AD99: =AVERAGE(AB99:AB116) -> #DIV/0! | AG99: =AF99/AE99 -> #DIV/0! | AH99: =RANK(AG99,$AG$99:$AG$116) -> #DIV/0! | AI99: =AVERAGE(AG99:AG116) -> #DIV/0! | AL99: =AK99/AJ99 -> #DIV/0! | AM99: =RANK(AL99,$AL$99:$AL$116) -> #DIV/0! | AN99: =AVERAGE(AL99:AL116) -> #DIV/0! | AQ99: =AP99/AO99 -> #DIV/0! | AR99: =RANK(AQ99,$AQ$99:$AQ$116) -> #DIV/0! | AS99: =AVERAGE(AQ99:AQ116) -> #DIV/0! | AV99: =AU99/AT99 -> #DIV/0! | AW99: =RANK(AV99,$AV$99:$AV$116) -> #DIV/0! | AX99: =AVERAGE(AV99:AV116) -> #DIV/0!
C100: 2 | D100: 奶油培根義大利麵 | E100: =VLOOKUP(D100,'07產線配置圖'!$A$2:$C$25,2,0) -> 15 | F100: =VLOOKUP(D100,'07產線配置圖'!$A$2:$C$25,3,0) -> 2250 | G100: =F100/E100 -> 150 | I100: =AVERAGE(P100,U100,Z100,AE100,AJ100,AO100,AT100) -> #DIV/0! | J100: =AVERAGE(Q100,V100,AA100,AF100,AK100,AP100,AU100) -> #DIV/0! | K100: =AVERAGE(R100,W100,AB100,AG100,AL100,AQ100,AV100) -> #DIV/0! | M100: =RANK(K100, K$99:$K$116) -> #DIV/0! | R100: =Q100/P100 -> #DIV/0! | S100: =RANK(R100,$R$99:$R$116) -> #DIV/0! | W100: =V100/U100 -> #DIV/0! | X100: =RANK(W100,$W$99:$W$116) -> #DIV/0! | AB100: =AA100/Z100 -> #DIV/0! | AC100: =RANK(AB100, $AB$99:$AB$116) -> #DIV/0! | AG100: =AF100/AE100 -> #DIV/0! | AH100: =RANK(AG100,$AG$99:$AG$116) -> #DIV/0! | AL100: =AK100/AJ100 -> #DIV/0! | AM100: =RANK(AL100,$AL$99:$AL$116) -> #DIV/0! | AQ100: =AP100/AO100 -> #DIV/0! | AR100: =RANK(AQ100,$AQ$99:$AQ$116) -> #DIV/0! | AV100: =AU100/AT100 -> #DIV/0! | AW100: =RANK(AV100,$AV$99:$AV$116) -> #DIV/0!
C101: 3 | D101: 白酒清炒鮮蛤義大利麵 | E101: =VLOOKUP(D101,'07產線配置圖'!$A$2:$C$25,2,0) -> 15 | F101: =VLOOKUP(D101,'07產線配置圖'!$A$2:$C$25,3,0) -> 2250 | G101: =F101/E101 -> 150 | I101: =AVERAGE(P101,U101,Z101,AE101,AJ101,AO101,AT101) -> #DIV/0! | J101: =AVERAGE(Q101,V101,AA101,AF101,AK101,AP101,AU101) -> #DIV/0! | K101: =AVERAGE(R101,W101,AB101,AG101,AL101,AQ101,AV101) -> #DIV/0! | M101: =RANK(K101, K$99:$K$116) -> #DIV/0! | R101: =Q101/P101 -> #DIV/0! | S101: =RANK(R101,$R$99:$R$116) -> #DIV/0! | W101: =V101/U101 -> #DIV/0! | X101: =RANK(W101,$W$99:$W$116) -> #DIV/0! | AB101: =AA101/Z101 -> #DIV/0! | AC101: =RANK(AB101, $AB$99:$AB$116) -> #DIV/0! | AG101: =AF101/AE101 -> #DIV/0! | AH101: =RANK(AG101,$AG$99:$AG$116) -> #DIV/0! | AL101: =AK101/AJ101 -> #DIV/0! | AM101: =RANK(AL101,$AL$99:$AL$116) -> #DIV/0! | AQ101: =AP101/AO101 -> #DIV/0! | AR101: =RANK(AQ101,$AQ$99:$AQ$116) -> #DIV/0! | AV101: =AU101/AT101 -> #DIV/0! | AW101: =RANK(AV101,$AV$99:$AV$116) -> #DIV/0!
A102: 18 | C102: 4 | D102: 焗烤起司雙饗筆尖麵 | E102: =VLOOKUP(D102,'07產線配置圖'!$A$2:$C$25,2,0) -> 16 | F102: =VLOOKUP(D102,'07產線配置圖'!$A$2:$C$25,3,0) -> 1800 | G102: =F102/E102 -> 112.5 | I102: =AVERAGE(P102,U102,Z102,AE102,AJ102,AO102,AT102) -> #DIV/0! | J102: =AVERAGE(Q102,V102,AA102,AF102,AK102,AP102,AU102) -> #DIV/0! | K102: =AVERAGE(R102,W102,AB102,AG102,AL102,AQ102,AV102) -> #DIV/0! | M102: =RANK(K102, K$99:$K$116) -> #DIV/0! | R102: =Q102/P102 -> #DIV/0! | S102: =RANK(R102,$R$99:$R$116) -> #DIV/0! | W102: =V102/U102 -> #DIV/0! | X102: =RANK(W102,$W$99:$W$116) -> #DIV/0! | AB102: =AA102/Z102 -> #DIV/0! | AC102: =RANK(AB102, $AB$99:$AB$116) -> #DIV/0! | AG102: =AF102/AE102 -> #DIV/0! | AH102: =RANK(AG102,$AG$99:$AG$116) -> #DIV/0! | AL102: =AK102/AJ102 -> #DIV/0! | AM102: =RANK(AL102,$AL$99:$AL$116) -> #DIV/0! | AQ102: =AP102/AO102 -> #DIV/0! | AR102: =RANK(AQ102,$AQ$99:$AQ$116) -> #DIV/0! | AV102: =AU102/AT102 -> #DIV/0! | AW102: =RANK(AV102,$AV$99:$AV$116) -> #DIV/0!
C103: 5 | D103: 青醬蛤蜊義大利麵 | E103: 14 | F103: =VLOOKUP(D103,'07產線配置圖'!$A$2:$C$25,3,0) -> 2250 | G103: =F103/E103 -> 160.71429 | I103: =AVERAGE(P103,U103,Z103,AE103,AJ103,AO103,AT103) -> #DIV/0! | J103: =AVERAGE(Q103,V103,AA103,AF103,AK103,AP103,AU103) -> #DIV/0! | K103: =AVERAGE(R103,W103,AB103,AG103,AL103,AQ103,AV103) -> #DIV/0! | M103: =RANK(K103, K$99:$K$116) -> #DIV/0! | R103: =Q103/P103 -> #DIV/0! | S103: =RANK(R103,$R$99:$R$116) -> #DIV/0! | W103: =V103/U103 -> #DIV/0! | X103: =RANK(W103,$W$99:$W$116) -> #DIV/0! | AB103: =AA103/Z103 -> #DIV/0! | AC103: =RANK(AB103, $AB$99:$AB$116) -> #DIV/0! | AG103: =AF103/AE103 -> #DIV/0! | AH103: =RANK(AG103,$AG$99:$AG$116) -> #DIV/0! | AL103: =AK103/AJ103 -> #DIV/0! | AM103: =RANK(AL103,$AL$99:$AL$116) -> #DIV/0! | AQ103: =AP103/AO103 -> #DIV/0! | AR103: =RANK(AQ103,$AQ$99:$AQ$116) -> #DIV/0! | AV103: =AU103/AT103 -> #DIV/0! | AW103: =RANK(AV103,$AV$99:$AV$116) -> #DIV/0!
C104: 6 | D104: 青花椒麻雞肉拌麵 | E104: =VLOOKUP(D104,'07產線配置圖'!$A$2:$C$25,2,0) -> 15 | F104: =VLOOKUP(D104,'07產線配置圖'!$A$2:$C$25,3,0) -> 1714 | G104: =F104/E104 -> 114.26667 | I104: =AVERAGE(P104,U104,Z104,AE104,AJ104,AO104,AT104) -> #DIV/0! | J104: =AVERAGE(Q104,V104,AA104,AF104,AK104,AP104,AU104) -> #DIV/0! | K104: =AVERAGE(R104,W104,AB104,AG104,AL104,AQ104,AV104) -> #DIV/0! | M104: =RANK(K104, K$99:$K$116) -> #DIV/0! | R104: =Q104/P104 -> #DIV/0! | S104: =RANK(R104,$R$99:$R$116) -> #DIV/0! | W104: =V104/U104 -> #DIV/0! | X104: =RANK(W104,$W$99:$W$116) -> #DIV/0! | AB104: =AA104/Z104 -> #DIV/0! | AC104: =RANK(AB104, $AB$99:$AB$116) -> #DIV/0! | AG104: =AF104/AE104 -> #DIV/0! | AH104: =RANK(AG104,$AG$99:$AG$116) -> #DIV/0! | AL104: =AK104/AJ104 -> #DIV/0! | AM104: =RANK(AL104,$AL$99:$AL$116) -> #DIV/0! | AQ104: =AP104/AO104 -> #DIV/0! | AR104: =RANK(AQ104,$AQ$99:$AQ$116) -> #DIV/0! | AV104: =AU104/AT104 -> #DIV/0! | AW104: =RANK(AV104,$AV$99:$AV$116) -> #DIV/0!
C105: 7 | D105: 沙茶豬肉炒麵 | E105: =VLOOKUP(D105,'07產線配置圖'!$A$2:$C$25,2,0) -> 17 | F105: 1800 | G105: =F105/E105 -> 105.88235 | I105: =AVERAGE(P105,U105,Z105,AE105,AJ105,AO105,AT105) -> #DIV/0! | J105: =AVERAGE(Q105,V105,AA105,AF105,AK105,AP105,AU105) -> #DIV/0! | K105: =AVERAGE(R105,W105,AB105,AG105,AL105,AQ105,AV105) -> #DIV/0! | M105: =RANK(K105, K$99:$K$116) -> #DIV/0! | R105: =Q105/P105 -> #DIV/0! | S105: =RANK(R105,$R$99:$R$116) -> #DIV/0! | W105: =V105/U105 -> #DIV/0! | X105: =RANK(W105,$W$99:$W$116) -> #DIV/0! | AB105: =AA105/Z105 -> #DIV/0! | AC105: =RANK(AB105, $AB$99:$AB$116) -> #DIV/0! | AG105: =AF105/AE105 -> #DIV/0! | AH105: =RANK(AG105,$AG$99:$AG$116) -> #DIV/0! | AL105: =AK105/AJ105 -> #DIV/0! | AM105: =RANK(AL105,$AL$99:$AL$116) -> #DIV/0! | AQ105: =AP105/AO105 -> #DIV/0! | AR105: =RANK(AQ105,$AQ$99:$AQ$116) -> #DIV/0! | AV105: =AU105/AT105 -> #DIV/0! | AW105: =RANK(AV105,$AV$99:$AV$116) -> #DIV/0!
C106: 8 | D106: 府城鹽水意麵 | E106: =VLOOKUP(D106,'07產線配置圖'!$A$2:$C$25,2,0) -> 18 | F106: =VLOOKUP(D106,'07產線配置圖'!$A$2:$C$25,3,0) -> 1636 | G106: =F106/E106 -> 90.888889 | I106: =AVERAGE(P106,U106,Z106,AE106,AJ106,AO106,AT106) -> #DIV/0! | J106: =AVERAGE(Q106,V106,AA106,AF106,AK106,AP106,AU106) -> #DIV/0! | K106: =AVERAGE(R106,W106,AB106,AG106,AL106,AQ106,AV106) -> #DIV/0! | M106: =RANK(K106, K$99:$K$116) -> #DIV/0! | R106: =Q106/P106 -> #DIV/0! | S106: =RANK(R106,$R$99:$R$116) -> #DIV/0! | W106: =V106/U106 -> #DIV/0! | X106: =RANK(W106,$W$99:$W$116) -> #DIV/0! | AB106: =AA106/Z106 -> #DIV/0! | AC106: =RANK(AB106, $AB$99:$AB$116) -> #DIV/0! | AG106: =AF106/AE106 -> #DIV/0! | AH106: =RANK(AG106,$AG$99:$AG$116) -> #DIV/0! | AL106: =AK106/AJ106 -> #DIV/0! | AM106: =RANK(AL106,$AL$99:$AL$116) -> #DIV/0! | AQ106: =AP106/AO106 -> #DIV/0! | AR106: =RANK(AQ106,$AQ$99:$AQ$116) -> #DIV/0! | AV106: =AU106/AT106 -> #DIV/0! | AW106: =RANK(AV106,$AV$99:$AV$116) -> #DIV/0!
...

Sheet （５-3）品群別人時生產性(微波小吃)
B1: 月平均人時性 | C1: =AVERAGE(L7,L27,L47,L67,L87,L107) -> 127.68458
B2: 產線配置圖－每週更新 | N2: 資料繳交 | O2: 日期 | P2: 46203 | U2: =P2+1 -> 46204 | Z2: =U2+1 -> 46205 | AE2: =Z2+1 -> 46206 | AJ2: =AE2+1 -> 46207 | AO2: =AJ2+1 -> 46208 | AT2: =AO2+1 -> 46209
P3: 二 | U3: 三 | Z3: 四 | AE3: 五 | AJ3: 六 | AO3: 日 | AT3: 一
B4: 品群 | C4: 商品名稱 | E4: 計畫 | H4: 平均人時性 | I4: 實績 | L4: 平均人時性 | M4: 排名 | O4: 日報 | P4: 實際 | T4: 平均人時性 | U4: 實際 | Y4: 平均人時性 | Z4: 實際 | AD4: 平均人時性 | AE4: 實際 | AI4: 平均人時性 | AJ4: 實際 | AN4: 平均人時性 | AO4: 實際 | AS4: 平均人時性 | AT4: 實際 | AX4: 平均人時性
E5: 產線配置圖 | I5: 產線配置圖 | P5: 生產實績 | U5: 生產實績 | Z5: 生產實績 | AE5: 生產實績 | AJ5: 生產實績 | AO5: 生產實績 | AT5: 生產實績
E6: 人數 | F6: 產能／時 | G6: 人時性 | I6: 人數 | J6: 產能／時 | K6: 人時性 | P6: 人數 | Q6: 產能／時 | R6: 人時性 | S6: 排名 | U6: 人數 | V6: 產能／時 | W6: 人時性 | X6: 排名 | Z6: 人數 | AA6: 產能／時 | AB6: 人時性 | AC6: 排名 | AE6: 人數 | AF6: 產能／時 | AG6: 人時性 | AH6: 排名 | AJ6: 人數 | AK6: 產能／時 | AL6: 人時性 | AM6: 排名 | AO6: 人數 | AP6: 產能／時 | AQ6: 人時性 | AR6: 排名 | AT6: 人數 | AU6: 產能／時 | AV6: 人時性 | AW6: 排名
B7: 微波小吃 | C7: 1 | D7: 小滷青蔬 | E7: =VLOOKUP(D7,'07產線配置圖'!$A$26:$C$33,2,0) -> 15 | F7: =VLOOKUP(D7,'07產線配置圖'!$A$26:$C$33,3,0) -> 1636 | G7: =F7/E7 -> 109.06667 | H7: =AVERAGE(G7:G21) -> 138.81212 | I7: =AVERAGE(P7,U7,Z7,AE7,AJ7,AO7,AT7) -> 14.714286 | J7: =AVERAGE(Q7,V7,AA7,AF7,AK7,AP7,AU7) -> 1518.1429 | K7: =J7/I7 -> 103.17476 | L7: =IFERROR(AVERAGE(K7:K21),"-") -> 126.80811 | M7: =RANK(K7,$K$7:$K$21) -> 4 | P7: 15 | Q7: 1510 | R7: =Q7/P7 -> 100.66667 | S7: =RANK(R7, R$7:R$21) -> 4 | T7: =AVERAGE(R7:R21) -> 121.04735 | U7: 14 | V7: 1487 | W7: =V7/U7 -> 106.21429 | X7: =RANK(W7,$W$7:$W$21) -> 4 | Y7: =AVERAGE(W7:W21) -> 133.00812 | Z7: 15 | AA7: 1589 | AB7: =AA7/Z7 -> 105.93333 | AC7: =RANK(AB7,$AB$7:$AB$21) -> 4 | AD7: =AVERAGE(AB7:AB21) -> 126.94242 | AE7: 15 | AF7: 1560 | AG7: =AF7/AE7 -> 104 | AH7: =RANK(AG7,$AG$7:$AG$21) -> 4 | AI7: =AVERAGE(AG7:AG21) -> 124.31818 | AJ7: 15 | AK7: 1566 | AL7: =AK7/AJ7 -> 104.4 | AM7: =RANK(AL7,$AL$7:$AL$21) -> 4 | AN7: =AVERAGE(AL7:AL21) -> 127.26591 | AO7: 14 | AP7: 1360 | AQ7: =AP7/AO7 -> 97.142857 | AR7: =RANK(AQ7,$AQ$7:$AQ$21) -> 4 | AS7: =AVERAGE(AQ7:AQ21) -> 124.79935 | AT7: 15 | AU7: 1555 | AV7: =AU7/AT7 -> 103.66667 | AW7: =RANK(AV7,$AV$7:$AV$21) -> 4 | AX7: =AVERAGE(AV7:AV21) -> 130.68712
C8: 2 | D8: 起司馬鈴薯 | E8: =VLOOKUP(D8,'07產線配置圖'!$A$26:$C$33,2,0) -> 11 | F8: =VLOOKUP(D8,'07產線配置圖'!$A$26:$C$33,3,0) -> 1636 | G8: =F8/E8 -> 148.72727 | I8: =AVERAGE(P8,U8,Z8,AE8,AJ8,AO8,AT8) -> 11.142857 | J8: =AVERAGE(Q8,V8,AA8,AF8,AK8,AP8,AU8) -> 1534.2857 | K8: =J8/I8 -> 137.69231 | M8: =RANK(K8,$K$7:$K$21) -> 1 | P8: 12 | Q8: 1491 | R8: =Q8/P8 -> 124.25 | S8: =RANK(R8, R$7:R$21) -> 3 | U8: 11 | V8: 1590 | W8: =V8/U8 -> 144.54545 | X8: =RANK(W8,$W$7:$W$21) -> 2 | Z8: 11 | AA8: 1567 | AB8: =AA8/Z8 -> 142.45455 | AC8: =RANK(AB8,$AB$7:$AB$21) -> 1 | AE8: 11 | AF8: 1580 | AG8: =AF8/AE8 -> 143.63636 | AH8: =RANK(AG8,$AG$7:$AG$21) -> 1 | AJ8: 11 | AK8: 1497 | AL8: =AK8/AJ8 -> 136.09091 | AM8: =RANK(AL8,$AL$7:$AL$21) -> 2 | AO8: 11 | AP8: 1490 | AQ8: =AP8/AO8 -> 135.45455 | AR8: =RANK(AQ8,$AQ$7:$AQ$21) -> 2 | AT8: 11 | AU8: 1525 | AV8: =AU8/AT8 -> 138.63636 | AW8: =RANK(AV8,$AV$7:$AV$21) -> 2
C9: 3 | D9: 韓式炒冬粉 | E9: =VLOOKUP(D9,'07產線配置圖'!$A$26:$C$33,2,0) -> 11 | F9: =VLOOKUP(D9,'07產線配置圖'!$A$26:$C$33,3,0) -> 1636 | G9: =F9/E9 -> 148.72727 | I9: =AVERAGE(P9,U9,Z9,AE9,AJ9,AO9,AT9) -> 10.857143 | J9: =AVERAGE(Q9,V9,AA9,AF9,AK9,AP9,AU9) -> 1463.2857 | K9: =J9/I9 -> 134.77632 | M9: =RANK(K9,$K$7:$K$21) -> 2 | P9: 11 | Q9: 1390 | R9: =Q9/P9 -> 126.36364 | S9: =RANK(R9, R$7:R$21) -> 2 | U9: 11 | V9: 1605 | W9: =V9/U9 -> 145.90909 | X9: =RANK(W9,$W$7:$W$21) -> 1 | Z9: 11 | AA9: 1377 | AB9: =AA9/Z9 -> 125.18182 | AC9: =RANK(AB9,$AB$7:$AB$21) -> 3 | AE9: 11 | AF9: 1358 | AG9: =AF9/AE9 -> 123.45455 | AH9: =RANK(AG9,$AG$7:$AG$21) -> 3 | AJ9: 11 | AK9: 1532 | AL9: =AK9/AJ9 -> 139.27273 | AM9: =RANK(AL9,$AL$7:$AL$21) -> 1 | AO9: 10 | AP9: 1413 | AQ9: =AP9/AO9 -> 141.3 | AR9: =RANK(AQ9,$AQ$7:$AQ$21) -> 1 | AT9: 11 | AU9: 1568 | AV9: =AU9/AT9 -> 142.54545 | AW9: =RANK(AV9,$AV$7:$AV$21) -> 1
C10: 4 | D10: 麻辣雞心 | E10: =VLOOKUP(D10,'07產線配置圖'!$A$26:$C$33,2,0) -> 11 | F10: =VLOOKUP(D10,'07產線配置圖'!$A$26:$C$33,3,0) -> 1636 | G10: =F10/E10 -> 148.72727 | I10: =AVERAGE(P10,U10,Z10,AE10,AJ10,AO10,AT10) -> 10.428571 | J10: =AVERAGE(Q10,V10,AA10,AF10,AK10,AP10,AU10) -> 1372.2857 | K10: =J10/I10 -> 131.58904 | M10: =RANK(K10,$K$7:$K$21) -> 3 | P10: 11 | Q10: 1462 | R10: =Q10/P10 -> 132.90909 | S10: =RANK(R10, R$7:R$21) -> 1 | U10: 11 | V10: 1489 | W10: =V10/U10 -> 135.36364 | X10: =RANK(W10,$W$7:$W$21) -> 3 | Z10: 10 | AA10: 1342 | AB10: =AA10/Z10 -> 134.2 | AC10: =RANK(AB10,$AB$7:$AB$21) -> 2 | AE10: 11 | AF10: 1388 | AG10: =AF10/AE10 -> 126.18182 | AH10: =RANK(AG10,$AG$7:$AG$21) -> 2 | AJ10: 10 | AK10: 1293 | AL10: =AK10/AJ10 -> 129.3 | AM10: =RANK(AL10,$AL$7:$AL$21) -> 3 | AO10: 10 | AP10: 1253 | AQ10: =AP10/AO10 -> 125.3 | AR10: =RANK(AQ10,$AQ$7:$AQ$21) -> 3 | AT10: 10 | AU10: 1379 | AV10: =AU10/AT10 -> 137.9 | AW10: =RANK(AV10,$AV$7:$AV$21) -> 3
C11: 5
C12: 6
C13: 7
C14: 8
C15: 9
C16: 10
C17: 11
C18: 12
C19: 13
C20: 14
C21: 15
B22: 產線配置圖－每週更新 | N22: 資料繳交 | O22: 日期 | P22: =AT2+1 -> 46210 | U22: =P22+1 -> 46211 | Z22: =U22+1 -> 46212 | AE22: =Z22+1 -> 46213 | AJ22: =AE22+1 -> 46214 | AO22: =AJ22+1 -> 46215 | AT22: =AO22+1 -> 46216
P23: 二 | U23: 三 | Z23: 四 | AE23: 五 | AJ23: 六 | AO23: 日 | AT23: 一
B24: 品群 | C24: 商品名稱 | E24: 計畫 | H24: 平均人時性 | I24: 實績 | L24: 平均人時性 | M24: 排名 | O24: 日報 | P24: 實際 | T24: 平均人時性 | U24: 實際 | Y24: 平均人時性 | Z24: 實際 | AD24: 平均人時性 | AE24: 實際 | AI24: 平均人時性 | AJ24: 實際 | AN24: 平均人時性 | AO24: 實際 | AS24: 平均人時性 | AT24: 實際 | AX24: 平均人時性
E25: 產線配置圖 | I25: 產線配置圖 | P25: 生產實績 | U25: 生產實績 | Z25: 生產實績 | AE25: 生產實績 | AJ25: 生產實績 | AO25: 生產實績 | AT25: 生產實績
E26: 人數 | F26: 產能／時 | G26: 人時性 | I26: 人數 | J26: 產能／時 | K26: 人時性 | P26: 人數 | Q26: 產能／時 | R26: 人時性 | S26: 排名 | U26: 人數 | V26: 產能／時 | W26: 人時性 | X26: 排名 | Z26: 人數 | AA26: 產能／時 | AB26: 人時性 | AC26: 排名 | AE26: 人數 | AF26: 產能／時 | AG26: 人時性 | AH26: 排名 | AJ26: 人數 | AK26: 產能／時 | AL26: 人時性 | AM26: 排名 | AO26: 人數 | AP26: 產能／時 | AQ26: 人時性 | AR26: 排名 | AT26: 人數 | AU26: 產能／時 | AV26: 人時性 | AW26: 排名
B27: 微波小吃 | C27: 1 | D27: 小滷青蔬 | E27: =VLOOKUP(D27,'07產線配置圖'!$A$26:$C$33,2,0) -> 15 | F27: =VLOOKUP(D27,'07產線配置圖'!$A$26:$C$33,3,0) -> 1636 | G27: =F27/E27 -> 109.06667 | H27: =AVERAGE(G27:G41) -> 138.81212 | I27: =AVERAGE(P27,U27,Z27,AE27,AJ27,AO27,AT27) -> 15.142857 | J27: =AVERAGE(Q27,V27,AA27,AF27,AK27,AP27,AU27) -> 1575.2857 | K27: =AVERAGE(R27,W27,AB27,AG27,AL27,AQ27,AV27) -> 104.01429 | L27: =IFERROR(AVERAGE(K27:K41),"-") -> 127.60774 | M27: =RANK(K27, K$27:$K$41) -> 4 | P27: 15 | Q27: 1508 | R27: =Q27/P27 -> 100.53333 | S27: =RANK(R27, $R$27:$R$41) -> 4 | T27: =AVERAGE(R27:R41) -> 125.56515 | U27: 15 | V27: 1542 | W27: =V27/U27 -> 102.8 | X27: =RANK(W27, $W$27:$W$41) -> 4 | Y27: =AVERAGE(W27:W41) -> 126.82121 | Z27: 15 | AA27: 1572 | AB27: =AA27/Z27 -> 104.8 | AC27: =RANK(AB27,$AB$27:$AB$41) -> 4 | AD27: =AVERAGE(AB27:AB41) -> 127.40455 | AE27: 16 | AF27: 1688 | AG27: =AF27/AE27 -> 105.5 | AH27: =RANK(AG27, $AG$27:$AG$41) -> 4 | AI27: =AVERAGE(AG27:AG41) -> 128.9375 | AJ27: 15 | AK27: 1586 | AL27: =AK27/AJ27 -> 105.73333 | AM27: =RANK(AL27, $AL$27:$AL$41) -> 4 | AN27: =AVERAGE(AL27:AL41) -> 128.66061 | AO27: 15 | AP27: 1555 | AQ27: =AP27/AO27 -> 103.66667 | AR27: =RANK(AQ27, $AQ$27:$AQ$41) -> 4 | AS27: =AVERAGE(AQ27:AQ41) -> 128.25758 | AT27: 15 | AU27: 1576 | AV27: =AU27/AT27 -> 105.06667 | AW27: =RANK(AV27, $AV$27:$AV$41) -> 4 | AX27: =AVERAGE(AV27:AV41) -> 127.60758
C28: 2 | D28: 起司馬鈴薯 | E28: =VLOOKUP(D28,'07產線配置圖'!$A$26:$C$33,2,0) -> 11 | F28: =VLOOKUP(D28,'07產線配置圖'!$A$26:$C$33,3,0) -> 1636 | G28: =F28/E28 -> 148.72727 | I28: =AVERAGE(P28,U28,Z28,AE28,AJ28,AO28,AT28) -> 11.142857 | J28: =AVERAGE(Q28,V28,AA28,AF28,AK28,AP28,AU28) -> 1561.2857 | K28: =AVERAGE(R28,W28,AB28,AG28,AL28,AQ28,AV28) -> 140.04545 | M28: =RANK(K28, K$27:$K$41) -> 1 | P28: 11 | Q28: 1610 | R28: =Q28/P28 -> 146.36364 | S28: =RANK(R28, $R$27:$R$41) -> 1 | U28: 11 | V28: 1465 | W28: =V28/U28 -> 133.18182 | X28: =RANK(W28, $W$27:$W$41) -> 2 | Z28: 11 | AA28: 1522 | AB28: =AA28/Z28 -> 138.36364 | AC28: =RANK(AB28,$AB$27:$AB$41) -> 2 | AE28: 12 | AF28: 1746 | AG28: =AF28/AE28 -> 145.5 | AH28: =RANK(AG28, $AG$27:$AG$41) -> 1 | AJ28: 11 | AK28: 1517 | AL28: =AK28/AJ28 -> 137.90909 | AM28: =RANK(AL28, $AL$27:$AL$41) -> 2 | AO28: 11 | AP28: 1544 | AQ28: =AP28/AO28 -> 140.36364 | AR28: =RANK(AQ28, $AQ$27:$AQ$41) -> 2 | AT28: 11 | AU28: 1525 | AV28: =AU28/AT28 -> 138.63636 | AW28: =RANK(AV28, $AV$27:$AV$41) -> 2
C29: 3 | D29: 韓式炒冬粉 | E29: =VLOOKUP(D29,'07產線配置圖'!$A$26:$C$33,2,0) -> 11 | F29: =VLOOKUP(D29,'07產線配置圖'!$A$26:$C$33,3,0) -> 1636 | G29: =F29/E29 -> 148.72727 | I29: =AVERAGE(P29,U29,Z29,AE29,AJ29,AO29,AT29) -> 11.142857 | J29: =AVERAGE(Q29,V29,AA29,AF29,AK29,AP29,AU29) -> 1506.7143 | K29: =AVERAGE(R29,W29,AB29,AG29,AL29,AQ29,AV29) -> 135.3539 | M29: =RANK(K29, K$27:$K$41) -> 2 | P29: 11 | Q29: 1410 | R29: =Q29/P29 -> 128.18182 | S29: =RANK(R29, $R$27:$R$41) -> 2 | U29: 11 | V29: 1404 | W29: =V29/U29 -> 127.63636 | X29: =RANK(W29, $W$27:$W$41) -> 3 | Z29: 11 | AA29: 1564 | AB29: =AA29/Z29 -> 142.18182 | AC29: =RANK(AB29,$AB$27:$AB$41) -> 1 | AE29: 12 | AF29: 1497 | AG29: =AF29/AE29 -> 124.75 | AH29: =RANK(AG29, $AG$27:$AG$41) -> 3 | AJ29: 11 | AK29: 1562 | AL29: =AK29/AJ29 -> 142 | AM29: =RANK(AL29, $AL$27:$AL$41) -> 1 | AO29: 11 | AP29: 1570 | AQ29: =AP29/AO29 -> 142.72727 | AR29: =RANK(AQ29, $AQ$27:$AQ$41) -> 1 | AT29: 11 | AU29: 1540 | AV29: =AU29/AT29 -> 140 | AW29: =RANK(AV29, $AV$27:$AV$41) -> 1
C30: 4 | D30: 麻辣雞心 | E30: =VLOOKUP(D30,'07產線配置圖'!$A$26:$C$33,2,0) -> 11 | F30: =VLOOKUP(D30,'07產線配置圖'!$A$26:$C$33,3,0) -> 1636 | G30: =F30/E30 -> 148.72727 | I30: =AVERAGE(P30,U30,Z30,AE30,AJ30,AO30,AT30) -> 10.285714 | J30: =AVERAGE(Q30,V30,AA30,AF30,AK30,AP30,AU30) -> 1341.7143 | K30: =AVERAGE(R30,W30,AB30,AG30,AL30,AQ30,AV30) -> 131.01732 | M30: =RANK(K30, K$27:$K$41) -> 3 | P30: 11 | Q30: 1399 | R30: =Q30/P30 -> 127.18182 | S30: =RANK(R30, $R$27:$R$41) -> 3 | U30: 9 | V30: 1293 | W30: =V30/U30 -> 143.66667 | X30: =RANK(W30, $W$27:$W$41) -> 1 | Z30: 11 | AA30: 1367 | AB30: =AA30/Z30 -> 124.27273 | AC30: =RANK(AB30,$AB$27:$AB$41) -> 3 | AE30: 9 | AF30: 1260 | AG30: =AF30/AE30 -> 140 | AH30: =RANK(AG30, $AG$27:$AG$41) -> 2 | AJ30: 10 | AK30: 1290 | AL30: =AK30/AJ30 -> 129 | AM30: =RANK(AL30, $AL$27:$AL$41) -> 3 | AO30: 11 | AP30: 1389 | AQ30: =AP30/AO30 -> 126.27273 | AR30: =RANK(AQ30, $AQ$27:$AQ$41) -> 3 | AT30: 11 | AU30: 1394 | AV30: =AU30/AT30 -> 126.72727 | AW30: =RANK(AV30, $AV$27:$AV$41) -> 3
C31: 5
C32: 6
C33: 7
C34: 8
C35: 9
C36: 10
C37: 11
C38: 12
C39: 13
C40: 14
C41: 15
B42: 產線配置圖－每週更新 | N42: 資料繳交 | O42: 日期 | P42: =AT22+1 -> 46217 | U42: =P42+1 -> 46218 | Z42: =Z22+7 -> 46219 | AE42: =AE22+7 -> 46220 | AJ42: =AJ22+7 -> 46221 | AO42: =AO22+7 -> 46222 | AT42: =AT22+7 -> 46223
P43: 二 | U43: 三 | Z43: 四 | AE43: 五 | AJ43: 六 | AO43: 日 | AT43: 一
B44: 品群 | C44: 商品名稱 | E44: 計畫 | H44: 平均人時性 | I44: 實績 | L44: 平均人時性 | M44: 排名 | O44: 日報 | P44: 實際 | T44: 平均人時性 | U44: 實際 | Y44: 平均人時性 | Z44: 實際 | AD44: 平均人時性 | AE44: 實際 | AI44: 平均人時性 | AJ44: 實際 | AN44: 平均人時性 | AO44: 實際 | AS44: 平均人時性 | AT44: 實際 | AX44: 平均人時性
E45: 產線配置圖 | I45: 產線配置圖 | P45: 生產實績 | U45: 生產實績 | Z45: 生產實績 | AE45: 生產實績 | AJ45: 生產實績 | AO45: 生產實績 | AT45: 生產實績
E46: 人數 | F46: 產能／時 | G46: 人時性 | I46: 人數 | J46: 產能／時 | K46: 人時性 | P46: 人數 | Q46: 產能／時 | R46: 人時性 | S46: 排名 | U46: 人數 | V46: 產能／時 | W46: 人時性 | X46: 排名 | Z46: 人數 | AA46: 產能／時 | AB46: 人時性 | AC46: 排名 | AE46: 人數 | AF46: 產能／時 | AG46: 人時性 | AH46: 排名 | AJ46: 人數 | AK46: 產能／時 | AL46: 人時性 | AM46: 排名 | AO46: 人數 | AP46: 產能／時 | AQ46: 人時性 | AR46: 排名 | AT46: 人數 | AU46: 產能／時 | AV46: 人時性 | AW46: 排名
B47: 微波小吃 | C47: 1 | D47: 小滷青蔬 | E47: =VLOOKUP(D47,'07產線配置圖'!$A$26:$C$33,2,0) -> 15 | F47: =VLOOKUP(D47,'07產線配置圖'!$A$26:$C$33,3,0) -> 1636 | G47: =F47/E47 -> 109.06667 | H47: =AVERAGE(G47:G61) -> 138.81212 | I47: =AVERAGE(P47,U47,Z47,AE47,AJ47,AO47,AT47) -> 14.857143 | J47: =AVERAGE(Q47,V47,AA47,AF47,AK47,AP47,AU47) -> 1539.5714 | K47: =AVERAGE(R47,W47,AB47,AG47,AL47,AQ47,AV47) -> 103.64422 | L47: =IFERROR(AVERAGE(K47:K61),"-") -> 128.63789 | M47: =RANK(K47, K$47:$K$61) -> 4 | P47: 14 | Q47: 1479 | R47: =Q47/P47 -> 105.64286 | S47: =RANK(R47,$R$47:$R$61) -> 4 | T47: =AVERAGE(R47:R61) -> 128.02435 | U47: 15 | V47: 1564 | W47: =V47/U47 -> 104.26667 | X47: =RANK(W47,$W$47:$W$61) -> 4 | Y47: =AVERAGE(W47:W61) -> 128.94848 | Z47: 15 | AA47: 1577 | AB47: =AA47/Z47 -> 105.13333 | AC47: =RANK(AB47,$AB$47:$AB$61) -> 4 | AD47: =AVERAGE(AB47:AB61) -> 125.23788 | AE47: 15 | AF47: 1543 | AG47: =AF47/AE47 -> 102.86667 | AH47: =RANK(AG47,$AG$47:$AG$61) -> 4 | AI47: =AVERAGE(AG47:AG61) -> 128.75833 | AJ47: 15 | AK47: 1566 | AL47: =AK47/AJ47 -> 104.4 | AM47: =RANK(AL47, $AL$47:$AL$61) -> 4 | AN47: =AVERAGE(AL47:AL61) -> 132.01667 | AO47: 15 | AP47: 1505 | AQ47: =AP47/AO47 -> 100.33333 | AR47: =RANK(AQ47,$AQ$47:$AQ$61) -> 4 | AS47: =AVERAGE(AQ47:AQ61) -> 128.14924 | AT47: 15 | AU47: 1543 | AV47: =AU47/AT47 -> 102.86667 | AW47: =RANK(AV47,$AV$47:$AV$61) -> 4 | AX47: =AVERAGE(AV47:AV61) -> 129.3303
C48: 2 | D48: 起司馬鈴薯 | E48: =VLOOKUP(D48,'07產線配置圖'!$A$26:$C$33,2,0) -> 11 | F48: =VLOOKUP(D48,'07產線配置圖'!$A$26:$C$33,3,0) -> 1636 | G48: =F48/E48 -> 148.72727 | I48: =AVERAGE(P48,U48,Z48,AE48,AJ48,AO48,AT48) -> 11.142857 | J48: =AVERAGE(Q48,V48,AA48,AF48,AK48,AP48,AU48) -> 1570.1429 | K48: =AVERAGE(R48,W48,AB48,AG48,AL48,AQ48,AV48) -> 140.90693 | M48: =RANK(K48, K$47:$K$61) -> 1 | P48: 11 | Q48: 1551 | R48: =Q48/P48 -> 141 | S48: =RANK(R48,$R$47:$R$61) -> 1 | U48: 11 | V48: 1528 | W48: =V48/U48 -> 138.90909 | X48: =RANK(W48,$W$47:$W$61) -> 2 | Z48: 11 | AA48: 1538 | AB48: =AA48/Z48 -> 139.81818 | AC48: =RANK(AB48,$AB$47:$AB$61) -> 1 | AE48: 12 | AF48: 1694 | AG48: =AF48/AE48 -> 141.16667 | AH48: =RANK(AG48,$AG$47:$AG$61) -> 1 | AJ48: 11 | AK48: 1566 | AL48: =AK48/AJ48 -> 142.36364 | AM48: =RANK(AL48, $AL$47:$AL$61) -> 1 | AO48: 11 | AP48: 1568 | AQ48: =AP48/AO48 -> 142.54545 | AR48: =RANK(AQ48,$AQ$47:$AQ$61) -> 1 | AT48: 11 | AU48: 1546 | AV48: =AU48/AT48 -> 140.54545 | AW48: =RANK(AV48,$AV$47:$AV$61) -> 1
C49: 3 | D49: 韓式炒冬粉 | E49: =VLOOKUP(D49,'07產線配置圖'!$A$26:$C$33,2,0) -> 11 | F49: =VLOOKUP(D49,'07產線配置圖'!$A$26:$C$33,3,0) -> 1636 | G49: =F49/E49 -> 148.72727 | I49: =AVERAGE(P49,U49,Z49,AE49,AJ49,AO49,AT49) -> 11.142857 | J49: =AVERAGE(Q49,V49,AA49,AF49,AK49,AP49,AU49) -> 1549.5714 | K49: =AVERAGE(R49,W49,AB49,AG49,AL49,AQ49,AV49) -> 139.05195 | M49: =RANK(K49, K$47:$K$61) -> 2 | P49: 11 | Q49: 1547 | R49: =Q49/P49 -> 140.63636 | S49: =RANK(R49,$R$47:$R$61) -> 2 | U49: 11 | V49: 1560 | W49: =V49/U49 -> 141.81818 | X49: =RANK(W49,$W$47:$W$61) -> 1 | Z49: 11 | AA49: 1429 | AB49: =AA49/Z49 -> 129.90909 | AC49: =RANK(AB49,$AB$47:$AB$61) -> 2 | AE49: 12 | AF49: 1680 | AG49: =AF49/AE49 -> 140 | AH49: =RANK(AG49,$AG$47:$AG$61) -> 2 | AJ49: 11 | AK49: 1547 | AL49: =AK49/AJ49 -> 140.63636 | AM49: =RANK(AL49, $AL$47:$AL$61) -> 3 | AO49: 11 | AP49: 1549 | AQ49: =AP49/AO49 -> 140.81818 | AR49: =RANK(AQ49,$AQ$47:$AQ$61) -> 2 | AT49: 11 | AU49: 1535 | AV49: =AU49/AT49 -> 139.54545 | AW49: =RANK(AV49,$AV$47:$AV$61) -> 2
C50: 4 | D50: 麻辣雞心 | E50: =VLOOKUP(D50,'07產線配置圖'!$A$26:$C$33,2,0) -> 11 | F50: =VLOOKUP(D50,'07產線配置圖'!$A$26:$C$33,3,0) -> 1636 | G50: =F50/E50 -> 148.72727 | I50: =AVERAGE(P50,U50,Z50,AE50,AJ50,AO50,AT50) -> 10.428571 | J50: =AVERAGE(Q50,V50,AA50,AF50,AK50,AP50,AU50) -> 1363.1429 | K50: =AVERAGE(R50,W50,AB50,AG50,AL50,AQ50,AV50) -> 130.94848 | M50: =RANK(K50, K$47:$K$61) -> 3 | P50: 11 | Q50: 1373 | R50: =Q50/P50 -> 124.81818 | S50: =RANK(R50,$R$47:$R$61) -> 3 | U50: 10 | V50: 1308 | W50: =V50/U50 -> 130.8 | X50: =RANK(W50,$W$47:$W$61) -> 3 | Z50: 11 | AA50: 1387 | AB50: =AA50/Z50 -> 126.09091 | AC50: =RANK(AB50,$AB$47:$AB$61) -> 3 | AE50: 11 | AF50: 1441 | AG50: =AF50/AE50 -> 131 | AH50: =RANK(AG50,$AG$47:$AG$61) -> 3 | AJ50: 9 | AK50: 1266 | AL50: =AK50/AJ50 -> 140.66667 | AM50: =RANK(AL50, $AL$47:$AL$61) -> 2 | AO50: 10 | AP50: 1289 | AQ50: =AP50/AO50 -> 128.9 | AR50: =RANK(AQ50,$AQ$47:$AQ$61) -> 3 | AT50: 11 | AU50: 1478 | AV50: =AU50/AT50 -> 134.36364 | AW50: =RANK(AV50,$AV$47:$AV$61) -> 3
C51: 5
C52: 6
C53: 7
C54: 8
C55: 9
C56: 10
C57: 11
C58: 12
C59: 13
C60: 14
C61: 15
B62: 產線配置圖－每週更新 | N62: 資料繳交 | O62: 日期 | P62: =AT42+1 -> 46224 | U62: =P62+1 -> 46225 | Z62: =Z42+7 -> 46226 | AE62: =AE42+7 -> 46227 | AJ62: =AJ42+7 -> 46228 | AO62: =AO42+7 -> 46229 | AT62: =AT42+7 -> 46230
P63: 二 | U63: 三 | Z63: 四 | AE63: 五 | AJ63: 六 | AO63: 日 | AT63: 一
B64: 品群 | C64: 商品名稱 | E64: 計畫 | H64: 平均人時性 | I64: 實績 | L64: 平均人時性 | M64: 排名 | O64: 日報 | P64: 實際 | T64: 平均人時性 | U64: 實際 | Y64: 平均人時性 | Z64: 實際 | AD64: 平均人時性 | AE64: 實際 | AI64: 平均人時性 | AJ64: 實際 | AN64: 平均人時性 | AO64: 實際 | AS64: 平均人時性 | AT64: 實際 | AX64: 平均人時性
E65: 產線配置圖 | I65: 產線配置圖 | P65: 生產實績 | U65: 生產實績 | Z65: 生產實績 | AE65: 生產實績 | AJ65: 生產實績 | AO65: 生產實績 | AT65: 生產實績
E66: 人數 | F66: 產能／時 | G66: 人時性 | I66: 人數 | J66: 產能／時 | K66: 人時性 | P66: 人數 | Q66: 產能／時 | R66: 人時性 | S66: 排名 | U66: 人數 | V66: 產能／時 | W66: 人時性 | X66: 排名 | Z66: 人數 | AA66: 產能／時 | AB66: 人時性 | AC66: 排名 | AE66: 人數 | AF66: 產能／時 | AG66: 人時性 | AH66: 排名 | AJ66: 人數 | AK66: 產能／時 | AL66: 人時性 | AM66: 排名 | AO66: 人數 | AP66: 產能／時 | AQ66: 人時性 | AR66: 排名 | AT66: 人數 | AU66: 產能／時 | AV66: 人時性 | AW66: 排名
B67: 微波小吃 | C67: 1 | D67: 小滷青蔬 | E67: =VLOOKUP(D67,'07產線配置圖'!$A$26:$C$33,2,0) -> 15 | F67: =VLOOKUP(D67,'07產線配置圖'!$A$26:$C$33,3,0) -> 1636 | G67: =F67/E67 -> 109.06667 | H67: =AVERAGE(G67:G81) -> 138.81212 | I67: =AVERAGE(P67,U67,Z66,AE67,AJ67,AO67,AT67) -> #DIV/0! | J67: =AVERAGE(Q67,V67,AA67,AF67,AK67,AP67,AU67) -> #DIV/0! | K67: =AVERAGE(R67,W67,AB67,AG67,AL67,AQ67,AV67) -> #DIV/0! | L67: =IFERROR(AVERAGE(K67:K81),"-") -> - | M67: =RANK(K67, K$67:$K$81) -> #DIV/0! | R67: =Q67/P67 -> #DIV/0! | S67: =RANK(R67,$R$67:$R$81) -> #DIV/0! | T67: =AVERAGE(R67:R81) -> #DIV/0! | W67: =V67/U67 -> #DIV/0! | X67: =RANK(W67,$W$67:$W$81) -> #DIV/0! | Y67: =AVERAGE(W67:W81) -> #DIV/0! | AB67: =AA67/Z67 -> #DIV/0! | AC67: =RANK(AB67, $AB$67:$AB$81) -> #DIV/0! | AD67: =AVERAGE(AB67:AB81) -> #DIV/0! | AG67: =AF67/AE67 -> #DIV/0! | AH67: =RANK(AG67, $AG$67:$AG$81) -> #DIV/0! | AI67: =AVERAGE(AG67:AG81) -> #DIV/0! | AL67: =AK67/AJ67 -> #DIV/0! | AM67: =RANK(AL67, $AL$67:$AL$81) -> #DIV/0! | AN67: =AVERAGE(AL67:AL81) -> #DIV/0! | AQ67: =AP67/AO67 -> #DIV/0! | AR67: =RANK(AQ67, $AQ$67:$AQ$81) -> #DIV/0! | AS67: =AVERAGE(AQ67:AQ81) -> #DIV/0! | AV67: =AU67/AT67 -> #DIV/0! | AW67: =RANK(AV67, $AV$67:$AV$81) -> #DIV/0! | AX67: =AVERAGE(AV67:AV81) -> #DIV/0!
C68: 2 | D68: 起司馬鈴薯 | E68: =VLOOKUP(D68,'07產線配置圖'!$A$26:$C$33,2,0) -> 11 | F68: =VLOOKUP(D68,'07產線配置圖'!$A$26:$C$33,3,0) -> 1636 | G68: =F68/E68 -> 148.72727 | I68: =AVERAGE(P68,U68,Z67,AE68,AJ68,AO68,AT68) -> #DIV/0! | J68: =AVERAGE(Q68,V68,AA68,AF68,AK68,AP68,AU68) -> #DIV/0! | K68: =AVERAGE(R68,W68,AB68,AG68,AL68,AQ68,AV68) -> #DIV/0! | M68: =RANK(K68, K$67:$K$81) -> #DIV/0! | R68: =Q68/P68 -> #DIV/0! | S68: =RANK(R68,$R$67:$R$81) -> #DIV/0! | W68: =V68/U68 -> #DIV/0! | X68: =RANK(W68,$W$67:$W$81) -> #DIV/0! | AB68: =AA68/Z68 -> #DIV/0! | AC68: =RANK(AB68, $AB$67:$AB$81) -> #DIV/0! | AG68: =AF68/AE68 -> #DIV/0! | AH68: =RANK(AG68, $AG$67:$AG$81) -> #DIV/0! | AL68: =AK68/AJ68 -> #DIV/0! | AM68: =RANK(AL68, $AL$67:$AL$81) -> #DIV/0! | AQ68: =AP68/AO68 -> #DIV/0! | AR68: =RANK(AQ68, $AQ$67:$AQ$81) -> #DIV/0! | AV68: =AU68/AT68 -> #DIV/0! | AW68: =RANK(AV68, $AV$67:$AV$81) -> #DIV/0!
C69: 3 | D69: 韓式炒冬粉 | E69: =VLOOKUP(D69,'07產線配置圖'!$A$26:$C$33,2,0) -> 11 | F69: =VLOOKUP(D69,'07產線配置圖'!$A$26:$C$33,3,0) -> 1636 | G69: =F69/E69 -> 148.72727 | I69: =AVERAGE(P69,U69,Z68,AE69,AJ69,AO69,AT69) -> #DIV/0! | J69: =AVERAGE(Q69,V69,AA69,AF69,AK69,AP69,AU69) -> #DIV/0! | K69: =AVERAGE(R69,W69,AB69,AG69,AL69,AQ69,AV69) -> #DIV/0! | M69: =RANK(K69, K$67:$K$81) -> #DIV/0! | R69: =Q69/P69 -> #DIV/0! | S69: =RANK(R69,$R$67:$R$81) -> #DIV/0! | W69: =V69/U69 -> #DIV/0! | X69: =RANK(W69,$W$67:$W$81) -> #DIV/0! | AB69: =AA69/Z69 -> #DIV/0! | AC69: =RANK(AB69, $AB$67:$AB$81) -> #DIV/0! | AG69: =AF69/AE69 -> #DIV/0! | AH69: =RANK(AG69, $AG$67:$AG$81) -> #DIV/0! | AL69: =AK69/AJ69 -> #DIV/0! | AM69: =RANK(AL69, $AL$67:$AL$81) -> #DIV/0! | AQ69: =AP69/AO69 -> #DIV/0! | AR69: =RANK(AQ69, $AQ$67:$AQ$81) -> #DIV/0! | AV69: =AU69/AT69 -> #DIV/0! | AW69: =RANK(AV69, $AV$67:$AV$81) -> #DIV/0!
C70: 4 | D70: 麻辣雞心 | E70: =VLOOKUP(D70,'07產線配置圖'!$A$26:$C$33,2,0) -> 11 | F70: =VLOOKUP(D70,'07產線配置圖'!$A$26:$C$33,3,0) -> 1636 | G70: =F70/E70 -> 148.72727 | I70: =AVERAGE(P70,U70,Z69,AE70,AJ70,AO70,AT70) -> #DIV/0! | J70: =AVERAGE(Q70,V70,AA70,AF70,AK70,AP70,AU70) -> #DIV/0! | K70: =AVERAGE(R70,W70,AB70,AG70,AL70,AQ70,AV70) -> #DIV/0! | M70: =RANK(K70, K$67:$K$81) -> #DIV/0! | R70: =Q70/P70 -> #DIV/0! | S70: =RANK(R70,$R$67:$R$81) -> #DIV/0! | W70: =V70/U70 -> #DIV/0! | X70: =RANK(W70,$W$67:$W$81) -> #DIV/0! | AB70: =AA70/Z70 -> #DIV/0! | AC70: =RANK(AB70, $AB$67:$AB$81) -> #DIV/0! | AG70: =AF70/AE70 -> #DIV/0! | AH70: =RANK(AG70, $AG$67:$AG$81) -> #DIV/0! | AL70: =AK70/AJ70 -> #DIV/0! | AM70: =RANK(AL70, $AL$67:$AL$81) -> #DIV/0! | AQ70: =AP70/AO70 -> #DIV/0! | AR70: =RANK(AQ70, $AQ$67:$AQ$81) -> #DIV/0! | AV70: =AU70/AT70 -> #DIV/0! | AW70: =RANK(AV70, $AV$67:$AV$81) -> #DIV/0!
C71: 5
C72: 6
C73: 7
C74: 8
C75: 9
C76: 10
C77: 11
C78: 12
C79: 13
C80: 14
C81: 15
B82: 產線配置圖－每週更新 | N82: 資料繳交 | O82: 日期 | P82: =AT62+1 -> 46231 | U82: =P82+1 -> 46232 | Z82: =Z62+7 -> 46233 | AE82: =AE62+7 -> 46234 | AJ82: =AJ62+7 -> 46235 | AO82: =AO62+7 -> 46236 | AT82: =AT62+7 -> 46237
P83: 二 | U83: 三 | Z83: 四 | AE83: 五 | AJ83: 六 | AO83: 日 | AT83: 一
B84: 品群 | C84: 商品名稱 | E84: 計畫 | H84: 平均人時性 | I84: 實績 | L84: 平均人時性 | M84: 排名 | O84: 日報 | P84: 實際 | T84: 平均人時性 | U84: 實際 | Y84: 平均人時性 | Z84: 實際 | AD84: 平均人時性 | AE84: 實際 | AI84: 平均人時性 | AJ84: 實際 | AN84: 平均人時性 | AO84: 實際 | AS84: 平均人時性 | AT84: 實際 | AX84: 平均人時性
E85: 產線配置圖 | I85: 產線配置圖 | P85: 生產實績 | U85: 生產實績 | Z85: 生產實績 | AE85: 生產實績 | AJ85: 生產實績 | AO85: 生產實績 | AT85: 生產實績
E86: 人數 | F86: 產能／時 | G86: 人時性 | I86: 人數 | J86: 產能／時 | K86: 人時性 | P86: 人數 | Q86: 產能／時 | R86: 人時性 | S86: 排名 | U86: 人數 | V86: 產能／時 | W86: 人時性 | X86: 排名 | Z86: 人數 | AA86: 產能／時 | AB86: 人時性 | AC86: 排名 | AE86: 人數 | AF86: 產能／時 | AG86: 人時性 | AH86: 排名 | AJ86: 人數 | AK86: 產能／時 | AL86: 人時性 | AM86: 排名 | AO86: 人數 | AP86: 產能／時 | AQ86: 人時性 | AR86: 排名 | AT86: 人數 | AU86: 產能／時 | AV86: 人時性 | AW86: 排名
B87: 微波小吃 | C87: 1 | D87: 小滷青蔬 | E87: =VLOOKUP(D87,'07產線配置圖'!$A$26:$C$33,2,0) -> 15 | F87: =VLOOKUP(D87,'07產線配置圖'!$A$26:$C$33,3,0) -> 1636 | G87: =F87/E87 -> 109.06667 | H87: =AVERAGE(G87:G101) -> 138.81212 | I87: =AVERAGE(P87,U87,Z86,AE87,AJ87,AO87) -> #DIV/0! | J87: =AVERAGE(Q87,V87,AA87,AF87,AK87,AP87) -> #DIV/0! | K87: =AVERAGE(R87,W87,AB87,AG87,AL87,AQ87) -> #DIV/0! | L87: =IFERROR(AVERAGE(K87:K101),"-") -> - | M87: =RANK(K87,$K$87:$K$101) -> #DIV/0! | R87: =Q87/P87 -> #DIV/0! | S87: =RANK(R87,$R$87:$R$101) -> #DIV/0! | T87: =AVERAGE(R87:R101) -> #DIV/0! | W87: =V87/U87 -> #DIV/0! | X87: =RANK(W87,$W$87:$W$101) -> #DIV/0! | Y87: =AVERAGE(W87:W101) -> #DIV/0! | AB87: =AA87/Z87 -> #DIV/0! | AC87: =RANK(AB87,$AB$87:$AB$100) -> #DIV/0! | AD87: =AVERAGE(AB87:AB101) -> #DIV/0! | AG87: =AF87/AE87 -> #DIV/0! | AH87: =RANK(AG87,$AG$87:$AG$101) -> #DIV/0! | AI87: =AVERAGE(AG87:AG101) -> #DIV/0! | AL87: =AK87/AJ87 -> #DIV/0! | AM87: =RANK(AL87,$AL$87:$AL$101) -> #DIV/0! | AN87: =AVERAGE(AL87:AL101) -> #DIV/0! | AQ87: =AP87/AO87 -> #DIV/0! | AR87: =RANK(AQ87,$AQ$87:$AQ$101) -> #DIV/0! | AS87: =AVERAGE(AQ87:AQ101) -> #DIV/0! | AV87: =AU87/AT87 -> #DIV/0! | AW87: =RANK(AV87,$AV$87:$AV$101) -> #DIV/0! | AX87: =AVERAGE(AV87:AV101) -> #DIV/0!
C88: 2 | D88: 起司馬鈴薯 | E88: =VLOOKUP(D88,'07產線配置圖'!$A$26:$C$33,2,0) -> 11 | F88: =VLOOKUP(D88,'07產線配置圖'!$A$26:$C$33,3,0) -> 1636 | G88: =F88/E88 -> 148.72727 | I88: =AVERAGE(P88,U88,Z87,AE88,AJ88,AO88) -> #DIV/0! | J88: =AVERAGE(Q88,V88,AA88,AF88,AK88,AP88) -> #DIV/0! | K88: =AVERAGE(R88,W88,AB88,AG88,AL88,AQ88) -> #DIV/0! | M88: =RANK(K88,$K$87:$K$101) -> #DIV/0! | R88: =Q88/P88 -> #DIV/0! | S88: =RANK(R88,$R$87:$R$101) -> #DIV/0! | W88: =V88/U88 -> #DIV/0! | X88: =RANK(W88,$W$87:$W$101) -> #DIV/0! | AB88: =AA88/Z88 -> #DIV/0! | AC88: =RANK(AB88,$AB$87:$AB$100) -> #DIV/0! | AG88: =AF88/AE88 -> #DIV/0! | AH88: =RANK(AG88,$AG$87:$AG$101) -> #DIV/0! | AL88: =AK88/AJ88 -> #DIV/0! | AM88: =RANK(AL88,$AL$87:$AL$101) -> #DIV/0! | AQ88: =AP88/AO88 -> #DIV/0! | AR88: =RANK(AQ88,$AQ$87:$AQ$101) -> #DIV/0! | AV88: =AU88/AT88 -> #DIV/0! | AW88: =RANK(AV88,$AV$87:$AV$101) -> #DIV/0!
C89: 3 | D89: 韓式炒冬粉 | E89: =VLOOKUP(D89,'07產線配置圖'!$A$26:$C$33,2,0) -> 11 | F89: =VLOOKUP(D89,'07產線配置圖'!$A$26:$C$33,3,0) -> 1636 | G89: =F89/E89 -> 148.72727 | I89: =AVERAGE(P89,U89,Z88,AE89,AJ89,AO89) -> #DIV/0! | J89: =AVERAGE(Q89,V89,AA89,AF89,AK89,AP89) -> #DIV/0! | K89: =AVERAGE(R89,W89,AB89,AG89,AL89,AQ89) -> #DIV/0! | M89: =RANK(K89,$K$87:$K$101) -> #DIV/0! | R89: =Q89/P89 -> #DIV/0! | S89: =RANK(R89,$R$87:$R$101) -> #DIV/0! | W89: =V89/U89 -> #DIV/0! | X89: =RANK(W89,$W$87:$W$101) -> #DIV/0! | AB89: =AA89/Z89 -> #DIV/0! | AC89: =RANK(AB89,$AB$87:$AB$100) -> #DIV/0! | AG89: =AF89/AE89 -> #DIV/0! | AH89: =RANK(AG89,$AG$87:$AG$101) -> #DIV/0! | AL89: =AK89/AJ89 -> #DIV/0! | AM89: =RANK(AL89,$AL$87:$AL$101) -> #DIV/0! | AQ89: =AP89/AO89 -> #DIV/0! | AR89: =RANK(AQ89,$AQ$87:$AQ$101) -> #DIV/0! | AV89: =AU89/AT89 -> #DIV/0! | AW89: =RANK(AV89,$AV$87:$AV$101) -> #DIV/0!
C90: 4 | D90: 麻辣雞心 | E90: =VLOOKUP(D90,'07產線配置圖'!$A$26:$C$33,2,0) -> 11 | F90: =VLOOKUP(D90,'07產線配置圖'!$A$26:$C$33,3,0) -> 1636 | G90: =F90/E90 -> 148.72727 | I90: =AVERAGE(P90,U90,Z89,AE90,AJ90,AO90) -> #DIV/0! | J90: =AVERAGE(Q90,V90,AA90,AF90,AK90,AP90) -> #DIV/0! | K90: =AVERAGE(R90,W90,AB90,AG90,AL90,AQ90) -> #DIV/0! | M90: =RANK(K90,$K$87:$K$101) -> #DIV/0! | R90: =Q90/P90 -> #DIV/0! | S90: =RANK(R90,$R$87:$R$101) -> #DIV/0! | W90: =V90/U90 -> #DIV/0! | X90: =RANK(W90,$W$87:$W$101) -> #DIV/0! | AB90: =AA90/Z90 -> #DIV/0! | AC90: =RANK(AB90,$AB$87:$AB$100) -> #DIV/0! | AG90: =AF90/AE90 -> #DIV/0! | AH90: =RANK(AG90,$AG$87:$AG$101) -> #DIV/0! | AL90: =AK90/AJ90 -> #DIV/0! | AM90: =RANK(AL90,$AL$87:$AL$101) -> #DIV/0! | AQ90: =AP90/AO90 -> #DIV/0! | AR90: =RANK(AQ90,$AQ$87:$AQ$101) -> #DIV/0! | AV90: =AU90/AT90 -> #DIV/0! | AW90: =RANK(AV90,$AV$87:$AV$101) -> #DIV/0!
C91: 5
C92: 6
C93: 7
C94: 8
C95: 9
C96: 10
C97: 11
C98: 12
C99: 13
C100: 14
...

Sheet 生產管理報表 6-1(週)
A1: 生產管理報表
A3: （６）人時生產性前幾名品項
A5: 品群 | B5: 1 | C5: 2 | D5: 3
B6: 熱食義麵 | C6: 季節調理麵 | D6: 微波小吃
A7: 品群 | C7: 排名 | D7: 商品名 | G7: 人數 | H7: 產能 | I7: 人時生產性 | J7: 前月比 | K7: 主要原因&對策
A8: 1 | B8: 熱食義麵 | C8: 1 | D8: 義式蕃茄起司義大利麵 | G8: 12 | H8: 2044.4286 | I8: 170.36905 | J8: 1.095 | K8: 拌油減少1人
C9: 2 | D9: 青醬蛤蜊義大利麵 | G9: 13.142857 | H9: 2066.7143 | I9: 157.22606 | J9: 1.08 | K9: 拌油減少1人
C10: 3 | D10: 白酒清炒鮮蛤義大利麵 | G10: 14 | H10: 2125.7143 | I10: 151.83673 | J10: 1.111 | K10: 拌油減少1人
C11: 4 | D11: 奶油培根義大利麵 | G11: 14 | H11: 2099.1429 | I11: 149.93878 | J11: 1.098 | K11: 拌油減少1人
C12: 5 | D12: 羅馬黑胡椒起司義大利麵 | G12: 14.142857 | H12: 2044.8571 | I12: 144.62789
C13: ▼1 | D13: 蒜香奶油蝦蝦義大利麵-手 | G13: 15.285714 | H13: 1146.7143 | I13: 74.877181 | J13: 0.6336 | K13: 自動線轉手工線
C14: ▼2 | D14: 焦糖拿鐵烤雞細扁麵 | G14: 17.142857 | H14: 1373 | I14: 80.048611 | J14: 0.993
C15: ▼3 | D15: 府城鹽水意麵 | G15: 17.285714 | H15: 1415.4286 | I15: 82.007003 | J15: 0.953 | K15: 包裝機秒數0.4→0.5
C16: ▼4 | D16: 奶油鮮蝦明太子細扁麵 | G16: 17.285714 | H16: 1466.7143 | I16: 84.822596 | J16: 1.003
C17: ▼5 | D17: 黑松露野菇義大利麵 | G17: 16.857143 | H17: 1437.7143 | I17: 85.292017 | J17: 0.988
A18: 品群 | C18: 排名 | D18: 商品名 | G18: 人數 | H18: 產能 | I18: 人時生產性 | J18: 前月比 | K18: 主要原因&對策
A19: 2 | B19: 季節調理麵 | C19: 1
C20: 2
C21: 3
C22: 4
C23: 5
C24: ▼1
C25: ▼2
C26: ▼3
C27: ▼4
C28: ▼5
A29: 品群 | C29: 排名 | D29: 商品名 | G29: 人數 | H29: 產能 | I29: 人時生產性 | J29: 前月比 | K29: 主要原因&對策
A30: 3 | B30: 微波小吃 | C30: 1 | D30: 起司馬鈴薯 | G30: 11.142857 | H30: 1570.1429 | I30: 140.90693 | J30: 1.129 | K30: 袋子上機SOP完成，減少1人
C31: 2 | D31: 韓式炒冬粉 | G31: 11.142857 | H31: 1549.5714 | I31: 139.05195 | J31: 1.095 | K31: 袋子上機SOP完成
C32: 3 | D32: 麻辣雞心 | G32: 10.428571 | H32: 1363.1429 | I32: 130.94848 | J32: 0.978 | K32: 分兩條線製作，機台速度不同
C33: 4 | D33: 小滷青蔬 | G33: 14.857143 | H33: 1539.5714 | I33: 103.64422 | J33: 1.014
C34: 5
C35: ▼1
C36: ▼2
C37: ▼3
C38: ▼4
C39: ▼5

Sheet 生產管理報表 7-1(週)
A1: 生產管理報表
A3: （７）原因別分析
A5: 業績金額 | B5: ='日別報廢率總表 '!M17 -> 20961818 | E5: 前20名原因分析
A6: 項目 | B6: 合計 | E6: 項目 | F6: 1 | H6: 2 | J6: 3 | L6: 4
F7: 展開量高於１０5％ | H7: 調理多產 | J7: 製程不穩 | L7: 取樣不穩
B8: 金額 | C8: 比例 | F8: 金額 | G8: 比例 | H8: 金額 | I8: 比例 | J8: 金額 | K8: 比例 | L8: 金額 | M8: 比例
A9: 報廢 | B9: ='日別報廢率總表 '!N17 -> 59271.243 | C9: =B9/$B$5 -> 0.0028275812 | E9: 報廢 | F9: ='報廢－原因別分析 (週)'!AD8 -> 24405.57 | G9: ='報廢－原因別分析 (週)'!AD9 -> 0.65 | H9: ='報廢－原因別分析 (週)'!AE8 -> 0 | I9: ='報廢－原因別分析 (週)'!AE9 -> 0 | J9: ='報廢－原因別分析 (週)'!AF8 -> 0 | K9: ='報廢－原因別分析 (週)'!AF9 -> 0 | L9: ='報廢－原因別分析 (週)'!AG8 -> 8824.37 | M9: ='報廢－原因別分析 (週)'!AG9 -> 0.2
A10: 超用 | B10: ='日別報廢率總表 '!O17 -> 56734.604 | C10: =B10/$B$5 -> 0.0027065689 | E10: 超用 | F10: ='超用－原因別分析 (週) '!AD8 -> 34854.05 | G10: ='超用－原因別分析 (週) '!AD9 -> 0.6 | H10: ='超用－原因別分析 (週) '!AE8 -> 0 | I10: ='超用－原因別分析 (週) '!AE9 -> 0 | J10: ='超用－原因別分析 (週) '!AF8 -> 0 | K10: ='超用－原因別分析 (週) '!AF9 -> 0 | L10: ='超用－原因別分析 (週) '!AG8 -> 5109.66 | M10: ='超用－原因別分析 (週) '!AG9 -> 0.25
E11: 項目 | F11: 5 | H11: 6 | J11: 7 | L11: 8
F12: 原物料規格 | H12: 研發設定 | J12: 其他原因 | L12: 步留不足
F13: 金額 | G13: 比例 | H13: 金額 | I13: 比例 | J13: 金額 | K13: 比例 | L13: 金額 | M13: 比例
E14: 報廢 | F14: ='報廢－原因別分析 (週)'!AH8 -> 2373 | G14: ='報廢－原因別分析 (週)'!AH9 -> 0.1 | H14: ='報廢－原因別分析 (週)'!AI8 -> 0 | I14: ='報廢－原因別分析 (週)'!AI9 -> 0 | J14: ='報廢－原因別分析 (週)'!AJ8 -> 6474 | K14: ='報廢－原因別分析 (週)'!AJ9 -> 0.05
E15: 超用 | F15: ='超用－原因別分析 (週) '!AH8 -> 10804.25 | G15: ='超用－原因別分析 (週) '!AH9 -> 0.15 | H15: ='超用－原因別分析 (週) '!AI8 -> 0 | I15: ='超用－原因別分析 (週) '!AI9 -> 0 | J15: ='超用－原因別分析 (週) '!AJ8 -> 0 | K15: ='超用－原因別分析 (週) '!AJ9 -> 0

Sheet 日別報廢率總表 
A1: 長家廠半成品管理日別總表
A2: 日期 | B2: 營業額 | C2: 報廢額 | D2: 報廢率 KPI 0.25% | E2: 超用額 | F2: 超用率 | G2: 廢棄前10名 | I2: 超用前10名 | K2: 共用類廢棄 | M2: 週累積
G3: 金額總計 | H3: 構成比 | I3: 金額總計 | J3: 構成比 | K3: 金額總計 | L3: 構成比 KPI 15% | M3: 營業額 | N3: 週報廢 | O3: 週超用
A4: 46204 | B4: 3008576 | C4: 6998.062 | D4: =C4/B4 -> 0.002326038 | E4: 13457.259 | F4: =E4/B4 -> 0.0044729662 | G4: 6998.062 | H4: =G4/C4 -> 1 | I4: 13457.259 | J4: =I4/E4 -> 1 | K4: 0 | L4: =K4/C4 -> 0 | M4: =SUM(B4:B9) -> 17922315 | N4: =SUM(C4:C9) -> 40290.111 | O4: =SUM(E4:E9) -> 69771.46 | Q4: =N4/M4 -> 0.0022480417
A5: =A4+1 -> 46205 | B5: 2877019.6 | C5: 6053.6335 | D5: =C5/B5 -> 0.0021041336 | E5: 11056.425 | F5: =E5/B5 -> 0.0038430133 | G5: 6053.6335 | H5: =G5/C5 -> 1 | I5: 11056.425 | J5: =I5/E5 -> 1 | K5: 0 | L5: =K5/C5 -> 0
A6: =A5+1 -> 46206 | B6: 2420688.2 | C6: 2900.2462 | D6: =C6/B6 -> 0.0011981081 | E6: 5390.1293 | F6: =E6/B6 -> 0.0022266929 | G6: 2900.2462 | H6: =G6/C6 -> 1 | I6: 5390.1293 | J6: =I6/E6 -> 1 | K6: 0 | L6: =K6/C6 -> 0
A7: =A6+1 -> 46207 | B7: 2867965.9 | C7: 10536.266 | D7: =C7/B7 -> 0.0036737766 | E7: 17069.63 | F7: =E7/B7 -> 0.0059518248 | G7: 10536.266 | H7: =G7/C7 -> 1 | I7: 17069.63 | J7: =I7/E7 -> 1 | K7: 0 | L7: =K7/C7 -> 0
A8: =A7+1 -> 46208 | B8: 3409988.5 | C8: 11740.367 | D8: =C8/B8 -> 0.0034429345 | E8: 18108.564 | F8: =E8/B8 -> 0.0053104474 | G8: 11740.367 | H8: =G8/C8 -> 1 | I8: 18108.564 | J8: =I8/E8 -> 1 | K8: 0 | L8: =K8/C8 -> 0
A9: =A8+1 -> 46209 | B9: 3338076.8 | C9: 2061.5365 | D9: =C9/B9 -> 0.0006175821 | E9: 4689.4525 | F9: =E9/B9 -> 0.0014048366 | G9: 2061.5365 | H9: =G9/C9 -> 1 | I9: 4689.4525 | J9: =I9/E9 -> 1 | K9: 0 | L9: =K9/C9 -> 0
A10: =A9+1 -> 46210 | B10: 2944276.7 | C10: 10267.742 | D10: =C10/B10 -> 0.0034873564 | E10: 12712.679 | F10: =E10/B10 -> 0.0043177596 | G10: 10267.742 | H10: =G10/C10 -> 1 | I10: 12712.679 | J10: =I10/E10 -> 1 | K10: 0 | L10: =K10/C10 -> 0 | M10: =SUM(B10:B16) -> 21123700 | N10: =SUM(C10:C16) -> 49009.582 | O10: =SUM(E10:E16) -> 68144.026
A11: =A10+1 -> 46211 | B11: 3038869.3 | C11: 1336.15 | D11: =C11/B11 -> 0.00043968656 | E11: 438.107 | F11: =E11/B11 -> 0.00014416777 | G11: 1336.15 | H11: =G11/C11 -> 1 | I11: 438.107 | J11: =I11/E11 -> 1 | K11: 0 | L11: =K11/C11 -> 0
A12: =A11+1 -> 46212 | B12: 3350396.6 | C12: 1572.936 | D12: =C12/B12 -> 0.00046947755 | E12: 2561.6658 | F12: =E12/B12 -> 0.00076458584 | G12: 1572.936 | H12: =G12/C12 -> 1 | I12: 2561.6658 | J12: =I12/E12 -> 1 | K12: 0 | L12: =K12/C12 -> 0
A13: =A12+1 -> 46213 | B13: 2275501.1 | C13: 5753.114 | D13: =C13/B13 -> 0.0025282845 | E13: 9235.9585 | F13: =E13/B13 -> 0.004058868 | G13: 5753.114 | H13: =G13/C13 -> 1 | I13: 9235.9585 | J13: =I13/E13 -> 1 | K13: 0 | L13: =K13/C13 -> 0
A14: =A13+1 -> 46214 | B14: 2731630 | C14: 9047.453 | D14: =C14/B14 -> 0.0033121078 | E14: 14822.607 | F14: =E14/B14 -> 0.0054262865 | G14: 9047.453 | H14: =G14/C14 -> 1 | I14: 14822.607 | J14: =I14/E14 -> 1 | K14: 0 | L14: =K14/C14 -> 0
A15: =A14+1 -> 46215 | B15: 3362568.3 | C15: 19728.589 | D15: =C15/B15 -> 0.0058671193 | E15: 28335.009 | F15: =E15/B15 -> 0.0084265973 | G15: 19728.589 | H15: =G15/C15 -> 1 | I15: 28335.009 | J15: =I15/E15 -> 1 | K15: 0 | L15: =K15/C15 -> 0
A16: =A15+1 -> 46216 | B16: 3420458.2 | C16: 1303.598 | D16: =C16/B16 -> 0.00038111794 | E16: 38 | F16: =E16/B16 -> 1.1109623e-05 | G16: 1303.598 | H16: =G16/C16 -> 1 | I16: 38 | J16: =I16/E16 -> 1 | K16: 0 | L16: =K16/C16 -> 0
A17: =A16+1 -> 46217 | B17: 3528841.4 | C17: 9701.1125 | D17: =C17/B17 -> 0.0027490928 | E17: 11661.582 | F17: =E17/B17 -> 0.0033046489 | G17: 9701.1125 | H17: =G17/C17 -> 1 | I17: 11661.582 | J17: =I17/E17 -> 1 | K17: 0 | L17: =K17/C17 -> 0 | M17: =SUM(B17:B23) -> 20961818 | N17: =SUM(C17:C23) -> 59271.243 | O17: =SUM(E17:E23) -> 56734.604
A18: =A17+1 -> 46218 | B18: 3157061.3 | C18: 3548.5825 | D18: =C18/B18 -> 0.0011240144 | E18: 2994.9891 | F18: =E18/B18 -> 0.00094866358 | G18: 3548.5825 | H18: =G18/C18 -> 1 | I18: 2994.9891 | J18: =I18/E18 -> 1 | K18: 0 | L18: =K18/C18 -> 0
A19: =A18+1 -> 46219 | B19: 2922058.2 | C19: 6013.2835 | D19: =C19/B19 -> 0.0020578931 | E19: 5545.7036 | F19: =E19/B19 -> 0.0018978758 | G19: 6013.2835 | H19: =G19/C19 -> 1 | I19: 5545.7036 | J19: =I19/E19 -> 1 | K19: 0 | L19: =K19/C19 -> 0
A20: =A19+1 -> 46220 | B20: 2282826.5 | C20: 8221.94 | D20: =C20/B20 -> 0.0036016492 | E20: 8039.21 | F20: =E20/B20 -> 0.0035216037 | G20: 8221.94 | H20: =G20/C20 -> 1 | I20: 8039.21 | J20: =I20/E20 -> 1 | K20: 0 | L20: =K20/C20 -> 0
A21: =A20+1 -> 46221 | B21: 2534267.7 | C21: 15668.299 | D21: =C21/B21 -> 0.0061825743 | E21: 15202.823 | F21: =E21/B21 -> 0.0059989016 | G21: 15668.299 | H21: =G21/C21 -> 1 | I21: 15202.823 | J21: =I21/E21 -> 1 | K21: 0 | L21: =K21/C21 -> 0
A22: =A21+1 -> 46222 | B22: 3200427.4 | C22: 4597.6745 | D22: =C22/B22 -> 0.0014365814 | E22: 950.6308 | F22: =E22/B22 -> 0.00029703245 | G22: 4597.6745 | H22: =G22/C22 -> 1 | I22: 950.6308 | J22: =I22/E22 -> 1 | K22: 0 | L22: =K22/C22 -> 0
A23: =A22+1 -> 46223 | B23: 3336335.4 | C23: 11520.351 | D23: =C23/B23 -> 0.0034529955 | E23: 12339.666 | F23: =E23/B23 -> 0.0036985687 | G23: 11520.351 | H23: =G23/C23 -> 1 | I23: 12339.666 | J23: =I23/E23 -> 1 | K23: 0 | L23: =K23/C23 -> 0
A24: =A23+1 -> 46224 | D24: =C24/B24 -> #DIV/0! | F24: =E24/B24 -> #DIV/0! | H24: =G24/C24 -> #DIV/0! | J24: =I24/E24 -> #DIV/0! | K24: 0 | L24: =K24/C24 -> #DIV/0! | M24: =SUM(B24:B30) -> 0 | N24: =SUM(C24:C30) -> 0 | O24: =SUM(E24:E30) -> 0
A25: =A24+1 -> 46225 | D25: =C25/B25 -> #DIV/0! | F25: =E25/B25 -> #DIV/0! | H25: =G25/C25 -> #DIV/0! | J25: =I25/E25 -> #DIV/0! | K25: 0 | L25: =K25/C25 -> #DIV/0!
A26: =A25+1 -> 46226 | D26: =C26/B26 -> #DIV/0! | F26: =E26/B26 -> #DIV/0! | H26: =G26/C26 -> #DIV/0! | J26: =I26/E26 -> #DIV/0! | K26: 0 | L26: =K26/C26 -> #DIV/0!
A27: =A26+1 -> 46227 | D27: =C27/B27 -> #DIV/0! | F27: =E27/B27 -> #DIV/0! | H27: =G27/C27 -> #DIV/0! | J27: =I27/E27 -> #DIV/0! | K27: 0 | L27: =K27/C27 -> #DIV/0!
A28: =A27+1 -> 46228 | D28: =C28/B28 -> #DIV/0! | F28: =E28/B28 -> #DIV/0! | H28: =G28/C28 -> #DIV/0! | J28: =I28/E28 -> #DIV/0! | K28: 0 | L28: =K28/C28 -> #DIV/0!
A29: =A28+1 -> 46229 | D29: =C29/B29 -> #DIV/0! | F29: =E29/B29 -> #DIV/0! | H29: =G29/C29 -> #DIV/0! | J29: =I29/E29 -> #DIV/0! | K29: 0 | L29: =K29/C29 -> #DIV/0!
A30: =A29+1 -> 46230 | D30: =C30/B30 -> #DIV/0! | F30: =E30/B30 -> #DIV/0! | H30: =G30/C30 -> #DIV/0! | J30: =I30/E30 -> #DIV/0! | K30: 0 | L30: =K30/C30 -> #DIV/0!
A31: =A30+1 -> 46231 | D31: =C31/B31 -> #DIV/0! | F31: =E31/B31 -> #DIV/0! | H31: =G31/C31 -> #DIV/0! | J31: =I31/E31 -> #DIV/0! | K31: 0 | L31: =K31/C31 -> #DIV/0!
A32: =A31+1 -> 46232 | D32: =C32/B32 -> #DIV/0! | F32: =E32/B32 -> #DIV/0! | H32: =G32/C32 -> #DIV/0! | J32: =I32/E32 -> #DIV/0! | K32: 0 | L32: =K32/C32 -> #DIV/0!
A33: =A32+1 -> 46233 | D33: =C33/B33 -> #DIV/0! | F33: =E33/B33 -> #DIV/0! | H33: =G33/C33 -> #DIV/0! | J33: =I33/E33 -> #DIV/0! | K33: 0 | L33: =K33/C33 -> #DIV/0!
D34: =C34/B34 -> #DIV/0! | F34: =E34/B34 -> #DIV/0! | H34: =G34/C34 -> #DIV/0! | J34: =I34/E34 -> #DIV/0! | K34: 0 | L34: =K34/C34 -> #DIV/0!
A35: 平均 | B35: =AVERAGE(B4:B34) -> 3000391.7 | C35: =AVERAGE(C4:C34) -> 7428.5468 | D35: =C35/B35 -> 0.002475859 | E35: =AVERAGE(E4:E34) -> 9732.5045 | F35: =E35/B35 -> 0.0032437447 | G35: =AVERAGE(G4:G34) -> 7428.5468 | H35: =G35/C35 -> 1 | I35: =AVERAGE(I4:I34) -> 9732.5045 | J35: =I35/E35 -> 1 | K35: =AVERAGE(K4:K34) -> 0 | L35: =K35/C35 -> 0
A36: 合計 | B36: =SUM(B4:B34) -> 60007833 | C36: =SUM(C4:C34) -> 148570.94 | D36: =C36/B36 -> 0.002475859 | E36: =SUM(E4:E34) -> 194650.09 | F36: =E36/B36 -> 0.0032437447 | G36: =SUM(G4:G34) -> 148570.94 | H36: =G36/C36 -> 1 | I36: =SUM(I4:I34) -> 194650.09 | J36: =I36/E36 -> 1 | K36: =SUM(K4:K34) -> 0 | L36: =K36/C36 -> 0
A39: 46203 | B39: 3076682.5 | C39: 3986.4195 | D39: 0.001406143 | E39: 6685.0697 | F39: 0.0023580468 | G39: 3986.4195 | H39: 1 | I39: 6685.0697 | J39: 1 | K39: 0 | L39: 0

Sheet 生產管理報表 8-1(週報廢)
A1: 生產管理報表
A3: （８）報廢原因別前幾名品項
A5: 類型 | B5: 1 | D5: 2 | F5: 3 | H5: 4 | J5: 5 | L5: 6 | N5: 7 | P5: 8
B6: 展開量高於１０5％ | D6: 調理多產 | F6: 製程不穩 | H6: 取樣不穩 | J6: 原物料規格 | L6: 研發設定 | N6: 其他原因 | P6: 步留因素
A8: 類型 | C8: 排名 | D8: 商品名 | G8: 半成品名 | J8: 單價 | K8: 報廢率 | L8: 數量 | M8: 金額 | N8: 前週比 | O8: 主要原因&對策
A9: 1 | B9: 展開量高於需求量 | C9: 1 | D9: 青醬蛤蜊義大利麵 | G9: 義麵-奶青醬(114年) | J9: 153.8 | K9: 0.026 | L9: 61.8 | M9: =L9*J9 -> 9504.84 | N9: 1.609 | O9: 除中式麵外，A級3i依預估90%配料，其餘品項拉低預估量
C10: 2 | D10: 鱈魚佐粉紅青醬筆尖麵 | G10: 義麵-橄欖酸豆紅醬 | J10: 84.6 | K10: 0.022 | L10: 65.6 | M10: =L10*J10 -> 5549.76 | O10: 除中式麵外，A級3i依預估90%配料，其餘品項拉低預估量
C11: 3 | D11: 白酒清炒鮮蛤義大利麵 | G11: 義麵-海鮮湯凍(115年) | J11: 140.6 | K11: 0.009 | L11: 13.7 | M11: =L11*J11 -> 1926.22 | N11: 0.284 | O11: 除中式麵外，A級3i依預估90%配料，其餘品項拉低預估量
C12: 4 | D12: 奶油培根義大利麵 | G12: 奶香白醬 | J12: 95.5 | K12: 0.026 | L12: 19.9 | M12: =L12*J12 -> 1900.45 | N12: 0.5335 | O12: 除中式麵外，A級3i依預估90%配料，其餘品項拉低預估量
C13: 5 | D13: 焦糖拿鐵烤雞細扁麵 | G13: 川燙-切紅黃甜椒絲 | J13: 296.8 | K13: 0.154 | L13: 5 | M13: =L13*J13 -> 1484 | O13: 除中式麵外，A級3i依預估90%配料，其餘品項拉低預估量
J14: 前幾名合計比例 | K14: =M14/'生產管理報表 7-1(週)'!$B$9 -> 0.34359445 | L14: 前幾名合計金額 | M14: =SUM(M9:M13) -> 20365.27
A16: 類型 | C16: 排名 | D16: 商品名 | G16: 半成品名 | J16: 單價 | K16: 報廢率 | L16: 數量 | M16: 金額 | N16: 前週比 | O16: 主要原因&對策
A17: 2 | B17: 調理多產 | C17: 1 | M17: =J17*L17 -> 0 | O17: 每日追踪製成率，長期異常調整出料率
C18: 2 | M18: =J18*L18 -> 0
C19: 3 | M19: =J19*L19 -> 0
C20: 4 | M20: =J20*L20 -> 0
C21: 5 | M21: =J21*L21 -> 0
J22: 前幾名合計比例 | K22: =M22/'生產管理報表 7-1(週)'!$B$9 -> 0 | L22: 前幾名合計金額 | M22: =SUM(M17:M21) -> 0
A24: 類型 | C24: 排名 | D24: 商品名 | G24: 半成品名 | J24: 單價 | K24: 報廢率 | L24: 數量 | M24: 金額 | N24: 前月比 | O24: 主要原因&對策
A25: 3 | B25: 製程不穩 | C25: 1 | M25: =L25*J25 -> 0
C26: 2 | M26: =L26*J26 -> 0
C27: 3 | M27: =L27*J27 -> 0
C28: 4 | M28: =L28*J28 -> 0
C29: 5 | M29: =L29*J29 -> 0
J30: 前幾名合計比例 | K30: =M30/'生產管理報表 7-1(週)'!$B$9 -> 0 | L30: 前幾名合計金額 | M30: =SUM(M25:M29) -> 0

Sheet 生產管理報表 8-2(週報廢)
A1: 生產管理報表
A3: （８）報廢原因別前幾名品項
A5: 類型 | B5: 1 | D5: 2 | F5: 3 | H5: 4 | J5: 5 | L5: 6 | N5: 7 | P5: 8
B6: 展開量高於１０5％ | D6: 調理多產 | F6: 製程不穩 | H6: 取樣不穩 | J6: 原物料規格 | L6: 研發設定 | N6: 其他原因 | P6: 步留因素
A8: 類型 | C8: 排名 | D8: 商品名 | G8: 半成品名 | J8: 單價 | K8: 報廢率 | L8: 數量 | M8: 金額 | N8: 前週比 | O8: 主要原因&對策
A9: 4 | B9: 取樣不穩 | C9: 1 | D9: 沙茶豬肉炒麵 | G9: 炒高麗菜紅蘿蔔絲 | J9: 100.1 | K9: 0.014 | L9: 4.6 | M9: =L9*J9 -> 460.46 | O9: 包裝超用超補→加強教育訓練
C10: 2 | D10: 蒜香奶油蝦蝦義大利麵 | G10: 混蒜酥洋香菜(114年) | J10: 850.9 | K10: 0.005 | L10: 0.3 | M10: =L10*J10 -> 255.27 | O10: 包裝超用超補→加強教育訓練
C11: 3 | D11: 府城鹽水意麵 | G11: 煮意麵肉燥 | J11: 125.6 | K11: 0.001 | L11: 1.8 | M11: =L11*J11 -> 226.08 | N11: 0.1607 | O11: 包裝超用超補→加強教育訓練
C12: 4 | M12: =L12*J12 -> 0 | O12: 包裝超用超補→加強教育訓練
C13: 5 | M13: =L13*J13 -> 0 | O13: 新品/包裝超用超補→加強教育訓練
J14: 前幾名合計比例 | K14: =M14/'生產管理報表 7-1(週)'!$B$9 -> 0.015889831 | L14: 前幾名合計金額 | M14: =SUM(M9:M13) -> 941.81
A16: 類型 | C16: 排名 | D16: 商品名 | G16: 半成品名 | J16: 單價 | K16: 報廢率 | L16: 數量 | M16: 金額 | N16: 前週比 | O16: 主要原因&對策
A17: 5 | B17: 原物料規格 | C17: 1 | D17: 鱈魚佐粉紅青醬筆尖麵 | G17: 蒸去骨鱈魚切片 | J17: 6.5 | K17: 0.015 | L17: 996 | M17: =L17*J17 -> 6474
C18: 2 | D18: 香煎魚排佐檸檬奶油義大利麵 | G18: 烤-巴沙魚排 | J18: 19.5 | K18: 0.007 | L18: 94 | M18: =L18*J18 -> 1833
C19: 3 | D19: 小滷青蔬 | G19: 滷-白花菜 | J19: 90 | K19: 0.015 | L19: 6 | M19: =L19*J19 -> 540
C20: 4 | M20: =L20*J20 -> 0
C21: 5 | M21: =L21*J21 -> 0
J22: 前幾名合計比例 | K22: =M22/'生產管理報表 7-1(週)'!$B$9 -> 0.14926294 | L22: 前幾名合計金額 | M22: =SUM(M17:M21) -> 8847
A24: 類型 | C24: 排名 | D24: 商品名 | G24: 半成品名 | J24: 單價 | K24: 報廢率 | L24: 數量 | M24: 金額 | N24: 前月比 | O24: 主要原因&對策
A25: 6 | B25: 研發設定 | C25: 1 | M25: =L25*J25 -> 0
C26: 2 | M26: =L26*J26 -> 0
C27: 3
C28: 4
C29: 5
J30: 前幾名合計比例 | K30: =M30/'生產管理報表 7-1(週)'!$B$9 -> 0 | L30: 前幾名合計金額 | M30: =SUM(M25:M29) -> 0
A32: 類型 | C32: 排名 | D32: 商品名 | G32: 半成品名 | J32: 單價 | K32: 報廢率 | L32: 數量 | M32: 金額 | N32: 前月比 | O32: 主要原因&對策
A33: 7 | B33: 製程不穩 | C33: 1 | M33: 0
C34: 2 | M34: 0
C35: 3 | M35: 0
C36: 4 | M36: 0
C37: 5 | M37: 0
J38: 前幾名合計比例 | K38: =M38/'生產管理報表 7-1(週)'!$B$9 -> 0 | L38: 前幾名合計金額 | M38: 0

Sheet 生產管理報表 8-3(週超用)
A1: 生產管理報表
A3: （８）超用原因別前幾名品項
A5: 類型 | B5: 1 | D5: 2 | F5: 3 | H5: 4 | J5: 5 | L5: 6 | N5: 7 | P5: 8
B6: 展開量高於１０5％ | D6: 調理多產 | F6: 製程不穩 | H6: 取樣不穩 | J6: 原物料規格 | L6: 研發設定 | N6: 其他原因 | P6: 步留因素
A8: 類型 | C8: 排名 | D8: 商品名 | G8: 半成品名 | J8: 單價 | K8: 超用率 | L8: 數量 | M8: 金額 | N8: 前週比 | O8: 主要原因&對策
A9: 1 | B9: 展開量高於需求量 | C9: 1 | D9: 青醬蛤蜊義大利麵 | G9: 義麵-奶青醬(114年) | J9: 153.8 | K9: 0.025 | L9: 61.8 | M9: =L9*J9 -> 9504.84 | N9: 1.0282 | O9: 除中式麵外，A級3i依預估90%配料，其餘品項拉低預估量
C10: 2 | D10: 青花椒麻雞肉拌麵 | G10: 煮青花椒湯凍(114年) | J10: 193.2 | K10: 0.03 | L10: 37.5 | M10: =L10*J10 -> 7245 | N10: 0.989 | O10: 除中式麵外，A級3i依預估90%配料，其餘品項拉低預估量
C11: 3 | D11: 鱈魚佐粉紅青醬筆尖麵 | G11: 義麵-橄欖酸豆紅醬 | J11: 84.6 | K11: 0.021 | L11: 60.6 | M11: =L11*J11 -> 5126.76 | O11: 除中式麵外，A級3i依預估90%配料，其餘品項拉低預估量
C12: 4 | D12: 香煎魚排佐檸檬奶油義大利麵 | G12: 奶香白醬 | J12: 95.5 | K12: 0.033 | L12: 25.7 | M12: =L12*J12 -> 2454.35 | O12: 除中式麵外，A級3i依預估90%配料，其餘品項拉低預估量
C13: 5 | D13: 小滷青蔬 | G13: 滷-切片高麗菜 | J13: 85 | K13: 0.01 | L13: 23.4 | M13: =L13*J13 -> 1989 | O13: 除中式麵外，A級3i依預估90%配料，其餘品項拉低預估量
J14: 前幾名合計比例 | K14: =M14/'生產管理報表 7-1(週)'!$B$10 -> 0.46391352 | L14: 前幾名合計金額 | M14: =SUM(M9:M13) -> 26319.95
A16: 類型 | C16: 排名 | D16: 商品名 | G16: 半成品名 | J16: 單價 | K16: 超用率 | L16: 數量 | M16: 金額 | N16: 前週比 | O16: 主要原因&對策
A17: 2 | B17: 調理多產 | C17: 1 | M17: =L17*J17 -> 0
C18: 2 | M18: =L18*J18 -> 0
C19: 3 | M19: =L19*J19 -> 0
C20: 4 | M20: =L20*J20 -> 0
C21: 5 | M21: =L21*J21 -> 0
J22: 前幾名合計比例 | K22: =M22/'生產管理報表 7-1(週)'!$B$10 -> 0 | L22: 前幾名合計金額 | M22: =SUM(M17:M21) -> 0
A24: 類型 | C24: 排名 | D24: 商品名 | G24: 半成品名 | J24: 單價 | K24: 超用率 | L24: 數量 | M24: 金額 | N24: 前月比 | O24: 主要原因&對策
A25: 3 | B25: 製程不穩 | C25: 1 | M25: =L25*J25 -> 0
C26: 2 | M26: =L26*J26 -> 0
C27: 3 | M27: =L27*J27 -> 0
C28: 4 | M28: =L28*J28 -> 0
C29: 5 | M29: =L29*J29 -> 0
J30: 前幾名合計比例 | K30: =M30/'生產管理報表 7-1(週)'!$B$10 -> 0 | L30: 前幾名合計金額 | M30: =SUM(M25:M29) -> 0

Sheet 生產管理報表 8-4(週超用)
A1: 生產管理報表
A3: （８）超用原因別前幾名品項
A5: 類型 | B5: 1 | D5: 2 | F5: 3 | H5: 4 | J5: 5 | L5: 6 | N5: 7 | P5: 8
B6: 展開量高於１０5％ | D6: 調理多產 | F6: 製程不穩 | H6: 取樣不穩 | J6: 原物料規格 | L6: 研發設定 | N6: 其他原因 | P6: 步留因素
A8: 類型 | C8: 排名 | D8: 商品名 | G8: 半成品名 | J8: 單價 | K8: 超用率 | L8: 數量 | M8: 金額 | N8: 前週比 | O8: 主要原因&對策
A9: 4 | B9: 取樣不穩 | C9: 1 | D9: 沙茶豬肉炒麵 | G9: 炒高麗菜紅蘿蔔絲 | J9: 100.1 | K9: 0.037 | L9: 12.6 | M9: =L9*J9 -> 1261.26 | O9: 加強稽核及教育訓練
C10: 2 | D10: 蕃茄莎莎海鮮冷義大利麵 | G10: 川燙9號蝦仁 | J10: 621.6 | K10: 0.007 | L10: 1.8 | M10: =L10*J10 -> 1118.88 | O10: 加強稽核及教育訓練
C11: 3 | D11: 府城鹽水意麵 | G11: 煮意麵肉燥 | J11: 125.6 | K11: 0.003 | L11: 8.5 | M11: =L11*J11 -> 1067.6 | O11: 加強稽核及教育訓練
C12: 4 | D12: 府城鹽水意麵 | G12: 煮鹽水意麵 | J12: 36.4 | K12: 0.003 | L12: 25.6 | M12: =L12*J12 -> 931.84
C13: 5 | D13: 府城鹽水意麵 | G13: 川燙油菜 | J13: 140.4 | K13: 0.015 | L13: 5.2 | M13: =L13*J13 -> 730.08
J14: 前幾名合計比例 | K14: =M14/'生產管理報表 7-1(週)'!$B$10 -> 0.090062495 | L14: 前幾名合計金額 | M14: =SUM(M9:M13) -> 5109.66
A16: 類型 | C16: 排名 | D16: 商品名 | G16: 半成品名 | J16: 單價 | K16: 超用率 | L16: 數量 | M16: 金額 | N16: 前週比 | O16: 主要原因&對策
A17: 5 | B17: 原物料規格 | C17: 1 | D17: 香煎魚排佐檸檬奶油義大利麵 | G17: 烤-巴沙魚排 | J17: 19.5 | K17: 0.007 | L17: 96 | M17: =L17*J17 -> 1872 | O17: 規格差異大
C18: 2 | D18: 小滷青蔬 | G18: 滷-白花菜 | J18: 90 | K18: 0.034 | L18: 13.7 | M18: =L18*J18 -> 1233 | O18: 1包2顆，規格大小差異大
C19: 3 | M19: =L19*J19 -> 0
C20: 4 | M20: =L20*J20 -> 0
C21: 5 | M21: =L21*J21 -> 0
J22: 前幾名合計比例 | K22: =M22/'生產管理報表 7-1(週)'!$B$10 -> 0.054728504 | L22: 前幾名合計金額 | M22: =SUM(M17:M21) -> 3105
A24: 類型 | C24: 排名 | D24: 商品名 | G24: 半成品名 | J24: 單價 | K24: 超用率 | L24: 數量 | M24: 金額 | N24: 前月比 | O24: 主要原因&對策
A25: 6 | B25: 研發設定 | C25: 1 | M25: =L25*J25 -> 0
C26: 2 | M26: =L26*J26 -> 0
C27: 3
C28: 4
C29: 5
J30: 前幾名合計比例 | K30: =M30/'生產管理報表 7-1(週)'!$B$10 -> 0 | L30: 前幾名合計金額 | M30: =SUM(M25:M29) -> 0
A32: 類型 | C32: 排名 | D32: 商品名 | G32: 半成品名 | J32: 單價 | K32: 超用率 | L32: 數量 | M32: 金額 | N32: 前月比 | O32: 主要原因&對策
A33: 7 | B33: 製程不穩 | C33: 1 | M33: 0
C34: 2 | M34: 0
C35: 3 | M35: 0
C36: 4 | M36: 0
C37: 5 | M37: 0
J38: 前幾名合計比例 | K38: =M38/'生產管理報表 7-1(週)'!$B$10 -> 0 | L38: 前幾名合計金額 | M38: =SUM(M33:M37) -> 0

Sheet 生產管理報表 9(週)
A1: 生產管理報表
A3: （9）步留因素
A5: 類型 | B5: 1 | D5: 2 | F5: 3 | H5: 4 | J5: 5 | L5: 6 | N5: 7 | P5: 8
B6: 展開量高於１０5％ | D6: 調理多產 | F6: 製程不穩 | H6: 取樣不穩 | J6: 原物料規格 | L6: 研發設定 | N6: 其他原因 | P6: 步留因素
A8: 類型 | B8: No. | C8: 商品名 | F8: 半成品名 | I8: 單價 | J8: 規格 | K8: 實績 | L8: 差異 | M8: 主要原因&對策
A9: 作業原因 | B9: 1 | L9: =K9-J9 -> 0
B10: 2 | L10: =K10-J10 -> 0
B11: 3 | L11: =K11-J11 -> 0
B12: 4 | L12: =K12-J12 -> 0
B13: 5 | L13: =K13-J13 -> 0
A15: 類型 | B15: No. | C15: 商品名 | F15: 半成品名 | I15: 單價 | J15: 規格 | K15: 實績 | L15: 差異 | M15: 主要原因&對策
A16: 原料原因 | B16: 1 | L16: =K16-J16 -> 0
B17: 2 | L17: =K17-J17 -> 0
B18: 3 | L18: =K18-J18 -> 0
B19: 4 | L19: =K19-J19 -> 0
B20: 5 | L20: =K20-J20 -> 0

Sheet 報廢－原因別分析 (週)
B2: 報廢前二十名紀錄表
B3: 月別 | D3: 排序 | E3: 半成品名稱 | F3: 報廢金額 (元) | G3: 半成品單價 (元/kg) | H3: 訂單需求 (kg/個) | I3: 生管展開 | K3: 生產實際產出 | M3: 生產補單 | O3: 總產出 | Q3: 報廢 | S3: 超用 | V3: 類別 | W3: 分析原因 | X3: 原因說明 | Y3: 後續對策 | Z3: 次數 | AA3: 備註-商品名稱 | AC3: 分析原因（件）
I4: kg/個 | J4: % | K4: kg/個 | L4: % | M4: kg/個 | N4: % | O4: kg/個 | P4: % | Q4: kg/個 | R4: % | S4: kg/個 | T4: % | U4: 元
B5: 0714-0720 | D5: 1 | E5: 義麵-奶青醬(114年) | F5: =IFERROR(Q5*G5,"-") -> 9504.84 | G5: 153.8 | H5: 2361 | I5: 2160 | J5: =IFERROR(I5/H5,"-") -> 0.91486658 | K5: 2420.6 | L5: =IFERROR(K5/H5,"-") -> 1.0252435 | M5: 0 | N5: =IFERROR(M5/H5,"-") -> 0 | O5: =IFERROR(K5+M5,"-") -> 2420.6 | P5: =IFERROR(O5/H5,"-") -> 1.0252435 | Q5: 61.8 | R5: =IFERROR(Q5/H5,"-") -> 0.026175349 | S5: =IFERROR(O5-H5,"-") -> 59.6 | T5: =IFERROR(S5/H5,"-") -> 0.025243541 | U5: =IFERROR(S5*G5,"-") -> 9166.48 | V5: 生管預估 | W5: 展開量高於需求量 | X5: 預估量大於訂單量 | Y5: 除中式麵外，A級3i依預估90%配料，其餘品項拉低預估量 | Z5: 1 | AA5: 青醬蛤蜊義大利麵
D6: 2 | E6: 煮青花椒湯凍(114年) | F6: =IFERROR(Q6*G6,"-") -> 7882.56 | G6: 193.2 | H6: 1234.1 | I6: 1230 | J6: =IFERROR(I6/H6,"-") -> 0.99667774 | K6: 1259 | L6: =IFERROR(K6/H6,"-") -> 1.0201766 | M6: 12.6 | N6: =IFERROR(M6/H6,"-") -> 0.01020987 | O6: =IFERROR(K6+M6,"-") -> 1271.6 | P6: =IFERROR(O6/H6,"-") -> 1.0303865 | Q6: 40.8 | R6: =IFERROR(Q6/H6,"-") -> 0.03306053 | S6: =IFERROR(O6-H6,"-") -> 37.5 | T6: =IFERROR(S6/H6,"-") -> 0.030386516 | U6: =IFERROR(S6*G6,"-") -> 7245 | V6: 包裝 | W6: 取樣不穩 | X6: 超用 | Y6: 加強教育訓練，抓樣範圍95%~100% | Z6: 1 | AA6: 青花椒麻雞肉拌麵 | AC6: 總件數 | AD6: 展開量高於需求量 | AE6: 調理多產 | AF6: 製程不穩 | AG6: 取樣不穩 | AH6: 原物料規格 | AI6: 研發設定 | AJ6: 其他原因
D7: 3 | E7: 蒸去骨鱈魚切片 | F7: =IFERROR(Q7*G7,"-") -> 6474 | G7: 6.5 | H7: 64964 | I7: 63400 | J7: =IFERROR(I7/H7,"-") -> 0.97592513 | K7: 65926.5 | L7: =IFERROR(K7/H7,"-") -> 1.0148159 | M7: 222 | N7: =IFERROR(M7/H7,"-") -> 0.0034172773 | O7: =IFERROR(K7+M7,"-") -> 66148.5 | P7: =IFERROR(O7/H7,"-") -> 1.0182332 | Q7: 996 | R7: =IFERROR(Q7/H7,"-") -> 0.015331568 | S7: =IFERROR(O7-H7,"-") -> 1184.5 | T7: =IFERROR(S7/H7,"-") -> 0.018233175 | U7: =IFERROR(S7*G7,"-") -> 7699.25 | V7: 原物料 | W7: 其他原因 | X7: 規格大小差異 | Z7: 1 | AA7: 鱈魚佐粉紅青醬筆尖麵 | AC7: =SUM(Z5:Z24) -> 20 | AD7: =SUMIF($W$5:$W$24,TRIM(AD6),$Z$5:$Z$24) -> 13 | AE7: =SUMIF($W$5:$W$24,TRIM(AE6),$Z$5:$Z$24) -> 0 | AF7: =SUMIF($W$5:$W$24,TRIM(AF6),$Z$5:$Z$24) -> 0 | AG7: =SUMIF($W$5:$W$24,TRIM(AG6),$Z$5:$Z$24) -> 4 | AH7: =SUMIF($W$5:$W$24,TRIM(AH6),$Z$5:$Z$24) -> 2 | AI7: =SUMIF($W$5:$W$24,TRIM(AI6),$Z$5:$Z$24) -> 0 | AJ7: =SUMIF($W$5:$W$24,TRIM(AJ6),$Z$5:$Z$24) -> 1
D8: 4 | E8: 義麵-橄欖酸豆紅醬 | F8: =IFERROR(Q8*G8,"-") -> 5549.76 | G8: 84.6 | H8: 2923.4 | I8: 2853 | J8: =IFERROR(I8/H8,"-") -> 0.97591845 | K8: 2984 | L8: =IFERROR(K8/H8,"-") -> 1.0207293 | M8: 0 | N8: =IFERROR(M8/H8,"-") -> 0 | O8: =IFERROR(K8+M8,"-") -> 2984 | P8: =IFERROR(O8/H8,"-") -> 1.0207293 | Q8: 65.6 | R8: =IFERROR(Q8/H8,"-") -> 0.022439625 | S8: =IFERROR(O8-H8,"-") -> 60.6 | T8: =IFERROR(S8/H8,"-") -> 0.020729288 | U8: =IFERROR(S8*G8,"-") -> 5126.76 | V8: 生管預估 | W8: 展開量高於需求量 | X8: 預估量大於訂單量 | Y8: 除中式麵外，A級3i依預估90%配料，其餘品項拉低預估量 | Z8: 1 | AA8: 鱈魚佐粉紅青醬筆尖麵 | AC8: 金額 | AD8: =SUMIF($W5:$W$24,TRIM(AD6),$F$5:$F$24) -> 24405.57 | AE8: =SUMIF($W5:$W$24,TRIM(AE6),$F$5:$F$24) -> 0 | AF8: =SUMIF($W5:$W$24,TRIM(AF6),$F$5:$F$24) -> 0 | AG8: =SUMIF($W5:$W$24,TRIM(AG6),$F$5:$F$24) -> 8824.37 | AH8: =SUMIF($W5:$W$24,TRIM(AH6),$F$5:$F$24) -> 2373 | AI8: =SUMIF($W5:$W$24,TRIM(AI6),$F$5:$F$24) -> 0 | AJ8: =SUMIF($W5:$W$24,TRIM(AJ6),$F$5:$F$24) -> 6474
D9: 5 | E9: 義麵-海鮮湯凍(115年) | F9: =IFERROR(Q9*G9,"-") -> 1926.22 | G9: 140.6 | H9: 1444.9 | I9: 1387.5 | J9: =IFERROR(I9/H9,"-") -> 0.96027407 | K9: 1458.5 | L9: =IFERROR(K9/H9,"-") -> 1.0094124 | M9: 0 | N9: =IFERROR(M9/H9,"-") -> 0 | O9: =IFERROR(K9+M9,"-") -> 1458.5 | P9: =IFERROR(O9/H9,"-") -> 1.0094124 | Q9: 13.7 | R9: =IFERROR(Q9/H9,"-") -> 0.009481625 | S9: =IFERROR(O9-H9,"-") -> 13.6 | T9: =IFERROR(S9/H9,"-") -> 0.0094124161 | U9: =IFERROR(S9*G9,"-") -> 1912.16 | V9: 生管預估 | W9: 展開量高於需求量 | X9: 預估量大於訂單量 | Y9: 除中式麵外，A級3i依預估90%配料，其餘品項拉低預估量 | Z9: 1 | AA9: 白酒清炒鮮蛤義大利麵 | AC9: 百分比 | AD9: =AD7/$AC7 -> 0.65 | AE9: =AE7/$AC7 -> 0 | AF9: =AF7/$AC7 -> 0 | AG9: =AG7/$AC7 -> 0.2 | AH9: =AH7/$AC7 -> 0.1 | AI9: =AI7/$AC7 -> 0 | AJ9: =AJ7/$AC7 -> 0.05
D10: 6 | E10: 奶香白醬 | F10: =IFERROR(Q10*G10,"-") -> 1900.45 | G10: 95.5 | H10: 771.7 | I10: 781 | J10: =IFERROR(I10/H10,"-") -> 1.0120513 | K10: 797.4 | L10: =IFERROR(K10/H10,"-") -> 1.0333031 | M10: 0 | N10: =IFERROR(M10/H10,"-") -> 0 | O10: =IFERROR(K10+M10,"-") -> 797.4 | P10: =IFERROR(O10/H10,"-") -> 1.0333031 | Q10: 19.9 | R10: =IFERROR(Q10/H10,"-") -> 0.025787223 | S10: =IFERROR(O10-H10,"-") -> 25.7 | T10: =IFERROR(S10/H10,"-") -> 0.033303097 | U10: =IFERROR(S10*G10,"-") -> 2454.35 | V10: 生管預估 | W10: 展開量高於需求量 | X10: 預估量大於訂單量 | Y10: 除中式麵外，A級3i依預估90%配料，其餘品項拉低預估量 | Z10: 1 | AA10: 香煎魚排佐檸檬奶油義大利麵
D11: 7 | E11: 烤-巴沙魚排 | F11: =IFERROR(Q11*G11,"-") -> 1833 | G11: 19.5 | H11: 14031 | I11: 14200 | J11: =IFERROR(I11/H11,"-") -> 1.0120448 | K11: 13944 | L11: =IFERROR(K11/H11,"-") -> 0.99379944 | M11: 183 | N11: =IFERROR(M11/H11,"-") -> 0.013042549 | O11: =IFERROR(K11+M11,"-") -> 14127 | P11: =IFERROR(O11/H11,"-") -> 1.006842 | Q11: 94 | R11: =IFERROR(Q11/H11,"-") -> 0.0066994512 | S11: =IFERROR(O11-H11,"-") -> 96 | T11: =IFERROR(S11/H11,"-") -> 0.0068419927 | U11: =IFERROR(S11*G11,"-") -> 1872 | V11: 原物料 | W11: 原物料規格 | X11: 每箱片數不定 | Z11: 1 | AA11: 香煎魚排佐檸檬奶油義大利麵 | AD11: 調理
D12: 8 | E12: 川燙-切紅黃甜椒絲 | F12: =IFERROR(Q12*G12,"-") -> 1484 | G12: 296.8 | H12: 32.4 | I12: 36 | J12: =IFERROR(I12/H12,"-") -> 1.1111111 | K12: 38.5 | L12: =IFERROR(K12/H12,"-") -> 1.1882716 | M12: 0 | N12: =IFERROR(M12/H12,"-") -> 0 | O12: =IFERROR(K12+M12,"-") -> 38.5 | P12: =IFERROR(O12/H12,"-") -> 1.1882716 | Q12: 5 | R12: =IFERROR(Q12/H12,"-") -> 0.15432099 | S12: =IFERROR(O12-H12,"-") -> 6.1 | T12: =IFERROR(S12/H12,"-") -> 0.1882716 | U12: =IFERROR(S12*G12,"-") -> 1810.48 | V12: 生管預估 | W12: 展開量高於需求量 | X12: 預估量大於訂單量 | Y12: 除中式麵外，A級3i依預估90%配料，其餘品項拉低預估量 | Z12: 1 | AA12: 焦糖拿鐵烤雞細扁麵 | AD12: 包裝
D13: 9 | E13: 義麵-拿鐵醬 | F13: =IFERROR(Q13*G13,"-") -> 802.9 | G13: 108.5 | H13: 364.1 | I13: 405 | J13: =IFERROR(I13/H13,"-") -> 1.1123318 | K13: 378.2 | L13: =IFERROR(K13/H13,"-") -> 1.0387256 | M13: 0 | N13: =IFERROR(M13/H13,"-") -> 0 | O13: =IFERROR(K13+M13,"-") -> 378.2 | P13: =IFERROR(O13/H13,"-") -> 1.0387256 | Q13: 7.4 | R13: =IFERROR(Q13/H13,"-") -> 0.020324087 | S13: =IFERROR(O13-H13,"-") -> 14.1 | T13: =IFERROR(S13/H13,"-") -> 0.038725625 | U13: =IFERROR(S13*G13,"-") -> 1529.85 | V13: 生管預估 | W13: 展開量高於需求量 | X13: 預估量大於訂單量 | Y13: 除中式麵外，A級3i依預估90%配料，其餘品項拉低預估量 | Z13: 1 | AA13: 焦糖拿鐵烤雞細扁麵 | AD13: 研發
D14: 10 | E14: 義麵-粉紅辣味奶醬 | F14: =IFERROR(Q14*G14,"-") -> 719.34 | G14: 63.1 | H14: 1009.4 | I14: 928 | J14: =IFERROR(I14/H14,"-") -> 0.91935803 | K14: 1022.2 | L14: =IFERROR(K14/H14,"-") -> 1.0126808 | M14: 0 | N14: =IFERROR(M14/H14,"-") -> 0 | O14: =IFERROR(K14+M14,"-") -> 1022.2 | P14: =IFERROR(O14/H14,"-") -> 1.0126808 | Q14: 11.4 | R14: =IFERROR(Q14/H14,"-") -> 0.011293838 | S14: =IFERROR(O14-H14,"-") -> 12.8 | T14: =IFERROR(S14/H14,"-") -> 0.0126808 | U14: =IFERROR(S14*G14,"-") -> 807.68 | V14: 生管預估 | W14: 展開量高於需求量 | X14: 預估量大於訂單量 | Y14: 除中式麵外，A級3i依預估90%配料，其餘品項拉低預估量 | Z14: 1 | AA14: 奶油鮮蝦明太子細扁麵 | AD14: 生管預估
D15: 11 | E15: 川燙油菜 | F15: =IFERROR(Q15*G15,"-") -> 529.38 | G15: 155.7 | H15: 218.3 | I15: 220.5 | J15: =IFERROR(I15/H15,"-") -> 1.0100779 | K15: 224.5 | L15: =IFERROR(K15/H15,"-") -> 1.0284013 | M15: 0 | N15: =IFERROR(M15/H15,"-") -> 0 | O15: =IFERROR(K15+M15,"-") -> 224.5 | P15: =IFERROR(O15/H15,"-") -> 1.0284013 | Q15: 3.4 | R15: =IFERROR(Q15/H15,"-") -> 0.015574897 | S15: =IFERROR(O15-H15,"-") -> 6.2 | T15: =IFERROR(S15/H15,"-") -> 0.028401283 | U15: =IFERROR(S15*G15,"-") -> 965.34 | V15: 生管預估 | W15: 展開量高於需求量 | X15: 預估量大於訂單量 | Y15: 除中式麵外，A級3i依預估90%配料，其餘品項拉低預估量 | Z15: 1 | AA15: 青花椒麻雞肉拌麵 | AD15: 原物料
D16: 12 | E16: 滷-白花菜 | F16: =IFERROR(Q16*G16,"-") -> 540 | G16: 90 | H16: 402.9 | I16: 382.4 | J16: =IFERROR(I16/H16,"-") -> 0.94911889 | K16: 404.2 | L16: =IFERROR(K16/H16,"-") -> 1.0032266 | M16: 12.4 | N16: =IFERROR(M16/H16,"-") -> 0.030776868 | O16: =IFERROR(K16+M16,"-") -> 416.6 | P16: =IFERROR(O16/H16,"-") -> 1.0340035 | Q16: 6 | R16: =IFERROR(Q16/H16,"-") -> 0.014892033 | S16: =IFERROR(O16-H16,"-") -> 13.7 | T16: =IFERROR(S16/H16,"-") -> 0.034003475 | U16: =IFERROR(S16*G16,"-") -> 1233 | V16: 原物料 | W16: 原物料規格 | X16: 白花菜放兩顆 | Z16: 1 | AA16: 小滷青蔬
D17: 13 | E17: 113年煮沙茶炒麵湯凍 | F17: =IFERROR(Q17*G17,"-") -> 529.92 | G17: 82.8 | H17: 699.6 | I17: 625.8 | J17: =IFERROR(I17/H17,"-") -> 0.89451115 | K17: 710.6 | L17: =IFERROR(K17/H17,"-") -> 1.0157233 | M17: 0 | N17: =IFERROR(M17/H17,"-") -> 0 | O17: =IFERROR(K17+M17,"-") -> 710.6 | P17: =IFERROR(O17/H17,"-") -> 1.0157233 | Q17: 6.4 | R17: =IFERROR(Q17/H17,"-") -> 0.0091480846 | S17: =IFERROR(O17-H17,"-") -> 11 | T17: =IFERROR(S17/H17,"-") -> 0.01572327 | U17: =IFERROR(S17*G17,"-") -> 910.8 | V17: 生管預估 | W17: 展開量高於需求量 | X17: 預估量大於訂單量 | Y17: 除中式麵外，A級3i依預估90%配料，其餘品項拉低預估量 | Z17: 1 | AA17: 沙茶豬肉炒麵
D18: 14 | E18: 炒高麗菜紅蘿蔔絲 | F18: =IFERROR(Q18*G18,"-") -> 460.46 | G18: 100.1 | H18: 339.3 | I18: 309.6 | J18: =IFERROR(I18/H18,"-") -> 0.91246684 | K18: 344.9 | L18: =IFERROR(K18/H18,"-") -> 1.0165046 | M18: 7 | N18: =IFERROR(M18/H18,"-") -> 0.02063071 | O18: =IFERROR(K18+M18,"-") -> 351.9 | P18: =IFERROR(O18/H18,"-") -> 1.0371353 | Q18: 4.6 | R18: =IFERROR(Q18/H18,"-") -> 0.013557324 | S18: =IFERROR(O18-H18,"-") -> 12.6 | T18: =IFERROR(S18/H18,"-") -> 0.037135279 | U18: =IFERROR(S18*G18,"-") -> 1261.26 | V18: 包裝 | W18: 取樣不穩 | X18: 超用 | Y18: 加強教育訓練，抓樣範圍95%~100% | Z18: 1 | AA18: 沙茶豬肉炒麵
D19: 15 | E19: 川燙-切段油菜 | F19: =IFERROR(Q19*G19,"-") -> 411.6 | G19: 147 | H19: 503.6 | I19: 478 | J19: =IFERROR(I19/H19,"-") -> 0.949166 | K19: 508.1 | L19: =IFERROR(K19/H19,"-") -> 1.0089357 | M19: 0 | N19: =IFERROR(M19/H19,"-") -> 0 | O19: =IFERROR(K19+M19,"-") -> 508.1 | P19: =IFERROR(O19/H19,"-") -> 1.0089357 | Q19: 2.8 | R19: =IFERROR(Q19/H19,"-") -> 0.0055599682 | S19: =IFERROR(O19-H19,"-") -> 4.5 | T19: =IFERROR(S19/H19,"-") -> 0.0089356632 | U19: =IFERROR(S19*G19,"-") -> 661.5 | V19: 生管預估 | W19: 展開量高於需求量 | X19: 預估量大於訂單量 | Y19: 除中式麵外，A級3i依預估90%配料，其餘品項拉低預估量 | Z19: 1 | AA19: 小滷青蔬
D20: 16 | E20: 義麵-蒜味蝦醬(115年) | F20: =IFERROR(Q20*G20,"-") -> 402.9 | G20: 118.5 | H20: 788.7 | I20: 686 | J20: =IFERROR(I20/H20,"-") -> 0.86978572 | K20: 796.6 | L20: =IFERROR(K20/H20,"-") -> 1.0100165 | M20: 0 | N20: =IFERROR(M20/H20,"-") -> 0 | O20: =IFERROR(K20+M20,"-") -> 796.6 | P20: =IFERROR(O20/H20,"-") -> 1.0100165 | Q20: 3.4 | R20: =IFERROR(Q20/H20,"-") -> 0.0043108913 | S20: =IFERROR(O20-H20,"-") -> 7.9 | T20: =IFERROR(S20/H20,"-") -> 0.010016483 | U20: =IFERROR(S20*G20,"-") -> 936.15 | V20: 生管預估 | W20: 展開量高於需求量 | X20: 預估量大於訂單量 | Y20: 除中式麵外，A級3i依預估90%配料，其餘品項拉低預估量 | Z20: 1 | AA20: 蒜香奶油蝦蝦義大利麵
D21: 17 | E21: 川燙青紅辣椒圓片 | F21: =IFERROR(Q21*G21,"-") -> 405.7 | G21: 405.7 | H21: 41.1 | I21: 41 | J21: =IFERROR(I21/H21,"-") -> 0.99756691 | K21: 42 | L21: =IFERROR(K21/H21,"-") -> 1.0218978 | M21: 0 | N21: =IFERROR(M21/H21,"-") -> 0 | O21: =IFERROR(K21+M21,"-") -> 42 | P21: =IFERROR(O21/H21,"-") -> 1.0218978 | Q21: 1 | R21: =IFERROR(Q21/H21,"-") -> 0.0243309 | S21: =IFERROR(O21-H21,"-") -> 0.9 | T21: =IFERROR(S21/H21,"-") -> 0.02189781 | U21: =IFERROR(S21*G21,"-") -> 365.13 | V21: 生管預估 | W21: 展開量高於需求量 | X21: 預估量大於訂單量 | Y21: 除中式麵外，A級3i依預估90%配料，其餘品項拉低預估量 | Z21: 1 | AA21: 青花椒麻雞肉拌麵
D22: 18 | E22: 混蒜酥洋香菜(114年) | F22: =IFERROR(Q22*G22,"-") -> 255.27 | G22: 850.9 | H22: 56.3 | I22: 49 | J22: =IFERROR(I22/H22,"-") -> 0.87033748 | K22: 56.9 | L22: =IFERROR(K22/H22,"-") -> 1.0106572 | M22: 0 | N22: =IFERROR(M22/H22,"-") -> 0 | O22: =IFERROR(K22+M22,"-") -> 56.9 | P22: =IFERROR(O22/H22,"-") -> 1.0106572 | Q22: 0.3 | R22: =IFERROR(Q22/H22,"-") -> 0.0053285968 | S22: =IFERROR(O22-H22,"-") -> 0.6 | T22: =IFERROR(S22/H22,"-") -> 0.010657194 | U22: =IFERROR(S22*G22,"-") -> 510.54 | V22: 包裝 | W22: 取樣不穩 | X22: 超用 | Y22: 加強教育訓練，抓樣範圍95%~100% | Z22: 1 | AA22: 蒜香奶油蝦蝦義大利麵
D23: 19 | E23: 檸檬奶油醬 | F23: =IFERROR(Q23*G23,"-") -> 238.56 | G23: 85.2 | H23: 140.3 | I23: 142 | J23: =IFERROR(I23/H23,"-") -> 1.0121169 | K23: 145 | L23: =IFERROR(K23/H23,"-") -> 1.0334996 | M23: 0 | N23: =IFERROR(M23/H23,"-") -> 0 | O23: =IFERROR(K23+M23,"-") -> 145 | P23: =IFERROR(O23/H23,"-") -> 1.0334996 | Q23: 2.8 | R23: =IFERROR(Q23/H23,"-") -> 0.019957234 | S23: =IFERROR(O23-H23,"-") -> 4.7 | T23: =IFERROR(S23/H23,"-") -> 0.033499644 | U23: =IFERROR(S23*G23,"-") -> 400.44 | V23: 生管預估 | W23: 展開量高於需求量 | X23: 預估量大於訂單量 | Y23: 除中式麵外，A級3i依預估90%配料，其餘品項拉低預估量 | Z23: 1 | AA23: 香煎魚排佐檸檬奶油義大利麵
D24: 20 | E24: 煮意麵肉燥 | F24: =IFERROR(Q24*G24,"-") -> 226.08 | G24: 125.6 | H24: 2497.4 | I24: 2331 | J24: =IFERROR(I24/H24,"-") -> 0.93337071 | K24: 2497.9 | L24: =IFERROR(K24/H24,"-") -> 1.0002002 | M24: 8 | N24: =IFERROR(M24/H24,"-") -> 0.0032033315 | O24: =IFERROR(K24+M24,"-") -> 2505.9 | P24: =IFERROR(O24/H24,"-") -> 1.0034035 | Q24: 1.8 | R24: =IFERROR(Q24/H24,"-") -> 0.00072074958 | S24: =IFERROR(O24-H24,"-") -> 8.5 | T24: =IFERROR(S24/H24,"-") -> 0.0034035397 | U24: =IFERROR(S24*G24,"-") -> 1067.6 | V24: 包裝 | W24: 取樣不穩 | X24: 超用 | Y24: 加強教育訓練，抓樣範圍95%~100% | Z24: 1 | AA24: 府城鹽水意麵

Sheet 超用－原因別分析 (週) 
B2: 超用前二十名紀錄表
B3: 月別 | D3: 排序 | E3: 半成品名稱 | F3: 超用金額 (元) | G3: 半成品單價 (元/kg) | H3: 訂單需求 (kg/個) | I3: 生管展開 | K3: 生產實際產出 | M3: 生產補單 | O3: 總產出 | Q3: 報廢 | T3: 超用 | V3: 類別 | W3: 分析原因 | X3: 原因說明 | Y3: 後續對策 | Z3: 次數 | AA3: 備註-商品名稱 | AC3: 分析原因（件）
I4: kg/個 | J4: % | K4: kg/個 | L4: % | M4: kg/個 | N4: % | O4: kg/個 | P4: % | Q4: kg/個 | R4: % | S4: 元 | T4: kg/個 | U4: %
B5: 0714-0720 | D5: 1 | E5: 義麵-奶青醬(114年) | F5: =IFERROR(T5*G5,"-") -> 9166.48 | G5: 153.8 | H5: 2361 | I5: 2160 | J5: =IFERROR(I5/H5,"-") -> 0.91486658 | K5: 2420.6 | L5: =IFERROR(K5/H5,"-") -> 1.0252435 | M5: 0 | N5: =IFERROR(M5/H5,"-") -> 0 | O5: =IFERROR(K5+M5,"-") -> 2420.6 | P5: =IFERROR(O5/H5,"-") -> 1.0252435 | Q5: 61.8 | R5: =IFERROR(Q5/H5,"-") -> 0.026175349 | S5: =IFERROR(Q5*G5,"-") -> 9504.84 | T5: =IFERROR(O5-H5,"-") -> 59.6 | U5: =IFERROR(T5/H5,"-") -> 0.025243541 | V5: 生管預估 | W5: 展開量高於需求量 | X5: 展開量高於需求量 | Y5: 除中式麵外，A級3i依預估90%配料，其餘品項拉低預估量 | Z5: 1 | AA5: 青醬蛤蜊義大利麵
D6: 2 | E6: 蒸去骨鱈魚切片 | F6: =IFERROR(T6*G6,"-") -> 7699.25 | G6: 6.5 | H6: 64964 | I6: 63400 | J6: =IFERROR(I6/H6,"-") -> 0.97592513 | K6: 65926.5 | L6: =IFERROR(K6/H6,"-") -> 1.0148159 | M6: 222 | N6: =IFERROR(M6/H6,"-") -> 0.0034172773 | O6: =IFERROR(K6+M6,"-") -> 66148.5 | P6: =IFERROR(O6/H6,"-") -> 1.0182332 | Q6: 996 | R6: =IFERROR(Q6/H6,"-") -> 0.015331568 | S6: =IFERROR(Q6*G6,"-") -> 6474 | T6: =IFERROR(O6-H6,"-") -> 1184.5 | U6: =IFERROR(T6/H6,"-") -> 0.018233175 | V6: 原物料 | W6: 原物料規格 | X6: 規格大小差異 | Z6: 1 | AA6: 鱈魚佐粉紅青醬筆尖麵 | AC6: 總件數 | AD6: 展開量高於需求量 | AE6: 調理多產 | AF6: 製程不穩 | AG6: 取樣不穩 | AH6: 原物料規格 | AI6: 研發設定 | AJ6: 其他原因
D7: 3 | E7: 煮青花椒湯凍(114年) | F7: =IFERROR(T7*G7,"-") -> 7245 | G7: 193.2 | H7: 1234.1 | I7: 1230 | J7: =IFERROR(I7/H7,"-") -> 0.99667774 | K7: 1259 | L7: =IFERROR(K7/H7,"-") -> 1.0201766 | M7: 12.6 | N7: =IFERROR(M7/H7,"-") -> 0.01020987 | O7: =IFERROR(K7+M7,"-") -> 1271.6 | P7: =IFERROR(O7/H7,"-") -> 1.0303865 | Q7: 40.8 | R7: =IFERROR(Q7/H7,"-") -> 0.03306053 | S7: =IFERROR(Q7*G7,"-") -> 7882.56 | T7: =IFERROR(O7-H7,"-") -> 37.5 | U7: =IFERROR(T7/H7,"-") -> 0.030386516 | V7: 生管預估 | W7: 展開量高於需求量 | X7: 展開量高於需求量 | Y7: 除中式麵外，A級3i依預估90%配料，其餘品項拉低預估量 | Z7: 1 | AA7: 青花椒麻雞肉拌麵 | AC7: =SUM(Z5:Z24) -> 20 | AD7: =SUMIF($W$5:$W$24,TRIM(AD6),$Z$5:$Z$24) -> 12 | AE7: =SUMIF($W$5:$W$24,TRIM(AE6),$Z$5:$Z$24) -> 0 | AF7: =SUMIF($W$5:$W$24,TRIM(AF6),$Z$5:$Z$24) -> 0 | AG7: =SUMIF($W$5:$W$24,TRIM(AG6),$Z$5:$Z$24) -> 5 | AH7: =SUMIF($W$5:$W$24,TRIM(AH6),$Z$5:$Z$24) -> 3 | AI7: =SUMIF($W$5:$W$24,TRIM(AI6),$Z$5:$Z$24) -> 0 | AJ7: =SUMIF($W$5:$W$24,TRIM(AJ6),$Z$5:$Z$24) -> 0
D8: 4 | E8: 義麵-橄欖酸豆紅醬 | F8: =IFERROR(T8*G8,"-") -> 5126.76 | G8: 84.6 | H8: 2923.4 | I8: 2853 | J8: =IFERROR(I8/H8,"-") -> 0.97591845 | K8: 2984 | L8: =IFERROR(K8/H8,"-") -> 1.0207293 | M8: 0 | N8: =IFERROR(M8/H8,"-") -> 0 | O8: =IFERROR(K8+M8,"-") -> 2984 | P8: =IFERROR(O8/H8,"-") -> 1.0207293 | Q8: 65.6 | R8: =IFERROR(Q8/H8,"-") -> 0.022439625 | S8: =IFERROR(Q8*G8,"-") -> 5549.76 | T8: =IFERROR(O8-H8,"-") -> 60.6 | U8: =IFERROR(T8/H8,"-") -> 0.020729288 | V8: 生管預估 | W8: 展開量高於需求量 | X8: 展開量高於需求量 | Y8: 除中式麵外，A級3i依預估90%配料，其餘品項拉低預估量 | Z8: 1 | AA8: 鱈魚佐粉紅青醬筆尖麵 | AC8: 金額 | AD8: =SUMIF($W5:$W$24,TRIM(AD6),$F$5:$F$24) -> 34854.05 | AE8: =SUMIF($W5:$W$24,TRIM(AE6),$F$5:$F$24) -> 0 | AF8: =SUMIF($W5:$W$24,TRIM(AF6),$F$5:$F$24) -> 0 | AG8: =SUMIF($W5:$W$24,TRIM(AG6),$F$5:$F$24) -> 5109.66 | AH8: =SUMIF($W5:$W$24,TRIM(AH6),$F$5:$F$24) -> 10804.25 | AI8: =SUMIF($W5:$W$24,TRIM(AI6),$F$5:$F$24) -> 0 | AJ8: =SUMIF($W5:$W$24,TRIM(AJ6),$F$5:$F$24) -> 0
D9: 5 | E9: 奶香白醬 | F9: =IFERROR(T9*G9,"-") -> 2454.35 | G9: 95.5 | H9: 771.7 | I9: 781 | J9: =IFERROR(I9/H9,"-") -> 1.0120513 | K9: 797.4 | L9: =IFERROR(K9/H9,"-") -> 1.0333031 | M9: 0 | N9: =IFERROR(M9/H9,"-") -> 0 | O9: =IFERROR(K9+M9,"-") -> 797.4 | P9: =IFERROR(O9/H9,"-") -> 1.0333031 | Q9: 19.9 | R9: =IFERROR(Q9/H9,"-") -> 0.025787223 | S9: =IFERROR(Q9*G9,"-") -> 1900.45 | T9: =IFERROR(O9-H9,"-") -> 25.7 | U9: =IFERROR(T9/H9,"-") -> 0.033303097 | V9: 生管預估 | W9: 展開量高於需求量 | X9: 展開量高於需求量 | Y9: 除中式麵外，A級3i依預估90%配料，其餘品項拉低預估量 | Z9: 1 | AA9: 香煎魚排佐檸檬奶油義大利麵 | AC9: 百分比 | AD9: =AD7/$AC7 -> 0.6 | AE9: =AE7/$AC7 -> 0 | AF9: =AF7/$AC7 -> 0 | AG9: =AG7/$AC7 -> 0.25 | AH9: =AH7/$AC7 -> 0.15 | AI9: =AI7/$AC7 -> 0 | AJ9: =AJ7/$AC7 -> 0
D10: 6 | E10: 滷-切片高麗菜 | F10: =IFERROR(T10*G10,"-") -> 1989 | G10: 85 | H10: 2266.2 | I10: 2151 | J10: =IFERROR(I10/H10,"-") -> 0.949166 | K10: 2289.6 | L10: =IFERROR(K10/H10,"-") -> 1.0103257 | M10: 0 | N10: =IFERROR(M10/H10,"-") -> 0 | O10: =IFERROR(K10+M10,"-") -> 2289.6 | P10: =IFERROR(O10/H10,"-") -> 1.0103257 | Q10: 1.4 | R10: =IFERROR(Q10/H10,"-") -> 0.00061777425 | S10: =IFERROR(Q10*G10,"-") -> 119 | T10: =IFERROR(O10-H10,"-") -> 23.4 | U10: =IFERROR(T10/H10,"-") -> 0.010325655 | V10: 生管預估 | W10: 展開量高於需求量 | X10: 展開量高於需求量 | Y10: 除中式麵外，A級3i依預估90%配料，其餘品項拉低預估量 | Z10: 1 | AA10: 小滷青蔬
D11: 7 | E11: 義麵-海鮮湯凍(115年) | F11: =IFERROR(T11*G11,"-") -> 1912.16 | G11: 140.6 | H11: 1444.9 | I11: 1387.5 | J11: =IFERROR(I11/H11,"-") -> 0.96027407 | K11: 1458.5 | L11: =IFERROR(K11/H11,"-") -> 1.0094124 | M11: 0 | N11: =IFERROR(M11/H11,"-") -> 0 | O11: =IFERROR(K11+M11,"-") -> 1458.5 | P11: =IFERROR(O11/H11,"-") -> 1.0094124 | Q11: 13.7 | R11: =IFERROR(Q11/H11,"-") -> 0.009481625 | S11: =IFERROR(Q11*G11,"-") -> 1926.22 | T11: =IFERROR(O11-H11,"-") -> 13.6 | U11: =IFERROR(T11/H11,"-") -> 0.0094124161 | V11: 生管預估 | W11: 展開量高於需求量 | X11: 展開量高於需求量 | Y11: 除中式麵外，A級3i依預估90%配料，其餘品項拉低預估量 | Z11: 1 | AA11: 白酒清炒鮮蛤義大利麵
D12: 8 | E12: 烤-巴沙魚排 | F12: =IFERROR(T12*G12,"-") -> 1872 | G12: 19.5 | H12: 14031 | I12: 14200 | J12: =IFERROR(I12/H12,"-") -> 1.0120448 | K12: 13944 | L12: =IFERROR(K12/H12,"-") -> 0.99379944 | M12: 183 | N12: =IFERROR(M12/H12,"-") -> 0.013042549 | O12: =IFERROR(K12+M12,"-") -> 14127 | P12: =IFERROR(O12/H12,"-") -> 1.006842 | Q12: 94 | R12: =IFERROR(Q12/H12,"-") -> 0.0066994512 | S12: =IFERROR(Q12*G12,"-") -> 1833 | T12: =IFERROR(O12-H12,"-") -> 96 | U12: =IFERROR(T12/H12,"-") -> 0.0068419927 | V12: 原物料 | W12: 原物料規格 | X12: 每箱片數不定 | Z12: 1 | AA12: 香煎魚排佐檸檬奶油義大利麵 | AD12: 調理
D13: 9 | E13: 川燙-切紅黃甜椒絲 | F13: =IFERROR(T13*G13,"-") -> 1810.48 | G13: 296.8 | H13: 32.4 | I13: 36 | J13: =IFERROR(I13/H13,"-") -> 1.1111111 | K13: 38.5 | L13: =IFERROR(K13/H13,"-") -> 1.1882716 | M13: 0 | N13: =IFERROR(M13/H13,"-") -> 0 | O13: =IFERROR(K13+M13,"-") -> 38.5 | P13: =IFERROR(O13/H13,"-") -> 1.1882716 | Q13: 5 | R13: =IFERROR(Q13/H13,"-") -> 0.15432099 | S13: =IFERROR(Q13*G13,"-") -> 1484 | T13: =IFERROR(O13-H13,"-") -> 6.1 | U13: =IFERROR(T13/H13,"-") -> 0.1882716 | V13: 生管預估 | W13: 展開量高於需求量 | X13: 展開量高於需求量 | Y13: 除中式麵外，A級3i依預估90%配料，其餘品項拉低預估量 | Z13: 1 | AA13: 焦糖拿鐵烤雞細扁麵 | AD13: 包裝
D14: 10 | E14: 義麵-拿鐵醬 | F14: =IFERROR(T14*G14,"-") -> 1529.85 | G14: 108.5 | H14: 364.1 | I14: 405 | J14: =IFERROR(I14/H14,"-") -> 1.1123318 | K14: 378.2 | L14: =IFERROR(K14/H14,"-") -> 1.0387256 | M14: 0 | N14: =IFERROR(M14/H14,"-") -> 0 | O14: =IFERROR(K14+M14,"-") -> 378.2 | P14: =IFERROR(O14/H14,"-") -> 1.0387256 | Q14: 7.4 | R14: =IFERROR(Q14/H14,"-") -> 0.020324087 | S14: =IFERROR(Q14*G14,"-") -> 802.9 | T14: =IFERROR(O14-H14,"-") -> 14.1 | U14: =IFERROR(T14/H14,"-") -> 0.038725625 | V14: 生管預估 | W14: 展開量高於需求量 | X14: 展開量高於需求量 | Y14: 除中式麵外，A級3i依預估90%配料，其餘品項拉低預估量 | Z14: 1 | AA14: 焦糖拿鐵烤雞細扁麵 | AD14: 研發
D15: 11 | E15: 炒高麗菜紅蘿蔔絲 | F15: =IFERROR(T15*G15,"-") -> 1261.26 | G15: 100.1 | H15: 339.3 | I15: 309.6 | J15: =IFERROR(I15/H15,"-") -> 0.91246684 | K15: 344.9 | L15: =IFERROR(K15/H15,"-") -> 1.0165046 | M15: 7 | N15: =IFERROR(M15/H15,"-") -> 0.02063071 | O15: =IFERROR(K15+M15,"-") -> 351.9 | P15: =IFERROR(O15/H15,"-") -> 1.0371353 | Q15: 4.6 | R15: =IFERROR(Q15/H15,"-") -> 0.013557324 | S15: =IFERROR(Q15*G15,"-") -> 460.46 | T15: =IFERROR(O15-H15,"-") -> 12.6 | U15: =IFERROR(T15/H15,"-") -> 0.037135279 | V15: 包裝 | W15: 取樣不穩 | X15: 超用 | Y15: 加強教育訓練，抓樣範圍95%~100% | Z15: 1 | AA15: 沙茶豬肉炒麵 | AD15: 生管預估
D16: 12 | E16: 滷-白花菜 | F16: =IFERROR(T16*G16,"-") -> 1233 | G16: 90 | H16: 402.9 | I16: 382.4 | J16: =IFERROR(I16/H16,"-") -> 0.94911889 | K16: 404.2 | L16: =IFERROR(K16/H16,"-") -> 1.0032266 | M16: 12.4 | N16: =IFERROR(M16/H16,"-") -> 0.030776868 | O16: =IFERROR(K16+M16,"-") -> 416.6 | P16: =IFERROR(O16/H16,"-") -> 1.0340035 | Q16: 6 | R16: =IFERROR(Q16/H16,"-") -> 0.014892033 | S16: =IFERROR(Q16*G16,"-") -> 540 | T16: =IFERROR(O16-H16,"-") -> 13.7 | U16: =IFERROR(T16/H16,"-") -> 0.034003475 | V16: 原物料 | W16: 原物料規格 | X16: 每包2朵 | Z16: 1 | AA16: 小滷青蔬 | AD16: 原物料
D17: 13 | E17: 川燙9號蝦仁 | F17: =IFERROR(T17*G17,"-") -> 1118.88 | G17: 621.6 | H17: 272.4 | I17: 265.2 | J17: =IFERROR(I17/H17,"-") -> 0.97356828 | K17: 273 | L17: =IFERROR(K17/H17,"-") -> 1.0022026 | M17: 1.2 | N17: =IFERROR(M17/H17,"-") -> 0.0044052863 | O17: =IFERROR(K17+M17,"-") -> 274.2 | P17: =IFERROR(O17/H17,"-") -> 1.0066079 | Q17: 0 | R17: =IFERROR(Q17/H17,"-") -> 0 | S17: =IFERROR(Q17*G17,"-") -> 0 | T17: =IFERROR(O17-H17,"-") -> 1.8 | U17: =IFERROR(T17/H17,"-") -> 0.0066079295 | V17: 包裝 | W17: 取樣不穩 | X17: 超用 | Y17: 加強教育訓練，抓樣範圍95%~100% | Z17: 1 | AA17: 蕃茄莎莎海鮮冷義大利麵
D18: 14 | E18: 煮意麵肉燥 | F18: =IFERROR(T18*G18,"-") -> 1067.6 | G18: 125.6 | H18: 2497.4 | I18: 2331 | J18: =IFERROR(I18/H18,"-") -> 0.93337071 | K18: 2497.9 | L18: =IFERROR(K18/H18,"-") -> 1.0002002 | M18: 8 | N18: =IFERROR(M18/H18,"-") -> 0.0032033315 | O18: =IFERROR(K18+M18,"-") -> 2505.9 | P18: =IFERROR(O18/H18,"-") -> 1.0034035 | Q18: 1.8 | R18: =IFERROR(Q18/H18,"-") -> 0.00072074958 | S18: =IFERROR(Q18*G18,"-") -> 226.08 | T18: =IFERROR(O18-H18,"-") -> 8.5 | U18: =IFERROR(T18/H18,"-") -> 0.0034035397 | V18: 包裝 | W18: 取樣不穩 | X18: 超用 | Y18: 加強教育訓練，抓樣範圍95%~100% | Z18: 1 | AA18: 府城鹽水意麵
D19: 15 | E19: 川燙油菜 | F19: =IFERROR(T19*G19,"-") -> 965.34 | G19: 155.7 | H19: 218.3 | I19: 220.5 | J19: =IFERROR(I19/H19,"-") -> 1.0100779 | K19: 224.5 | L19: =IFERROR(K19/H19,"-") -> 1.0284013 | M19: 0 | N19: =IFERROR(M19/H19,"-") -> 0 | O19: =IFERROR(K19+M19,"-") -> 224.5 | P19: =IFERROR(O19/H19,"-") -> 1.0284013 | Q19: 3.4 | R19: =IFERROR(Q19/H19,"-") -> 0.015574897 | S19: =IFERROR(Q19*G19,"-") -> 529.38 | T19: =IFERROR(O19-H19,"-") -> 6.2 | U19: =IFERROR(T19/H19,"-") -> 0.028401283 | V19: 生管預估 | W19: 展開量高於需求量 | X19: 展開量高於需求量 | Y19: 除中式麵外，A級3i依預估90%配料，其餘品項拉低預估量 | Z19: 1 | AA19: 青花椒麻雞肉拌麵
D20: 16 | E20: 義麵-蒜味蝦醬(115年) | F20: =IFERROR(T20*G20,"-") -> 936.15 | G20: 118.5 | H20: 788.7 | I20: 686 | J20: =IFERROR(I20/H20,"-") -> 0.86978572 | K20: 796.6 | L20: =IFERROR(K20/H20,"-") -> 1.0100165 | M20: 0 | N20: =IFERROR(M20/H20,"-") -> 0 | O20: =IFERROR(K20+M20,"-") -> 796.6 | P20: =IFERROR(O20/H20,"-") -> 1.0100165 | Q20: 3.4 | R20: =IFERROR(Q20/H20,"-") -> 0.0043108913 | S20: =IFERROR(Q20*G20,"-") -> 402.9 | T20: =IFERROR(O20-H20,"-") -> 7.9 | U20: =IFERROR(T20/H20,"-") -> 0.010016483 | V20: 生管預估 | W20: 展開量高於需求量 | X20: 展開量高於需求量 | Y20: 除中式麵外，A級3i依預估90%配料，其餘品項拉低預估量 | Z20: 1 | AA20: 蒜香奶油蝦蝦義大利麵
D21: 17 | E21: 煮鹽水意麵 | F21: =IFERROR(T21*G21,"-") -> 931.84 | G21: 36.4 | H21: 8205.7 | I21: 7659 | J21: =IFERROR(I21/H21,"-") -> 0.93337558 | K21: 8219.7 | L21: =IFERROR(K21/H21,"-") -> 1.0017061 | M21: 11.6 | N21: =IFERROR(M21/H21,"-") -> 0.0014136515 | O21: =IFERROR(K21+M21,"-") -> 8231.3 | P21: =IFERROR(O21/H21,"-") -> 1.0031198 | Q21: 0 | R21: =IFERROR(Q21/H21,"-") -> 0 | S21: =IFERROR(Q21*G21,"-") -> 0 | T21: =IFERROR(O21-H21,"-") -> 25.6 | U21: =IFERROR(T21/H21,"-") -> 0.0031197826 | V21: 包裝 | W21: 取樣不穩 | X21: 超用 | Y21: 加強教育訓練，抓樣範圍95%~100% | Z21: 1 | AA21: 府城鹽水意麵
D22: 18 | E22: 113年煮沙茶炒麵湯凍 | F22: =IFERROR(T22*G22,"-") -> 910.8 | G22: 82.8 | H22: 699.6 | I22: 625.8 | J22: =IFERROR(I22/H22,"-") -> 0.89451115 | K22: 710.6 | L22: =IFERROR(K22/H22,"-") -> 1.0157233 | M22: 0 | N22: =IFERROR(M22/H22,"-") -> 0 | O22: =IFERROR(K22+M22,"-") -> 710.6 | P22: =IFERROR(O22/H22,"-") -> 1.0157233 | Q22: 6.4 | R22: =IFERROR(Q22/H22,"-") -> 0.0091480846 | S22: =IFERROR(Q22*G22,"-") -> 529.92 | T22: =IFERROR(O22-H22,"-") -> 11 | U22: =IFERROR(T22/H22,"-") -> 0.01572327 | V22: 生管預估 | W22: 展開量高於需求量 | X22: 展開量高於需求量 | Y22: 除中式麵外，A級3i依預估90%配料，其餘品項拉低預估量 | Z22: 1 | AA22: 沙茶豬肉炒麵
D23: 19 | E23: 義麵-粉紅辣味奶醬 | F23: =IFERROR(T23*G23,"-") -> 807.68 | G23: 63.1 | H23: 1009.4 | I23: 928 | J23: =IFERROR(I23/H23,"-") -> 0.91935803 | K23: 1022.2 | L23: =IFERROR(K23/H23,"-") -> 1.0126808 | M23: 0 | N23: =IFERROR(M23/H23,"-") -> 0 | O23: =IFERROR(K23+M23,"-") -> 1022.2 | P23: =IFERROR(O23/H23,"-") -> 1.0126808 | Q23: 11.4 | R23: =IFERROR(Q23/H23,"-") -> 0.011293838 | S23: =IFERROR(Q23*G23,"-") -> 719.34 | T23: =IFERROR(O23-H23,"-") -> 12.8 | U23: =IFERROR(T23/H23,"-") -> 0.0126808 | V23: 生管預估 | W23: 展開量高於需求量 | X23: 展開量高於需求量 | Y23: 除中式麵外，A級3i依預估90%配料，其餘品項拉低預估量 | Z23: 1 | AA23: 奶油鮮蝦明太子細扁麵
D24: 20 | E24: 川燙油菜 | F24: =IFERROR(T24*G24,"-") -> 730.08 | G24: 140.4 | H24: 356.8 | I24: 333 | J24: =IFERROR(I24/H24,"-") -> 0.93329596 | K24: 357.4 | L24: =IFERROR(K24/H24,"-") -> 1.0016816 | M24: 4.6 | N24: =IFERROR(M24/H24,"-") -> 0.012892377 | O24: =IFERROR(K24+M24,"-") -> 362 | P24: =IFERROR(O24/H24,"-") -> 1.014574 | Q24: 0 | R24: =IFERROR(Q24/H24,"-") -> 0 | S24: =IFERROR(Q24*G24,"-") -> 0 | T24: =IFERROR(O24-H24,"-") -> 5.2 | U24: =IFERROR(T24/H24,"-") -> 0.014573991 | V24: 包裝 | W24: 取樣不穩 | X24: 超用 | Y24: 加強教育訓練，抓樣範圍95%~100% | Z24: 1 | AA24: 府城鹽水意麵

Sheet 填寫舉例
A2: 7 | B2: 月別 | C2: 工廠名 | D2: ・・・・・・・・
A4: （１）收支狀況 | E4: ※單位：千元 | G4: （２）ＫＰＩ達成進度 | M4: （３）業績構成比 | S4: （４）訂單數量構成比
B5: 當月 | C5: 前月 | D5: 差異 | E5: 累計 | H5: KPI | I5: 當月 | J5: 前月 | K5: 累計 | L5: ※補充 | N5: 當月 | O5: 比例 | P5: 前月 | Q5: 差異 | T5: 當月 | U5: 比例 | V5: 前月 | W5: 差異
A6: 業績金額 | B6: 500000 | C6: 510000 | D6: =B6-C6 -> -10000 | E6: =B6+C6 -> 1010000 | G6: 人時生產性1 | H6: 110 | I6: 100 | J6: 90 | L6: 個／MH | M6: 飯糰 | N6: 150000 | O6: =IFERROR(N6/$B$6,"") -> 0.3 | P6: 0.4 | Q6: =IFERROR(O6-P6,"") -> -0.1 | S6: 飯糰 | T6: 35000 | U6: =IFERROR(T6/$B$7,"") -> 0.35 | V6: 0.3 | W6: =IFERROR(U6-V6,"") -> 0.05
A7: 訂單數量 | B7: 100000 | C7: 110000 | D7: =B7-C7 -> -10000 | E7: =B7+C7 -> 210000 | G7: 人時生產性2 | H7: 0.8 | I7: 0.85 | J7: 0.81 | K7: 0.84 | L7: 達成率 | M7: 大口飯糰 | N7: 100000 | O7: =IFERROR(N7/$B$6,"") -> 0.2 | P7: 0.15 | Q7: =IFERROR(O7-P7,"") -> 0.05 | S7: 大口飯糰 | T7: 30000 | U7: =IFERROR(T7/$B$7,"") -> 0.3 | V7: 0.15 | W7: =IFERROR(U7-V7,"") -> 0.15
A8: 材料費 | B8: 250000 | C8: 260000 | D8: =B8-C8 -> -10000 | E8: =B8+C8 -> 510000 | G8: 半成品報廢 | H8: 0.0025 | I8: 0.0024 | J8: 0.0023 | K8: 0.00235 | L8: 報廢率 | M8: 便當 | N8: 160000 | O8: =IFERROR(N8/$B$6,"") -> 0.32 | P8: 0.28 | Q8: =IFERROR(O8-P8,"") -> 0.04 | S8: 便當 | T8: 20000 | U8: =IFERROR(T8/$B$7,"") -> 0.2 | V8: 0.28 | W8: =IFERROR(U8-V8,"") -> -0.08
A9: 材料費率 | B9: =B8/B6 -> 0.5 | C9: =C8/C6 -> 0.50980392 | D9: =B9-C9 -> -0.0098039216 | E9: =(B9+C9)/2 -> 0.50490196 | G9: 半成品超用 | H9: 0.006 | I9: 0.009 | J9: 0.0095 | K9: 0.0092 | L9: 超用率 | M9: 調理麵 | N9: 90000 | O9: =IFERROR(N9/$B$6,"") -> 0.18 | P9: 0.17 | Q9: =IFERROR(O9-P9,"") -> 0.01 | S9: 調理麵 | T9: 15000 | U9: =IFERROR(T9/$B$7,"") -> 0.15 | V9: 0.27 | W9: =IFERROR(U9-V9,"") -> -0.12
A10: 勞務成本 | B10: 100000 | C10: 105000 | D10: =B10-C10 -> -5000 | E10: =B10+C10 -> 205000 | G10: 固定產線 | H10: 0.95 | I10: 0.9 | J10: 0.92 | K10: 0.91 | L10: 導入率 | M10: 調理麵包 | N10: - | O10: =IFERROR(N10/$B$6,"") | P10: -% | Q10: =IFERROR(O10-P10,"") | S10: 調理麵包 | T10: - | U10: =IFERROR(T10/$B$7,"") | V10: -% | W10: =IFERROR(U10-V10,"")
A11: 勞務費率 | B11: =B10/B6 -> 0.2 | C11: =C10/C6 -> 0.20588235 | D11: =B11-C11 -> -0.0058823529 | E11: =(B11+C11)/2 -> 0.20294118 | G11: 教育訓練 | H11: 0.8 | I11: 0.85 | J11: 1 | K11: 0.92 | L11: 實施率 | M11: 袋裝調理麵包 | N11: - | O11: =IFERROR(N11/$B$6,"") | P11: -% | Q11: =IFERROR(O11-P11,"") | S11: 袋裝調理麵包 | T11: - | U11: =IFERROR(T11/$B$7,"") | V11: -% | W11: =IFERROR(U11-V11,"")
M12: 義大利麵 | N12: - | O12: =IFERROR(N12/$B$6,"") | P12: -% | Q12: =IFERROR(O12-P12,"") | S12: 義大利麵 | T12: - | U12: =IFERROR(T12/$B$7,"") | V12: -% | W12: =IFERROR(U12-V12,"")
A13: （５）品群別人時生產性 | M13: 調理包 | N13: - | O13: =IFERROR(N13/$B$6,"") | P13: -% | Q13: =IFERROR(O13-P13,"") | S13: 調理包 | T13: - | U13: =IFERROR(T13/$B$7,"") | V13: -% | W13: =IFERROR(U13-V13,"")
B14: 當月 | C14: 前月 | D14: 差異 | E14: 累計 | H14: 當月 | I14: 前月 | J14: 差異 | K14: 累計 | O14: =SUM(O6:O13) -> 1 | P14: =SUM(P6:P13) -> 1 | U14: =SUM(U6:U13) -> 1 | V14: =SUM(V6:V13) -> 1
A15: 飯糰 | B15: 600 | C15: 660 | D15: =B15-C15 -> -60 | E15: =(B15+C15)/2 -> 630 | G15: 調理麵包 | J15: =H15-I15 -> 0 | M15: （７）原因別分析
A16: 大口飯糰 | B16: 800 | C16: 780 | D16: =B16-C16 -> 20 | E16: =(B16+C16)/2 -> 790 | G16: 袋裝調理麵包 | J16: =H16-I16 -> 0 | N16: 合計 | P16: 作業原因 | R16: 規格原因
A17: 便當 | B17: 130 | C17: 111 | D17: =B17-C17 -> 19 | E17: =(B17+C17)/2 -> 120.5 | G17: 義大利麵 | J17: =H17-I17 -> 0 | N17: 金額 | O17: 比例 | P17: 金額 | Q17: 比例 | R17: 金額 | S17: 比例
A18: 調理麵 | B18: 140 | C18: 165 | D18: =B18-C18 -> -25 | E18: =(B18+C18)/2 -> 152.5 | G18: 調理包 | J18: =H18-I18 -> 0 | M18: 半成品報廢 | N18: 1200 | O18: =N18/$B$6 -> 0.0024 | P18: 900 | Q18: =IFERROR(P18/$B$6,"") -> 0.0018 | R18: 300 | S18: =IFERROR(R18/$B$6,"") -> 0.0006
M19: 半成品超用 | N19: 4500 | O19: =N19/$B$6 -> 0.009 | P19: 3500 | Q19: =IFERROR(P19/$B$6,"") -> 0.007 | R19: 1000 | S19: =IFERROR(R19/$B$6,"") -> 0.002
A20: （６）人時生產性前幾名品項
B21: 排名 | C21: 商品名 | F21: 人數 | G21: 產能 | H21: 人時生產性 | I21: 前月比 | J21: 主要原因&對策 | M21: （８）報廢原因別前幾名品項
A22: 飯糰 | B22: 1 | C22: 手巻明太子 | F22: 3 | G22: 3000 | H22: 1000 | I22: 10 | J22: 減少暫時停止生產,人時UP | M22: 半成品報廢 | N22: 排名 | O22: 商品名 | R22: 半成品名 | U22: 單價 | V22: 報廢率 | W22: 數量 | X22: 金額 | Y22: 前月比 | Z22: 主要原因&對策
B23: 2 | M23: 作業原因 | N23: 1 | O23: 明太子海苔便當 | R23: 油炸白身魚 | U23: 10 | V23: 0.15 | W23: 10 | X23: =W23*U23 -> 100 | Y23: 80 | Z23: 油調過多報廢。變更條件。
B24: 3 | N24: 2 | X24: =W24*U24 -> 0
B25: 4 | N25: 3 | X25: =W25*U25 -> 0
B26: 5 | N26: 4 | X26: =W26*U26 -> 0
B27: ▼1 | C27: 手巻卵黄雞絞肉 | F27: 4 | G27: 2800 | H27: 700 | I27: 6/30新商品 | J27: 因組裝2食材,人員增加,產速減少 | N27: 5 | X27: =W27*U27 -> 0
B28: ▼2 | U28: 前幾名合計比例 | V28: =X28/N18 -> 0.083333333 | W28: 前幾名合計金額 | X28: =SUM(X23:X27) -> 100
B29: ▼3 | M29: 規格原因 | N29: 1 | O29: 海老炒飯 | R29: 川燙蝦子拌醬 | U29: 5.55 | V29: 0.21 | W29: 50 | X29: =W29*U29 -> 277.5 | Y29: 35 | Z29: 蝦子入數不足
B30: ▼4 | N30: 2 | X30: =W30*U30 -> 0
B31: ▼5 | N31: 3 | X31: =W31*U31 -> 0
N32: 4 | X32: =W32*U32 -> 0
B33: 排名 | C33: 商品名 | F33: 人數 | G33: 產能 | H33: 人時生產性 | I33: 前月比 | J33: 主要原因&對策 | N33: 5 | X33: =W33*U33 -> 0
A34: 大口飯糰 | B34: 1 | C34: 直巻明太子美奶茲 | F34: 3 | G34: 2500 | H34: 833.33 | I34: 20 | J34: 透由調整速度提升。 | U34: 前幾名合計比例 | V34: =X34/N18 -> 0.23125 | W34: 前幾名合計金額 | X34: =SUM(X29:X33) -> 277.5
B35: 2
B36: 3 | M36: 半成品超用 | N36: 排名 | O36: 商品名 | R36: 半成品名 | U36: 單價 | V36: 報廢率 | W36: 數量 | X36: 金額 | Y36: 前月比 | Z36: 主要原因&對策
B37: 4 | M37: 作業原因 | N37: 1 | O37: 特製醬汁炙燒牛五花便當 | R37: 牛五花醬汁 | U37: 25 | V37: 0.25 | W37: 10 | X37: =W37*U37 -> 250 | Y37: 150 | Z37: 難度有差異。調理指導。
B38: 5 | N38: 2 | X38: =W38*U38 -> 0
B39: ▼1 | C39: 大口飯糰燒肉美奶滋 | F39: 7 | G39: 2200 | H39: 314.29 | I39: -15 | J39: 因摺疊增員。實施教育訓練。 | N39: 3 | X39: =W39*U39 -> 0
B40: ▼2 | N40: 4 | X40: =W40*U40 -> 0
B41: ▼3 | N41: 5 | X41: =W41*U41 -> 0
B42: ▼4 | U42: 前幾名合計比例 | V42: =X42/N19 -> 0.055555556 | W42: 前幾名合計金額 | X42: =SUM(X37:X41) -> 250
B43: ▼5 | M43: 規格原因 | N43: 1 | O43: 特製醬汁炙燒牛五花便當 | R43: 牛五花燒成 | U43: 30 | V43: 0.1 | W43: 20 | X43: =W43*U43 -> 600 | Y43: 400 | Z43: 因原料變更。
N44: 2 | X44: =W44*U44 -> 0
B45: 排名 | C45: 商品名 | F45: 人數 | G45: 產能 | H45: 人時生產性 | I45: 前月比 | J45: 主要原因&對策 | N45: 3 | X45: =W45*U45 -> 0
A46: 便當 | B46: 1 | C46: 明太子海苔便當 | F46: 15 | G46: 1200 | H46: 80 | I46: 5 | J46: 指導鋪開炒柴魚片 | N46: 4 | X46: =W46*U46 -> 0
B47: 2 | N47: 5 | X47: =W47*U47 -> 0
B48: 3 | U48: 前幾名合計比例 | V48: =X48/N19 -> 0.13333333 | W48: 前幾名合計金額 | X48: =SUM(X43:X47) -> 600
B49: 4
B50: 5 | M50: （９）歩留
B51: ▼1 | C51: 特製醬汁炙燒牛五花便當 | F51: 18 | G51: 800 | H51: 44.44 | I51: -15 | J51: 肉狀態不良，已連動開發 | N51: No. | O51: 商品名 | R51: 半成品名 | U51: 單價 | V51: 規格 | W51: 實績 | X51: 差異 | Y51: 主要原因&對策
B52: ▼2 | M52: 作業原因 | N52: 1 | O52: 特製醬汁炙燒牛五花便當 | R52: 牛五花燒成 | U52: 30 | V52: 0.62 | W52: 0.58 | X52: =W52-V52 -> -0.04 | Y52: 燒成過多，調整調理條件。
B53: ▼3 | N53: 2 | X53: =W53-V53 -> 0
B54: ▼4 | M54: 規格原因 | N54: 1 | O54: 大口飯糰三種起司午餐肉 | R54: ３種起司燒成 | U54: 20 | V54: 0.9 | W54: 0.82 | X54: =W54-V54 -> -0.08 | Y54: 與燒成範本不同。
B55: ▼5 | N55: 2 | X55: =W55-V55 -> 0

Sheet 鮮食品群番
B2: 鮮食品群番
B3: 06 | C3: 飯糰 | E3: 10 | F3: 三明治
B4: 061 | C4: 飯糰一配 | E4: 106 | F4: 三明治４度Ｃ
B5: 063 | C5: 飯糰二配 | E5: 107 | F5: 調理麵包４度Ｃ
B6: 065 | C6: 飯糰４度Ｃ | E6: 11 | F6: 季節調理麵
B7: 07 | C7: 壽司、手卷 | E7: 111 | F7: 涼麵
B8: 071 | C8: 壽司一配 | E8: 112 | F8: 熱湯麵
B9: 072 | C9: 手卷一配 | E9: 12 | F9: 熱食義麵
B10: 075 | C10: 壽司二配 | E10: 122 | F10: 熱食麵
B11: 076 | C11: 手卷２配 | E11: 123 | F11: 熱湯麵
B12: 077 | C12: ４℃壽司手卷 | E12: 124 | F12: 義大利麵
B13: 08 | C13: 便當 | E13: 126 | F13: 冷凍調理麵
B14: 083 | C14: 便當４℃ | E14: 14 | F14: 沙拉
... B19: 094 | C19: 粥品 | E19: 155 | F19: 特色小吃
B20: 095 | C20: 其他飯類

Sheet 07產線配置圖
A1: 品項 | B1: 人數 | C1: 產能
A2: 義大利麵 | D2: ET-600
A3: 白酒清炒鮮蛤義大利麵 | B3: 15 | C3: 2250 | D3: ET-55 | G3: =C3/B3 -> 150
A4: 白酒清炒鮮蛤義大利麵-手 | B4: 15 | C4: 1716
A5: 青醬蛤蜊義大利麵 | B5: 14 | C5: 2250 | G5: =C5/B5 -> 160.71429
A6: 青醬蛤蜊義大利麵-手 | B6: 16 | C6: 1714
A7: 義式蕃茄起司義大利麵 | B7: 13 | C7: 2250 | G7: =C7/B7 -> 173.07692
A8: 奶油培根義大利麵 | B8: 15 | C8: 2250 | G8: =C8/B8 -> 150
A9: 蒜香奶油蝦蝦義大利麵 | B9: 17 | C9: 2250
A10: 蒜香奶油蝦蝦義大利麵-手 | B10: 17 | C10: 1716 | G10: =C10/B10 -> 100.94118
A11: 鱈魚粉紅青醬筆尖麵 | B11: 17 | C11: 1636 | G11: =C11/B11 -> 96.235294
A12: 香煎魚排佐檸檬奶油義大利麵 | B12: 15 | C12: 2250
A13: 黑松露野菇義大利麵 | B13: 17 | C13: 1636
A14: 青花椒麻雞肉拌麵 | B14: 15 | C14: 1714 | G14: =C14/B14 -> 114.26667
A15: 焗烤起司雙饗筆尖麵 | B15: 16 | C15: 1800
A16: 沙茶豬肉炒麵 | B16: 17 | C16: 1800 | G16: =C16/B16 -> 105.88235
A17: 府城鹽水意麵 | B17: 18 | C17: 1636 | G17: =C17/B17 -> 90.888889
A18: 焗烤起司肉醬筆尖麵-降 | B18: 10 | C18: 1125 | G18: =C18/B18 -> 112.5
A19: 焗烤起司肉醬筆尖麵 | B19: 13 | C19: 1440 | G19: =C19/B19 -> 110.76923
A20: 羅馬黑胡椒起司義大利麵 | B20: 16 | C20: 2250 | G20: =C20/B20 -> 140.625
A21: 奶油鮮蝦明太子細扁麵 | B21: 18 | C21: 1636 | G21: =C21/B21 -> 90.888889
A22: 焦糖拿鐵烤雞細扁麵 | B22: 18 | C22: 1565 | G22: =C22/B22 -> 86.944444
A23: 義式蛋蛋青醬鮪魚冷義大利麵 | B23: 17 | C23: 1500 | G23: =C23/B23 -> 88.235294
A24: 蕃茄莎莎海鮮冷義大利麵 | B24: 16 | C24: 1500 | G24: =C24/B24 -> 93.75
A26: 調理包
A27: 小滷青蔬 | B27: 15 | C27: 1636 | G27: =C27/B27 -> 109.06667
A28: 起司馬鈴薯 | B28: 11 | C28: 1636 | G28: =C28/B28 -> 148.72727
A29: 麻辣雞心 | B29: 11 | C29: 1636 | G29: =C29/B29 -> 148.72727
A30: 韓式炒冬粉 | B30: 11 | C30: 1636
