Workbook

Sheet 生產管理報表(週) 
A1: 長家廠生產管理報表
A3: 月別 | B3: 8 | C3: 週別 | D3: W3 | E3: 工廠 | F3: 長家廠
A4: （１）收支狀況 | E4: ※單位：千元 | G4: （２）ＫＰＩ達成進度
A5: 項目 | B5: 當週 | C5: 前週 | D5: 差異 | E5: 累計 | G5: 項目 | H5: KPI | I5: 當週 | J5: 前週 | K5: 累計 | L5: ※補充
A6: 業績金額 | B6: ='（１）收支狀況'!G22/1000 -> 17043.774 | C6: 17686.446 | D6: =B6-C6 -> -642.67252 | E6: ='（１）收支狀況'!H5/1000 -> 61106.542 | G6: 人時性(個/月均) | H6: ='（２）ＫＰＩ達成進度'!C1 -> 126.6 | I6: ='（２）ＫＰＩ達成進度'!G22 -> 114.21429 | J6: 113.62857 | K6: ='（２）ＫＰＩ達成進度'!H5 -> 114.1375 | L6: 個／MH
A7: 訂單數量 | B7: ='（１）收支狀況'!J22 -> 368210 | C7: 382077 | D7: =B7-C7 -> -13867 | E7: ='（１）收支狀況'!K5 -> 1320645 | G7: 人時達成率(%/月均) | H7: 0.8 | I7: =I6/H6 -> 0.90216655 | J7: =J6/H6 -> 0.89754006 | K7: =K6/H6 -> 0.90156003 | L7: 達成率
A8: 材料費 | B8: ='（１）收支狀況'!M22/1000 -> 10756.808 | C8: 11162.561 | D8: =B8-C8 -> -405.75369 | E8: ='（１）收支狀況'!N5/1000 -> 38561.051 | G8: 半成品-報廢(%) | H8: 0.0025 | I8: ='（２）ＫＰＩ達成進度'!M22 -> 0.0026055314 | J8: 0.0024047489 | K8: ='日別報廢率總表 '!C36/'日別報廢率總表 '!B36 -> 0.0029544993 | L8: 報廢率
A9: 材料費率 | B9: =B8/B6 -> 0.63112827 | C9: =C8/C6 -> 0.63113646 | D9: =B9-C9 -> -8.1922096e-06 | E9: =E8/E6 -> 0.63104621 | G9: 半成品-超用(%) | H9: 0.0025 | I9: ='（２）ＫＰＩ達成進度'!P22 -> 0.0032068891 | J9: 0.0031849042 | K9: ='日別報廢率總表 '!E36/'日別報廢率總表 '!B36 -> 0.0041353631 | L9: 超用率
A10: 勞務成本 | D10: =B10-C10 -> 0 | G10: 固定產線-導入率(%) | H10: 1 | I10: ='（２）ＫＰＩ達成進度'!S22 -> 0.286 | J10: 0.286 | K10: ='（２）ＫＰＩ達成進度'!T5 -> 0.286 | L10: 導入率
A11: 勞務費率 | D11: =B11-C11 -> 0 | G11: 教育訓練-實施率(%) | H11: 1 | I11: ='（２）ＫＰＩ達成進度'!V22 -> 0.93714286 | J11: 0.92 | K11: ='（２）ＫＰＩ達成進度'!W5 -> 0.905 | L11: 實施率
A13: （３）業績構成比 | G13: （４）訂單數量構成比
B14: 當週 | C14: 比例 | D14: 前週 | E14: 差異 | H14: 當週 | I14: 比例 | J14: 前週 | K14: 差異
A15: 熱食義麵(122,123,124,126) | B15: =SUM('（３）業績構成比'!I24:I30)/1000 -> 15400.169 | C15: =B15/B6 -> 0.90356569 | D15: 0.90272694 | E15: =C15-D15 -> 0.00083875816 | G15: 熱食義麵(122,123,124,126) | H15: =SUM('（４）訂單數量構成比'!I24:I30) -> 308741 | I15: =IFERROR(H15/$B$7,"") -> 0.83849162 | J15: 0.83709043 | K15: =IFERROR(I15-J15,"") -> 0.0014011922
A16: 季節調理麵(111,112) | C16: =IFERROR(B16/$B$6,"") -> 0 | D16: 0 | E16: =IFERROR(C16-D16,"") -> 0 | G16: 季節調理麵(111,112) | I16: =IFERROR(H16/$B$7,"") -> 0 | J16: 0 | K16: =IFERROR(I16-J16,"") -> 0
A17: 微波小吃(153,154,155) | B17: =SUM('（３）業績構成比'!M24:M30)/1000 -> 1643.6045 | C17: =B17/B6 -> 0.096434306 | D17: 0.097273065 | E17: =C17-D17 -> -0.00083875816 | G17: 微波小吃(153,154,155) | H17: =SUM('（４）訂單數量構成比'!M24:M30) -> 59469 | I17: =IFERROR(H17/$B$7,"") -> 0.16150838 | J17: 0.16290957 | K17: =IFERROR(I17-J17,"") -> -0.0014011922
C18: =SUM(C15:C17) -> 1 | D18: =SUM(D15:D17) -> 1 | I18: =SUM(I15:I17) -> 1 | J18: =SUM(J15:J17) -> 1
A20: （５）品群別人時生產性
A21: 品群 | B21: 當週 | C21: 前週 | D21: 差異 | E21: 累計
A22: 熱食義麵(122,123,124,126) | B22: 112.5 | C22: 110.5 | D22: =B22-C22 -> 2 | E22: ='（５-1）品群別人時生產性（熱食義麵）'!C1 -> 111.26856
A23: 季節調理麵(111,112) | D23: =B23-C23 -> 0
A24: 微波小吃(153,154,155) | B24: 121.9 | C24: 125.4 | D24: =B24-C24 -> -3.5 | E24: ='（５-3）品群別人時生產性(微波小吃)'!C1 -> 125.66178

Sheet （１）收支狀況
B2: （１）收支狀況
B3: 資料繳交日 | C3: 月份 | D3: 日期 | F3: 營業額(元) | I3: 訂單數量(個) | L3: 材料費(元) | O3: 材料費率（材料費／營業額） | R3: 勞務成本（全廠人事成本） | U3: 勞務費率（勞務成本／營業額）
F4: 日 | G4: 週累積 | H4: 月累積 | I4: 日 | J4: 週累積 | K4: 月累積 | L4: 日 | M4: 週累積 | N4: 月累積 | O4: 日 | P4: 週累積 | Q4: 月累積 | R4: 日 | S4: 週累積 | T4: 月累積 | U4: 日 | V4: 週累積 | W4: 月累積
C5: 八 | D5: 46235 | E5: 六 | F5: 2319312.8 | G5: =SUM(F5:F7) -> 8367994 | H5: =SUM(F5:F35) -> 61106542 | I5: 50157 | J5: =SUM(I5:I7) -> 180848 | K5: =SUM(I5:I35) -> 1320645 | L5: 1463267 | M5: =SUM(L5:L7) -> 5279336.2 | N5: =SUM(L5:L35) -> 38561051 | O5: =L5/F5 -> 0.63090544 | P5: =M5/G5 -> 0.63089627 | Q5: =N5/H5 -> 0.63104621 | S5: =SUM(R5) -> 0 | T5: =SUM(R5:R36) -> 0 | U5: =R5/F5 -> 0 | V5: =S5/M5 -> 0 | W5: =T5/N5 -> 0
D6: 46236 | E6: 日 | F6: 3023076.5 | I6: 65177 | L6: 1907538.2 | O6: =L6/F6 -> 0.63099237 | S6: =SUM(R6:R12) -> 0 | U6: =R6/F6 -> 0 | V6: =S6/M6 -> #DIV/0!
D7: 46237 | E7: 一 | F7: 3025604.7 | I7: 65514 | L7: 1908530.9 | O7: =L7/F7 -> 0.63079323 | U7: =R7/F7 -> 0
B8: 46246 | D8: 46238 | E8: 二 | F8: 2744836.5 | G8: =SUM(F8:F14) -> 18008328 | I8: 60136 | J8: =SUM(I8:I14) -> 389510 | L8: 1732247 | M8: =SUM(L8:L14) -> 11362346 | O8: =L8/F8 -> 0.63109296 | P8: =M8/G8 -> 0.63094956 | U8: =R8/F8 -> 0
D9: 46239 | E9: 三 | F9: 2568942.7 | I9: 55976 | L9: 1620433.9 | O9: =L9/F9 -> 0.63077853 | U9: =R9/F9 -> 0
D10: 46240 | E10: 四 | F10: 2531185.4 | I10: 54231 | L10: 1596646.8 | O10: =L10/F10 -> 0.63079014 | U10: =R10/F10 -> 0
D11: 46241 | E11: 五 | F11: 1978394.4 | I11: 43046 | L11: 1248388.5 | O11: =L11/F11 -> 0.63101092 | U11: =R11/F11 -> 0
D12: 46242 | E12: 六 | F12: 2143592.4 | I12: 46671 | L12: 1352463.2 | O12: =L12/F12 -> 0.63093301 | U12: =R12/F12 -> 0
D13: 46243 | E13: 日 | F13: 3005927.6 | I13: 64248 | L13: 1896834.4 | O13: =L13/F13 -> 0.6310313 | S13: =SUM(R13:R19) -> 0 | U13: =R13/F13 -> 0 | V13: =S13/M13 -> #DIV/0!
D14: 46244 | E14: 一 | F14: 3035448.5 | I14: 65202 | L14: 1915332.6 | O14: =L14/F14 -> 0.63098832 | U14: =R14/F14 -> 0
B15: 46253 | D15: 46245 | E15: 二 | F15: 2592646.8 | G15: =SUM(F15:F21) -> 17686446 | I15: 56162 | J15: =SUM(I15:I21) -> 382077 | L15: 1636367.5 | M15: =SUM(L15:L21) -> 11162561 | O15: =L15/F15 -> 0.63115712 | P15: =M15/G15 -> 0.63113646 | U15: =R15/F15 -> 0
D16: 46246 | E16: 三 | F16: 2595086.9 | I16: 55867 | L16: 1637904.8 | O16: =L16/F16 -> 0.63115603 | U16: =R16/F16 -> 0
D17: 46247 | E17: 四 | F17: 2476906 | I17: 53441 | L17: 1563050.7 | O17: =L17/F17 -> 0.6310497 | U17: =R17/F17 -> 0
D18: 46248 | E18: 五 | F18: 2004758.6 | I18: 43480 | L18: 1265097.9 | O18: =L18/F18 -> 0.63104751 | U18: =R18/F18 -> 0
D19: 46249 | E19: 六 | F19: 2180067.2 | I19: 47216 | L19: 1375942.3 | O19: =L19/F19 -> 0.63114675 | U19: =R19/F19 -> 0
D20: 46250 | E20: 日 | F20: 2865626.4 | I20: 61768 | L20: 1808344.6 | O20: =L20/F20 -> 0.63104689 | S20: =SUM(R20:R26) -> 0 | U20: =R20/F20 -> 0 | V20: =S20/M20 -> #DIV/0!
D21: 46251 | E21: 一 | F21: 2971354.7 | I21: 64143 | L21: 1875853.4 | O21: =L21/F21 -> 0.63131253 | U21: =R21/F21 -> 0
B22: 46260 | D22: 46252 | E22: 二 | F22: 2636829.4 | G22: =SUM(F22:F28) -> 17043774 | I22: 56950 | J22: =SUM(I22:I28) -> 368210 | L22: 1664202.5 | M22: =SUM(L22:L28) -> 10756808 | O22: =L22/F22 -> 0.63113773 | P22: =M22/G22 -> 0.63112827 | U22: =R22/F22 -> 0
D23: 46253 | E23: 三 | F23: 2408538.3 | I23: 51994 | L23: 1520379.1 | O23: =L23/F23 -> 0.63124557 | U23: =R23/F23 -> 0
D24: 46254 | E24: 四 | F24: 2319925.4 | I24: 50258 | L24: 1464553 | O24: =L24/F24 -> 0.63129315 | U24: =R24/F24 -> 0
D25: 46255 | E25: 五 | F25: 1831621.7 | I25: 39573 | L25: 1155921.6 | O25: =L25/F25 -> 0.63109193 | U25: =R25/F25 -> 0
D26: 46256 | E26: 六 | F26: 2037135.9 | I26: 44045 | L26: 1285695.6 | O26: =L26/F26 -> 0.63112904 | U26: =R26/F26 -> 0
D27: 46257 | E27: 日 | F27: 2878649.5 | I27: 62066 | L27: 1816049.2 | O27: =L27/F27 -> 0.63086846 | S27: =SUM(R27:R33) -> 0 | U27: =R27/F27 -> 0 | V27: =S27/M27 -> #DIV/0!
D28: 46258 | E28: 一 | F28: 2931073.8 | I28: 63324 | L28: 1850006.5 | O28: =L28/F28 -> 0.63117022 | U28: =R28/F28 -> 0
B29: 46267 | D29: 46259 | E29: 二 | G29: =SUM(F29:F35) -> 0 | J29: =SUM(I29:I35) -> 0 | M29: =SUM(L29:L35) -> 0 | O29: =L29/F29 -> #DIV/0! | P29: =M29/G29 -> #DIV/0! | U29: =R29/F29 -> #DIV/0!
D30: 46260 | E30: 三 | O30: =L30/F30 -> #DIV/0! | U30: =R30/F30 -> #DIV/0!
D31: 46261 | E31: 四 | O31: =L31/F31 -> #DIV/0! | U31: =R31/F31 -> #DIV/0!
D32: 46262 | E32: 五 | O32: =L32/F32 -> #DIV/0! | U32: =R32/F32 -> #DIV/0!
D33: 46263 | E33: 六 | O33: =L33/F33 -> #DIV/0! | U33: =R33/F33 -> #DIV/0!
D34: 46264 | E34: 日 | O34: =L34/F34 -> #DIV/0! | U34: =R34/F34 -> #DIV/0!
D35: 46265 | E35: 一 | O35: =L35/F35 -> #DIV/0! | U35: =R35/F35 -> #DIV/0!

Sheet （２）ＫＰＩ達成進度
C1: 126.6
B2: （２）ＫＰＩ達成進度
B3: 資料繳交日 | C3: 月份 | D3: 日期 | F3: 人時生產性(個/人) | I3: 人時生產性達成率(%) | L3: 半成品報廢(%) | O3: 半成品超用(%) | R3: 固定產線-導入率(固定產線數/總產線數) | U3: 教育訓練-實施率(進度/計畫)
F4: 日 | G4: 週平均 | H4: 月平均 | I4: 日 | J4: 週平均 | K4: 月平均 | L4: 日 | M4: 週平均 | N4: 月平均 | O4: 日 | P4: 週平均 | Q4: 月平均 | R4: 日 | S4: 週平均 | T4: 月平均 | U4: 日 | V4: 週平均 | W4: 月平均
C5: 八 | D5: 46235 | E5: 六 | F5: 112.8 | G5: =AVERAGE(F5:F7) -> 114.03333 | H5: =AVERAGE(F5:F35) -> 114.1375 | I5: =F5/$C$1 -> 0.89099526 | J5: =AVERAGE(I5:I7) -> 0.90073723 | K5: =H5/C1 -> 0.90156003 | L5: ='日別報廢率總表 '!C4/'日別報廢率總表 '!B4 -> 0.0024457273 | M5: ='日別報廢率總表 '!N4/'日別報廢率總表 '!M4 -> 0.0034201656 | N5: ='日別報廢率總表 '!C36/'日別報廢率總表 '!B36 -> 0.0029544993 | O5: ='日別報廢率總表 '!E4/'日別報廢率總表 '!B4 -> 0.004845583 | P5: ='日別報廢率總表 '!O4/'日別報廢率總表 '!M4 -> 0.0056793174 | Q5: ='日別報廢率總表 '!E36/'日別報廢率總表 '!B36 -> 0.0041353631 | R5: 0.286 | S5: =AVERAGE(R5:R7) -> 0.286 | T5: =AVERAGE(R5:R35) -> 0.286 | U5: 0.85 | V5: =AVERAGE(U5:U7) -> 0.85 | W5: =AVERAGE(U5:U35) -> 0.905
D6: 46236 | E6: 日 | F6: 115.2 | I6: =F6/$C$1 -> 0.90995261 | L6: ='日別報廢率總表 '!C5/'日別報廢率總表 '!B5 -> 0.0036772843 | O6: ='日別報廢率總表 '!E5/'日別報廢率總表 '!B5 -> 0.005668299 | R6: 0.286 | U6: 0.85
D7: 46237 | E7: 一 | F7: 114.1 | I7: =F7/$C$1 -> 0.90126382 | L7: ='日別報廢率總表 '!C6/'日別報廢率總表 '!B6 -> 0.003910229 | O7: ='日別報廢率總表 '!E6/'日別報廢率總表 '!B6 -> 0.0063294354 | R7: 0.286 | U7: 0.85
B8: 46246 | D8: 46238 | E8: 二 | F8: 114.8 | G8: =AVERAGE(F8:F14) -> 114.61429 | I8: =F8/$C$1 -> 0.90679305 | J8: =AVERAGE(I8:I14) -> 0.90532611 | L8: ='日別報廢率總表 '!C7/'日別報廢率總表 '!B7 -> 0.0023069377 | M8: ='日別報廢率總表 '!N7/'日別報廢率總表 '!M7 -> 0.0036083172 | O8: ='日別報廢率總表 '!E7/'日別報廢率總表 '!B7 -> 0.0036897637 | P8: ='日別報廢率總表 '!O7/'日別報廢率總表 '!M7 -> 0.0052301421 | R8: 0.286 | S8: =AVERAGE(R8:R14) -> 0.286 | U8: 0.85 | V8: =AVERAGE(U8:U14) -> 0.88142857
D9: 46239 | E9: 三 | F9: 116.2 | I9: =F9/$C$1 -> 0.9178515 | L9: ='日別報廢率總表 '!C8/'日別報廢率總表 '!B8 -> 0.0039454187 | O9: ='日別報廢率總表 '!E8/'日別報廢率總表 '!B8 -> 0.0053887511 | R9: 0.286 | U9: 0.85
D10: 46240 | E10: 四 | F10: 113.4 | I10: =F10/$C$1 -> 0.8957346 | L10: ='日別報廢率總表 '!C9/'日別報廢率總表 '!B9 -> 0.0062224004 | O10: ='日別報廢率總表 '!E9/'日別報廢率總表 '!B9 -> 0.011409878 | R10: 0.286 | U10: 0.85
D11: 46241 | E11: 五 | F11: 111.8 | I11: =F11/$C$1 -> 0.88309637 | L11: ='日別報廢率總表 '!C10/'日別報廢率總表 '!B10 -> 0.0046409957 | O11: ='日別報廢率總表 '!E10/'日別報廢率總表 '!B10 -> 0.0052043756 | R11: 0.286 | U11: 0.88
D12: 46242 | E12: 六 | F12: 115.8 | I12: =F12/$C$1 -> 0.91469194 | L12: ='日別報廢率總表 '!C11/'日別報廢率總表 '!B11 -> 0.0040597186 | O12: ='日別報廢率總表 '!E11/'日別報廢率總表 '!B11 -> 0.0042259318 | R12: 0.286 | U12: 0.9
D13: 46243 | E13: 日 | F13: 114.1 | I13: =F13/$C$1 -> 0.90126382 | L13: ='日別報廢率總表 '!C12/'日別報廢率總表 '!B12 -> 0.0026895235 | O13: ='日別報廢率總表 '!E12/'日別報廢率總表 '!B12 -> 0.0042315069 | R13: 0.286 | U13: 0.92
D14: 46244 | E14: 一 | F14: 116.2 | I14: =F14/$C$1 -> 0.9178515 | L14: ='日別報廢率總表 '!C13/'日別報廢率總表 '!B13 -> 0.0022380131 | O14: ='日別報廢率總表 '!E13/'日別報廢率總表 '!B13 -> 0.0030505602 | R14: 0.286 | U14: 0.92
B15: 46253 | D15: 46245 | E15: 二 | F15: 113.7 | G15: =AVERAGE(F15:F21) -> 113.62857 | I15: =F15/$C$1 -> 0.89810427 | J15: =AVERAGE(I15:I21) -> 0.89754006 | L15: ='日別報廢率總表 '!C14/'日別報廢率總表 '!B14 -> 0.0022929871 | M15: ='日別報廢率總表 '!N14/'日別報廢率總表 '!M14 -> 0.0024047489 | O15: ='日別報廢率總表 '!E14/'日別報廢率總表 '!B14 -> 0.0038707885 | P15: ='日別報廢率總表 '!O14/'日別報廢率總表 '!M14 -> 0.0031849042 | R15: 0.286 | S15: =AVERAGE(R15:R21) -> 0.286 | U15: 0.92 | V15: =AVERAGE(U15:U21) -> 0.92
D16: 46246 | E16: 三 | F16: 115.2 | I16: =F16/$C$1 -> 0.90995261 | L16: ='日別報廢率總表 '!C15/'日別報廢率總表 '!B15 -> 0.0024455275 | O16: ='日別報廢率總表 '!E15/'日別報廢率總表 '!B15 -> 0.0027042683 | R16: 0.286 | U16: 0.92
D17: 46247 | E17: 四 | F17: 112.8 | I17: =F17/$C$1 -> 0.89099526 | L17: ='日別報廢率總表 '!C16/'日別報廢率總表 '!B16 -> 0.0035963397 | O17: ='日別報廢率總表 '!E16/'日別報廢率總表 '!B16 -> 0.0039967379 | R17: 0.286 | U17: 0.92
D18: 46248 | E18: 五 | F18: 110.5 | I18: =F18/$C$1 -> 0.8728278 | L18: ='日別報廢率總表 '!C17/'日別報廢率總表 '!B17 -> 0.0027878767 | O18: ='日別報廢率總表 '!E17/'日別報廢率總表 '!B17 -> 0.004885757 | R18: 0.286 | U18: 0.92
D19: 46249 | E19: 六 | F19: 112.6 | I19: =F19/$C$1 -> 0.88941548 | L19: ='日別報廢率總表 '!C18/'日別報廢率總表 '!B18 -> 0.0014516318 | O19: ='日別報廢率總表 '!E18/'日別報廢率總表 '!B18 -> 0.0022652008 | R19: 0.286 | U19: 0.92
D20: 46250 | E20: 日 | F20: 111 | I20: =F20/$C$1 -> 0.87677725 | L20: ='日別報廢率總表 '!C19/'日別報廢率總表 '!B19 -> 0.0023108629 | O20: ='日別報廢率總表 '!E19/'日別報廢率總表 '!B19 -> 0.0015088539 | R20: 0.286 | U20: 0.92
D21: 46251 | E21: 一 | F21: 119.6 | I21: =F21/$C$1 -> 0.94470774 | L21: ='日別報廢率總表 '!C20/'日別報廢率總表 '!B20 -> 0.0020046956 | O21: ='日別報廢率總表 '!E20/'日別報廢率總表 '!B20 -> 0.0034731058 | R21: 0.286 | U21: 0.92
B22: 46260 | D22: 46252 | E22: 二 | F22: 115.4 | G22: =AVERAGE(F22:F28) -> 114.21429 | I22: =F22/$C$1 -> 0.91153239 | J22: =AVERAGE(I22:I28) -> 0.90216655 | L22: ='日別報廢率總表 '!C21/'日別報廢率總表 '!B21 -> 0.0018189986 | M22: ='日別報廢率總表 '!N21/'日別報廢率總表 '!M21 -> 0.0026055314 | O22: 0.0021968366 | P22: ='日別報廢率總表 '!O21/'日別報廢率總表 '!M21 -> 0.0032068891 | R22: 0.286 | S22: =AVERAGE(R22:R28) -> 0.286 | U22: 0.92 | V22: =AVERAGE(U22:U28) -> 0.93714286
D23: 46253 | E23: 三 | F23: 113.1 | I23: =F23/$C$1 -> 0.89336493 | L23: ='日別報廢率總表 '!C22/'日別報廢率總表 '!B22 -> 0.0039910896 | O23: 0.0045338153 | R23: 0.286 | U23: 0.92
D24: 46254 | E24: 四 | F24: 111.6 | I24: =F24/$C$1 -> 0.88151659 | L24: ='日別報廢率總表 '!C23/'日別報廢率總表 '!B23 -> 0.0036775503 | O24: 0.0047135269 | R24: 0.286 | U24: 0.92
D25: 46255 | E25: 五 | F25: 113.3 | I25: =F25/$C$1 -> 0.89494471 | L25: ='日別報廢率總表 '!C24/'日別報廢率總表 '!B24 -> 0.0028317136 | O25: 0.0034401699 | R25: 0.286 | U25: 0.95
D26: 46256 | E26: 六 | F26: 113.6 | I26: =F26/$C$1 -> 0.89731438 | L26: ='日別報廢率總表 '!C25/'日別報廢率總表 '!B25 -> 0.0012580162 | O26: 0.0018664541 | R26: 0.286 | U26: 0.95
D27: 46257 | E27: 日 | F27: 115.4 | I27: =F27/$C$1 -> 0.91153239 | L27: ='日別報廢率總表 '!C26/'日別報廢率總表 '!B26 -> 0.0022477336 | O27: 0.0029283278 | R27: 0.286 | U27: 0.95
D28: 46258 | E28: 一 | F28: 117.1 | I28: =F28/$C$1 -> 0.92496051 | L28: ='日別報廢率總表 '!C27/'日別報廢率總表 '!B27 -> 0.0024726602 | O28: 0.0028921044 | R28: 0.286 | U28: 0.95
B29: 46267 | D29: 46259 | E29: 二 | G29: =AVERAGE(F29:F35) -> #DIV/0! | I29: =F29/$C$1 -> 0 | J29: =AVERAGE(I29:I35) -> 0 | L29: ='日別報廢率總表 '!C28/'日別報廢率總表 '!B28 -> #DIV/0! | M29: ='日別報廢率總表 '!N28/'日別報廢率總表 '!M28 -> #DIV/0! | O29: ='日別報廢率總表 '!E28/'日別報廢率總表 '!B28 -> #DIV/0! | P29: ='日別報廢率總表 '!O28/'日別報廢率總表 '!M28 -> #DIV/0! | S29: =AVERAGE(R29:R35) -> #DIV/0! | V29: =AVERAGE(U29:U35) -> #DIV/0!
D30: 46260 | E30: 三 | I30: =F30/$C$1 -> 0 | L30: ='日別報廢率總表 '!C29/'日別報廢率總表 '!B29 -> #DIV/0! | O30: ='日別報廢率總表 '!E29/'日別報廢率總表 '!B29 -> #DIV/0!
D31: 46261 | E31: 四 | I31: =F31/$C$1 -> 0 | L31: ='日別報廢率總表 '!C30/'日別報廢率總表 '!B30 -> #DIV/0! | O31: ='日別報廢率總表 '!E30/'日別報廢率總表 '!B30 -> #DIV/0!
D32: 46262 | E32: 五 | I32: =F32/$C$1 -> 0 | L32: ='日別報廢率總表 '!C31/'日別報廢率總表 '!B31 -> #DIV/0! | O32: ='日別報廢率總表 '!E31/'日別報廢率總表 '!B31 -> #DIV/0!
D33: 46263 | E33: 六 | I33: =F33/$C$1 -> 0 | L33: ='日別報廢率總表 '!C32/'日別報廢率總表 '!B32 -> #DIV/0! | O33: ='日別報廢率總表 '!E32/'日別報廢率總表 '!B32 -> #DIV/0!
D34: 46264 | E34: 日 | I34: =F34/$C$1 -> 0 | L34: ='日別報廢率總表 '!C33/'日別報廢率總表 '!B33 -> #DIV/0! | O34: ='日別報廢率總表 '!E33/'日別報廢率總表 '!B33 -> #DIV/0!
D35: 46265 | E35: 一 | I35: =F35/$C$1 -> 0 | L35: ='日別報廢率總表 '!C34/'日別報廢率總表 '!B34 -> #DIV/0! | O35: ='日別報廢率總表 '!E34/'日別報廢率總表 '!B34 -> #DIV/0!
D37: 46235 | E37: 六 | F37: 112.8 | I37: =F37/$C$1 -> 0.89099526 | L37: ='日別報廢率總表 '!C39/'日別報廢率總表 '!B39 -> 0.0024457273 | O37: 0.004845583 | R37: 0.2857 | U37: 0.85
D38: 46236 | E38: 日 | F38: 115.2 | I38: =F38/$C$1 -> 0.90995261 | L38: ='日別報廢率總表 '!C40/'日別報廢率總表 '!B40 -> 0.0036772843 | O38: 0.005668299 | R38: 0.2857 | U38: 0.85
D39: 46237 | E39: 一 | F39: 114.1 | I39: =F39/$C$1 -> 0.90126382 | L39: ='日別報廢率總表 '!C41/'日別報廢率總表 '!B41 -> 0.003910229 | O39: 0.0063294354 | R39: 0.2857 | U39: 0.85
H45: 0.91568164
H46: 0.90622537
H47: 0.88967691
H48: 0.86997636
H49: 0.91883373
H50: 0.88337273
H51: 0.92277384

Sheet （３）業績構成比
B2: （3）業績構成比
B3: 資料繳交日 | C3: 月份 | D3: 日期 | F3: 營業額 | I3: 品類業績
I4: 熱食義麵 | K4: 季節調理麵 | M4: 微波小吃
F5: 日 | G5: 週累積 | H5: 月累積 | I5: 一配 | K5: 一配 | M5: 一配
I6: 業績(元) | J6: 比例(%) | K6: 業績(元) | L6: 比例(%) | M6: 業績(元) | N6: 比例(%)
C7: 八 | D7: 46235 | E7: 六 | F7: =I7+M7 -> 2319312.8 | G7: =SUM(F7:F9) -> 8367994 | H7: =SUM(F7:F37) -> 61106542 | I7: 2091826.2 | J7: =I7/F7 -> 0.90191641 | L7: =K7/F7 -> 0 | M7: 227486.52 | N7: =M7/F7 -> 0.09808359
D8: 46236 | E8: 日 | F8: =I8+M8 -> 3023076.5 | I8: 2735272.3 | J8: =I8/F8 -> 0.90479758 | L8: =K8/F8 -> 0 | M8: 287804.21 | N8: =M8/F8 -> 0.095202422
D9: 46237 | E9: 一 | F9: =I9+M9 -> 3025604.7 | I9: 2714410.7 | J9: =I9/F9 -> 0.89714653 | L9: =K9/F9 -> 0 | M9: 311193.94 | N9: =M9/F9 -> 0.10285347
B10: 46246 | D10: 46238 | E10: 二 | F10: =I10+M10 -> 2744836.5 | G10: =SUM(F10:F16) -> 18008328 | I10: 2463511.7 | J10: =I10/F10 -> 0.89750762 | L10: =K10/F10 -> 0 | M10: 281324.84 | N10: =M10/F10 -> 0.10249238
D11: 46239 | E11: 三 | F11: =I11+M11 -> 2568942.7 | I11: 2307967.3 | J11: =I11/F11 -> 0.89841136 | L11: =K11/F11 -> 0 | M11: 260975.39 | N11: =M11/F11 -> 0.10158864
D12: 46240 | E12: 四 | F12: =I12+M12 -> 2531185.4 | I12: 2284902.3 | J12: =I12/F12 -> 0.90270049 | L12: =K12/F12 -> 0 | M12: 246283.09 | N12: =M12/F12 -> 0.097299506
D13: 46241 | E13: 五 | F13: =I13+M13 -> 1978394.4 | I13: 1773495.2 | J13: =I13/F13 -> 0.89643155 | L13: =K13/F13 -> 0 | M13: 204899.24 | N13: =M13/F13 -> 0.10356845
D14: 46242 | E14: 六 | F14: =I14+M14 -> 2143592.4 | I14: 1929960.9 | J14: =I14/F14 -> 0.90033946 | L14: =K14/F14 -> 0 | M14: 213631.58 | N14: =M14/F14 -> 0.09966054
D15: 46243 | E15: 日 | F15: =I15+M15 -> 3005927.6 | I15: 2737188.7 | J15: =I15/F15 -> 0.91059701 | L15: =K15/F15 -> 0 | M15: 268738.92 | N15: =M15/F15 -> 0.08940299
D16: 46244 | E16: 一 | F16: =I16+M16 -> 3035448.5 | I16: 2742937.9 | J16: =I16/F16 -> 0.90363514 | L16: =K16/F16 -> 0 | M16: 292510.58 | N16: =M16/F16 -> 0.096364863
B17: 46253 | D17: 46245 | E17: 二 | F17: =I17+M17 -> 2592646.8 | G17: =SUM(F17:F23) -> 17686446 | I17: 2329329.9 | J17: =I17/F17 -> 0.89843705 | L17: =K17/F17 -> 0 | M17: 263316.86 | N17: =M17/F17 -> 0.10156295
D18: 46246 | E18: 三 | F18: =I18+M18 -> 2595086.9 | I18: 2353355.1 | J18: =I18/F18 -> 0.90685019 | L18: =K18/F18 -> 0 | M18: 241731.85 | N18: =M18/F18 -> 0.093149809
D19: 46247 | E19: 四 | F19: =I19+M19 -> 2476906 | I19: 2237648.6 | J19: =I19/F19 -> 0.90340476 | L19: =K19/F19 -> 0 | M19: 239257.33 | N19: =M19/F19 -> 0.096595242
D20: 46248 | E20: 五 | F20: =I20+M20 -> 2004758.6 | I20: 1800007.8 | J20: =I20/F20 -> 0.89786762 | L20: =K20/F20 -> 0 | M20: 204750.76 | N20: =M20/F20 -> 0.10213238
D21: 46249 | E21: 六 | F21: =I21+M21 -> 2180067.2 | I21: 1966830.5 | J21: =I21/F21 -> 0.90218803 | L21: =K21/F21 -> 0 | M21: 213236.67 | N21: =M21/F21 -> 0.097811972
D22: 46250 | E22: 日 | F22: =I22+M22 -> 2865626.4 | I22: 2600705.2 | J22: =I22/F22 -> 0.90755208 | L22: =K22/F22 -> 0 | M22: 264921.19 | N22: =M22/F22 -> 0.092447916
D23: 46251 | E23: 一 | F23: =I23+M23 -> 2971354.7 | I23: 2678154.5 | J23: =I23/F23 -> 0.9013244 | L23: =K23/F23 -> 0 | M23: 293200.19 | N23: =M23/F23 -> 0.098675595
B24: 46260 | D24: 46252 | E24: 二 | F24: =I24+M24 -> 2636829.4 | G24: =SUM(F24:F30) -> 17043774 | I24: 2379314.7 | J24: =I24/F24 -> 0.90233929 | L24: =K24/F24 -> 0 | M24: 257514.62 | N24: =M24/F24 -> 0.097660707
D25: 46253 | E25: 三 | F25: =I25+M25 -> 2408538.3 | I25: 2174896.7 | J25: =I25/F25 -> 0.90299447 | L25: =K25/F25 -> 0 | M25: 233641.54 | N25: =M25/F25 -> 0.097005534
D26: 46254 | E26: 四 | F26: =I26+M26 -> 2319925.4 | I26: 2090343.5 | J26: =I26/F26 -> 0.90103908 | L26: =K26/F26 -> 0 | M26: 229581.96 | N26: =M26/F26 -> 0.098960922
D27: 46255 | E27: 五 | F27: =I27+M27 -> 1831621.7 | I27: 1648415.9 | J27: =I27/F27 -> 0.89997622 | L27: =K27/F27 -> 0 | M27: 183205.72 | N27: =M27/F27 -> 0.10002378
D28: 46256 | E28: 六 | F28: =I28+M28 -> 2037135.9 | I28: 1840339.6 | J28: =I28/F28 -> 0.9033956 | L28: =K28/F28 -> 0 | M28: 196796.3 | N28: =M28/F28 -> 0.096604402
D29: 46257 | E29: 日 | F29: =I29+M29 -> 2878649.5 | I29: 2623445.3 | J29: =I29/F29 -> 0.91134589 | L29: =K29/F29 -> 0 | M29: 255204.12 | N29: =M29/F29 -> 0.088654115
D30: 46258 | E30: 一 | F30: =I30+M30 -> 2931073.8 | I30: 2643413.5 | J30: =I30/F30 -> 0.9018584 | L30: =K30/F30 -> 0 | M30: 287660.26 | N30: =M30/F30 -> 0.098141595
B31: 46267 | D31: 46259 | E31: 二 | F31: =I31+M31 -> 0 | G31: =SUM(F31:F37) -> 0 | J31: =I31/F31 -> #DIV/0! | L31: =K31/F31 -> #DIV/0! | N31: =M31/F31 -> #DIV/0!
D32: 46260 | E32: 三 | F32: =I32+M32 -> 0 | J32: =I32/F32 -> #DIV/0! | L32: =K32/F32 -> #DIV/0! | N32: =M32/F32 -> #DIV/0!
D33: 46261 | E33: 四 | F33: =I33+M33 -> 0 | J33: =I33/F33 -> #DIV/0! | L33: =K33/F33 -> #DIV/0! | N33: =M33/F33 -> #DIV/0!
D34: 46262 | E34: 五 | F34: =I34+M34 -> 0 | J34: =I34/F34 -> #DIV/0! | L34: =K34/F34 -> #DIV/0! | N34: =M34/F34 -> #DIV/0!
D35: 46263 | E35: 六 | F35: =I35+M35 -> 0 | J35: =I35/F35 -> #DIV/0! | L35: =K35/F35 -> #DIV/0! | N35: =M35/F35 -> #DIV/0!
D36: 46264 | E36: 日 | F36: =I36+M36 -> 0 | J36: =I36/F36 -> #DIV/0! | L36: =K36/F36 -> #DIV/0! | N36: =M36/F36 -> #DIV/0!
D37: 46265 | E37: 一 | F37: =I37+M37 -> 0 | J37: =I37/F37 -> #DIV/0! | L37: =K37/F37 -> #DIV/0! | N37: =M37/F37 -> #DIV/0!
F40: =I40+M40 -> 3411506.4 | I40: 3076682.5 | J40: =I40/F40 -> 0.90185452 | M40: 334823.93 | N40: =M40/F40 -> 0.098145478
D42: 46235 | E42: 六 | F42: =I42+M42 -> 2319312.8 | I42: 2091826.2 | J42: =I42/F42 -> 0.90191641 | M42: 227486.52 | N42: =M42/F42 -> 0.09808359
D43: 46236 | E43: 日 | F43: =I43+M43 -> 3023076.5 | I43: 2735272.3 | J43: =I43/F43 -> 0.90479758 | M43: 287804.21 | N43: =M43/F43 -> 0.095202422
D44: 46237 | E44: 一 | F44: =I44+M44 -> 3025604.7 | I44: 2714410.7 | J44: =I44/F44 -> 0.89714653 | M44: 311193.94 | N44: =M44/F44 -> 0.10285347

Sheet （４）訂單數量構成比
B2: （4）訂單數量構成比
B3: 資料繳交日 | C3: 月份 | D3: 日期 | F3: 訂單量 | I3: 品類訂單量
I4: 熱食義麵 | K4: 季節調理麵 | M4: 微波小吃
F5: 日 | G5: 週累積 | H5: 月累積 | I5: 一配 | K5: 一配 | M5: 一配
I6: 訂單數 | J6: 比例(%) | K6: 訂單數 | L6: 比例(%) | M6: 訂單數 | N6: 比例(%)
C7: 八 | D7: 46235 | E7: 六 | F7: =SUM(I7,K7,M7) -> 50157 | G7: =SUM(F7:F12) -> 351191 | H7: =SUM(F7:F36) -> 1320645 | I7: 41924 | J7: =I7/F7 -> 0.83585541 | L7: =K7/F7 -> 0 | M7: 8233 | N7: =M7/F7 -> 0.16414459
D8: 46236 | E8: 日 | F8: =SUM(I8,K8,M8) -> 65177 | I8: 54753 | J8: =I8/F8 -> 0.84006628 | L8: =K8/F8 -> 0 | M8: 10424 | N8: =M8/F8 -> 0.15993372
D9: 46237 | E9: 一 | F9: =SUM(I9,K9,M9) -> 65514 | I9: 54248 | J9: =I9/F9 -> 0.82803676 | L9: =K9/F9 -> 0 | M9: 11266 | N9: =M9/F9 -> 0.17196324
B10: 46246 | D10: 46238 | E10: 二 | F10: =SUM(I10,K10,M10) -> 60136 | G10: =SUM(F10:F16) -> 389510 | I10: 49950 | J10: =I10/F10 -> 0.83061727 | L10: =K10/F10 -> 0 | M10: 10186 | N10: =M10/F10 -> 0.16938273
D11: 46239 | E11: 三 | F11: =SUM(I11,K11,M11) -> 55976 | I11: 46533 | J11: =I11/F11 -> 0.8313027 | L11: =K11/F11 -> 0 | M11: 9443 | N11: =M11/F11 -> 0.1686973
D12: 46240 | E12: 四 | F12: =SUM(I12,K12,M12) -> 54231 | I12: 45319 | J12: =I12/F12 -> 0.83566595 | L12: =K12/F12 -> 0 | M12: 8912 | N12: =M12/F12 -> 0.16433405
D13: 46241 | E13: 五 | F13: =SUM(I13,K13,M13) -> 43046 | I13: 35639 | J13: =I13/F13 -> 0.82792826 | L13: =K13/F13 -> 0 | M13: 7407 | N13: =M13/F13 -> 0.17207174
D14: 46242 | E14: 六 | F14: =SUM(I14,K14,M14) -> 46671 | I14: 38941 | J14: =I14/F14 -> 0.83437252 | L14: =K14/F14 -> 0 | M14: 7730 | N14: =M14/F14 -> 0.16562748
D15: 46243 | E15: 日 | F15: =SUM(I15,K15,M15) -> 64248 | I15: 54516 | J15: =I15/F15 -> 0.84852447 | L15: =K15/F15 -> 0 | M15: 9732 | N15: =M15/F15 -> 0.15147553
D16: 46244 | E16: 一 | F16: =SUM(I16,K16,M16) -> 65202 | I16: 54614 | J16: =I16/F16 -> 0.83761234 | L16: =K16/F16 -> 0 | M16: 10588 | N16: =M16/F16 -> 0.16238766
B17: 46253 | D17: 46245 | E17: 二 | F17: =SUM(I17,K17,M17) -> 56162 | G17: =SUM(F17:F23) -> 382077 | I17: 46631 | J17: =I17/F17 -> 0.83029451 | L17: =K17/F17 -> 0 | M17: 9531 | N17: =M17/F17 -> 0.16970549
D18: 46246 | E18: 三 | F18: =SUM(I18,K18,M18) -> 55867 | I18: 47121 | J18: =I18/F18 -> 0.84344962 | L18: =K18/F18 -> 0 | M18: 8746 | N18: =M18/F18 -> 0.15655038
D19: 46247 | E19: 四 | F19: =SUM(I19,K19,M19) -> 53441 | I19: 44789 | J19: =I19/F19 -> 0.83810183 | L19: =K19/F19 -> 0 | M19: 8652 | N19: =M19/F19 -> 0.16189817
D20: 46248 | E20: 五 | F20: =SUM(I20,K20,M20) -> 43480 | I20: 36076 | J20: =I20/F20 -> 0.82971481 | L20: =K20/F20 -> 0 | M20: 7404 | N20: =M20/F20 -> 0.17028519
D21: 46249 | E21: 六 | F21: =SUM(I21,K21,M21) -> 47216 | I21: 39504 | J21: =I21/F21 -> 0.83666554 | L21: =K21/F21 -> 0 | M21: 7712 | N21: =M21/F21 -> 0.16333446
D22: 46250 | E22: 日 | F22: =SUM(I22,K22,M22) -> 61768 | I22: 52177 | J22: =I22/F22 -> 0.84472542 | L22: =K22/F22 -> 0 | M22: 9591 | N22: =M22/F22 -> 0.15527458
D23: 46251 | E23: 一 | F23: =SUM(I23,K23,M23) -> 64143 | I23: 53535 | J23: =I23/F23 -> 0.83461952 | L23: =K23/F23 -> 0 | M23: 10608 | N23: =M23/F23 -> 0.16538048
B24: 46260 | D24: 46252 | E24: 二 | F24: =SUM(I24,K24,M24) -> 56950 | G24: =SUM(F24:F30) -> 368210 | I24: 47634 | J24: =I24/F24 -> 0.83641791 | L24: =K24/F24 -> 0 | M24: 9316 | N24: =M24/F24 -> 0.16358209
D25: 46253 | E25: 三 | F25: =SUM(I25,K25,M25) -> 51994 | I25: 43540 | J25: =I25/F25 -> 0.83740432 | L25: =K25/F25 -> 0 | M25: 8454 | N25: =M25/F25 -> 0.16259568
D26: 46254 | E26: 四 | F26: =SUM(I26,K26,M26) -> 50258 | I26: 41952 | J26: =I26/F26 -> 0.83473278 | L26: =K26/F26 -> 0 | M26: 8306 | N26: =M26/F26 -> 0.16526722
D27: 46255 | E27: 五 | F27: =SUM(I27,K27,M27) -> 39573 | I27: 32951 | J27: =I27/F27 -> 0.83266368 | L27: =K27/F27 -> 0 | M27: 6622 | N27: =M27/F27 -> 0.16733632
D28: 46256 | E28: 六 | F28: =SUM(I28,K28,M28) -> 44045 | I28: 36927 | J28: =I28/F28 -> 0.83839255 | L28: =K28/F28 -> 0 | M28: 7118 | N28: =M28/F28 -> 0.16160745
D29: 46257 | E29: 日 | F29: =SUM(I29,K29,M29) -> 62066 | I29: 52821 | J29: =I29/F29 -> 0.85104566 | L29: =K29/F29 -> 0 | M29: 9245 | N29: =M29/F29 -> 0.14895434
D30: 46258 | E30: 一 | F30: =SUM(I30,K30,M30) -> 63324 | I30: 52916 | J30: =I30/F30 -> 0.83563894 | L30: =K30/F30 -> 0 | M30: 10408 | N30: =M30/F30 -> 0.16436106
B31: 46267 | D31: 46259 | E31: 二 | F31: =SUM(I31,K31,M31) -> 0 | G31: =SUM(F31:F37) -> 0 | J31: =I31/F31 -> #DIV/0! | L31: =K31/F31 -> #DIV/0! | N31: =M31/F31 -> #DIV/0!
D32: 46260 | E32: 三 | F32: =SUM(I32,K32,M32) -> 0 | J32: =I32/F32 -> #DIV/0! | L32: =K32/F32 -> #DIV/0! | N32: =M32/F32 -> #DIV/0!
D33: 46261 | E33: 四 | F33: =SUM(I33,K33,M33) -> 0 | J33: =I33/F33 -> #DIV/0! | L33: =K33/F33 -> #DIV/0! | N33: =M33/F33 -> #DIV/0!
D34: 46262 | E34: 五 | F34: =SUM(I34,K34,M34) -> 0 | J34: =I34/F34 -> #DIV/0! | L34: =K34/F34 -> #DIV/0! | N34: =M34/F34 -> #DIV/0!
D35: 46263 | E35: 六 | F35: =SUM(I35,K35,M35) -> 0 | J35: =I35/F35 -> #DIV/0! | L35: =K35/F35 -> #DIV/0! | N35: =M35/F35 -> #DIV/0!
D36: 46264 | E36: 日 | F36: =SUM(I36,K36,M36) -> 0 | J36: =I36/F36 -> #DIV/0! | L36: =K36/F36 -> #DIV/0! | N36: =M36/F36 -> #DIV/0!
D37: 46265 | E37: 一 | F37: =SUM(I37,K37,M37) -> 0 | J37: =I37/F37 -> #DIV/0! | N37: =M37/F37 -> #DIV/0!

Sheet （５-1）品群別人時生產性（熱食義麵）
B1: 月平均人時性 | C1: =AVERAGE(L7,L30,L53,L76,L99,L122) -> 111.26856
B2: 產線配置圖－每週更新 | N2: 資料繳交 | O2: 日期 | AJ2: 46235 | AO2: 46236 | AT2: 46237
P3: 二 | U3: 三 | Z3: 四 | AE3: 五 | AJ3: 六 | AO3: 日 | AT3: 一
B4: 品群 | C4: 商品名稱 | E4: 計畫 | H4: 平均人時性 | I4: 實績 | L4: 平均人時性 | M4: 排名 | O4: 日報 | P4: 實際 | T4: 平均人時性 | U4: 實際 | Y4: 平均人時性 | Z4: 實際 | AD4: 平均人時性 | AE4: 實際 | AI4: 平均人時性 | AJ4: 實際 | AN4: 平均人時性 | AO4: 實際 | AS4: 平均人時性 | AT4: 實際 | AX4: 平均人時性
E5: 產線配置圖 | I5: 產線配置圖 | P5: 生產實績 | U5: 生產實績 | Z5: 生產實績 | AE5: 生產實績 | AJ5: 生產實績 | AO5: 生產實績 | AT5: 生產實績
E6: 人數 | F6: 產能／時 | G6: 人時性 | I6: 人數 | J6: 產能／時 | K6: 人時性 | P6: 人數 | Q6: 產能／時 | R6: 人時性 | S6: 排名 | U6: 人數 | V6: 產能／時 | W6: 人時性 | X6: 排名 | Z6: 人數 | AA6: 產能／時 | AB6: 人時性 | AC6: 排名 | AE6: 人數 | AF6: 產能／時 | AG6: 人時性 | AH6: 排名 | AJ6: 人數 | AK6: 產能／時 | AL6: 人時性 | AM6: 排名 | AO6: 人數 | AP6: 產能／時 | AQ6: 人時性 | AR6: 排名 | AT6: 人數 | AU6: 產能／時 | AV6: 人時性 | AW6: 排名
B7: 熱食義麵 | C7: 1 | D7: 義式蕃茄起司義大利麵 | E7: =VLOOKUP(D7,'07產線配置圖'!$A$2:$C$25,2,0) -> 12 | F7: =VLOOKUP(D7,'07產線配置圖'!$A$2:$C$25,3,0) -> 2250 | G7: =F7/E7 -> 187.5 | H7: =AVERAGE(G7:G24) -> 125.02312 | I7: =AVERAGE(P7,U7,Z7,AE7,AJ7,AO7,AT7) -> 12 | J7: =AVERAGE(Q7,V7,AA7,AF7,AK7,AP7,AU7) -> 2091 | K7: =J7/I7 -> 174.25 | L7: =IFERROR(AVERAGE(K7:K24),"-") -> 110.95107 | M7: =RANK(K7,$K$7:$K$24) -> 1 | R7: =Q7/P7 -> #DIV/0! | S7: =RANK(R7,$R$7:$R$24) -> #DIV/0! | T7: =AVERAGE(R7:R24) -> #DIV/0! | W7: =V7/U7 -> #DIV/0! | X7: =RANK(W7,$W$7:$W$24) -> #DIV/0! | Y7: =AVERAGE(W7:W24) -> #DIV/0! | AB7: =AA7/Z7 -> #DIV/0! | AC7: =RANK(AB7,$AB$7:$AB$24) -> #DIV/0! | AD7: =AVERAGE(AB7:AB24) -> #DIV/0! | AG7: =AF7/AE7 -> #DIV/0! | AH7: =RANK(AG7,$AG$7:$AG$24) -> #DIV/0! | AI7: =AVERAGE(AG7:AG24) -> #DIV/0! | AJ7: 12 | AK7: 2065 | AL7: =AK7/AJ7 -> 172.08333 | AM7: =RANK(AL7,$AL$7:$AL$24) -> 1 | AN7: =AVERAGE(AL7:AL24) -> 109.40634 | AO7: 12 | AP7: 2150 | AQ7: =AP7/AO7 -> 179.16667 | AR7: =RANK(AQ7,$AQ$7:$AQ$24) -> 1 | AS7: =AVERAGE(AQ7:AQ24) -> 112.42245 | AT7: 12 | AU7: 2058 | AV7: =AU7/AT7 -> 171.5 | AW7: =RANK(AV7,$AV$7:$AV$24) -> 1 | AX7: =AVERAGE(AV7:AV24) -> 111.02451
C8: 2 | D8: 奶油培根義大利麵 | E8: =VLOOKUP(D8,'07產線配置圖'!$A$2:$C$25,2,0) -> 15 | F8: =VLOOKUP(D8,'07產線配置圖'!$A$2:$C$25,3,0) -> 2250 | G8: =F8/E8 -> 150 | I8: =AVERAGE(P8,U8,Z8,AE8,AJ8,AO8,AT8) -> 15 | J8: =AVERAGE(Q8,V8,AA8,AF8,AK8,AP8,AU8) -> 2107.6667 | K8: =J8/I8 -> 140.51111 | M8: =RANK(K8,$K$7:$K$24) -> 4 | R8: =Q8/P8 -> #DIV/0! | S8: =RANK(R8,$R$7:$R$24) -> #DIV/0! | W8: =V8/U8 -> #DIV/0! | X8: =RANK(W8,$W$7:$W$24) -> #DIV/0! | AB8: =AA8/Z8 -> #DIV/0! | AC8: =RANK(AB8,$AB$7:$AB$24) -> #DIV/0! | AG8: =AF8/AE8 -> #DIV/0! | AH8: =RANK(AG8,$AG$7:$AG$24) -> #DIV/0! | AJ8: 15 | AK8: 2072 | AL8: =AK8/AJ8 -> 138.13333 | AM8: =RANK(AL8,$AL$7:$AL$24) -> 4 | AO8: 15 | AP8: 2120 | AQ8: =AP8/AO8 -> 141.33333 | AR8: =RANK(AQ8,$AQ$7:$AQ$24) -> 4 | AT8: 15 | AU8: 2131 | AV8: =AU8/AT8 -> 142.06667 | AW8: =RANK(AV8,$AV$7:$AV$24) -> 5
C9: 3 | D9: 白酒清炒鮮蛤義大利麵 | E9: =VLOOKUP(D9,'07產線配置圖'!$A$2:$C$25,2,0) -> 15 | F9: =VLOOKUP(D9,'07產線配置圖'!$A$2:$C$25,3,0) -> 2250 | G9: =F9/E9 -> 150 | I9: =AVERAGE(P9,U9,Z9,AE9,AJ9,AO9,AT9) -> 15 | J9: =AVERAGE(Q9,V9,AA9,AF9,AK9,AP9,AU9) -> 2107.6667 | K9: =J9/I9 -> 140.51111 | M9: =RANK(K9,$K$7:$K$24) -> 4 | R9: =Q9/P9 -> #DIV/0! | S9: =RANK(R9,$R$7:$R$24) -> #DIV/0! | W9: =V9/U9 -> #DIV/0! | X9: =RANK(W9,$W$7:$W$24) -> #DIV/0! | AB9: =AA9/Z9 -> #DIV/0! | AC9: =RANK(AB9,$AB$7:$AB$24) -> #DIV/0! | AG9: =AF9/AE9 -> #DIV/0! | AH9: =RANK(AG9,$AG$7:$AG$24) -> #DIV/0! | AJ9: 15 | AK9: 2044 | AL9: =AK9/AJ9 -> 136.26667 | AM9: =RANK(AL9,$AL$7:$AL$24) -> 5 | AO9: 15 | AP9: 2109 | AQ9: =AP9/AO9 -> 140.6 | AR9: =RANK(AQ9,$AQ$7:$AQ$24) -> 5 | AT9: 15 | AU9: 2170 | AV9: =AU9/AT9 -> 144.66667 | AW9: =RANK(AV9,$AV$7:$AV$24) -> 4
C10: 4 | D10: 焗烤起司雙饗筆尖麵 | E10: =VLOOKUP(D10,'07產線配置圖'!$A$2:$C$25,2,0) -> 16 | F10: =VLOOKUP(D10,'07產線配置圖'!$A$2:$C$25,3,0) -> 1800 | G10: =F10/E10 -> 112.5 | I10: =AVERAGE(P10,U10,Z10,AE10,AJ10,AO10,AT10) -> 16 | J10: =AVERAGE(Q10,V10,AA10,AF10,AK10,AP10,AU10) -> 1556 | K10: =J10/I10 -> 97.25 | M10: =RANK(K10,$K$7:$K$24) -> 7 | R10: =Q10/P10 -> #DIV/0! | S10: =RANK(R10,$R$7:$R$24) -> #DIV/0! | W10: =V10/U10 -> #DIV/0! | X10: =RANK(W10,$W$7:$W$24) -> #DIV/0! | AB10: =AA10/Z10 -> #DIV/0! | AC10: =RANK(AB10,$AB$7:$AB$24) -> #DIV/0! | AG10: =AF10/AE10 -> #DIV/0! | AH10: =RANK(AG10,$AG$7:$AG$24) -> #DIV/0! | AJ10: 16 | AK10: 1565 | AL10: =AK10/AJ10 -> 97.8125 | AM10: =RANK(AL10,$AL$7:$AL$24) -> 7 | AO10: 16 | AP10: 1543 | AQ10: =AP10/AO10 -> 96.4375 | AR10: =RANK(AQ10,$AQ$7:$AQ$24) -> 7 | AT10: 16 | AU10: 1560 | AV10: =AU10/AT10 -> 97.5 | AW10: =RANK(AV10,$AV$7:$AV$24) -> 8
C11: 5 | D11: 青醬蛤蜊義大利麵 | E11: =VLOOKUP(D11,'07產線配置圖'!$A$2:$C$25,2,0) -> 13 | F11: =VLOOKUP(D11,'07產線配置圖'!$A$2:$C$25,3,0) -> 2250 | G11: =F11/E11 -> 173.07692 | I11: =AVERAGE(P11,U11,Z11,AE11,AJ11,AO11,AT11) -> 13 | J11: =AVERAGE(Q11,V11,AA11,AF11,AK11,AP11,AU11) -> 2154.6667 | K11: =J11/I11 -> 165.74359 | M11: =RANK(K11,$K$7:$K$24) -> 2 | R11: =Q11/P11 -> #DIV/0! | S11: =RANK(R11,$R$7:$R$24) -> #DIV/0! | W11: =V11/U11 -> #DIV/0! | X11: =RANK(W11,$W$7:$W$24) -> #DIV/0! | AB11: =AA11/Z11 -> #DIV/0! | AC11: =RANK(AB11,$AB$7:$AB$24) -> #DIV/0! | AG11: =AF11/AE11 -> #DIV/0! | AH11: =RANK(AG11,$AG$7:$AG$24) -> #DIV/0! | AJ11: 13 | AK11: 2109 | AL11: =AK11/AJ11 -> 162.23077 | AM11: =RANK(AL11,$AL$7:$AL$24) -> 2 | AO11: 13 | AP11: 2202 | AQ11: =AP11/AO11 -> 169.38462 | AR11: =RANK(AQ11,$AQ$7:$AQ$24) -> 2 | AT11: 13 | AU11: 2153 | AV11: =AU11/AT11 -> 165.61538 | AW11: =RANK(AV11,$AV$7:$AV$24) -> 2
C12: 6 | D12: 青花椒麻雞肉拌麵 | E12: =VLOOKUP(D12,'07產線配置圖'!$A$2:$C$25,2,0) -> 16 | F12: =VLOOKUP(D12,'07產線配置圖'!$A$2:$C$25,3,0) -> 1714 | G12: =F12/E12 -> 107.125 | I12: =AVERAGE(P12,U12,Z12,AE12,AJ12,AO12,AT12) -> 16 | J12: =AVERAGE(Q12,V12,AA12,AF12,AK12,AP12,AU12) -> 1546.3333 | K12: =J12/I12 -> 96.645833 | M12: =RANK(K12,$K$7:$K$24) -> 8 | R12: =Q12/P12 -> #DIV/0! | S12: =RANK(R12,$R$7:$R$24) -> #DIV/0! | W12: =V12/U12 -> #DIV/0! | X12: =RANK(W12,$W$7:$W$24) -> #DIV/0! | AB12: =AA12/Z12 -> #DIV/0! | AC12: =RANK(AB12,$AB$7:$AB$24) -> #DIV/0! | AG12: =AF12/AE12 -> #DIV/0! | AH12: =RANK(AG12,$AG$7:$AG$24) -> #DIV/0! | AJ12: 16 | AK12: 1551 | AL12: =AK12/AJ12 -> 96.9375 | AM12: =RANK(AL12,$AL$7:$AL$24) -> 8 | AO12: 16 | AP12: 1487 | AQ12: =AP12/AO12 -> 92.9375 | AR12: =RANK(AQ12,$AQ$7:$AQ$24) -> 10 | AT12: 16 | AU12: 1601 | AV12: =AU12/AT12 -> 100.0625 | AW12: =RANK(AV12,$AV$7:$AV$24) -> 7
C13: 7 | D13: 沙茶豬肉炒麵 | E13: =VLOOKUP(D13,'07產線配置圖'!$A$2:$C$25,2,0) -> 17 | F13: =VLOOKUP(D13,'07產線配置圖'!$A$2:$C$25,3,0) -> 1800 | G13: =F13/E13 -> 105.88235 | I13: =AVERAGE(P13,U13,Z13,AE13,AJ13,AO13,AT13) -> 17 | J13: =AVERAGE(Q13,V13,AA13,AF13,AK13,AP13,AU13) -> 1607.3333 | K13: =J13/I13 -> 94.54902 | M13: =RANK(K13,$K$7:$K$24) -> 9 | R13: =Q13/P13 -> #DIV/0! | S13: =RANK(R13,$R$7:$R$24) -> #DIV/0! | W13: =V13/U13 -> #DIV/0! | X13: =RANK(W13,$W$7:$W$24) -> #DIV/0! | AB13: =AA13/Z13 -> #DIV/0! | AC13: =RANK(AB13,$AB$7:$AB$24) -> #DIV/0! | AG13: =AF13/AE13 -> #DIV/0! | AH13: =RANK(AG13,$AG$7:$AG$24) -> #DIV/0! | AJ13: 17 | AK13: 1637 | AL13: =AK13/AJ13 -> 96.294118 | AM13: =RANK(AL13,$AL$7:$AL$24) -> 9 | AO13: 17 | AP13: 1637 | AQ13: =AP13/AO13 -> 96.294118 | AR13: =RANK(AQ13,$AQ$7:$AQ$24) -> 8 | AT13: 17 | AU13: 1548 | AV13: =AU13/AT13 -> 91.058824 | AW13: =RANK(AV13,$AV$7:$AV$24) -> 10
C14: 8 | D14: 府城鹽水意麵 | E14: =VLOOKUP(D14,'07產線配置圖'!$A$2:$C$25,2,0) -> 18 | F14: =VLOOKUP(D14,'07產線配置圖'!$A$2:$C$25,3,0) -> 1636 | G14: =F14/E14 -> 90.888889 | I14: =AVERAGE(P14,U14,Z14,AE14,AJ14,AO14,AT14) -> 17.333333 | J14: =AVERAGE(Q14,V14,AA14,AF14,AK14,AP14,AU14) -> 1377 | K14: =J14/I14 -> 79.442308 | M14: =RANK(K14,$K$7:$K$24) -> 16 | R14: =Q14/P14 -> #DIV/0! | S14: =RANK(R14,$R$7:$R$24) -> #DIV/0! | W14: =V14/U14 -> #DIV/0! | X14: =RANK(W14,$W$7:$W$24) -> #DIV/0! | AB14: =AA14/Z14 -> #DIV/0! | AC14: =RANK(AB14,$AB$7:$AB$24) -> #DIV/0! | AG14: =AF14/AE14 -> #DIV/0! | AH14: =RANK(AG14,$AG$7:$AG$24) -> #DIV/0! | AJ14: 18 | AK14: 1272 | AL14: =AK14/AJ14 -> 70.666667 | AM14: =RANK(AL14,$AL$7:$AL$24) -> 16 | AO14: 18 | AP14: 1498 | AQ14: =AP14/AO14 -> 83.222222 | AR14: =RANK(AQ14,$AQ$7:$AQ$24) -> 13 | AT14: 16 | AU14: 1361 | AV14: =AU14/AT14 -> 85.0625 | AW14: =RANK(AV14,$AV$7:$AV$24) -> 13
C15: 9 | D15: 蒜香奶油蝦蝦義大利麵-手 | E15: =VLOOKUP(D15,'07產線配置圖'!$A$2:$C$25,2,0) -> 17 | F15: =VLOOKUP(D15,'07產線配置圖'!$A$2:$C$25,3,0) -> 1716 | G15: =F15/E15 -> 100.94118 | R15: =Q15/P15 -> #DIV/0! | S15: =RANK(R15,$R$7:$R$24) -> #DIV/0! | W15: =V15/U15 -> #DIV/0! | X15: =RANK(W15,$W$7:$W$24) -> #DIV/0! | AB15: =AA15/Z15 -> #DIV/0! | AC15: =RANK(AB15,$AB$7:$AB$24) -> #DIV/0! | AG15: =AF15/AE15 -> #DIV/0! | AH15: =RANK(AG15,$AG$7:$AG$24) -> #DIV/0!
C16: 10 | D16: 香煎魚排佐檸檬奶油義大利麵 | E16: =VLOOKUP(D16,'07產線配置圖'!$A$2:$C$25,2,0) -> 13 | F16: =VLOOKUP(D16,'07產線配置圖'!$A$2:$C$25,3,0) -> 2250 | G16: =F16/E16 -> 173.07692 | I16: =AVERAGE(P16,U16,Z16,AE16,AJ16,AO16,AT16) -> 13 | J16: =AVERAGE(Q16,V16,AA16,AF16,AK16,AP16,AU16) -> 2013.3333 | K16: =J16/I16 -> 154.87179 | M16: =RANK(K16,$K$7:$K$24) -> 3 | R16: =Q16/P16 -> #DIV/0! | S16: =RANK(R16,$R$7:$R$24) -> #DIV/0! | W16: =V16/U16 -> #DIV/0! | X16: =RANK(W16,$W$7:$W$24) -> #DIV/0! | AB16: =AA16/Z16 -> #DIV/0! | AC16: =RANK(AB16,$AB$7:$AB$24) -> #DIV/0! | AG16: =AF16/AE16 -> #DIV/0! | AH16: =RANK(AG16,$AG$7:$AG$24) -> #DIV/0! | AJ16: 13 | AK16: 1922 | AL16: =AK16/AJ16 -> 147.84615 | AM16: =RANK(AL16,$AL$7:$AL$24) -> 3 | AO16: 13 | AP16: 2155 | AQ16: =AP16/AO16 -> 165.76923 | AR16: =RANK(AQ16,$AQ$7:$AQ$24) -> 3 | AT16: 13 | AU16: 1963 | AV16: =AU16/AT16 -> 151 | AW16: =RANK(AV16,$AV$7:$AV$24) -> 3
C17: 11 | D17: 黑松露野菇義大利麵 | E17: 15 | F17: 2250 | G17: 150 | I17: =AVERAGE(P17,U17,Z17,AE17,AJ17,AO17,AT17) -> 16.666667 | J17: =AVERAGE(Q17,V17,AA17,AF17,AK17,AP17,AU17) -> 1420.6667 | K17: =J17/I17 -> 85.24 | M17: =RANK(K17,$K$7:$K$24) -> 12 | R17: =Q17/P17 -> #DIV/0! | S17: =RANK(R17,$R$7:$R$24) -> #DIV/0! | W17: =V17/U17 -> #DIV/0! | X17: =RANK(W17,$W$7:$W$24) -> #DIV/0! | AB17: =AA17/Z17 -> #DIV/0! | AC17: =RANK(AB17,$AB$7:$AB$24) -> #DIV/0! | AG17: =AF17/AE17 -> #DIV/0! | AH17: =RANK(AG17,$AG$7:$AG$24) -> #DIV/0! | AJ17: 16 | AK17: 1380 | AL17: =AK17/AJ17 -> 86.25 | AM17: =RANK(AL17,$AL$7:$AL$24) -> 13 | AO17: 17 | AP17: 1411 | AQ17: =AP17/AO17 -> 83 | AR17: =RANK(AQ17,$AQ$7:$AQ$24) -> 14 | AT17: 17 | AU17: 1471 | AV17: =AU17/AT17 -> 86.529412 | AW17: =RANK(AV17,$AV$7:$AV$24) -> 11
C18: 12 | D18: 奶油鮮蝦明太子細扁麵 | E18: =VLOOKUP(D18,'07產線配置圖'!$A$2:$C$25,2,0) -> 18 | F18: =VLOOKUP(D18,'07產線配置圖'!$A$2:$C$25,3,0) -> 1636 | G18: =F18/E18 -> 90.888889 | I18: =AVERAGE(P18,U18,Z18,AE18,AJ18,AO18,AT18) -> 17.666667 | J18: =AVERAGE(Q18,V18,AA18,AF18,AK18,AP18,AU18) -> 1441.6667 | K18: =J18/I18 -> 81.603774 | M18: =RANK(K18,$K$7:$K$24) -> 14 | R18: =Q18/P18 -> #DIV/0! | S18: =RANK(R18,$R$7:$R$24) -> #DIV/0! | W18: =V18/U18 -> #DIV/0! | X18: =RANK(W18,$W$7:$W$24) -> #DIV/0! | AB18: =AA18/Z18 -> #DIV/0! | AC18: =RANK(AB18,$AB$7:$AB$24) -> #DIV/0! | AG18: =AF18/AE18 -> #DIV/0! | AH18: =RANK(AG18,$AG$7:$AG$24) -> #DIV/0! | AJ18: 18 | AK18: 1419 | AL18: =AK18/AJ18 -> 78.833333 | AM18: =RANK(AL18,$AL$7:$AL$24) -> 15 | AO18: 17 | AP18: 1443 | AQ18: =AP18/AO18 -> 84.882353 | AR18: =RANK(AQ18,$AQ$7:$AQ$24) -> 12 | AT18: 18 | AU18: 1463 | AV18: =AU18/AT18 -> 81.277778 | AW18: =RANK(AV18,$AV$7:$AV$24) -> 15
C19: 13 | D19: 義式蛋蛋青醬鮪魚冷義大利麵 | E19: =VLOOKUP(D19,'07產線配置圖'!$A$2:$C$25,2,0) -> 17 | F19: =VLOOKUP(D19,'07產線配置圖'!$A$2:$C$25,3,0) -> 1636 | G19: =F19/E19 -> 96.235294 | I19: =AVERAGE(P19,U19,Z19,AE19,AJ19,AO19,AT19) -> 16.666667 | J19: =AVERAGE(Q19,V19,AA19,AF19,AK19,AP19,AU19) -> 1467 | K19: =J19/I19 -> 88.02 | M19: =RANK(K19,$K$7:$K$24) -> 11 | R19: =Q19/P19 -> #DIV/0! | S19: =RANK(R19,$R$7:$R$24) -> #DIV/0! | W19: =V19/U19 -> #DIV/0! | X19: =RANK(W19,$W$7:$W$24) -> #DIV/0! | AB19: =AA19/Z19 -> #DIV/0! | AC19: =RANK(AB19,$AB$7:$AB$24) -> #DIV/0! | AG19: =AF19/AE19 -> #DIV/0! | AH19: =RANK(AG19,$AG$7:$AG$24) -> #DIV/0! | AJ19: 17 | AK19: 1547 | AL19: =AK19/AJ19 -> 91 | AM19: =RANK(AL19,$AL$7:$AL$24) -> 10 | AO19: 17 | AP19: 1516 | AQ19: =AP19/AO19 -> 89.176471 | AR19: =RANK(AQ19,$AQ$7:$AQ$24) -> 11 | AT19: 16 | AU19: 1338 | AV19: =AU19/AT19 -> 83.625 | AW19: =RANK(AV19,$AV$7:$AV$24) -> 14
C20: 14 | D20: 蕃茄莎莎海鮮冷義大利麵 | E20: =VLOOKUP(D20,'07產線配置圖'!$A$2:$C$25,2,0) -> 16 | F20: =VLOOKUP(D20,'07產線配置圖'!$A$2:$C$25,3,0) -> 1636 | G20: =F20/E20 -> 102.25 | I20: =AVERAGE(P20,U20,Z20,AE20,AJ20,AO20,AT20) -> 16 | J20: =AVERAGE(Q20,V20,AA20,AF20,AK20,AP20,AU20) -> 1358.3333 | K20: =J20/I20 -> 84.895833 | M20: =RANK(K20,$K$7:$K$24) -> 13 | R20: =Q20/P20 -> #DIV/0! | S20: =RANK(R20,$R$7:$R$24) -> #DIV/0! | W20: =V20/U20 -> #DIV/0! | X20: =RANK(W20,$W$7:$W$24) -> #DIV/0! | AB20: =AA20/Z20 -> #DIV/0! | AC20: =RANK(AB20,$AB$7:$AB$24) -> #DIV/0! | AG20: =AF20/AE20 -> #DIV/0! | AH20: =RANK(AG20,$AG$7:$AG$24) -> #DIV/0! | AJ20: 16 | AK20: 1384 | AL20: =AK20/AJ20 -> 86.5 | AM20: =RANK(AL20,$AL$7:$AL$24) -> 12 | AO20: 16 | AP20: 1311 | AQ20: =AP20/AO20 -> 81.9375 | AR20: =RANK(AQ20,$AQ$7:$AQ$24) -> 16 | AT20: 16 | AU20: 1380 | AV20: =AU20/AT20 -> 86.25 | AW20: =RANK(AV20,$AV$7:$AV$24) -> 12
C21: 15 | D21: 羅馬黑胡椒起司義大利麵 | E21: =VLOOKUP(D21,'07產線配置圖'!$A$2:$C$25,2,0) -> 17 | F21: =VLOOKUP(D21,'07產線配置圖'!$A$2:$C$25,3,0) -> 2250 | G21: =F21/E21 -> 132.35294 | I21: =AVERAGE(P21,U21,Z21,AE21,AJ21,AO21,AT21) -> 17 | J21: =AVERAGE(Q21,V21,AA21,AF21,AK21,AP21,AU21) -> 2025.3333 | K21: =J21/I21 -> 119.13725 | M21: =RANK(K21,$K$7:$K$24) -> 6 | R21: =Q21/P21 -> #DIV/0! | S21: =RANK(R21,$R$7:$R$24) -> #DIV/0! | W21: =V21/U21 -> #DIV/0! | X21: =RANK(W21,$W$7:$W$24) -> #DIV/0! | AB21: =AA21/Z21 -> #DIV/0! | AC21: =RANK(AB21,$AB$7:$AB$24) -> #DIV/0! | AG21: =AF21/AE21 -> #DIV/0! | AH21: =RANK(AG21,$AG$7:$AG$24) -> #DIV/0! | AJ21: 17 | AK21: 2000 | AL21: =AK21/AJ21 -> 117.64706 | AM21: =RANK(AL21,$AL$7:$AL$24) -> 6 | AO21: 17 | AP21: 2025 | AQ21: =AP21/AO21 -> 119.11765 | AR21: =RANK(AQ21,$AQ$7:$AQ$24) -> 6 | AT21: 17 | AU21: 2051 | AV21: =AU21/AT21 -> 120.64706 | AW21: =RANK(AV21,$AV$7:$AV$24) -> 6
C22: 16 | D22: 鱈魚粉紅青醬筆尖麵 | E22: =VLOOKUP(D22,'07產線配置圖'!$A$2:$C$25,2,0) -> 14 | F22: =VLOOKUP(D22,'07產線配置圖'!$A$2:$C$25,3,0) -> 1565 | G22: =F22/E22 -> 111.78571 | I22: =AVERAGE(P22,U22,Z22,AE22,AJ22,AO22,AT22) -> 11 | J22: =AVERAGE(Q22,V22,AA22,AF22,AK22,AP22,AU22) -> 1018 | K22: =J22/I22 -> 92.545455 | M22: =RANK(K22,$K$7:$K$24) -> 10 | R22: =Q22/P22 -> #DIV/0! | S22: =RANK(R22,$R$7:$R$24) -> #DIV/0! | W22: =V22/U22 -> #DIV/0! | X22: =RANK(W22,$W$7:$W$24) -> #DIV/0! | AB22: =AA22/Z22 -> #DIV/0! | AC22: =RANK(AB22,$AB$7:$AB$24) -> #DIV/0! | AG22: =AF22/AE22 -> #DIV/0! | AH22: =RANK(AG22,$AG$7:$AG$24) -> #DIV/0! | AJ22: 9 | AK22: 807 | AL22: =AK22/AJ22 -> 89.666667 | AM22: =RANK(AL22,$AL$7:$AL$24) -> 11 | AO22: 13 | AP22: 1209 | AQ22: =AP22/AO22 -> 93 | AR22: =RANK(AQ22,$AQ$7:$AQ$24) -> 9 | AT22: 11 | AU22: 1038 | AV22: =AU22/AT22 -> 94.363636 | AW22: =RANK(AV22,$AV$7:$AV$24) -> 9
C23: 17 | D23: 金沙豆腐義大利麵 | E23: =VLOOKUP(D23,'07產線配置圖'!$A$2:$C$25,2,0) -> 18 | F23: =VLOOKUP(D23,'07產線配置圖'!$A$2:$C$25,3,0) -> 1636 | G23: =F23/E23 -> 90.888889 | I23: =AVERAGE(P23,U23,Z23,AE23,AJ23,AO23,AT23) -> 18 | J23: =AVERAGE(Q23,V23,AA23,AF23,AK23,AP23,AU23) -> 1440 | K23: =J23/I23 -> 80 | M23: =RANK(K23,$K$7:$K$24) -> 15 | R23: =Q23/P23 -> #DIV/0! | S23: =RANK(R23,$R$7:$R$24) -> #DIV/0! | W23: =V23/U23 -> #DIV/0! | X23: =RANK(W23,$W$7:$W$24) -> #DIV/0! | AB23: =AA23/Z23 -> #DIV/0! | AC23: =RANK(AB23,$AB$7:$AB$24) -> #DIV/0! | AG23: =AF23/AE23 -> #DIV/0! | AH23: =RANK(AG23,$AG$7:$AG$24) -> #DIV/0! | AJ23: 18 | AK23: 1482 | AL23: =AK23/AJ23 -> 82.333333 | AM23: =RANK(AL23,$AL$7:$AL$24) -> 14 | AO23: 18 | AP23: 1485 | AQ23: =AP23/AO23 -> 82.5 | AR23: =RANK(AQ23,$AQ$7:$AQ$24) -> 15 | AT23: 18 | AU23: 1353 | AV23: =AU23/AT23 -> 75.166667 | AW23: =RANK(AV23,$AV$7:$AV$24) -> 16
C24: 18
B25: 產線配置圖－每週更新 | N25: 資料繳交 | O25: 日期 | P25: =AT2+1 -> 46238 | U25: =P25+1 -> 46239 | Z25: =U25+1 -> 46240 | AE25: =Z25+1 -> 46241 | AJ25: =AE25+1 -> 46242 | AO25: =AJ25+1 -> 46243 | AT25: =AO25+1 -> 46244
P26: 二 | U26: 三 | Z26: 四 | AE26: 五 | AJ26: 六 | AO26: 日 | AT26: 一
B27: 品群 | C27: 商品名稱 | E27: 計畫 | H27: 平均人時性 | I27: 實績 | L27: 平均人時性 | M27: 排名 | O27: 日報 | P27: 實際 | T27: 平均人時性 | U27: 實際 | Y27: 平均人時性 | Z27: 實際 | AD27: 平均人時性 | AE27: 實際 | AI27: 平均人時性 | AJ27: 實際 | AN27: 平均人時性 | AO27: 實際 | AS27: 平均人時性 | AT27: 實際 | AX27: 平均人時性
E28: 產線配置圖 | I28: 產線配置圖 | P28: 生產實績 | U28: 生產實績 | Z28: 生產實績 | AE28: 生產實績 | AJ28: 生產實績 | AO28: 生產實績 | AT28: 生產實績
E29: 人數 | F29: 產能／時 | G29: 人時性 | I29: 人數 | J29: 產能／時 | K29: 人時性 | P29: 人數 | Q29: 產能／時 | R29: 人時性 | S29: 排名 | U29: 人數 | V29: 產能／時 | W29: 人時性 | X29: 排名 | Z29: 人數 | AA29: 產能／時 | AB29: 人時性 | AC29: 排名 | AE29: 人數 | AF29: 產能／時 | AG29: 人時性 | AH29: 排名 | AJ29: 人數 | AK29: 產能／時 | AL29: 人時性 | AM29: 排名 | AO29: 人數 | AP29: 產能／時 | AQ29: 人時性 | AR29: 排名 | AT29: 人數 | AU29: 產能／時 | AV29: 人時性 | AW29: 排名
B30: 熱食義麵 | C30: 1 | D30: 義式蕃茄起司義大利麵 | E30: =VLOOKUP(D30,'07產線配置圖'!$A$2:$C$25,2,0) -> 12 | F30: =VLOOKUP(D30,'07產線配置圖'!$A$2:$C$25,3,0) -> 2250 | G30: =F30/E30 -> 187.5 | H30: =AVERAGE(G30:G47) -> 123.00422 | I30: =AVERAGE(P30,U30,Z30,AE30,AJ30,AO30,AT30) -> 12 | J30: =AVERAGE(Q30,V30,AA30,AF30,AK30,AP30,AU30) -> 2052 | K30: =J30/I30 -> 171 | L30: =IFERROR(AVERAGE(K30:K47),"-") -> 111.12013 | M30: =RANK(K30, K$30:$K$47) -> 1 | P30: 12 | Q30: 1933 | R30: =Q30/P30 -> 161.08333 | S30: =RANK(R30,$R$30:$R$47) -> 3 | T30: =AVERAGE(R30:R47) -> 111.55871 | U30: 12 | V30: 2033 | W30: =V30/U30 -> 169.41667 | X30: =RANK(W30, $W$30:$W$47) -> 1 | Y30: =AVERAGE(W30:W47) -> 111.72832 | Z30: 12 | AA30: 1970 | AB30: =AA30/Z30 -> 164.16667 | AC30: =RANK(AB30, $AB$30:$AB$47) -> 2 | AD30: =AVERAGE(AB30:AB47) -> 111.0565 | AE30: 12 | AF30: 2171 | AG30: =AF30/AE30 -> 180.91667 | AH30: =RANK(AG30, $AG$30:$AG$47) -> 1 | AI30: =AVERAGE(AG30:AG47) -> 109.45992 | AJ30: 12 | AK30: 2204 | AL30: =AK30/AJ30 -> 183.66667 | AM30: =RANK(AL30, $AL$30:$AL$47) -> 1 | AN30: =AVERAGE(AL30:AL47) -> 111.99957 | AO30: 12 | AP30: 2015 | AQ30: =AP30/AO30 -> 167.91667 | AR30: =RANK(AQ30,$AQ$30:$AQ$47) -> 2 | AS30: =AVERAGE(AQ30:AQ47) -> 109.11036 | AT30: 12 | AU30: 2038 | AV30: =AU30/AT30 -> 169.83333 | AW30: =RANK(AV30, $AV$30:$AV$47) -> 1 | AX30: =AVERAGE(AV30:AV47) -> 112.97826
C31: 2 | D31: 奶油培根義大利麵 | E31: =VLOOKUP(D31,'07產線配置圖'!$A$3:$C$26,2,0) -> 15 | F31: =VLOOKUP(D31,'07產線配置圖'!$A$3:$C$26,3,0) -> 2250 | G31: =F31/E31 -> 150 | I31: =AVERAGE(P31,U31,Z31,AE31,AJ31,AO31,AT31) -> 14.857143 | J31: =AVERAGE(Q31,V31,AA31,AF31,AK31,AP31,AU31) -> 2089 | K31: =J31/I31 -> 140.60577 | M31: =RANK(K31, K$30:$K$47) -> 4 | P31: 15 | Q31: 2079 | R31: =Q31/P31 -> 138.6 | S31: =RANK(R31,$R$30:$R$47) -> 5 | U31: 14 | V31: 1997 | W31: =V31/U31 -> 142.64286 | X31: =RANK(W31, $W$30:$W$47) -> 5 | Z31: 15 | AA31: 2087 | AB31: =AA31/Z31 -> 139.13333 | AC31: =RANK(AB31, $AB$30:$AB$47) -> 4 | AE31: 15 | AF31: 2212 | AG31: =AF31/AE31 -> 147.46667 | AH31: =RANK(AG31, $AG$30:$AG$47) -> 4 | AJ31: 15 | AK31: 2204 | AL31: =AK31/AJ31 -> 146.93333 | AM31: =RANK(AL31, $AL$30:$AL$47) -> 4 | AO31: 15 | AP31: 1908 | AQ31: =AP31/AO31 -> 127.2 | AR31: =RANK(AQ31,$AQ$30:$AQ$47) -> 5 | AT31: 15 | AU31: 2136 | AV31: =AU31/AT31 -> 142.4 | AW31: =RANK(AV31, $AV$30:$AV$47) -> 4
C32: 3 | D32: 白酒清炒鮮蛤義大利麵 | E32: =VLOOKUP(D32,'07產線配置圖'!$A$3:$C$26,2,0) -> 15 | F32: =VLOOKUP(D32,'07產線配置圖'!$A$3:$C$26,3,0) -> 2250 | G32: =F32/E32 -> 150 | I32: =AVERAGE(P32,U32,Z32,AE32,AJ32,AO32,AT32) -> 14.714286 | J32: =AVERAGE(Q32,V32,AA32,AF32,AK32,AP32,AU32) -> 2024.1429 | K32: =J32/I32 -> 137.56311 | M32: =RANK(K32, K$30:$K$47) -> 5 | P32: 14 | Q32: 1994 | R32: =Q32/P32 -> 142.42857 | S32: =RANK(R32,$R$30:$R$47) -> 4 | U32: 14 | V32: 2016 | W32: =V32/U32 -> 144 | X32: =RANK(W32, $W$30:$W$47) -> 4 | Z32: 15 | AA32: 2039 | AB32: =AA32/Z32 -> 135.93333 | AC32: =RANK(AB32, $AB$30:$AB$47) -> 5 | AE32: 15 | AF32: 2020 | AG32: =AF32/AE32 -> 134.66667 | AH32: =RANK(AG32, $AG$30:$AG$47) -> 5 | AJ32: 15 | AK32: 2076 | AL32: =AK32/AJ32 -> 138.4 | AM32: =RANK(AL32, $AL$30:$AL$47) -> 5 | AO32: 15 | AP32: 2003 | AQ32: =AP32/AO32 -> 133.53333 | AR32: =RANK(AQ32,$AQ$30:$AQ$47) -> 4 | AT32: 15 | AU32: 2021 | AV32: =AU32/AT32 -> 134.73333 | AW32: =RANK(AV32, $AV$30:$AV$47) -> 5
C33: 4 | D33: 焗烤起司雙饗筆尖麵 | E33: =VLOOKUP(D33,'07產線配置圖'!$A$3:$C$26,2,0) -> 16 | F33: =VLOOKUP(D33,'07產線配置圖'!$A$3:$C$26,3,0) -> 1800 | G33: =F33/E33 -> 112.5 | I33: =AVERAGE(P33,U33,Z33,AE33,AJ33,AO33,AT33) -> 15.857143 | J33: =AVERAGE(Q33,V33,AA33,AF33,AK33,AP33,AU33) -> 1556.4286 | K33: =J33/I33 -> 98.153153 | M33: =RANK(K33, K$30:$K$47) -> 9 | P33: 15 | Q33: 1560 | R33: =Q33/P33 -> 104 | S33: =RANK(R33,$R$30:$R$47) -> 7 | U33: 16 | V33: 1525 | W33: =V33/U33 -> 95.3125 | X33: =RANK(W33, $W$30:$W$47) -> 11 | Z33: 16 | AA33: 1625 | AB33: =AA33/Z33 -> 101.5625 | AC33: =RANK(AB33, $AB$30:$AB$47) -> 9 | AE33: 16 | AF33: 1540 | AG33: =AF33/AE33 -> 96.25 | AH33: =RANK(AG33, $AG$30:$AG$47) -> 10 | AJ33: 16 | AK33: 1643 | AL33: =AK33/AJ33 -> 102.6875 | AM33: =RANK(AL33, $AL$30:$AL$47) -> 9 | AO33: 16 | AP33: 1566 | AQ33: =AP33/AO33 -> 97.875 | AR33: =RANK(AQ33,$AQ$30:$AQ$47) -> 9 | AT33: 16 | AU33: 1436 | AV33: =AU33/AT33 -> 89.75 | AW33: =RANK(AV33, $AV$30:$AV$47) -> 13
C34: 5 | D34: 青醬蛤蜊義大利麵 | E34: =VLOOKUP(D34,'07產線配置圖'!$A$3:$C$26,2,0) -> 13 | F34: =VLOOKUP(D34,'07產線配置圖'!$A$3:$C$26,3,0) -> 2250 | G34: =F34/E34 -> 173.07692 | I34: =AVERAGE(P34,U34,Z34,AE34,AJ34,AO34,AT34) -> 13 | J34: =AVERAGE(Q34,V34,AA34,AF34,AK34,AP34,AU34) -> 2078.8571 | K34: =J34/I34 -> 159.91209 | M34: =RANK(K34, K$30:$K$47) -> 2 | P34: 13 | Q34: 2123 | R34: =Q34/P34 -> 163.30769 | S34: =RANK(R34,$R$30:$R$47) -> 2 | U34: 13 | V34: 2080 | W34: =V34/U34 -> 160 | X34: =RANK(W34, $W$30:$W$47) -> 2 | Z34: 13 | AA34: 1991 | AB34: =AA34/Z34 -> 153.15385 | AC34: =RANK(AB34, $AB$30:$AB$47) -> 3 | AE34: 13 | AF34: 2015 | AG34: =AF34/AE34 -> 155 | AH34: =RANK(AG34, $AG$30:$AG$47) -> 2 | AJ34: 13 | AK34: 2100 | AL34: =AK34/AJ34 -> 161.53846 | AM34: =RANK(AL34, $AL$30:$AL$47) -> 2 | AO34: 13 | AP34: 2192 | AQ34: =AP34/AO34 -> 168.61538 | AR34: =RANK(AQ34,$AQ$30:$AQ$47) -> 1 | AT34: 13 | AU34: 2051 | AV34: =AU34/AT34 -> 157.76923 | AW34: =RANK(AV34, $AV$30:$AV$47) -> 2
C35: 6 | D35: 青花椒麻雞肉拌麵 | E35: =VLOOKUP(D35,'07產線配置圖'!$A$3:$C$26,2,0) -> 16 | F35: =VLOOKUP(D35,'07產線配置圖'!$A$3:$C$26,3,0) -> 1714 | G35: =F35/E35 -> 107.125 | I35: =AVERAGE(P35,U35,Z35,AE35,AJ35,AO35,AT35) -> 15.857143 | J35: =AVERAGE(Q35,V35,AA35,AF35,AK35,AP35,AU35) -> 1600.5714 | K35: =J35/I35 -> 100.93694 | M35: =RANK(K35, K$30:$K$47) -> 8 | P35: 16 | Q35: 1432 | R35: =Q35/P35 -> 89.5 | S35: =RANK(R35,$R$30:$R$47) -> 14 | U35: 15 | V35: 1519 | W35: =V35/U35 -> 101.26667 | X35: =RANK(W35, $W$30:$W$47) -> 8 | Z35: 16 | AA35: 1631 | AB35: =AA35/Z35 -> 101.9375 | AC35: =RANK(AB35, $AB$30:$AB$47) -> 8 | AE35: 16 | AF35: 1605 | AG35: =AF35/AE35 -> 100.3125 | AH35: =RANK(AG35, $AG$30:$AG$47) -> 8 | AJ35: 16 | AK35: 1682 | AL35: =AK35/AJ35 -> 105.125 | AM35: =RANK(AL35, $AL$30:$AL$47) -> 8 | AO35: 16 | AP35: 1693 | AQ35: =AP35/AO35 -> 105.8125 | AR35: =RANK(AQ35,$AQ$30:$AQ$47) -> 8 | AT35: 16 | AU35: 1642 | AV35: =AU35/AT35 -> 102.625 | AW35: =RANK(AV35, $AV$30:$AV$47) -> 8
C36: 7 | D36: 沙茶豬肉炒麵 | E36: =VLOOKUP(D36,'07產線配置圖'!$A$3:$C$26,2,0) -> 17 | F36: =VLOOKUP(D36,'07產線配置圖'!$A$3:$C$26,3,0) -> 1800 | G36: =F36/E36 -> 105.88235 | I36: =AVERAGE(P36,U36,Z36,AE36,AJ36,AO36,AT36) -> 17 | J36: =AVERAGE(Q36,V36,AA36,AF36,AK36,AP36,AU36) -> 1635.1429 | K36: =J36/I36 -> 96.184874 | M36: =RANK(K36, K$30:$K$47) -> 10 | P36: 17 | Q36: 1684 | R36: =Q36/P36 -> 99.058824 | S36: =RANK(R36,$R$30:$R$47) -> 9 | U36: 17 | V36: 1703 | W36: =V36/U36 -> 100.17647 | X36: =RANK(W36, $W$30:$W$47) -> 9 | Z36: 17 | AA36: 1709 | AB36: =AA36/Z36 -> 100.52941 | AC36: =RANK(AB36, $AB$30:$AB$47) -> 10 | AE36: 17 | AF36: 1731 | AG36: =AF36/AE36 -> 101.82353 | AH36: =RANK(AG36, $AG$30:$AG$47) -> 7 | AJ36: 17 | AK36: 1539 | AL36: =AK36/AJ36 -> 90.529412 | AM36: =RANK(AL36, $AL$30:$AL$47) -> 11 | AO36: 17 | AP36: 1558 | AQ36: =AP36/AO36 -> 91.647059 | AR36: =RANK(AQ36,$AQ$30:$AQ$47) -> 11 | AT36: 17 | AU36: 1522 | AV36: =AU36/AT36 -> 89.529412 | AW36: =RANK(AV36, $AV$30:$AV$47) -> 15
C37: 8 | D37: 府城鹽水意麵 | E37: =VLOOKUP(D37,'07產線配置圖'!$A$3:$C$26,2,0) -> 18 | F37: =VLOOKUP(D37,'07產線配置圖'!$A$3:$C$26,3,0) -> 1636 | G37: =F37/E37 -> 90.888889 | I37: =AVERAGE(P37,U37,Z37,AE37,AJ37,AO37,AT37) -> 17.642857 | J37: =AVERAGE(Q37,V37,AA37,AF37,AK37,AP37,AU37) -> 1472.4286 | K37: =J37/I37 -> 83.45749 | M37: =RANK(K37, K$30:$K$47) -> 15 | P37: 17.5 | Q37: 1371 | R37: =Q37/P37 -> 78.342857 | S37: =RANK(R37,$R$30:$R$47) -> 17 | U37: 17 | V37: 1462 | W37: =V37/U37 -> 86 | X37: =RANK(W37, $W$30:$W$47) -> 14 | Z37: 17 | AA37: 1335 | AB37: =AA37/Z37 -> 78.529412 | AC37: =RANK(AB37, $AB$30:$AB$47) -> 17 | AE37: 18 | AF37: 1618 | AG37: =AF37/AE37 -> 89.888889 | AH37: =RANK(AG37, $AG$30:$AG$47) -> 14 | AJ37: 18 | AK37: 1472 | AL37: =AK37/AJ37 -> 81.777778 | AM37: =RANK(AL37, $AL$30:$AL$47) -> 16 | AO37: 18 | AP37: 1436 | AQ37: =AP37/AO37 -> 79.777778 | AR37: =RANK(AQ37,$AQ$30:$AQ$47) -> 14 | AT37: 18 | AU37: 1613 | AV37: =AU37/AT37 -> 89.611111 | AW37: =RANK(AV37, $AV$30:$AV$47) -> 14
C38: 9 | D38: 香煎魚排佐檸檬奶油義大利麵 | E38: =VLOOKUP(D38,'07產線配置圖'!$A$3:$C$26,2,0) -> 13 | F38: =VLOOKUP(D38,'07產線配置圖'!$A$3:$C$26,3,0) -> 2250 | G38: =F38/E38 -> 173.07692 | I38: =AVERAGE(P38,U38,Z38,AE38,AJ38,AO38,AT38) -> 13 | J38: =AVERAGE(Q38,V38,AA38,AF38,AK38,AP38,AU38) -> 2063.4286 | K38: =J38/I38 -> 158.72527 | M38: =RANK(K38, K$30:$K$47) -> 3 | P38: 13 | Q38: 2124 | R38: =Q38/P38 -> 163.38462 | S38: =RANK(R38,$R$30:$R$47) -> 1 | U38: 13 | V38: 2021 | W38: =V38/U38 -> 155.46154 | X38: =RANK(W38, $W$30:$W$47) -> 3 | Z38: 13 | AA38: 2176 | AB38: =AA38/Z38 -> 167.38462 | AC38: =RANK(AB38, $AB$30:$AB$47) -> 1 | AE38: 13 | AF38: 1978 | AG38: =AF38/AE38 -> 152.15385 | AH38: =RANK(AG38, $AG$30:$AG$47) -> 3 | AJ38: 13 | AK38: 2044 | AL38: =AK38/AJ38 -> 157.23077 | AM38: =RANK(AL38, $AL$30:$AL$47) -> 3 | AO38: 13 | AP38: 2130 | AQ38: =AP38/AO38 -> 163.84615 | AR38: =RANK(AQ38,$AQ$30:$AQ$47) -> 3 | AT38: 13 | AU38: 1971 | AV38: =AU38/AT38 -> 151.61538 | AW38: =RANK(AV38, $AV$30:$AV$47) -> 3
C39: 10 | D39: 黑松露野菇義大利麵 | E39: =VLOOKUP(D39,'07產線配置圖'!$A$3:$C$26,2,0) -> 17 | F39: =VLOOKUP(D39,'07產線配置圖'!$A$3:$C$26,3,0) -> 1636 | G39: =F39/E39 -> 96.235294 | I39: =AVERAGE(P39,U39,Z39,AE39,AJ39,AO39,AT39) -> 17.142857 | J39: =AVERAGE(Q39,V39,AA39,AF39,AK39,AP39,AU39) -> 1500 | K39: =J39/I39 -> 87.5 | M39: =RANK(K39, K$30:$K$47) -> 13 | P39: 17 | Q39: 1552 | R39: =Q39/P39 -> 91.294118 | S39: =RANK(R39,$R$30:$R$47) -> 12 | U39: 17 | V39: 1345 | W39: =V39/U39 -> 79.117647 | X39: =RANK(W39, $W$30:$W$47) -> 16 | Z39: 17 | AA39: 1549 | AB39: =AA39/Z39 -> 91.117647 | AC39: =RANK(AB39, $AB$30:$AB$47) -> 13 | AE39: 17 | AF39: 1558 | AG39: =AF39/AE39 -> 91.647059 | AH39: =RANK(AG39, $AG$30:$AG$47) -> 13 | AJ39: 18 | AK39: 1577 | AL39: =AK39/AJ39 -> 87.611111 | AM39: =RANK(AL39, $AL$30:$AL$47) -> 13 | AO39: 17 | AP39: 1350 | AQ39: =AP39/AO39 -> 79.411765 | AR39: =RANK(AQ39,$AQ$30:$AQ$47) -> 15 | AT39: 17 | AU39: 1569 | AV39: =AU39/AT39 -> 92.294118 | AW39: =RANK(AV39, $AV$30:$AV$47) -> 12
C40: 11 | D40: 奶油鮮蝦明太子細扁麵 | E40: =VLOOKUP(D40,'07產線配置圖'!$A$3:$C$26,2,0) -> 18 | F40: =VLOOKUP(D40,'07產線配置圖'!$A$3:$C$26,3,0) -> 1636 | G40: =F40/E40 -> 90.888889 | I40: =AVERAGE(P40,U40,Z40,AE40,AJ40,AO40,AT40) -> 16.428571 | J40: =AVERAGE(Q40,V40,AA40,AF40,AK40,AP40,AU40) -> 1350.1429 | K40: =J40/I40 -> 82.182609 | M40: =RANK(K40, K$30:$K$47) -> 16 | P40: 17 | Q40: 1389 | R40: =Q40/P40 -> 81.705882 | S40: =RANK(R40,$R$30:$R$47) -> 16 | U40: 17 | V40: 1395 | W40: =V40/U40 -> 82.058824 | X40: =RANK(W40, $W$30:$W$47) -> 15 | Z40: 16 | AA40: 1288 | AB40: =AA40/Z40 -> 80.5 | AC40: =RANK(AB40, $AB$30:$AB$47) -> 16 | AE40: 16 | AF40: 1276 | AG40: =AF40/AE40 -> 79.75 | AH40: =RANK(AG40, $AG$30:$AG$47) -> 15 | AJ40: 16 | AK40: 1327 | AL40: =AK40/AJ40 -> 82.9375 | AM40: =RANK(AL40, $AL$30:$AL$47) -> 14 | AO40: 16 | AP40: 1299 | AQ40: =AP40/AO40 -> 81.1875 | AR40: =RANK(AQ40,$AQ$30:$AQ$47) -> 13 | AT40: 17 | AU40: 1477 | AV40: =AU40/AT40 -> 86.882353 | AW40: =RANK(AV40, $AV$30:$AV$47) -> 16
C41: 12 | D41: 義式蛋蛋青醬鮪魚冷義大利麵 | E41: =VLOOKUP(D41,'07產線配置圖'!$A$3:$C$26,2,0) -> 17 | F41: =VLOOKUP(D41,'07產線配置圖'!$A$3:$C$26,3,0) -> 1636 | G41: =F41/E41 -> 96.235294 | I41: =AVERAGE(P41,U41,Z41,AE41,AJ41,AO41,AT41) -> 16.142857 | J41: =AVERAGE(Q41,V41,AA41,AF41,AK41,AP41,AU41) -> 1447 | K41: =J41/I41 -> 89.637168 | M41: =RANK(K41, K$30:$K$47) -> 12 | P41: 16 | Q41: 1441 | R41: =Q41/P41 -> 90.0625 | S41: =RANK(R41,$R$30:$R$47) -> 13 | U41: 16 | V41: 1438 | W41: =V41/U41 -> 89.875 | X41: =RANK(W41, $W$30:$W$47) -> 12 | Z41: 15 | AA41: 1273 | AB41: =AA41/Z41 -> 84.866667 | AC41: =RANK(AB41, $AB$30:$AB$47) -> 14 | AE41: 16 | AF41: 1488 | AG41: =AF41/AE41 -> 93 | AH41: =RANK(AG41, $AG$30:$AG$47) -> 11 | AJ41: 16 | AK41: 1414 | AL41: =AK41/AJ41 -> 88.375 | AM41: =RANK(AL41, $AL$30:$AL$47) -> 12 | AO41: 17 | AP41: 1462 | AQ41: =AP41/AO41 -> 86 | AR41: =RANK(AQ41,$AQ$30:$AQ$47) -> 12 | AT41: 17 | AU41: 1613 | AV41: =AU41/AT41 -> 94.882353 | AW41: =RANK(AV41, $AV$30:$AV$47) -> 10
C42: 13 | D42: 蕃茄莎莎海鮮冷義大利麵 | E42: =VLOOKUP(D42,'07產線配置圖'!$A$3:$C$26,2,0) -> 16 | F42: =VLOOKUP(D42,'07產線配置圖'!$A$3:$C$26,3,0) -> 1636 | G42: =F42/E42 -> 102.25 | I42: =AVERAGE(P42,U42,Z42,AE42,AJ42,AO42,AT42) -> 15.857143 | J42: =AVERAGE(Q42,V42,AA42,AF42,AK42,AP42,AU42) -> 1381.4286 | K42: =J42/I42 -> 87.117117 | M42: =RANK(K42, K$30:$K$47) -> 14 | P42: 16 | Q42: 1487 | R42: =Q42/P42 -> 92.9375 | S42: =RANK(R42,$R$30:$R$47) -> 11 | U42: 16 | V42: 1386 | W42: =V42/U42 -> 86.625 | X42: =RANK(W42, $W$30:$W$47) -> 13 | Z42: 16 | AA42: 1459 | AB42: =AA42/Z42 -> 91.1875 | AC42: =RANK(AB42, $AB$30:$AB$47) -> 12 | AE42: 16 | AF42: 950 | AG42: =AF42/AE42 -> 59.375 | AH42: =RANK(AG42, $AG$30:$AG$47) -> 17 | AJ42: 16 | AK42: 1502 | AL42: =AK42/AJ42 -> 93.875 | AM42: =RANK(AL42, $AL$30:$AL$47) -> 10 | AO42: 15 | AP42: 1386 | AQ42: =AP42/AO42 -> 92.4 | AR42: =RANK(AQ42,$AQ$30:$AQ$47) -> 10 | AT42: 16 | AU42: 1500 | AV42: =AU42/AT42 -> 93.75 | AW42: =RANK(AV42, $AV$30:$AV$47) -> 11
... C46: 17 | D46: 番茄蘑菇義大利麵 | E46: =VLOOKUP(D46,'07產線配置圖'!$A$3:$C$26,2,0) -> 13 | F46: =VLOOKUP(D46,'07產線配置圖'!$A$3:$C$26,3,0) -> 1565 | G46: =F46/E46 -> 120.38462 | I46: =AVERAGE(P46,U46,Z46,AE46,AJ46,AO46,AT46) -> 10.642857 | J46: =AVERAGE(Q46,V46,AA46,AF46,AK46,AP46,AU46) -> 1125.2857 | K46: =J46/I46 -> 105.73154 | M46: =RANK(K46, K$30:$K$47) -> 7 | P46: 11.5 | Q46: 1181 | R46: =Q46/P46 -> 102.69565 | S46: =RANK(R46,$R$30:$R$47) -> 8 | U46: 13 | V46: 1257 | W46: =V46/U46 -> 96.692308 | X46: =RANK(W46, $W$30:$W$47) -> 10 | Z46: 10 | AA46: 1031 | AB46: =AA46/Z46 -> 103.1 | AC46: =RANK(AB46, $AB$30:$AB$47) -> 7 | AE46: 11 | AF46: 1083 | AG46: =AF46/AE46 -> 98.454545 | AH46: =RANK(AG46, $AG$30:$AG$47) -> 9 | AJ46: 10 | AK46: 1129 | AL46: =AK46/AJ46 -> 112.9 | AM46: =RANK(AL46, $AL$30:$AL$47) -> 7 | AO46: 10 | AP46: 1123 | AQ46: =AP46/AO46 -> 112.3 | AR46: =RANK(AQ46,$AQ$30:$AQ$47) -> 7 | AT46: 9 | AU46: 1073 | AV46: =AU46/AT46 -> 119.22222 | AW46: =RANK(AV46, $AV$30:$AV$47) -> 7
C47: 18
B48: 產線配置圖－每週更新 | N48: 資料繳交 | O48: 日期 | P48: =AT25+1 -> 46245 | U48: =P48+1 -> 46246 | Z48: =Z25+7 -> 46247 | AE48: =AE25+7 -> 46248 | AJ48: =AJ25+7 -> 46249 | AO48: =AO25+7 -> 46250 | AT48: =AT25+7 -> 46251
P49: 二 | U49: 三 | Z49: 四 | AE49: 五 | AJ49: 六 | AO49: 日 | AT49: 一
B50: 品群 | C50: 商品名稱 | E50: 計畫 | H50: 平均人時性 | I50: 實績 | L50: 平均人時性 | M50: 排名 | O50: 日報 | P50: 實際 | T50: 平均人時性 | U50: 實際 | Y50: 平均人時性 | Z50: 實際 | AD50: 平均人時性 | AE50: 實際 | AI50: 平均人時性 | AJ50: 實際 | AN50: 平均人時性 | AO50: 實際 | AS50: 平均人時性 | AT50: 實際 | AX50: 平均人時性
E51: 產線配置圖 | I51: 產線配置圖 | P51: 生產實績 | U51: 生產實績 | Z51: 生產實績 | AE51: 生產實績 | AJ51: 生產實績 | AO51: 生產實績 | AT51: 生產實績
E52: 人數 | F52: 產能／時 | G52: 人時性 | I52: 人數 | J52: 產能／時 | K52: 人時性 | P52: 人數 | Q52: 產能／時 | R52: 人時性 | S52: 排名 | U52: 人數 | V52: 產能／時 | W52: 人時性 | X52: 排名 | Z52: 人數 | AA52: 產能／時 | AB52: 人時性 | AC52: 排名 | AE52: 人數 | AF52: 產能／時 | AG52: 人時性 | AH52: 排名 | AJ52: 人數 | AK52: 產能／時 | AL52: 人時性 | AM52: 排名 | AO52: 人數 | AP52: 產能／時 | AQ52: 人時性 | AR52: 排名 | AT52: 人數 | AU52: 產能／時 | AV52: 人時性 | AW52: 排名
B53: 熱食義麵 | C53: 1 | D53: 義式蕃茄起司義大利麵 | E53: =VLOOKUP(D53,'07產線配置圖'!$A$2:$C$25,2,0) -> 12 | F53: =VLOOKUP(D53,'07產線配置圖'!$A$2:$C$25,3,0) -> 2250 | G53: =F53/E53 -> 187.5 | H53: =AVERAGE(G53:G70) -> 123.00422 | I53: =AVERAGE(P53,U53,Z53,AE53,AJ53,AO53,AT53) -> 12 | J53: =AVERAGE(Q53,V53,AA53,AF53,AK53,AP53,AU53) -> 2070.8571 | K53: =AVERAGE(R53,W53,AB53,AG53,AL53,AQ53,AV53) -> 172.57143 | L53: =IFERROR(AVERAGE(K53:K70),"-") -> 110.45961 | M53: =RANK(K53, K$53:$K$70) -> 1 | P53: 12 | Q53: 2152 | R53: =Q53/P53 -> 179.33333 | S53: =RANK(R53, $R$53:$R$70) -> 1 | T53: =AVERAGE(R53:R70) -> 110.16266 | U53: 12 | V53: 2095 | W53: =V53/U53 -> 174.58333 | X53: =RANK(W53,$W$53:$W$70) -> 1 | Y53: =AVERAGE(W53:W70) -> 112.09814 | Z53: 12 | AA53: 2051 | AB53: =AA53/Z53 -> 170.91667 | AC53: =RANK(AB53, $AB$53:$AB$70) -> 1 | AD53: =AVERAGE(AB53:AB70) -> 107.58816 | AE53: 12 | AF53: 2027 | AG53: =AF53/AE53 -> 168.91667 | AH53: =RANK(AG53, $AG$53:$AG$70) -> 1 | AI53: =AVERAGE(AG53:AG70) -> 108.34542 | AJ53: 12 | AK53: 1916 | AL53: =AK53/AJ53 -> 159.66667 | AM53: =RANK(AL53,$AL$53:$AL$70) -> 3 | AN53: =AVERAGE(AL53:AL70) -> 111.39331 | AO53: 12 | AP53: 2141 | AQ53: =AP53/AO53 -> 178.41667 | AR53: =RANK(AQ53,$AQ$53:$AQ$70) -> 1 | AS53: =AVERAGE(AQ53:AQ70) -> 109.0687 | AT53: 12 | AU53: 2114 | AV53: =AU53/AT53 -> 176.16667 | AW53: =RANK(AV53,$AV$53:$AV$70) -> 1 | AX53: =AVERAGE(AV53:AV70) -> 116.34958
C54: 2 | D54: 奶油培根義大利麵 | E54: =VLOOKUP(D54,'07產線配置圖'!$A$2:$C$25,2,0) -> 15 | F54: =VLOOKUP(D54,'07產線配置圖'!$A$2:$C$25,3,0) -> 2250 | G54: =F54/E54 -> 150 | I54: =AVERAGE(P54,U54,Z54,AE54,AJ54,AO54,AT54) -> 14.857143 | J54: =AVERAGE(Q54,V54,AA54,AF54,AK54,AP54,AU54) -> 2069.8571 | K54: =AVERAGE(R54,W54,AB54,AG54,AL54,AQ54,AV54) -> 139.36803 | M54: =RANK(K54, K$53:$K$70) -> 4 | P54: 15 | Q54: 2081 | R54: =Q54/P54 -> 138.73333 | S54: =RANK(R54, $R$53:$R$70) -> 4 | U54: 15 | V54: 2096 | W54: =V54/U54 -> 139.73333 | X54: =RANK(W54,$W$53:$W$70) -> 4 | Z54: 15 | AA54: 2075 | AB54: =AA54/Z54 -> 138.33333 | AC54: =RANK(AB54, $AB$53:$AB$70) -> 5 | AE54: 15 | AF54: 2184 | AG54: =AF54/AE54 -> 145.6 | AH54: =RANK(AG54, $AG$53:$AG$70) -> 4 | AJ54: 15 | AK54: 2053 | AL54: =AK54/AJ54 -> 136.86667 | AM54: =RANK(AL54,$AL$53:$AL$70) -> 4 | AO54: 15 | AP54: 1975 | AQ54: =AP54/AO54 -> 131.66667 | AR54: =RANK(AQ54,$AQ$53:$AQ$70) -> 5 | AT54: 14 | AU54: 2025 | AV54: =AU54/AT54 -> 144.64286 | AW54: =RANK(AV54,$AV$53:$AV$70) -> 4
C55: 3 | D55: 白酒清炒鮮蛤義大利麵 | E55: =VLOOKUP(D55,'07產線配置圖'!$A$2:$C$25,2,0) -> 15 | F55: =VLOOKUP(D55,'07產線配置圖'!$A$2:$C$25,3,0) -> 2250 | G55: =F55/E55 -> 150 | I55: =AVERAGE(P55,U55,Z55,AE55,AJ55,AO55,AT55) -> 14.857143 | J55: =AVERAGE(Q55,V55,AA55,AF55,AK55,AP55,AU55) -> 1934.8571 | K55: =AVERAGE(R55,W55,AB55,AG55,AL55,AQ55,AV55) -> 130.31224 | M55: =RANK(K55, K$53:$K$70) -> 5 | P55: 15 | Q55: 1852 | R55: =Q55/P55 -> 123.46667 | S55: =RANK(R55, $R$53:$R$70) -> 5 | U55: 15 | V55: 2008 | W55: =V55/U55 -> 133.86667 | X55: =RANK(W55,$W$53:$W$70) -> 5 | Z55: 15 | AA55: 2119 | AB55: =AA55/Z55 -> 141.26667 | AC55: =RANK(AB55, $AB$53:$AB$70) -> 4 | AE55: 15 | AF55: 1559 | AG55: =AF55/AE55 -> 103.93333 | AH55: =RANK(AG55, $AG$53:$AG$70) -> 6 | AJ55: 15 | AK55: 1998 | AL55: =AK55/AJ55 -> 133.2 | AM55: =RANK(AL55,$AL$53:$AL$70) -> 5 | AO55: 15 | AP55: 2065 | AQ55: =AP55/AO55 -> 137.66667 | AR55: =RANK(AQ55,$AQ$53:$AQ$70) -> 4 | AT55: 14 | AU55: 1943 | AV55: =AU55/AT55 -> 138.78571 | AW55: =RANK(AV55,$AV$53:$AV$70) -> 5
C56: 4 | D56: 焗烤起司雙饗筆尖麵 | E56: =VLOOKUP(D56,'07產線配置圖'!$A$2:$C$25,2,0) -> 16 | F56: =VLOOKUP(D56,'07產線配置圖'!$A$2:$C$25,3,0) -> 1800 | G56: =F56/E56 -> 112.5 | I56: =AVERAGE(P56,U56,Z56,AE56,AJ56,AO56,AT56) -> 16 | J56: =AVERAGE(Q56,V56,AA56,AF56,AK56,AP56,AU56) -> 1574.7143 | K56: =AVERAGE(R56,W56,AB56,AG56,AL56,AQ56,AV56) -> 98.419643 | M56: =RANK(K56, K$53:$K$70) -> 9 | P56: 16 | Q56: 1488 | R56: =Q56/P56 -> 93 | S56: =RANK(R56, $R$53:$R$70) -> 10 | U56: 16 | V56: 1665 | W56: =V56/U56 -> 104.0625 | X56: =RANK(W56,$W$53:$W$70) -> 8 | Z56: 16 | AA56: 1469 | AB56: =AA56/Z56 -> 91.8125 | AC56: =RANK(AB56, $AB$53:$AB$70) -> 11 | AE56: 16 | AF56: 1566 | AG56: =AF56/AE56 -> 97.875 | AH56: =RANK(AG56, $AG$53:$AG$70) -> 9 | AJ56: 16 | AK56: 1636 | AL56: =AK56/AJ56 -> 102.25 | AM56: =RANK(AL56,$AL$53:$AL$70) -> 9 | AO56: 16 | AP56: 1563 | AQ56: =AP56/AO56 -> 97.6875 | AR56: =RANK(AQ56,$AQ$53:$AQ$70) -> 9 | AT56: 16 | AU56: 1636 | AV56: =AU56/AT56 -> 102.25 | AW56: =RANK(AV56,$AV$53:$AV$70) -> 9
C57: 5 | D57: 青醬蛤蜊義大利麵 | E57: =VLOOKUP(D57,'07產線配置圖'!$A$2:$C$25,2,0) -> 13 | F57: =VLOOKUP(D57,'07產線配置圖'!$A$2:$C$25,3,0) -> 2250 | G57: =F57/E57 -> 173.07692 | I57: =AVERAGE(P57,U57,Z57,AE57,AJ57,AO57,AT57) -> 13 | J57: =AVERAGE(Q57,V57,AA57,AF57,AK57,AP57,AU57) -> 2112.2857 | K57: =AVERAGE(R57,W57,AB57,AG57,AL57,AQ57,AV57) -> 162.48352 | M57: =RANK(K57, K$53:$K$70) -> 2 | P57: 13 | Q57: 2202 | R57: =Q57/P57 -> 169.38462 | S57: =RANK(R57, $R$53:$R$70) -> 2 | U57: 13 | V57: 2139 | W57: =V57/U57 -> 164.53846 | X57: =RANK(W57,$W$53:$W$70) -> 2 | Z57: 13 | AA57: 1996 | AB57: =AA57/Z57 -> 153.53846 | AC57: =RANK(AB57, $AB$53:$AB$70) -> 2 | AE57: 13 | AF57: 2087 | AG57: =AF57/AE57 -> 160.53846 | AH57: =RANK(AG57, $AG$53:$AG$70) -> 2 | AJ57: 13 | AK57: 2166 | AL57: =AK57/AJ57 -> 166.61538 | AM57: =RANK(AL57,$AL$53:$AL$70) -> 1 | AO57: 13 | AP57: 2016 | AQ57: =AP57/AO57 -> 155.07692 | AR57: =RANK(AQ57,$AQ$53:$AQ$70) -> 2 | AT57: 13 | AU57: 2180 | AV57: =AU57/AT57 -> 167.69231 | AW57: =RANK(AV57,$AV$53:$AV$70) -> 2
C58: 6 | D58: 青花椒麻雞肉拌麵 | E58: =VLOOKUP(D58,'07產線配置圖'!$A$2:$C$25,2,0) -> 16 | F58: =VLOOKUP(D58,'07產線配置圖'!$A$2:$C$25,3,0) -> 1714 | G58: =F58/E58 -> 107.125 | I58: =AVERAGE(P58,U58,Z58,AE58,AJ58,AO58,AT58) -> 15.714286 | J58: =AVERAGE(Q58,V58,AA58,AF58,AK58,AP58,AU58) -> 1564.2857 | K58: =AVERAGE(R58,W58,AB58,AG58,AL58,AQ58,AV58) -> 99.492262 | M58: =RANK(K58, K$53:$K$70) -> 8 | P58: 16 | Q58: 1634 | R58: =Q58/P58 -> 102.125 | S58: =RANK(R58, $R$53:$R$70) -> 8 | U58: 16 | V58: 1638 | W58: =V58/U58 -> 102.375 | X58: =RANK(W58,$W$53:$W$70) -> 9 | Z58: 15 | AA58: 1341 | AB58: =AA58/Z58 -> 89.4 | AC58: =RANK(AB58, $AB$53:$AB$70) -> 13 | AE58: 16 | AF58: 1588 | AG58: =AF58/AE58 -> 99.25 | AH58: =RANK(AG58, $AG$53:$AG$70) -> 8 | AJ58: 16 | AK58: 1610 | AL58: =AK58/AJ58 -> 100.625 | AM58: =RANK(AL58,$AL$53:$AL$70) -> 10 | AO58: 16 | AP58: 1583 | AQ58: =AP58/AO58 -> 98.9375 | AR58: =RANK(AQ58,$AQ$53:$AQ$70) -> 8 | AT58: 15 | AU58: 1556 | AV58: =AU58/AT58 -> 103.73333 | AW58: =RANK(AV58,$AV$53:$AV$70) -> 8
C59: 7 | D59: 沙茶豬肉炒麵 | E59: =VLOOKUP(D59,'07產線配置圖'!$A$2:$C$25,2,0) -> 17 | F59: =VLOOKUP(D59,'07產線配置圖'!$A$2:$C$25,3,0) -> 1800 | G59: =F59/E59 -> 105.88235 | I59: =AVERAGE(P59,U59,Z59,AE59,AJ59,AO59,AT59) -> 16.928571 | J59: =AVERAGE(Q59,V59,AA59,AF59,AK59,AP59,AU59) -> 1567.4286 | K59: =AVERAGE(R59,W59,AB59,AG59,AL59,AQ59,AV59) -> 92.596384 | M59: =RANK(K59, K$53:$K$70) -> 11 | P59: 16.5 | Q59: 1550 | R59: =Q59/P59 -> 93.939394 | S59: =RANK(R59, $R$53:$R$70) -> 9 | U59: 17 | V59: 1548 | W59: =V59/U59 -> 91.058824 | X59: =RANK(W59,$W$53:$W$70) -> 11 | Z59: 17 | AA59: 1563 | AB59: =AA59/Z59 -> 91.941176 | AC59: =RANK(AB59, $AB$53:$AB$70) -> 9 | AE59: 17 | AF59: 1638 | AG59: =AF59/AE59 -> 96.352941 | AH59: =RANK(AG59, $AG$53:$AG$70) -> 10 | AJ59: 17 | AK59: 1576 | AL59: =AK59/AJ59 -> 92.705882 | AM59: =RANK(AL59,$AL$53:$AL$70) -> 13 | AO59: 17 | AP59: 1456 | AQ59: =AP59/AO59 -> 85.647059 | AR59: =RANK(AQ59,$AQ$53:$AQ$70) -> 14 | AT59: 17 | AU59: 1641 | AV59: =AU59/AT59 -> 96.529412 | AW59: =RANK(AV59,$AV$53:$AV$70) -> 11
C60: 8 | D60: 府城鹽水意麵 | E60: =VLOOKUP(D60,'07產線配置圖'!$A$2:$C$25,2,0) -> 18 | F60: =VLOOKUP(D60,'07產線配置圖'!$A$2:$C$25,3,0) -> 1636 | G60: =F60/E60 -> 90.888889 | I60: =AVERAGE(P60,U60,Z60,AE60,AJ60,AO60,AT60) -> 17.714286 | J60: =AVERAGE(Q60,V60,AA60,AF60,AK60,AP60,AU60) -> 1522.7143 | K60: =AVERAGE(R60,W60,AB60,AG60,AL60,AQ60,AV60) -> 85.955649 | M60: =RANK(K60, K$53:$K$70) -> 15 | P60: 18 | Q60: 1575 | R60: =Q60/P60 -> 87.5 | S60: =RANK(R60, $R$53:$R$70) -> 11 | U60: 17 | V60: 1446 | W60: =V60/U60 -> 85.058824 | X60: =RANK(W60,$W$53:$W$70) -> 15 | Z60: 18 | AA60: 1619 | AB60: =AA60/Z60 -> 89.944444 | AC60: =RANK(AB60, $AB$53:$AB$70) -> 12 | AE60: 17 | AF60: 1468 | AG60: =AF60/AE60 -> 86.352941 | AH60: =RANK(AG60, $AG$53:$AG$70) -> 14 | AJ60: 18 | AK60: 1523 | AL60: =AK60/AJ60 -> 84.611111 | AM60: =RANK(AL60,$AL$53:$AL$70) -> 14 | AO60: 18 | AP60: 1490 | AQ60: =AP60/AO60 -> 82.777778 | AR60: =RANK(AQ60,$AQ$53:$AQ$70) -> 16 | AT60: 18 | AU60: 1538 | AV60: =AU60/AT60 -> 85.444444 | AW60: =RANK(AV60,$AV$53:$AV$70) -> 14
C61: 9 | D61: 香煎魚排佐檸檬奶油義大利麵 | E61: =VLOOKUP(D61,'07產線配置圖'!$A$2:$C$25,2,0) -> 13 | F61: =VLOOKUP(D61,'07產線配置圖'!$A$2:$C$25,3,0) -> 2250 | G61: =F61/E61 -> 173.07692 | I61: =AVERAGE(P61,U61,Z61,AE61,AJ61,AO61,AT61) -> 13 | J61: =AVERAGE(Q61,V61,AA61,AF61,AK61,AP61,AU61) -> 2025.8571 | K61: =AVERAGE(R61,W61,AB61,AG61,AL61,AQ61,AV61) -> 155.83516 | M61: =RANK(K61, K$53:$K$70) -> 3 | P61: 13 | Q61: 2034 | R61: =Q61/P61 -> 156.46154 | S61: =RANK(R61, $R$53:$R$70) -> 3 | U61: 13 | V61: 1971 | W61: =V61/U61 -> 151.61538 | X61: =RANK(W61,$W$53:$W$70) -> 3 | Z61: 13 | AA61: 1929 | AB61: =AA61/Z61 -> 148.38462 | AC61: =RANK(AB61, $AB$53:$AB$70) -> 3 | AE61: 13 | AF61: 1983 | AG61: =AF61/AE61 -> 152.53846 | AH61: =RANK(AG61, $AG$53:$AG$70) -> 3 | AJ61: 13 | AK61: 2140 | AL61: =AK61/AJ61 -> 164.61538 | AM61: =RANK(AL61,$AL$53:$AL$70) -> 2 | AO61: 13 | AP61: 1986 | AQ61: =AP61/AO61 -> 152.76923 | AR61: =RANK(AQ61,$AQ$53:$AQ$70) -> 3 | AT61: 13 | AU61: 2138 | AV61: =AU61/AT61 -> 164.46154 | AW61: =RANK(AV61,$AV$53:$AV$70) -> 3
C62: 10 | D62: 黑松露野菇義大利麵 | E62: =VLOOKUP(D62,'07產線配置圖'!$A$2:$C$25,2,0) -> 17 | F62: =VLOOKUP(D62,'07產線配置圖'!$A$2:$C$25,3,0) -> 1636 | G62: =F62/E62 -> 96.235294 | I62: =AVERAGE(P62,U62,Z62,AE62,AJ62,AO62,AT62) -> 17 | J62: =AVERAGE(Q62,V62,AA62,AF62,AK62,AP62,AU62) -> 1464.5714 | K62: =AVERAGE(R62,W62,AB62,AG62,AL62,AQ62,AV62) -> 86.151261 | M62: =RANK(K62, K$53:$K$70) -> 14 | P62: 17 | Q62: 1435 | R62: =Q62/P62 -> 84.411765 | S62: =RANK(R62, $R$53:$R$70) -> 13 | U62: 17 | V62: 1530 | W62: =V62/U62 -> 90 | X62: =RANK(W62,$W$53:$W$70) -> 13 | Z62: 17 | AA62: 1353 | AB62: =AA62/Z62 -> 79.588235 | AC62: =RANK(AB62, $AB$53:$AB$70) -> 16 | AE62: 17 | AF62: 1528 | AG62: =AF62/AE62 -> 89.882353 | AH62: =RANK(AG62, $AG$53:$AG$70) -> 12 | AJ62: 17 | AK62: 1399 | AL62: =AK62/AJ62 -> 82.294118 | AM62: =RANK(AL62,$AL$53:$AL$70) -> 15 | AO62: 17 | AP62: 1480 | AQ62: =AP62/AO62 -> 87.058824 | AR62: =RANK(AQ62,$AQ$53:$AQ$70) -> 12 | AT62: 17 | AU62: 1527 | AV62: =AU62/AT62 -> 89.823529 | AW62: =RANK(AV62,$AV$53:$AV$70) -> 13
C63: 11 | D63: 奶油鮮蝦明太子細扁麵 | E63: =VLOOKUP(D63,'07產線配置圖'!$A$2:$C$25,2,0) -> 18 | F63: =VLOOKUP(D63,'07產線配置圖'!$A$2:$C$25,3,0) -> 1636 | G63: =F63/E63 -> 90.888889 | I63: =AVERAGE(P63,U63,Z63,AE63,AJ63,AO63,AT63) -> 16.857143 | J63: =AVERAGE(Q63,V63,AA63,AF63,AK63,AP63,AU63) -> 1334.1429 | K63: =AVERAGE(R63,W63,AB63,AG63,AL63,AQ63,AV63) -> 79.129435 | M63: =RANK(K63, K$53:$K$70) -> 17 | P63: 18 | Q63: 1435 | R63: =Q63/P63 -> 79.722222 | S63: =RANK(R63, $R$53:$R$70) -> 17 | U63: 16 | V63: 1339 | W63: =V63/U63 -> 83.6875 | X63: =RANK(W63,$W$53:$W$70) -> 16 | Z63: 17 | AA63: 1074 | AB63: =AA63/Z63 -> 63.176471 | AC63: =RANK(AB63, $AB$53:$AB$70) -> 17 | AE63: 17 | AF63: 1384 | AG63: =AF63/AE63 -> 81.411765 | AH63: =RANK(AG63, $AG$53:$AG$70) -> 15 | AJ63: 16 | AK63: 1175 | AL63: =AK63/AJ63 -> 73.4375 | AM63: =RANK(AL63,$AL$53:$AL$70) -> 17 | AO63: 17 | AP63: 1480 | AQ63: =AP63/AO63 -> 87.058824 | AR63: =RANK(AQ63,$AQ$53:$AQ$70) -> 12 | AT63: 17 | AU63: 1452 | AV63: =AU63/AT63 -> 85.411765 | AW63: =RANK(AV63,$AV$53:$AV$70) -> 15
C64: 12 | D64: 義式蛋蛋青醬鮪魚冷義大利麵 | E64: =VLOOKUP(D64,'07產線配置圖'!$A$2:$C$25,2,0) -> 17 | F64: =VLOOKUP(D64,'07產線配置圖'!$A$2:$C$25,3,0) -> 1636 | G64: =F64/E64 -> 96.235294 | I64: =AVERAGE(P64,U64,Z64,AE64,AJ64,AO64,AT64) -> 16.857143 | J64: =AVERAGE(Q64,V64,AA64,AF64,AK64,AP64,AU64) -> 1491.8571 | K64: =AVERAGE(R64,W64,AB64,AG64,AL64,AQ64,AV64) -> 88.608077 | M64: =RANK(K64, K$53:$K$70) -> 12 | P64: 18 | Q64: 1483 | R64: =Q64/P64 -> 82.388889 | S64: =RANK(R64, $R$53:$R$70) -> 16 | U64: 16 | V64: 1453 | W64: =V64/U64 -> 90.8125 | X64: =RANK(W64,$W$53:$W$70) -> 12 | Z64: 17 | AA64: 1563 | AB64: =AA64/Z64 -> 91.941176 | AC64: =RANK(AB64, $AB$53:$AB$70) -> 9 | AE64: 17 | AF64: 1355 | AG64: =AF64/AE64 -> 79.705882 | AH64: =RANK(AG64, $AG$53:$AG$70) -> 16 | AJ64: 16 | AK64: 1487 | AL64: =AK64/AJ64 -> 92.9375 | AM64: =RANK(AL64,$AL$53:$AL$70) -> 12 | AO64: 17 | AP64: 1554 | AQ64: =AP64/AO64 -> 91.411765 | AR64: =RANK(AQ64,$AQ$53:$AQ$70) -> 11 | AT64: 17 | AU64: 1548 | AV64: =AU64/AT64 -> 91.058824 | AW64: =RANK(AV64,$AV$53:$AV$70) -> 12
C65: 13 | D65: 蕃茄莎莎海鮮冷義大利麵 | E65: =VLOOKUP(D65,'07產線配置圖'!$A$2:$C$25,2,0) -> 16 | F65: =VLOOKUP(D65,'07產線配置圖'!$A$2:$C$25,3,0) -> 1636 | G65: =F65/E65 -> 102.25 | I65: =AVERAGE(P65,U65,Z65,AE65,AJ65,AO65,AT65) -> 16 | J65: =AVERAGE(Q65,V65,AA65,AF65,AK65,AP65,AU65) -> 1496 | K65: =AVERAGE(R65,W65,AB65,AG65,AL65,AQ65,AV65) -> 93.5 | M65: =RANK(K65, K$53:$K$70) -> 10 | P65: 16 | Q65: 1319 | R65: =Q65/P65 -> 82.4375 | S65: =RANK(R65, $R$53:$R$70) -> 15 | U65: 16 | V65: 1567 | W65: =V65/U65 -> 97.9375 | X65: =RANK(W65,$W$53:$W$70) -> 10 | Z65: 16 | AA65: 1520 | AB65: =AA65/Z65 -> 95 | AC65: =RANK(AB65, $AB$53:$AB$70) -> 8 | AE65: 16 | AF65: 1416 | AG65: =AF65/AE65 -> 88.5 | AH65: =RANK(AG65, $AG$53:$AG$70) -> 13 | AJ65: 16 | AK65: 1565 | AL65: =AK65/AJ65 -> 97.8125 | AM65: =RANK(AL65,$AL$53:$AL$70) -> 11 | AO65: 16 | AP65: 1535 | AQ65: =AP65/AO65 -> 95.9375 | AR65: =RANK(AQ65,$AQ$53:$AQ$70) -> 10 | AT65: 16 | AU65: 1550 | AV65: =AU65/AT65 -> 96.875 | AW65: =RANK(AV65,$AV$53:$AV$70) -> 10
C66: 14 | D66: 羅馬黑胡椒起司義大利麵 | E66: =VLOOKUP(D66,'07產線配置圖'!$A$2:$C$25,2,0) -> 17 | F66: =VLOOKUP(D66,'07產線配置圖'!$A$2:$C$25,3,0) -> 2250 | G66: =F66/E66 -> 132.35294 | I66: =AVERAGE(P66,U66,Z66,AE66,AJ66,AO66,AT66) -> 16.857143 | J66: =AVERAGE(Q65,V66,AA66,AF66,AK66,AP66,AU66) -> 1766.2857 | K66: =AVERAGE(R66,W66,AB66,AG66,AL66,AQ66,AV66) -> 110.21639 | M66: =RANK(K66, K$53:$K$70) -> 7 | P66: 17 | Q66: 1948 | R66: =Q66/P66 -> 114.58824 | S66: =RANK(R66, $R$53:$R$70) -> 7 | U66: 17 | V66: 1900 | W66: =V66/U66 -> 111.76471 | X66: =RANK(W66,$W$53:$W$70) -> 7 | Z66: 17 | AA66: 1387 | AB66: =AA66/Z66 -> 81.588235 | AC66: =RANK(AB66, $AB$53:$AB$70) -> 15 | AE66: 17 | AF66: 1963 | AG66: =AF66/AE66 -> 115.47059 | AH66: =RANK(AG66, $AG$53:$AG$70) -> 5 | AJ66: 17 | AK66: 1802 | AL66: =AK66/AJ66 -> 106 | AM66: =RANK(AL66,$AL$53:$AL$70) -> 7 | AO66: 17 | AP66: 2029 | AQ66: =AP66/AO66 -> 119.35294 | AR66: =RANK(AQ66,$AQ$53:$AQ$70) -> 6 | AT66: 16 | AU66: 1964 | AV66: =AU66/AT66 -> 122.75 | AW66: =RANK(AV66,$AV$53:$AV$70) -> 6
C67: 15 | D67: 鱈魚粉紅青醬筆尖麵 | E67: =VLOOKUP(D67,'07產線配置圖'!$A$2:$C$25,2,0) -> 14 | F67: =VLOOKUP(D67,'07產線配置圖'!$A$2:$C$25,3,0) -> 1565 | G67: =F67/E67 -> 111.78571 | I67: =AVERAGE(P67,U67,Z67,AE67,AJ67,AO67,AT67) -> 10 | J67: =AVERAGE(Q67,V67,AA67,AF67,AK67,AP67,AU67) -> 855.16667 | K67: =AVERAGE(R67,W67,AB67,AG67,AL67,AQ67,AV67) -> 85.942088 | M67: =RANK(K67, K$53:$K$70) -> 16 | P67: 11 | Q67: 949 | R67: =Q67/P67 -> 86.272727 | S67: =RANK(R67, $R$53:$R$70) -> 12 | U67: 10 | V67: 830 | W67: =V67/U67 -> 83 | X67: =RANK(W67,$W$53:$W$70) -> 17 | Z67: 9 | AA67: 917 | AB67: =AA67/Z67 -> 101.88889 | AC67: =RANK(AB67, $AB$53:$AB$70) -> 7 | AE67: 10 | AF67: 944 | AG67: =AF67/AE67 -> 94.4 | AH67: =RANK(AG67, $AG$53:$AG$70) -> 11 | AJ67: 9 | AK67: 720 | AL67: =AK67/AJ67 -> 80 | AM67: =RANK(AL67,$AL$53:$AL$70) -> 16 | AO67: 11 | AP67: 771 | AQ67: =AP67/AO67 -> 70.090909 | AR67: =RANK(AQ67,$AQ$53:$AQ$70) -> 17
C68: 16 | D68: 金沙豆腐義大利麵 | E68: =VLOOKUP(D68,'07產線配置圖'!$A$2:$C$25,2,0) -> 18 | F68: =VLOOKUP(D68,'07產線配置圖'!$A$2:$C$25,3,0) -> 1636 | G68: =F68/E68 -> 90.888889 | I68: =AVERAGE(P68,U68,Z68,AE68,AJ68,AO68,AT68) -> 17.214286 | J68: =AVERAGE(Q68,V68,AA68,AF68,AK68,AP68,AU68) -> 1482.4286 | K68: =AVERAGE(R68,W68,AB68,AG68,AL68,AQ68,AV68) -> 86.337378 | M68: =RANK(K68, K$53:$K$70) -> 13 | P68: 18 | Q68: 1488 | R68: =Q68/P68 -> 82.666667 | S68: =RANK(R68, $R$53:$R$70) -> 14 | U68: 16 | V68: 1391 | W68: =V68/U68 -> 86.9375 | X68: =RANK(W68,$W$53:$W$70) -> 14 | Z68: 18 | AA68: 1557 | AB68: =AA68/Z68 -> 86.5 | AC68: =RANK(AB68, $AB$53:$AB$70) -> 14 | AE68: 17 | AF68: 1336 | AG68: =AF68/AE68 -> 78.588235 | AH68: =RANK(AG68, $AG$53:$AG$70) -> 17 | AJ68: 16 | AK68: 1663 | AL68: =AK68/AJ68 -> 103.9375 | AM68: =RANK(AL68,$AL$53:$AL$70) -> 8 | AO68: 18 | AP68: 1501 | AQ68: =AP68/AO68 -> 83.388889 | AR68: =RANK(AQ68,$AQ$53:$AQ$70) -> 15 | AT68: 17.5 | AU68: 1441 | AV68: =AU68/AT68 -> 82.342857 | AW68: =RANK(AV68,$AV$53:$AV$70) -> 16
C69: 17 | D69: 番茄蘑菇義大利麵 | E69: =VLOOKUP(D69,'07產線配置圖'!$A$3:$C$26,2,0) -> 13 | F69: =VLOOKUP(D69,'07產線配置圖'!$A$3:$C$26,3,0) -> 1565 | G69: =F69/E69 -> 120.38462 | I69: =AVERAGE(P69,U69,Z69,AE69,AJ69,AO69,AT69) -> 9.1428571 | J69: =AVERAGE(Q69,V69,AA69,AF69,AK69,AP69,AU69) -> 1014.5714 | K69: =AVERAGE(R69,W69,AB69,AG69,AL69,AQ69,AV69) -> 110.89448 | M69: =RANK(K69, K$53:$K$70) -> 6 | P69: 9 | Q69: 1047 | R69: =Q69/P69 -> 116.33333 | S69: =RANK(R69, $R$53:$R$70) -> 6 | U69: 11 | V69: 1261 | W69: =V69/U69 -> 114.63636 | X69: =RANK(W69,$W$53:$W$70) -> 6 | Z69: 9 | AA69: 1024 | AB69: =AA69/Z69 -> 113.77778 | AC69: =RANK(AB69, $AB$53:$AB$70) -> 6 | AE69: 9 | AF69: 923 | AG69: =AF69/AE69 -> 102.55556 | AH69: =RANK(AG69, $AG$53:$AG$70) -> 7 | AJ69: 9 | AK69: 1045 | AL69: =AK69/AJ69 -> 116.11111 | AM69: =RANK(AL69,$AL$53:$AL$70) -> 6 | AO69: 9 | AP69: 893 | AQ69: =AP69/AO69 -> 99.222222 | AR69: =RANK(AQ69,$AQ$53:$AQ$70) -> 7 | AT69: 8 | AU69: 909 | AV69: =AU69/AT69 -> 113.625 | AW69: =RANK(AV69,$AV$53:$AV$70) -> 7
C70: 18
B71: 產線配置圖－每週更新 | N71: 資料繳交 | O71: 日期 | P71: =AT48+1 -> 46252 | U71: =P71+1 -> 46253 | Z71: =Z48+7 -> 46254 | AE71: =AE48+7 -> 46255 | AJ71: =AJ48+7 -> 46256 | AO71: =AO48+7 -> 46257 | AT71: =AT48+7 -> 46258
P72: 二 | U72: 三 | Z72: 四 | AE72: 五 | AJ72: 六 | AO72: 日 | AT72: 一
B73: 品群 | C73: 商品名稱 | E73: 計畫 | H73: 平均人時性 | I73: 實績 | L73: 平均人時性 | M73: 排名 | O73: 日報 | P73: 實際 | T73: 平均人時性 | U73: 實際 | Y73: 平均人時性 | Z73: 實際 | AD73: 平均人時性 | AE73: 實際 | AI73: 平均人時性 | AJ73: 實際 | AN73: 平均人時性 | AO73: 實際 | AS73: 平均人時性 | AT73: 實際 | AX73: 平均人時性
E74: 產線配置圖 | I74: 產線配置圖 | P74: 生產實績 | U74: 生產實績 | Z74: 生產實績 | AE74: 生產實績 | AJ74: 生產實績 | AO74: 生產實績 | AT74: 生產實績
E75: 人數 | F75: 產能／時 | G75: 人時性 | I75: 人數 | J75: 產能／時 | K75: 人時性 | P75: 人數 | Q75: 產能／時 | R75: 人時性 | S75: 排名 | U75: 人數 | V75: 產能／時 | W75: 人時性 | X75: 排名 | Z75: 人數 | AA75: 產能／時 | AB75: 人時性 | AC75: 排名 | AE75: 人數 | AF75: 產能／時 | AG75: 人時性 | AH75: 排名 | AJ75: 人數 | AK75: 產能／時 | AL75: 人時性 | AM75: 排名 | AO75: 人數 | AP75: 產能／時 | AQ75: 人時性 | AR75: 排名 | AT75: 人數 | AU75: 產能／時 | AV75: 人時性 | AW75: 排名
B76: 熱食義麵 | C76: 1 | D76: 義式蕃茄起司義大利麵 | E76: =VLOOKUP(D76,'07產線配置圖'!$A$3:$C$26,2,0) -> 12 | F76: =VLOOKUP(D76,'07產線配置圖'!$A$3:$C$26,3,0) -> 2250 | G76: =F76/E76 -> 187.5 | H76: =AVERAGE(G76:G90) -> 123.92676 | I76: =AVERAGE(P76,U76,Z76,AE76,AJ76,AO76,AT76) -> 12 | J76: =AVERAGE(Q76,V76,AA76,AF76,AK76,AP76,AU76) -> 2048.2857 | K76: =AVERAGE(R76,W76,AB76,AG76,AL76,AQ76,AV76) -> 170.69048 | L76: =IFERROR(AVERAGE(K76:K93),"-") -> 112.54341 | M76: =RANK(K76, $K$76:$K$93) -> 1 | P76: 12 | Q76: 2033 | R76: =Q76/P76 -> 169.41667 | S76: =RANK(R76, $R$76:$R$93) -> 1 | T76: =AVERAGE(R76:R93) -> 111.13231 | U76: 12 | V76: 2116 | W76: =V76/U76 -> 176.33333 | X76: =RANK(W76, $W$76:$W$93) -> 1 | Y76: =AVERAGE(W76:W93) -> 111.50602 | Z76: 12 | AA76: 1924 | AB76: =AA76/Z76 -> 160.33333 | AC76: =RANK(AB76, $AB$76:$AB$93) -> 2 | AD76: =AVERAGE(AB76:AB93) -> 111.49775 | AE76: 12 | AF76: 2127 | AG76: =AF76/AE76 -> 177.25 | AH76: =RANK(AG76, $AG$76:$AG$93) -> 1 | AI76: =AVERAGE(AG76:AG93) -> 114.00029 | AJ76: 12 | AK76: 2142 | AL76: =AK76/AJ76 -> 178.5 | AM76: =RANK(AL76, $AL$76:$AL$93) -> 1 | AN76: =AVERAGE(AL76:AL93) -> 112.16248 | AO76: 12 | AP76: 2080 | AQ76: =AP76/AO76 -> 173.33333 | AR76: =RANK(AQ76, $AQ$76:$AQ$93) -> 1 | AS76: =AVERAGE(AQ76:AQ93) -> 112.87379 | AT76: 12 | AU76: 1916 | AV76: =AU76/AT76 -> 159.66667 | AW76: =RANK(AV76, $AV$76:$AV$93) -> 3 | AX76: =AVERAGE(AV76:AV93) -> 114.63126
C77: 2 | D77: 奶油培根義大利麵 | E77: =VLOOKUP(D77,'07產線配置圖'!$A$3:$C$26,2,0) -> 15 | F77: =VLOOKUP(D77,'07產線配置圖'!$A$3:$C$26,3,0) -> 2250 | G77: =F77/E77 -> 150 | I77: =AVERAGE(P77,U77,Z77,AE77,AJ77,AO77,AT77) -> 14.571429 | J77: =AVERAGE(Q77,V77,AA77,AF77,AK77,AP77,AU77) -> 2056.5714 | K77: =AVERAGE(R77,W77,AB77,AG77,AL77,AQ77,AV77) -> 141.20816 | M77: =RANK(K77, $K$76:$K$93) -> 4 | P77: 15 | Q77: 2038 | R77: =Q77/P77 -> 135.86667 | S77: =RANK(R77, $R$76:$R$93) -> 4 | U77: 15 | V77: 2105 | W77: =V77/U77 -> 140.33333 | X77: =RANK(W77, $W$76:$W$93) -> 4 | Z77: 15 | AA77: 2079 | AB77: =AA77/Z77 -> 138.6 | AC77: =RANK(AB77, $AB$76:$AB$93) -> 4 | AE77: 14 | AF77: 2023 | AG77: =AF77/AE77 -> 144.5 | AH77: =RANK(AG77, $AG$76:$AG$93) -> 4 | AJ77: 14 | AK77: 2033 | AL77: =AK77/AJ77 -> 145.21429 | AM77: =RANK(AL77, $AL$76:$AL$93) -> 4 | AO77: 15 | AP77: 2142 | AQ77: =AP77/AO77 -> 142.8 | AR77: =RANK(AQ77, $AQ$76:$AQ$93) -> 4 | AT77: 14 | AU77: 1976 | AV77: =AU77/AT77 -> 141.14286 | AW77: =RANK(AV77, $AV$76:$AV$93) -> 5
C78: 3 | D78: 白酒清炒鮮蛤義大利麵 | E78: =VLOOKUP(D78,'07產線配置圖'!$A$3:$C$26,2,0) -> 15 | F78: =VLOOKUP(D78,'07產線配置圖'!$A$3:$C$26,3,0) -> 2250 | G78: =F78/E78 -> 150 | I78: =AVERAGE(P78,U78,Z78,AE78,AJ78,AO78,AT78) -> 14.5 | J78: =AVERAGE(Q78,V78,AA78,AF78,AK78,AP78,AU78) -> 1995.5714 | K78: =AVERAGE(R78,W78,AB78,AG78,AL78,AQ78,AV78) -> 137.75395 | M78: =RANK(K78, $K$76:$K$93) -> 5 | P78: 15 | Q78: 1980 | R78: =Q78/P78 -> 132 | S78: =RANK(R78, $R$76:$R$93) -> 5 | U78: 14.5 | V78: 1983 | W78: =V78/U78 -> 136.75862 | X78: =RANK(W78, $W$76:$W$93) -> 5 | Z78: 15 | AA78: 2030 | AB78: =AA78/Z78 -> 135.33333 | AC78: =RANK(AB78, $AB$76:$AB$93) -> 5 | AE78: 14 | AF78: 1975 | AG78: =AF78/AE78 -> 141.07143 | AH78: =RANK(AG78, $AG$76:$AG$93) -> 5 | AJ78: 14 | AK78: 1977 | AL78: =AK78/AJ78 -> 141.21429 | AM78: =RANK(AL78, $AL$76:$AL$93) -> 5 | AO78: 15 | AP78: 2001 | AQ78: =AP78/AO78 -> 133.4 | AR78: =RANK(AQ78, $AQ$76:$AQ$93) -> 5 | AT78: 14 | AU78: 2023 | AV78: =AU78/AT78 -> 144.5 | AW78: =RANK(AV78, $AV$76:$AV$93) -> 4
C79: 4 | D79: 焗烤起司雙饗筆尖麵 | E79: =VLOOKUP(D79,'07產線配置圖'!$A$3:$C$26,2,0) -> 16 | F79: =VLOOKUP(D79,'07產線配置圖'!$A$3:$C$26,3,0) -> 1800 | G79: =F79/E79 -> 112.5 | I79: =AVERAGE(P79,U79,Z79,AE79,AJ79,AO79,AT79) -> 15.928571 | J79: =AVERAGE(Q79,V79,AA79,AF79,AK79,AP79,AU79) -> 1516.7143 | K79: =AVERAGE(R79,W79,AB79,AG79,AL79,AQ79,AV79) -> 95.230703 | M79: =RANK(K79, $K$76:$K$93) -> 9 | P79: 16 | Q79: 1493 | R79: =Q79/P79 -> 93.3125 | S79: =RANK(R79, $R$76:$R$93) -> 9 | U79: 16 | V79: 1538 | W79: =V79/U79 -> 96.125 | X79: =RANK(W79, $W$76:$W$93) -> 9 | Z79: 15.5 | AA79: 1514 | AB79: =AA79/Z79 -> 97.677419 | AC79: =RANK(AB79, $AB$76:$AB$93) -> 9 | AE79: 16 | AF79: 1526 | AG79: =AF79/AE79 -> 95.375 | AH79: =RANK(AG79, $AG$76:$AG$93) -> 10 | AJ79: 16 | AK79: 1519 | AL79: =AK79/AJ79 -> 94.9375 | AM79: =RANK(AL79, $AL$76:$AL$93) -> 10 | AO79: 16 | AP79: 1542 | AQ79: =AP79/AO79 -> 96.375 | AR79: =RANK(AQ79, $AQ$76:$AQ$93) -> 9 | AT79: 16 | AU79: 1485 | AV79: =AU79/AT79 -> 92.8125 | AW79: =RANK(AV79, $AV$76:$AV$93) -> 12
C80: 5 | D80: 青醬蛤蜊義大利麵 | E80: =VLOOKUP(D80,'07產線配置圖'!$A$3:$C$26,2,0) -> 13 | F80: =VLOOKUP(D80,'07產線配置圖'!$A$3:$C$26,3,0) -> 2250 | G80: =F80/E80 -> 173.07692 | I80: =AVERAGE(P80,U80,Z80,AE80,AJ80,AO80,AT80) -> 13 | J80: =AVERAGE(Q80,V80,AA80,AF80,AK80,AP80,AU80) -> 2089.7143 | K80: =AVERAGE(R80,W80,AB80,AG80,AL80,AQ80,AV80) -> 160.74725 | M80: =RANK(K80, $K$76:$K$93) -> 2 | P80: 13 | Q80: 2108 | R80: =Q80/P80 -> 162.15385 | S80: =RANK(R80, $R$76:$R$93) -> 2 | U80: 13 | V80: 2060 | W80: =V80/U80 -> 158.46154 | X80: =RANK(W80, $W$76:$W$93) -> 2 | Z80: 13 | AA80: 2155 | AB80: =AA80/Z80 -> 165.76923 | AC80: =RANK(AB80, $AB$76:$AB$93) -> 1 | AE80: 13 | AF80: 2153 | AG80: =AF80/AE80 -> 165.61538 | AH80: =RANK(AG80,$AG$76:$AG$93) -> 2 | AJ80: 13 | AK80: 2089 | AL80: =AK80/AJ80 -> 160.69231 | AM80: =RANK(AL80, $AL$76:$AL$93) -> 2 | AO80: 13 | AP80: 1980 | AQ80: =AP80/AO80 -> 152.30769 | AR80: =RANK(AQ80, $AQ$76:$AQ$93) -> 3 | AT80: 13 | AU80: 2083 | AV80: =AU80/AT80 -> 160.23077 | AW80: =RANK(AV80, $AV$76:$AV$93) -> 1
C81: 6 | D81: 青花椒麻雞肉拌麵 | E81: =VLOOKUP(D81,'07產線配置圖'!$A$3:$C$26,2,0) -> 16 | F81: =VLOOKUP(D81,'07產線配置圖'!$A$3:$C$26,3,0) -> 1714 | G81: =F81/E81 -> 107.125 | I81: =AVERAGE(P81,U81,Z81,AE81,AJ81,AO81,AT81) -> 15.785714 | J81: =AVERAGE(Q81,V81,AA81,AF81,AK81,AP81,AU81) -> 1555 | K81: =AVERAGE(R81,W81,AB81,AG81,AL81,AQ81,AV81) -> 98.501114 | M81: =RANK(K81, $K$76:$K$93) -> 8 | P81: 15 | Q81: 1513 | R81: =Q81/P81 -> 100.86667 | S81: =RANK(R81, $R$76:$R$93) -> 8 | U81: 16 | V81: 1503 | W81: =V81/U81 -> 93.9375 | X81: =RANK(W81, $W$76:$W$93) -> 10 | Z81: 16 | AA81: 1597 | AB81: =AA81/Z81 -> 99.8125 | AC81: =RANK(AB81, $AB$76:$AB$93) -> 7 | AE81: 16 | AF81: 1592 | AG81: =AF81/AE81 -> 99.5 | AH81: =RANK(AG81,$AG$76:$AG$93) -> 8 | AJ81: 16 | AK81: 1657 | AL81: =AK81/AJ81 -> 103.5625 | AM81: =RANK(AL81, $AL$76:$AL$93) -> 8 | AO81: 15.5 | AP81: 1434 | AQ81: =AP81/AO81 -> 92.516129 | AR81: =RANK(AQ81, $AQ$76:$AQ$93) -> 11 | AT81: 16 | AU81: 1589 | AV81: =AU81/AT81 -> 99.3125 | AW81: =RANK(AV81, $AV$76:$AV$93) -> 9
C82: 7 | D82: 沙茶豬肉炒麵 | E82: =VLOOKUP(D82,'07產線配置圖'!$A$3:$C$26,2,0) -> 17 | F82: =VLOOKUP(D82,'07產線配置圖'!$A$3:$C$26,3,0) -> 1800 | G82: =F82/E82 -> 105.88235 | I82: =AVERAGE(P82,U82,Z82,AE82,AJ82,AO82,AT82) -> 17 | J82: =AVERAGE(Q82,V82,AA82,AF82,AK82,AP82,AU82) -> 1611.1429 | K82: =AVERAGE(R82,W82,AB82,AG82,AL82,AQ82,AV82) -> 94.773109 | M82: =RANK(K82, $K$76:$K$93) -> 11 | P82: 17 | Q82: 1581 | R82: =Q82/P82 -> 93 | S82: =RANK(R82, $R$76:$R$93) -> 10 | U82: 17 | V82: 1528 | W82: =V82/U82 -> 89.882353 | X82: =RANK(W82, $W$76:$W$93) -> 11 | Z82: 17 | AA82: 1618 | AB82: =AA82/Z82 -> 95.176471 | AC82: =RANK(AB82, $AB$76:$AB$93) -> 11 | AE82: 17 | AF82: 1595 | AG82: =AF82/AE82 -> 93.823529 | AH82: =RANK(AG82,$AG$76:$AG$93) -> 11 | AJ82: 17 | AK82: 1711 | AL82: =AK82/AJ82 -> 100.64706 | AM82: =RANK(AL82, $AL$76:$AL$93) -> 9 | AO82: 17 | AP82: 1581 | AQ82: =AP82/AO82 -> 93 | AR82: =RANK(AQ82, $AQ$76:$AQ$93) -> 10 | AT82: 17 | AU82: 1664 | AV82: =AU82/AT82 -> 97.882353 | AW82: =RANK(AV82, $AV$76:$AV$93) -> 11
C83: 8 | D83: 府城鹽水意麵 | E83: =VLOOKUP(D83,'07產線配置圖'!$A$3:$C$26,2,0) -> 18 | F83: =VLOOKUP(D83,'07產線配置圖'!$A$3:$C$26,3,0) -> 1636 | G83: =F83/E83 -> 90.888889 | I83: =AVERAGE(P83,U83,Z83,AE83,AJ83,AO83,AT83) -> 18 | J83: =AVERAGE(Q83,V83,AA83,AF83,AK83,AP83,AU83) -> 1445 | K83: =AVERAGE(R83,W83,AB83,AG83,AL83,AQ83,AV83) -> 80.277778 | M83: =RANK(K83, $K$76:$K$93) -> 16 | P83: 18 | Q83: 1486 | R83: =Q83/P83 -> 82.555556 | S83: =RANK(R83, $R$76:$R$93) -> 15 | U83: 18 | V83: 1441 | W83: =V83/U83 -> 80.055556 | X83: =RANK(W83, $W$76:$W$93) -> 15 | Z83: 18 | AA83: 1552 | AB83: =AA83/Z83 -> 86.222222 | AC83: =RANK(AB83, $AB$76:$AB$93) -> 13 | AE83: 18 | AF83: 1511 | AG83: =AF83/AE83 -> 83.944444 | AH83: =RANK(AG83, $AG$76:$AG$93) -> 14 | AJ83: 18 | AK83: 1463 | AL83: =AK83/AJ83 -> 81.277778 | AM83: =RANK(AL83, $AL$76:$AL$93) -> 12 | AO83: 18 | AP83: 1356 | AQ83: =AP83/AO83 -> 75.333333 | AR83: =RANK(AQ83, $AQ$76:$AQ$93) -> 16 | AT83: 18 | AU83: 1306 | AV83: =AU83/AT83 -> 72.555556 | AW83: =RANK(AV83, $AV$76:$AV$93) -> 16
C84: 9 | D84: 香煎魚排佐檸檬奶油義大利麵 | E84: =VLOOKUP(D84,'07產線配置圖'!$A$3:$C$26,2,0) -> 13 | F84: =VLOOKUP(D84,'07產線配置圖'!$A$3:$C$26,3,0) -> 2250 | G84: =F84/E84 -> 173.07692 | I84: =AVERAGE(P84,U84,Z84,AE84,AJ84,AO84,AT84) -> 13 | J84: =AVERAGE(Q84,V84,AA84,AF84,AK84,AP84,AU84) -> 2071.7143 | K84: =AVERAGE(R84,W84,AB84,AG84,AL84,AQ84,AV84) -> 159.36264 | M84: =RANK(K84, $K$76:$K$93) -> 3 | P84: 13 | Q84: 2039 | R84: 156.84615 | S84: =RANK(R84, $R$76:$R$93) -> 3 | U84: 13 | V84: 2053 | W84: =V84/U84 -> 157.92308 | X84: =RANK(W84, $W$76:$W$93) -> 3 | Z84: 13 | AA84: 2069 | AB84: =AA84/Z84 -> 159.15385 | AC84: =RANK(AB84, $AB$76:$AB$93) -> 3 | AE84: 13 | AF84: 2086 | AG84: =AF84/AE84 -> 160.46154 | AH84: =RANK(AG84, $AG$76:$AG$93) -> 3 | AJ84: 13 | AK84: 2018 | AL84: =AK84/AJ84 -> 155.23077 | AM84: =RANK(AL84, $AL$76:$AL$93) -> 3 | AO84: 13 | AP84: 2159 | AQ84: =AP84/AO84 -> 166.07692 | AR84: =RANK(AQ84, $AQ$76:$AQ$93) -> 2 | AT84: 13 | AU84: 2078 | AV84: =AU84/AT84 -> 159.84615 | AW84: =RANK(AV84, $AV$76:$AV$93) -> 2
C85: 10 | D85: 黑松露野菇義大利麵 | E85: =VLOOKUP(D85,'07產線配置圖'!$A$3:$C$26,2,0) -> 17 | F85: =VLOOKUP(D85,'07產線配置圖'!$A$3:$C$26,3,0) -> 1636 | G85: =F85/E85 -> 96.235294 | I85: =AVERAGE(P85,U85,Z85,AE85,AJ85,AO85,AT85) -> 17 | J85: =AVERAGE(Q85,V85,AA85,AF85,AK85,AP85,AU85) -> 1456.1429 | K85: =AVERAGE(R85,W85,AB85,AG85,AL85,AQ85,AV85) -> 85.655462 | M85: =RANK(K85, $K$76:$K$93) -> 13 | P85: 17 | Q85: 1560 | R85: 91.764706 | S85: =RANK(R85, $R$76:$R$93) -> 11 | U85: 17 | V85: 1446 | W85: =V85/U85 -> 85.058824 | X85: =RANK(W85, $W$76:$W$93) -> 13 | Z85: 17 | AA85: 1415 | AB85: =AA85/Z85 -> 83.235294 | AC85: =RANK(AB85, $AB$76:$AB$93) -> 16 | AE85: 17 | AF85: 1563 | AG85: =AF85/AE85 -> 91.941176 | AH85: =RANK(AG85, $AG$76:$AG$93) -> 12 | AJ85: 17 | AK85: 1342 | AL85: =AK85/AJ85 -> 78.941176 | AM85: =RANK(AL85, $AL$76:$AL$93) -> 15 | AO85: 17 | AP85: 1382 | AQ85: =AP85/AO85 -> 81.294118 | AR85: =RANK(AQ85, $AQ$76:$AQ$93) -> 15 | AT85: 17 | AU85: 1485 | AV85: =AU85/AT85 -> 87.352941 | AW85: =RANK(AV85, $AV$76:$AV$93) -> 14
C86: 11 | D86: 奶油鮮蝦明太子細扁麵 | E86: =VLOOKUP(D86,'07產線配置圖'!$A$3:$C$26,2,0) -> 18 | F86: =VLOOKUP(D86,'07產線配置圖'!$A$3:$C$26,3,0) -> 1636 | G86: =F86/E86 -> 90.888889 | I86: =AVERAGE(P86,U86,Z86,AE86,AJ86,AO86,AT86) -> 16.857143 | J86: =AVERAGE(Q86,V86,AA86,AF86,AK86,AP86,AU86) -> 1392.4286 | K86: =AVERAGE(R86,W86,AB86,AG86,AL86,AQ86,AV86) -> 82.617647 | M86: =RANK(K86, $K$76:$K$93) -> 15 | P86: 16 | Q86: 1352 | R86: 84.5 | S86: =RANK(R86, $R$76:$R$93) -> 14 | U86: 17 | V86: 1439 | W86: =V86/U86 -> 84.647059 | X86: =RANK(W86, $W$76:$W$93) -> 14 | Z86: 17 | AA86: 1454 | AB86: =AA86/Z86 -> 85.529412 | AC86: =RANK(AB86, $AB$76:$AB$93) -> 14 | AE86: 17 | AF86: 1299 | AG86: =AF86/AE86 -> 76.411765 | AH86: =RANK(AG86, $AG$76:$AG$93) -> 16 | AJ86: 17 | AK86: 1292 | AL86: =AK86/AJ86 -> 76 | AM86: =RANK(AL86, $AL$76:$AL$93) -> 16 | AO86: 17 | AP86: 1500 | AQ86: =AP86/AO86 -> 88.235294 | AR86: =RANK(AQ86, $AQ$76:$AQ$93) -> 13 | AT86: 17 | AU86: 1411 | AV86: =AU86/AT86 -> 83 | AW86: =RANK(AV86, $AV$76:$AV$93) -> 15
C87: 12 | D87: 義式蛋蛋青醬鮪魚冷義大利麵 | E87: =VLOOKUP(D87,'07產線配置圖'!$A$3:$C$26,2,0) -> 17 | F87: =VLOOKUP(D87,'07產線配置圖'!$A$3:$C$26,3,0) -> 1636 | G87: =F87/E87 -> 96.235294 | I87: =AVERAGE(P87,U87,Z87,AE87,AJ87,AO87,AT87) -> 16.571429 | J87: =AVERAGE(Q87,V87,AA87,AF87,AK87,AP87,AU87) -> 1410.7143 | K87: =AVERAGE(R87,W87,AB87,AG87,AL87,AQ87,AV87) -> 85.084559 | M87: =RANK(K87, $K$76:$K$93) -> 14 | P87: 16 | Q87: 1285 | R87: 80.3125 | S87: =RANK(R87, $R$76:$R$93) -> 16 | U87: 16 | V87: 1267 | W87: =V87/U87 -> 79.1875 | X87: =RANK(W87, $W$76:$W$93) -> 16 | Z87: 17 | AA87: 1477 | AB87: =AA87/Z87 -> 86.882353 | AC87: =RANK(AB87, $AB$76:$AB$93) -> 12 | AE87: 16 | AF87: 1449 | AG87: =AF87/AE87 -> 90.5625 | AH87: =RANK(AG87, $AG$76:$AG$93) -> 13 | AJ87: 17 | AK87: 1350 | AL87: =AK87/AJ87 -> 79.411765 | AM87: =RANK(AL87, $AL$76:$AL$93) -> 13 | AO87: 17 | AP87: 1511 | AQ87: =AP87/AO87 -> 88.882353 | AR87: =RANK(AQ87, $AQ$76:$AQ$93) -> 12 | AT87: 17 | AU87: 1536 | AV87: =AU87/AT87 -> 90.352941 | AW87: =RANK(AV87, $AV$76:$AV$93) -> 13
C88: 13 | D88: 蕃茄莎莎海鮮冷義大利麵 | E88: =VLOOKUP(D88,'07產線配置圖'!$A$3:$C$26,2,0) -> 16 | F88: =VLOOKUP(D88,'07產線配置圖'!$A$3:$C$26,3,0) -> 1636 | G88: =F88/E88 -> 102.25 | I88: =AVERAGE(P88,U88,Z88,AE88,AJ88,AO88,AT88) -> 16 | J88: =AVERAGE(Q88,V88,AA88,AF88,AK88,AP88,AU88) -> 1519.1429 | K88: =AVERAGE(R88,W88,AB88,AG88,AL88,AQ88,AV88) -> 94.946429 | M88: =RANK(K88, $K$76:$K$93) -> 10 | P88: 16 | Q88: 1429 | R88: 89.3125 | S88: =RANK(R88, $R$76:$R$93) -> 12 | U88: 16 | V88: 1545 | W88: =V88/U88 -> 96.5625 | X88: =RANK(W88, $W$76:$W$93) -> 8 | Z88: 16 | AA88: 1536 | AB88: =AA88/Z88 -> 96 | AC88: =RANK(AB88, $AB$76:$AB$93) -> 10 | AE88: 16 | AF88: 1534 | AG88: =AF88/AE88 -> 95.875 | AH88: =RANK(AG88, $AG$76:$AG$93) -> 9 | AJ88: 16 | AK88: 1412 | AL88: =AK88/AJ88 -> 88.25 | AM88: =RANK(AL88, $AL$76:$AL$93) -> 11 | AO88: 16 | AP88: 1608 | AQ88: =AP88/AO88 -> 100.5 | AR88: =RANK(AQ88, $AQ$76:$AQ$93) -> 8 | AT88: 16 | AU88: 1570 | AV88: =AU88/AT88 -> 98.125 | AW88: =RANK(AV88, $AV$76:$AV$93) -> 10
C89: 14 | D89: 羅馬黑胡椒起司義大利麵 | E89: =VLOOKUP(D89,'07產線配置圖'!$A$3:$C$26,2,0) -> 17 | F89: =VLOOKUP(D89,'07產線配置圖'!$A$3:$C$26,3,0) -> 2250 | G89: =F89/E89 -> 132.35294 | I89: =AVERAGE(P89,U89,Z89,AE89,AJ89,AO89,AT89) -> 16.714286 | J89: =AVERAGE(Q89,V89,AA89,AF89,AK89,AP89,AU89) -> 2000.8571 | K89: =AVERAGE(R89,W89,AB89,AG89,AL89,AQ89,AV89) -> 119.72689 | M89: =RANK(K89, $K$76:$K$93) -> 6 | P89: 17 | Q89: 1900 | R89: 111.76471 | S89: =RANK(R89, $R$76:$R$93) -> 6 | U89: 17 | V89: 2048 | W89: =V89/U89 -> 120.47059 | X89: =RANK(W89, $W$76:$W$93) -> 6 | Z89: 17 | AA89: 1892 | AB89: =AA89/Z89 -> 111.29412 | AC89: =RANK(AB89, $AB$76:$AB$93) -> 6 | AE89: 16 | AF89: 1847 | AG89: =AF89/AE89 -> 115.4375 | AH89: =RANK(AG89, $AG$76:$AG$93) -> 6 | AJ89: 16 | AK89: 2017 | AL89: =AK89/AJ89 -> 126.0625 | AM89: =RANK(AL89, $AL$76:$AL$93) -> 6 | AO89: 17 | AP89: 2162 | AQ89: =AP89/AO89 -> 127.17647 | AR89: =RANK(AQ89, $AQ$76:$AQ$93) -> 6 | AT89: 17 | AU89: 2140 | AV89: =AU89/AT89 -> 125.88235 | AW89: =RANK(AV89, $AV$76:$AV$93) -> 6
C90: 15 | D90: 金沙豆腐義大利麵 | E90: =VLOOKUP(D90,'07產線配置圖'!$A$3:$C$26,2,0) -> 18 | F90: =VLOOKUP(D90,'07產線配置圖'!$A$3:$C$26,3,0) -> 1636 | G90: =F90/E90 -> 90.888889 | I90: =AVERAGE(P90,U90,Z90,AE90,AJ90,AO90,AT90) -> 17.142857 | J90: =AVERAGE(Q90,V90,AA90,AF90,AK90,AP90,AU90) -> 1491.1429 | K90: =AVERAGE(R90,W90,AB90,AG90,AL90,AQ90,AV90) -> 87.165675 | M90: =RANK(K90, $K$76:$K$93) -> 12 | P90: 18 | Q90: 1584 | R90: =Q90/P90 -> 88 | S90: =RANK(R90, $R$76:$R$93) -> 13 | U90: 17 | V90: 1487 | W90: =V90/U90 -> 87.470588 | X90: =RANK(W90, $W$76:$W$93) -> 12 | Z90: 18 | AA90: 1507 | AB90: =AA90/Z90 -> 83.722222 | AC90: =RANK(AB90, $AB$76:$AB$93) -> 15 | AE90: 17 | AF90: 1398 | AG90: =AF90/AE90 -> 82.235294 | AH90: =RANK(AG90, $AG$76:$AG$93) -> 15 | AJ90: 17 | AK90: 1348 | AL90: =AK90/AJ90 -> 79.294118 | AM90: =RANK(AL90, $AL$76:$AL$93) -> 14 | AO90: 17 | AP90: 1411 | AQ90: =AP90/AO90 -> 83 | AR90: =RANK(AQ90, $AQ$76:$AQ$93) -> 14 | AT90: 16 | AU90: 1703 | AV90: =AU90/AT90 -> 106.4375 | AW90: =RANK(AV90, $AV$76:$AV$93) -> 8
C91: 16 | D91: 番茄蘑菇義大利麵 | E91: =VLOOKUP(D91,'07產線配置圖'!$A$3:$C$26,2,0) -> 13 | F91: =VLOOKUP(D91,'07產線配置圖'!$A$3:$C$26,3,0) -> 1565 | G91: =F91/E91 -> 120.38462 | I91: =AVERAGE(P91,U91,Z91,AE91,AJ91,AO91,AT91) -> 9.1428571 | J91: =AVERAGE(Q91,V91,AA91,AF91,AK91,AP91,AU91) -> 976 | K91: =AVERAGE(R91,W91,AB91,AG91,AL91,AQ91,AV91) -> 106.95274 | M91: =RANK(K91, $K$76:$K$93) -> 7 | P91: 9 | Q91: 958 | R91: =Q91/P91 -> 106.44444 | S91: =RANK(R91, $R$76:$R$93) -> 7 | U91: 9 | V91: 908 | W91: =V91/U91 -> 100.88889 | X91: =RANK(W91, $W$76:$W$93) -> 7 | Z91: 9 | AA91: 893 | AB91: =AA91/Z91 -> 99.222222 | AC91: =RANK(AB91, $AB$76:$AB$93) -> 8 | AE91: 10 | AF91: 1100 | AG91: =AF91/AE91 -> 110 | AH91: =RANK(AG91, $AG$76:$AG$93) -> 7 | AJ91: 11 | AK91: 1159 | AL91: =AK91/AJ91 -> 105.36364 | AM91: =RANK(AL91, $AL$76:$AL$93) -> 7 | AO91: 8 | AP91: 894 | AQ91: =AP91/AO91 -> 111.75 | AR91: =RANK(AQ91, $AQ$76:$AQ$93) -> 7 | AT91: 8 | AU91: 920 | AV91: =AU91/AT91 -> 115 | AW91: =RANK(AV91, $AV$76:$AV$93) -> 7
C92: 17
C93: 18
B94: 產線配置圖－每週更新 | N94: 資料繳交 | O94: 日期 | P94: =AT71+1 -> 46259 | U94: =P94+1 -> 46260 | Z94: =Z71+7 -> 46261 | AE94: =AE71+7 -> 46262 | AJ94: =AJ71+7 -> 46263 | AO94: =AO71+7 -> 46264 | AT94: =AT71+7 -> 46265
P95: 二 | U95: 三 | Z95: 四 | AE95: 五 | AJ95: 六 | AO95: 日 | AT95: 一
B96: 品群 | C96: 商品名稱 | E96: 計畫 | H96: 平均人時性 | I96: 實績 | L96: 平均人時性 | M96: 排名 | O96: 日報 | P96: 實際 | T96: 平均人時性 | U96: 實際 | Y96: 平均人時性 | Z96: 實際 | AD96: 平均人時性 | AE96: 實際 | AI96: 平均人時性 | AJ96: 實際 | AN96: 平均人時性 | AO96: 實際 | AS96: 平均人時性 | AT96: 實際 | AX96: 平均人時性
E97: 產線配置圖 | I97: 產線配置圖 | P97: 生產實績 | U97: 生產實績 | Z97: 生產實績 | AE97: 生產實績 | AJ97: 生產實績 | AO97: 生產實績 | AT97: 生產實績
E98: 人數 | F98: 產能／時 | G98: 人時性 | I98: 人數 | J98: 產能／時 | K98: 人時性 | P98: 人數 | Q98: 產能／時 | R98: 人時性 | S98: 排名 | U98: 人數 | V98: 產能／時 | W98: 人時性 | X98: 排名 | Z98: 人數 | AA98: 產能／時 | AB98: 人時性 | AC98: 排名 | AE98: 人數 | AF98: 產能／時 | AG98: 人時性 | AH98: 排名 | AJ98: 人數 | AK98: 產能／時 | AL98: 人時性 | AM98: 排名 | AO98: 人數 | AP98: 產能／時 | AQ98: 人時性 | AR98: 排名 | AT98: 人數 | AU98: 產能／時 | AV98: 人時性 | AW98: 排名
B99: 熱食義麵 | C99: 1 | D99: 義式蕃茄起司義大利麵 | E99: 13 | F99: =VLOOKUP(D99,'07產線配置圖'!$A$2:$C$25,3,0) -> 2250 | G99: =F99/E99 -> 173.07692 | H99: =AVERAGE(G99:G113) -> 122.45477 | I99: =AVERAGE(P99,U99,Z99,AE99,AJ99,AO99,AT99) -> #DIV/0! | J99: =AVERAGE(Q99,V99,AA99,AF99,AK99,AP99,AU99) -> #DIV/0! | K99: =AVERAGE(R99,W99,AB99,AG99,AL99,AQ99,AV99) -> #DIV/0! | L99: =IFERROR(AVERAGE(K99:K116),"-") -> - | M99: =RANK(K99, K$99:$K$116) -> #DIV/0! | R99: =Q99/P99 -> #DIV/0! | S99: =RANK(R99,$R$99:$R$116) -> #DIV/0! | T99: =AVERAGE(R99:R116) -> #DIV/0! | W99: =V99/U99 -> #DIV/0! | X99: =RANK(W99,$W$99:$W$116) -> #DIV/0! | Y99: =AVERAGE(W99:W116) -> #DIV/0! | AB99: =AA99/Z99 -> #DIV/0! | AC99: =RANK(AB99, $AB$99:$AB$116) -> #DIV/0! | AD99: =AVERAGE(AB99:AB116) -> #DIV/0! | AG99: =AF99/AE99 -> #DIV/0! | AH99: =RANK(AG99,$AG$99:$AG$116) -> #DIV/0! | AI99: =AVERAGE(AG99:AG116) -> #DIV/0! | AL99: =AK99/AJ99 -> #DIV/0! | AM99: =RANK(AL99,$AL$99:$AL$116) -> #DIV/0! | AN99: =AVERAGE(AL99:AL116) -> #DIV/0! | AQ99: =AP99/AO99 -> #DIV/0! | AR99: =RANK(AQ99,$AQ$99:$AQ$116) -> #DIV/0! | AS99: =AVERAGE(AQ99:AQ116) -> #DIV/0! | AV99: =AU99/AT99 -> #DIV/0! | AW99: =RANK(AV99,$AV$99:$AV$116) -> #DIV/0! | AX99: =AVERAGE(AV99:AV116) -> #DIV/0!
C100: 2 | D100: 奶油培根義大利麵 | E100: =VLOOKUP(D100,'07產線配置圖'!$A$2:$C$25,2,0) -> 15 | F100: =VLOOKUP(D100,'07產線配置圖'!$A$2:$C$25,3,0) -> 2250 | G100: =F100/E100 -> 150 | I100: =AVERAGE(P100,U100,Z100,AE100,AJ100,AO100,AT100) -> #DIV/0! | J100: =AVERAGE(Q100,V100,AA100,AF100,AK100,AP100,AU100) -> #DIV/0! | K100: =AVERAGE(R100,W100,AB100,AG100,AL100,AQ100,AV100) -> #DIV/0! | M100: =RANK(K100, K$99:$K$116) -> #DIV/0! | R100: =Q100/P100 -> #DIV/0! | S100: =RANK(R100,$R$99:$R$116) -> #DIV/0! | W100: =V100/U100 -> #DIV/0! | X100: =RANK(W100,$W$99:$W$116) -> #DIV/0! | AB100: =AA100/Z100 -> #DIV/0! | AC100: =RANK(AB100, $AB$99:$AB$116) -> #DIV/0! | AG100: =AF100/AE100 -> #DIV/0! | AH100: =RANK(AG100,$AG$99:$AG$116) -> #DIV/0! | AL100: =AK100/AJ100 -> #DIV/0! | AM100: =RANK(AL100,$AL$99:$AL$116) -> #DIV/0! | AQ100: =AP100/AO100 -> #DIV/0! | AR100: =RANK(AQ100,$AQ$99:$AQ$116) -> #DIV/0! | AV100: =AU100/AT100 -> #DIV/0! | AW100: =RANK(AV100,$AV$99:$AV$116) -> #DIV/0!
C101: 3 | D101: 白酒清炒鮮蛤義大利麵 | E101: =VLOOKUP(D101,'07產線配置圖'!$A$2:$C$25,2,0) -> 15 | F101: =VLOOKUP(D101,'07產線配置圖'!$A$2:$C$25,3,0) -> 2250 | G101: =F101/E101 -> 150 | I101: =AVERAGE(P101,U101,Z101,AE101,AJ101,AO101,AT101) -> #DIV/0! | J101: =AVERAGE(Q101,V101,AA101,AF101,AK101,AP101,AU101) -> #DIV/0! | K101: =AVERAGE(R101,W101,AB101,AG101,AL101,AQ101,AV101) -> #DIV/0! | M101: =RANK(K101, K$99:$K$116) -> #DIV/0! | R101: =Q101/P101 -> #DIV/0! | S101: =RANK(R101,$R$99:$R$116) -> #DIV/0! | W101: =V101/U101 -> #DIV/0! | X101: =RANK(W101,$W$99:$W$116) -> #DIV/0! | AB101: =AA101/Z101 -> #DIV/0! | AC101: =RANK(AB101, $AB$99:$AB$116) -> #DIV/0! | AG101: =AF101/AE101 -> #DIV/0! | AH101: =RANK(AG101,$AG$99:$AG$116) -> #DIV/0! | AL101: =AK101/AJ101 -> #DIV/0! | AM101: =RANK(AL101,$AL$99:$AL$116) -> #DIV/0! | AQ101: =AP101/AO101 -> #DIV/0! | AR101: =RANK(AQ101,$AQ$99:$AQ$116) -> #DIV/0! | AV101: =AU101/AT101 -> #DIV/0! | AW101: =RANK(AV101,$AV$99:$AV$116) -> #DIV/0!
A102: 18 | C102: 4 | D102: 焗烤起司雙饗筆尖麵 | E102: =VLOOKUP(D102,'07產線配置圖'!$A$2:$C$25,2,0) -> 16 | F102: =VLOOKUP(D102,'07產線配置圖'!$A$2:$C$25,3,0) -> 1800 | G102: =F102/E102 -> 112.5 | I102: =AVERAGE(P102,U102,Z102,AE102,AJ102,AO102,AT102) -> #DIV/0! | J102: =AVERAGE(Q102,V102,AA102,AF102,AK102,AP102,AU102) -> #DIV/0! | K102: =AVERAGE(R102,W102,AB102,AG102,AL102,AQ102,AV102) -> #DIV/0! | M102: =RANK(K102, K$99:$K$116) -> #DIV/0! | R102: =Q102/P102 -> #DIV/0! | S102: =RANK(R102,$R$99:$R$116) -> #DIV/0! | W102: =V102/U102 -> #DIV/0! | X102: =RANK(W102,$W$99:$W$116) -> #DIV/0! | AB102: =AA102/Z102 -> #DIV/0! | AC102: =RANK(AB102, $AB$99:$AB$116) -> #DIV/0! | AG102: =AF102/AE102 -> #DIV/0! | AH102: =RANK(AG102,$AG$99:$AG$116) -> #DIV/0! | AL102: =AK102/AJ102 -> #DIV/0! | AM102: =RANK(AL102,$AL$99:$AL$116) -> #DIV/0! | AQ102: =AP102/AO102 -> #DIV/0! | AR102: =RANK(AQ102,$AQ$99:$AQ$116) -> #DIV/0! | AV102: =AU102/AT102 -> #DIV/0! | AW102: =RANK(AV102,$AV$99:$AV$116) -> #DIV/0!
C103: 5 | D103: 青醬蛤蜊義大利麵 | E103: 14 | F103: =VLOOKUP(D103,'07產線配置圖'!$A$2:$C$25,3,0) -> 2250 | G103: =F103/E103 -> 160.71429 | I103: =AVERAGE(P103,U103,Z103,AE103,AJ103,AO103,AT103) -> #DIV/0! | J103: =AVERAGE(Q103,V103,AA103,AF103,AK103,AP103,AU103) -> #DIV/0! | K103: =AVERAGE(R103,W103,AB103,AG103,AL103,AQ103,AV103) -> #DIV/0! | M103: =RANK(K103, K$99:$K$116) -> #DIV/0! | R103: =Q103/P103 -> #DIV/0! | S103: =RANK(R103,$R$99:$R$116) -> #DIV/0! | W103: =V103/U103 -> #DIV/0! | X103: =RANK(W103,$W$99:$W$116) -> #DIV/0! | AB103: =AA103/Z103 -> #DIV/0! | AC103: =RANK(AB103, $AB$99:$AB$116) -> #DIV/0! | AG103: =AF103/AE103 -> #DIV/0! | AH103: =RANK(AG103,$AG$99:$AG$116) -> #DIV/0! | AL103: =AK103/AJ103 -> #DIV/0! | AM103: =RANK(AL103,$AL$99:$AL$116) -> #DIV/0! | AQ103: =AP103/AO103 -> #DIV/0! | AR103: =RANK(AQ103,$AQ$99:$AQ$116) -> #DIV/0! | AV103: =AU103/AT103 -> #DIV/0! | AW103: =RANK(AV103,$AV$99:$AV$116) -> #DIV/0!
...

Sheet （５-3）品群別人時生產性(微波小吃)
B1: 月平均人時性 | C1: =AVERAGE(L7,L27,L47,L67,L87,L107) -> 125.66178
B2: 產線配置圖－每週更新 | N2: 資料繳交 | O2: 日期 | P2: 46203 | U2: =P2+1 -> 46204 | Z2: =U2+1 -> 46205 | AE2: =Z2+1 -> 46206 | AJ2: 46235 | AO2: 46236 | AT2: 46237
P3: 二 | U3: 三 | Z3: 四 | AE3: 五 | AJ3: 六 | AO3: 日 | AT3: 一
B4: 品群 | C4: 商品名稱 | E4: 計畫 | H4: 平均人時性 | I4: 實績 | L4: 平均人時性 | M4: 排名 | O4: 日報 | P4: 實際 | T4: 平均人時性 | U4: 實際 | Y4: 平均人時性 | Z4: 實際 | AD4: 平均人時性 | AE4: 實際 | AI4: 平均人時性 | AJ4: 實際 | AN4: 平均人時性 | AO4: 實際 | AS4: 平均人時性 | AT4: 實際 | AX4: 平均人時性
E5: 產線配置圖 | I5: 產線配置圖 | P5: 生產實績 | U5: 生產實績 | Z5: 生產實績 | AE5: 生產實績 | AJ5: 生產實績 | AO5: 生產實績 | AT5: 生產實績
E6: 人數 | F6: 產能／時 | G6: 人時性 | I6: 人數 | J6: 產能／時 | K6: 人時性 | P6: 人數 | Q6: 產能／時 | R6: 人時性 | S6: 排名 | U6: 人數 | V6: 產能／時 | W6: 人時性 | X6: 排名 | Z6: 人數 | AA6: 產能／時 | AB6: 人時性 | AC6: 排名 | AE6: 人數 | AF6: 產能／時 | AG6: 人時性 | AH6: 排名 | AJ6: 人數 | AK6: 產能／時 | AL6: 人時性 | AM6: 排名 | AO6: 人數 | AP6: 產能／時 | AQ6: 人時性 | AR6: 排名 | AT6: 人數 | AU6: 產能／時 | AV6: 人時性 | AW6: 排名
B7: 微波小吃 | C7: 1 | D7: 小滷青蔬 | E7: =VLOOKUP(D7,'07產線配置圖'!$A$27:$C$34,2,0) -> 15 | F7: =VLOOKUP(D7,'07產線配置圖'!$A$27:$C$34,3,0) -> 1636 | G7: =F7/E7 -> 109.06667 | H7: =AVERAGE(G7:G21) -> 138.81212 | I7: =AVERAGE(P7,U7,Z7,AE7,AJ7,AO7,AT7) -> 15 | J7: =AVERAGE(Q7,V7,AA7,AF7,AK7,AP7,AU7) -> 1523.6667 | K7: =J7/I7 -> 101.57778 | L7: =IFERROR(AVERAGE(K7:K21),"-") -> 127.14392 | M7: =RANK(K7,$K$7:$K$21) -> 4 | R7: =Q7/P7 -> #DIV/0! | S7: =RANK(R7, R$7:R$21) -> #DIV/0! | T7: =AVERAGE(R7:R21) -> #DIV/0! | W7: =V7/U7 -> #DIV/0! | X7: =RANK(W7,$W$7:$W$21) -> #DIV/0! | Y7: =AVERAGE(W7:W21) -> #DIV/0! | AB7: =AA7/Z7 -> #DIV/0! | AC7: =RANK(AB7,$AB$7:$AB$21) -> #DIV/0! | AD7: =AVERAGE(AB7:AB21) -> #DIV/0! | AG7: =AF7/AE7 -> #DIV/0! | AH7: =RANK(AG7,$AG$7:$AG$21) -> #DIV/0! | AI7: =AVERAGE(AG7:AG21) -> #DIV/0! | AJ7: 15 | AK7: 1512 | AL7: =AK7/AJ7 -> 100.8 | AM7: =RANK(AL7,$AL$7:$AL$21) -> 4 | AN7: =AVERAGE(AL7:AL21) -> 133.14318 | AO7: 15 | AP7: 1517 | AQ7: =AP7/AO7 -> 101.13333 | AR7: =RANK(AQ7,$AQ$7:$AQ$21) -> 4 | AS7: =AVERAGE(AQ7:AQ21) -> 127.1947 | AT7: 15 | AU7: 1542 | AV7: =AU7/AT7 -> 102.8 | AW7: =RANK(AV7,$AV$7:$AV$10) -> 4 | AX7: =AVERAGE(AV7:AV21) -> 121.85909
C8: 2 | D8: 起司馬鈴薯 | E8: =VLOOKUP(D8,'07產線配置圖'!$A$27:$C$34,2,0) -> 11 | F8: =VLOOKUP(D8,'07產線配置圖'!$A$27:$C$34,3,0) -> 1636 | G8: =F8/E8 -> 148.72727 | I8: =AVERAGE(P8,U8,Z8,AE8,AJ8,AO8,AT8) -> 11 | J8: =AVERAGE(Q8,V8,AA8,AF8,AK8,AP8,AU8) -> 1567.6667 | K8: =J8/I8 -> 142.51515 | M8: =RANK(K8,$K$7:$K$21) -> 1 | R8: =Q8/P8 -> #DIV/0! | S8: =RANK(R8, R$7:R$21) -> #DIV/0! | W8: =V8/U8 -> #DIV/0! | X8: =RANK(W8,$W$7:$W$21) -> #DIV/0! | AB8: =AA8/Z8 -> #DIV/0! | AC8: =RANK(AB8,$AB$7:$AB$21) -> #DIV/0! | AG8: =AF8/AE8 -> #DIV/0! | AH8: =RANK(AG8,$AG$7:$AG$21) -> #DIV/0! | AJ8: 11 | AK8: 1622 | AL8: =AK8/AJ8 -> 147.45455 | AM8: =RANK(AL8,$AL$7:$AL$21) -> 1 | AO8: 11 | AP8: 1532 | AQ8: =AP8/AO8 -> 139.27273 | AR8: =RANK(AQ8,$AQ$7:$AQ$21) -> 1 | AT8: 11 | AU8: 1549 | AV8: =AU8/AT8 -> 140.81818 | AW8: =RANK(AV8,$AV$7:$AV$10) -> 1
C9: 3 | D9: 韓式炒冬粉 | E9: =VLOOKUP(D9,'07產線配置圖'!$A$27:$C$34,2,0) -> 11 | F9: =VLOOKUP(D9,'07產線配置圖'!$A$27:$C$34,3,0) -> 1636 | G9: =F9/E9 -> 148.72727 | I9: =AVERAGE(P9,U9,Z9,AE9,AJ9,AO9,AT9) -> 11 | J9: =AVERAGE(Q9,V9,AA9,AF9,AK9,AP9,AU9) -> 1452 | K9: =J9/I9 -> 132 | M9: =RANK(K9,$K$7:$K$21) -> 3 | R9: =Q9/P9 -> #DIV/0! | S9: =RANK(R9, R$7:R$21) -> #DIV/0! | W9: =V9/U9 -> #DIV/0! | X9: =RANK(W9,$W$7:$W$21) -> #DIV/0! | AB9: =AA9/Z9 -> #DIV/0! | AC9: =RANK(AB9,$AB$7:$AB$21) -> #DIV/0! | AG9: =AF9/AE9 -> #DIV/0! | AH9: =RANK(AG9,$AG$7:$AG$21) -> #DIV/0! | AJ9: 11 | AK9: 1560 | AL9: =AK9/AJ9 -> 141.81818 | AM9: =RANK(AL9,$AL$7:$AL$21) -> 3 | AO9: 11 | AP9: 1455 | AQ9: =AP9/AO9 -> 132.27273 | AR9: =RANK(AQ9,$AQ$7:$AQ$21) -> 3 | AT9: 11 | AU9: 1341 | AV9: =AU9/AT9 -> 121.90909 | AW9: =RANK(AV9,$AV$7:$AV$10) -> 2
C10: 4 | D10: 麻辣雞心 | E10: =VLOOKUP(D10,'07產線配置圖'!$A$27:$C$34,2,0) -> 11 | F10: =VLOOKUP(D10,'07產線配置圖'!$A$27:$C$34,3,0) -> 1636 | G10: =F10/E10 -> 148.72727 | I10: =AVERAGE(P10,U10,Z10,AE10,AJ10,AO10,AT10) -> 9.6666667 | J10: =AVERAGE(Q10,V10,AA10,AF10,AK10,AP10,AU10) -> 1280.6667 | K10: =J10/I10 -> 132.48276 | M10: =RANK(K10,$K$7:$K$21) -> 2 | R10: =Q10/P10 -> #DIV/0! | S10: =RANK(R10, R$7:R$21) -> #DIV/0! | W10: =V10/U10 -> #DIV/0! | X10: =RANK(W10,$W$7:$W$21) -> #DIV/0! | AB10: =AA10/Z10 -> #DIV/0! | AC10: =RANK(AB10,$AB$7:$AB$21) -> #DIV/0! | AG10: =AF10/AE10 -> #DIV/0! | AH10: =RANK(AG10,$AG$7:$AG$21) -> #DIV/0! | AJ10: 8 | AK10: 1140 | AL10: =AK10/AJ10 -> 142.5 | AM10: =RANK(AL10,$AL$7:$AL$21) -> 2 | AO10: 10 | AP10: 1361 | AQ10: =AP10/AO10 -> 136.1 | AR10: =RANK(AQ10,$AQ$7:$AQ$21) -> 2 | AT10: 11 | AU10: 1341 | AV10: =AU10/AT10 -> 121.90909 | AW10: =RANK(AV10,$AV$7:$AV$10) -> 2
C11: 5
C12: 6
C13: 7
C14: 8
C15: 9
C16: 10
C17: 11
C18: 12
C19: 13
C20: 14
C21: 15
B22: 產線配置圖－每週更新 | N22: 資料繳交 | O22: 日期 | P22: =AT2+1 -> 46238 | U22: =P22+1 -> 46239 | Z22: =U22+1 -> 46240 | AE22: =Z22+1 -> 46241 | AJ22: =AE22+1 -> 46242 | AO22: =AJ22+1 -> 46243 | AT22: =AO22+1 -> 46244
P23: 二 | U23: 三 | Z23: 四 | AE23: 五 | AJ23: 六 | AO23: 日 | AT23: 一
B24: 品群 | C24: 商品名稱 | E24: 計畫 | H24: 平均人時性 | I24: 實績 | L24: 平均人時性 | M24: 排名 | O24: 日報 | P24: 實際 | T24: 平均人時性 | U24: 實際 | Y24: 平均人時性 | Z24: 實際 | AD24: 平均人時性 | AE24: 實際 | AI24: 平均人時性 | AJ24: 實際 | AN24: 平均人時性 | AO24: 實際 | AS24: 平均人時性 | AT24: 實際 | AX24: 平均人時性
E25: 產線配置圖 | I25: 產線配置圖 | P25: 生產實績 | U25: 生產實績 | Z25: 生產實績 | AE25: 生產實績 | AJ25: 生產實績 | AO25: 生產實績 | AT25: 生產實績
E26: 人數 | F26: 產能／時 | G26: 人時性 | I26: 人數 | J26: 產能／時 | K26: 人時性 | P26: 人數 | Q26: 產能／時 | R26: 人時性 | S26: 排名 | U26: 人數 | V26: 產能／時 | W26: 人時性 | X26: 排名 | Z26: 人數 | AA26: 產能／時 | AB26: 人時性 | AC26: 排名 | AE26: 人數 | AF26: 產能／時 | AG26: 人時性 | AH26: 排名 | AJ26: 人數 | AK26: 產能／時 | AL26: 人時性 | AM26: 排名 | AO26: 人數 | AP26: 產能／時 | AQ26: 人時性 | AR26: 排名 | AT26: 人數 | AU26: 產能／時 | AV26: 人時性 | AW26: 排名
B27: 微波小吃 | C27: 1 | D27: 小滷青蔬 | E27: =VLOOKUP(D27,'07產線配置圖'!$A$27:$C$34,2,0) -> 15 | F27: =VLOOKUP(D27,'07產線配置圖'!$A$27:$C$34,3,0) -> 1636 | G27: =F27/E27 -> 109.06667 | H27: =AVERAGE(G27:G41) -> 138.81212 | I27: =AVERAGE(P27,U27,Z27,AE27,AJ27,AO27,AT27) -> 15 | J27: =AVERAGE(Q27,V27,AA27,AF27,AK27,AP27,AU27) -> 1532.7143 | K27: =AVERAGE(R27,W27,AB27,AG27,AL27,AQ27,AV27) -> 102.18095 | L27: =IFERROR(AVERAGE(K27:K41),"-") -> 128.25265 | M27: =RANK(K27, K$27:$K$41) -> 4 | P27: 15 | Q27: 1550 | R27: =Q27/P27 -> 103.33333 | S27: =RANK(R27, $R$27:$R$41) -> 4 | T27: =AVERAGE(R27:R41) -> 126.70056 | U27: 15 | V27: 1554 | W27: =V27/U27 -> 103.6 | X27: =RANK(W27, $W$27:$W$41) -> 4 | Y27: =AVERAGE(W27:W41) -> 127.57555 | Z27: 15 | AA27: 1500 | AB27: =AA27/Z27 -> 100 | AC27: =RANK(AB27,$AB$27:$AB$41) -> 4 | AD27: =AVERAGE(AB27:AB41) -> 127.86364 | AE27: 15 | AF27: 1453 | AG27: =AF27/AE27 -> 96.866667 | AH27: =RANK(AG27, $AG$27:$AG$41) -> 4 | AI27: =AVERAGE(AG27:AG41) -> 125.62576 | AJ27: 15 | AK27: 1607 | AL27: =AK27/AJ27 -> 107.13333 | AM27: =RANK(AL27, $AL$27:$AL$41) -> 4 | AN27: =AVERAGE(AL27:AL41) -> 135.82879 | AO27: 15 | AP27: 1436 | AQ27: =AP27/AO27 -> 95.733333 | AR27: =RANK(AQ27, $AQ$27:$AQ$41) -> 4 | AS27: =AVERAGE(AQ27:AQ41) -> 131.77424 | AT27: 15 | AU27: 1629 | AV27: =AU27/AT27 -> 108.6 | AW27: =RANK(AV27, $AV$27:$AV$41) -> 4 | AX27: =AVERAGE(AV27:AV41) -> 122.4
C28: 2 | D28: 起司馬鈴薯 | E28: =VLOOKUP(D28,'07產線配置圖'!$A$27:$C$34,2,0) -> 11 | F28: =VLOOKUP(D28,'07產線配置圖'!$A$27:$C$34,3,0) -> 1636 | G28: =F28/E28 -> 148.72727 | I28: =AVERAGE(P28,U28,Z28,AE28,AJ28,AO28,AT28) -> 11 | J28: =AVERAGE(Q28,V28,AA28,AF28,AK28,AP28,AU28) -> 1510.2857 | K28: =AVERAGE(R28,W28,AB28,AG28,AL28,AQ28,AV28) -> 137.2987 | M28: =RANK(K28, K$27:$K$41) -> 2 | P28: 11 | Q28: 1404 | R28: =Q28/P28 -> 127.63636 | S28: =RANK(R28, $R$27:$R$41) -> 3 | U28: 11 | V28: 1546 | W28: =V28/U28 -> 140.54545 | X28: =RANK(W28, $W$27:$W$41) -> 2 | Z28: 11 | AA28: 1531 | AB28: =AA28/Z28 -> 139.18182 | AC28: =RANK(AB28,$AB$27:$AB$41) -> 1 | AE28: 11 | AF28: 1587 | AG28: =AF28/AE28 -> 144.27273 | AH28: =RANK(AG28, $AG$27:$AG$41) -> 1 | AJ28: 11 | AK28: 1560 | AL28: =AK28/AJ28 -> 141.81818 | AM28: =RANK(AL28, $AL$27:$AL$41) -> 3 | AO28: 11 | AP28: 1586 | AQ28: =AP28/AO28 -> 144.18182 | AR28: =RANK(AQ28, $AQ$27:$AQ$41) -> 2 | AT28: 11 | AU28: 1358 | AV28: =AU28/AT28 -> 123.45455 | AW28: =RANK(AV28, $AV$27:$AV$41) -> 3
C29: 3 | D29: 韓式炒冬粉 | E29: =VLOOKUP(D29,'07產線配置圖'!$A$27:$C$34,2,0) -> 11 | F29: =VLOOKUP(D29,'07產線配置圖'!$A$27:$C$34,3,0) -> 1636 | G29: =F29/E29 -> 148.72727 | I29: =AVERAGE(P29,U29,Z29,AE29,AJ29,AO29,AT29) -> 11 | J29: =AVERAGE(Q29,V29,AA29,AF29,AK29,AP29,AU29) -> 1465.8571 | K29: =AVERAGE(R29,W29,AB29,AG29,AL29,AQ29,AV29) -> 133.25974 | M29: =RANK(K29, K$27:$K$41) -> 3 | P29: 11 | Q29: 1515 | R29: =Q29/P29 -> 137.72727 | S29: =RANK(R29, $R$27:$R$41) -> 2 | U29: 11 | V29: 1319 | W29: =V29/U29 -> 119.90909 | X29: =RANK(W29, $W$27:$W$41) -> 3 | Z29: 11 | AA29: 1501 | AB29: =AA29/Z29 -> 136.45455 | AC29: =RANK(AB29,$AB$27:$AB$41) -> 2 | AE29: 11 | AF29: 1399 | AG29: =AF29/AE29 -> 127.18182 | AH29: =RANK(AG29, $AG$27:$AG$41) -> 3 | AJ29: 11 | AK29: 1622 | AL29: =AK29/AJ29 -> 147.45455 | AM29: =RANK(AL29, $AL$27:$AL$41) -> 1 | AO29: 11 | AP29: 1541 | AQ29: =AP29/AO29 -> 140.09091 | AR29: =RANK(AQ29, $AQ$27:$AQ$41) -> 3 | AT29: 11 | AU29: 1364 | AV29: =AU29/AT29 -> 124 | AW29: =RANK(AV29, $AV$27:$AV$41) -> 2
C30: 4 | D30: 麻辣雞心 | E30: =VLOOKUP(D30,'07產線配置圖'!$A$27:$C$34,2,0) -> 11 | F30: =VLOOKUP(D30,'07產線配置圖'!$A$27:$C$34,3,0) -> 1636 | G30: =F30/E30 -> 148.72727 | I30: =AVERAGE(P30,U30,Z30,AE30,AJ30,AO30,AT30) -> 10.737143 | J30: =AVERAGE(Q30,V30,AA30,AF30,AK30,AP30,AU30) -> 1506.2857 | K30: =AVERAGE(R30,W30,AB30,AG30,AL30,AQ30,AV30) -> 140.2712 | M30: =RANK(K30, K$27:$K$41) -> 1 | P30: 9.5 | Q30: 1312 | R30: =Q30/P30 -> 138.10526 | S30: =RANK(R30, $R$27:$R$41) -> 1 | U30: 10.66 | V30: 1559 | W30: =V30/U30 -> 146.24765 | X30: =RANK(W30, $W$27:$W$41) -> 1 | Z30: 11 | AA30: 1494 | AB30: =AA30/Z30 -> 135.81818 | AC30: =RANK(AB30,$AB$27:$AB$41) -> 3 | AE30: 11 | AF30: 1476 | AG30: =AF30/AE30 -> 134.18182 | AH30: =RANK(AG30, $AG$27:$AG$41) -> 2 | AJ30: 11 | AK30: 1616 | AL30: =AK30/AJ30 -> 146.90909 | AM30: =RANK(AL30, $AL$27:$AL$41) -> 2 | AO30: 11 | AP30: 1618 | AQ30: =AP30/AO30 -> 147.09091 | AR30: =RANK(AQ30, $AQ$27:$AQ$41) -> 1 | AT30: 11 | AU30: 1469 | AV30: =AU30/AT30 -> 133.54545 | AW30: =RANK(AV30, $AV$27:$AV$41) -> 1
C31: 5
C32: 6
C33: 7
C34: 8
C35: 9
C36: 10
C37: 11
C38: 12
C39: 13
C40: 14
C41: 15
B42: 產線配置圖－每週更新 | N42: 資料繳交 | O42: 日期 | P42: =AT22+1 -> 46245 | U42: =P42+1 -> 46246 | Z42: =Z22+7 -> 46247 | AE42: =AE22+7 -> 46248 | AJ42: =AJ22+7 -> 46249 | AO42: =AO22+7 -> 46250 | AT42: =AT22+7 -> 46251
P43: 二 | U43: 三 | Z43: 四 | AE43: 五 | AJ43: 六 | AO43: 日 | AT43: 一
B44: 品群 | C44: 商品名稱 | E44: 計畫 | H44: 平均人時性 | I44: 實績 | L44: 平均人時性 | M44: 排名 | O44: 日報 | P44: 實際 | T44: 平均人時性 | U44: 實際 | Y44: 平均人時性 | Z44: 實際 | AD44: 平均人時性 | AE44: 實際 | AI44: 平均人時性 | AJ44: 實際 | AN44: 平均人時性 | AO44: 實際 | AS44: 平均人時性 | AT44: 實際 | AX44: 平均人時性
E45: 產線配置圖 | I45: 產線配置圖 | P45: 生產實績 | U45: 生產實績 | Z45: 生產實績 | AE45: 生產實績 | AJ45: 生產實績 | AO45: 生產實績 | AT45: 生產實績
E46: 人數 | F46: 產能／時 | G46: 人時性 | I46: 人數 | J46: 產能／時 | K46: 人時性 | P46: 人數 | Q46: 產能／時 | R46: 人時性 | S46: 排名 | U46: 人數 | V46: 產能／時 | W46: 人時性 | X46: 排名 | Z46: 人數 | AA46: 產能／時 | AB46: 人時性 | AC46: 排名 | AE46: 人數 | AF46: 產能／時 | AG46: 人時性 | AH46: 排名 | AJ46: 人數 | AK46: 產能／時 | AL46: 人時性 | AM46: 排名 | AO46: 人數 | AP46: 產能／時 | AQ46: 人時性 | AR46: 排名 | AT46: 人數 | AU46: 產能／時 | AV46: 人時性 | AW46: 排名
B47: 微波小吃 | C47: 1 | D47: 小滷青蔬 | E47: =VLOOKUP(D47,'07產線配置圖'!$A$27:$C$34,2,0) -> 15 | F47: =VLOOKUP(D47,'07產線配置圖'!$A$27:$C$34,3,0) -> 1636 | G47: =F47/E47 -> 109.06667 | H47: =AVERAGE(G47:G61) -> 138.81212 | I47: =AVERAGE(P47,U47,Z47,AE47,AJ47,AO47,AT47) -> 14.928571 | J47: =AVERAGE(Q47,V47,AA47,AF47,AK47,AP47,AU47) -> 1535.4286 | K47: =AVERAGE(R47,W47,AB47,AG47,AL47,AQ47,AV47) -> 102.8532 | L47: =IFERROR(AVERAGE(K47:K61),"-") -> 125.36673 | M47: =RANK(K47, K$47:$K$61) -> 4 | P47: 15 | Q47: 1552 | R47: =Q47/P47 -> 103.46667 | S47: =RANK(R47,$R$47:$R$61) -> 3 | T47: =AVERAGE(R47:R61) -> 119.72073 | U47: 15 | V47: 1557 | W47: =V47/U47 -> 103.8 | X47: =RANK(W47,$W$47:$W$61) -> 4 | Y47: =AVERAGE(W47:W61) -> 122.67475 | Z47: 15 | AA47: 1527 | AB47: =AA47/Z47 -> 101.8 | AC47: =RANK(AB47,$AB$47:$AB$61) -> 4 | AD47: =AVERAGE(AB47:AB61) -> 129.63182 | AE47: 15 | AF47: 1473 | AG47: =AF47/AE47 -> 98.2 | AH47: =RANK(AG47,$AG$47:$AG$61) -> 4 | AI47: =AVERAGE(AG47:AG61) -> 124.68636 | AJ47: 15 | AK47: 1581 | AL47: =AK47/AJ47 -> 105.4 | AM47: =RANK(AL47, $AL$47:$AL$61) -> 4 | AN47: =AVERAGE(AL47:AL61) -> 122.98636 | AO47: 14.5 | AP47: 1496 | AQ47: =AP47/AO47 -> 103.17241 | AR47: =RANK(AQ47,$AQ$47:$AQ$61) -> 4 | AS47: =AVERAGE(AQ47:AQ61) -> 132.08856 | AT47: 15 | AU47: 1562 | AV47: =AU47/AT47 -> 104.13333 | AW47: =RANK(AV47,$AV$47:$AV$61) -> 4 | AX47: =AVERAGE(AV47:AV61) -> 125.77855
C48: 2 | D48: 起司馬鈴薯 | E48: =VLOOKUP(D48,'07產線配置圖'!$A$27:$C$34,2,0) -> 11 | F48: =VLOOKUP(D48,'07產線配置圖'!$A$27:$C$34,3,0) -> 1636 | G48: =F48/E48 -> 148.72727 | I48: =AVERAGE(P48,U48,Z48,AE48,AJ48,AO48,AT48) -> 11 | J48: =AVERAGE(Q48,V48,AA48,AF48,AK48,AP48,AU48) -> 1504.8571 | K48: =AVERAGE(R48,W48,AB48,AG48,AL48,AQ48,AV48) -> 136.80519 | M48: =RANK(K48, K$47:$K$61) -> 2 | P48: 11 | Q48: 1564 | R48: =Q48/P48 -> 142.18182 | S48: =RANK(R48,$R$47:$R$61) -> 1 | U48: 11 | V48: 1542 | W48: =V48/U48 -> 140.18182 | X48: =RANK(W48,$W$47:$W$61) -> 1 | Z48: 11 | AA48: 1494 | AB48: =AA48/Z48 -> 135.81818 | AC48: =RANK(AB48,$AB$47:$AB$61) -> 2 | AE48: 11 | AF48: 1475 | AG48: =AF48/AE48 -> 134.09091 | AH48: =RANK(AG48,$AG$47:$AG$61) -> 2 | AJ48: 11 | AK48: 1364 | AL48: =AK48/AJ48 -> 124 | AM48: =RANK(AL48, $AL$47:$AL$61) -> 3 | AO48: 11 | AP48: 1553 | AQ48: =AP48/AO48 -> 141.18182 | AR48: =RANK(AQ48,$AQ$47:$AQ$61) -> 2 | AT48: 11 | AU48: 1542 | AV48: =AU48/AT48 -> 140.18182 | AW48: =RANK(AV48,$AV$47:$AV$61) -> 1
C49: 3 | D49: 韓式炒冬粉 | E49: =VLOOKUP(D49,'07產線配置圖'!$A$27:$C$34,2,0) -> 11 | F49: =VLOOKUP(D49,'07產線配置圖'!$A$27:$C$34,3,0) -> 1636 | G49: =F49/E49 -> 148.72727 | I49: =AVERAGE(P49,U49,Z49,AE49,AJ49,AO49,AT49) -> 11 | J49: =AVERAGE(Q49,V49,AA49,AF49,AK49,AP49,AU49) -> 1373.8571 | K49: =AVERAGE(R49,W49,AB49,AG49,AL49,AQ49,AV49) -> 124.8961 | M49: =RANK(K49, K$47:$K$61) -> 3 | P49: 11 | Q49: 1102 | R49: =Q49/P49 -> 100.18182 | S49: =RANK(R49,$R$47:$R$61) -> 4 | U49: 11 | V49: 1202 | W49: =V49/U49 -> 109.27273 | X49: =RANK(W49,$W$47:$W$61) -> 3 | Z49: 11 | AA49: 1607 | AB49: =AA49/Z49 -> 146.09091 | AC49: =RANK(AB49,$AB$47:$AB$61) -> 1 | AE49: 11 | AF49: 1416 | AG49: =AF49/AE49 -> 128.72727 | AH49: =RANK(AG49,$AG$47:$AG$61) -> 3 | AJ49: 11 | AK49: 1370 | AL49: =AK49/AJ49 -> 124.54545 | AM49: =RANK(AL49, $AL$47:$AL$61) -> 2 | AO49: 11 | AP49: 1575 | AQ49: =AP49/AO49 -> 143.18182 | AR49: =RANK(AQ49,$AQ$47:$AQ$61) -> 1 | AT49: 11 | AU49: 1345 | AV49: =AU49/AT49 -> 122.27273 | AW49: =RANK(AV49,$AV$47:$AV$61) -> 3
C50: 4 | D50: 麻辣雞心 | E50: =VLOOKUP(D50,'07產線配置圖'!$A$27:$C$34,2,0) -> 11 | F50: =VLOOKUP(D50,'07產線配置圖'!$A$27:$C$34,3,0) -> 1636 | G50: =F50/E50 -> 148.72727 | I50: =AVERAGE(P50,U50,Z50,AE50,AJ50,AO50,AT50) -> 10.142857 | J50: =AVERAGE(Q50,V50,AA50,AF50,AK50,AP50,AU50) -> 1389.2857 | K50: =AVERAGE(R50,W50,AB50,AG50,AL50,AQ50,AV50) -> 136.91243 | M50: =RANK(K50, K$47:$K$61) -> 1 | P50: 9.5 | Q50: 1264 | R50: =Q50/P50 -> 133.05263 | S50: =RANK(R50,$R$47:$R$61) -> 2 | U50: 9 | V50: 1237 | W50: =V50/U50 -> 137.44444 | X50: =RANK(W50,$W$47:$W$61) -> 2 | Z50: 11 | AA50: 1483 | AB50: =AA50/Z50 -> 134.81818 | AC50: =RANK(AB50,$AB$47:$AB$61) -> 3 | AE50: 11 | AF50: 1515 | AG50: =AF50/AE50 -> 137.72727 | AH50: =RANK(AG50,$AG$47:$AG$61) -> 1 | AJ50: 10 | AK50: 1380 | AL50: =AK50/AJ50 -> 138 | AM50: =RANK(AL50, $AL$47:$AL$61) -> 1 | AO50: 11 | AP50: 1549 | AQ50: =AP50/AO50 -> 140.81818 | AR50: =RANK(AQ50,$AQ$47:$AQ$61) -> 3 | AT50: 9.5 | AU50: 1297 | AV50: =AU50/AT50 -> 136.52632 | AW50: =RANK(AV50,$AV$47:$AV$61) -> 2
C51: 5
C52: 6
C53: 7
C54: 8
C55: 9
C56: 10
C57: 11
C58: 12
C59: 13
C60: 14
C61: 15
B62: 產線配置圖－每週更新 | N62: 資料繳交 | O62: 日期 | P62: =AT42+1 -> 46252 | U62: =P62+1 -> 46253 | Z62: =Z42+7 -> 46254 | AE62: =AE42+7 -> 46255 | AJ62: =AJ42+7 -> 46256 | AO62: =AO42+7 -> 46257 | AT62: =AT42+7 -> 46258
P63: 二 | U63: 三 | Z63: 四 | AE63: 五 | AJ63: 六 | AO63: 日 | AT63: 一
B64: 品群 | C64: 商品名稱 | E64: 計畫 | H64: 平均人時性 | I64: 實績 | L64: 平均人時性 | M64: 排名 | O64: 日報 | P64: 實際 | T64: 平均人時性 | U64: 實際 | Y64: 平均人時性 | Z64: 實際 | AD64: 平均人時性 | AE64: 實際 | AI64: 平均人時性 | AJ64: 實際 | AN64: 平均人時性 | AO64: 實際 | AS64: 平均人時性 | AT64: 實際 | AX64: 平均人時性
E65: 產線配置圖 | I65: 產線配置圖 | P65: 生產實績 | U65: 生產實績 | Z65: 生產實績 | AE65: 生產實績 | AJ65: 生產實績 | AO65: 生產實績 | AT65: 生產實績
E66: 人數 | F66: 產能／時 | G66: 人時性 | I66: 人數 | J66: 產能／時 | K66: 人時性 | P66: 人數 | Q66: 產能／時 | R66: 人時性 | S66: 排名 | U66: 人數 | V66: 產能／時 | W66: 人時性 | X66: 排名 | Z66: 人數 | AA66: 產能／時 | AB66: 人時性 | AC66: 排名 | AE66: 人數 | AF66: 產能／時 | AG66: 人時性 | AH66: 排名 | AJ66: 人數 | AK66: 產能／時 | AL66: 人時性 | AM66: 排名 | AO66: 人數 | AP66: 產能／時 | AQ66: 人時性 | AR66: 排名 | AT66: 人數 | AU66: 產能／時 | AV66: 人時性 | AW66: 排名
B67: 微波小吃 | C67: 1 | D67: 小滷青蔬 | E67: =VLOOKUP(D67,'07產線配置圖'!$A$27:$C$34,2,0) -> 15 | F67: =VLOOKUP(D67,'07產線配置圖'!$A$27:$C$34,3,0) -> 1636 | G67: =F67/E67 -> 109.06667 | H67: =AVERAGE(G67:G81) -> 138.81212 | I67: =AVERAGE(P67,U67,Z66,AE67,AJ67,AO67,AT67) -> 15 | J67: =AVERAGE(Q67,V67,AA67,AF67,AK67,AP67,AU67) -> 1525.4286 | K67: =AVERAGE(R67,W67,AB67,AG67,AL67,AQ67,AV67) -> 101.69524 | L67: =IFERROR(AVERAGE(K67:K81),"-") -> 121.88382 | M67: =RANK(K67, K$67:$K$81) -> 4 | P67: 15 | Q67: 1508 | R67: =Q67/P67 -> 100.53333 | S67: =RANK(R67,$R$67:$R$81) -> 4 | T67: =AVERAGE(R67:R81) -> 124.86061 | U67: 15 | V67: 1535 | W67: =V67/U67 -> 102.33333 | X67: =RANK(W67,$W$67:$W$81) -> 4 | Y67: =AVERAGE(W67:W81) -> 123.40152 | Z67: 15 | AA67: 1536 | AB67: =AA67/Z67 -> 102.4 | AC67: =RANK(AB67, $AB$67:$AB$81) -> 4 | AD67: =AVERAGE(AB67:AB81) -> 122.87273 | AE67: 15 | AF67: 1469 | AG67: =AF67/AE67 -> 97.933333 | AH67: =RANK(AG67, $AG$67:$AG$81) -> 3 | AI67: =AVERAGE(AG67:AG81) -> 107.96061 | AJ67: 15 | AK67: 1537 | AL67: =AK67/AJ67 -> 102.46667 | AM67: =RANK(AL67, $AL$67:$AL$81) -> 4 | AN67: =AVERAGE(AL67:AL81) -> 122.45758 | AO67: 15 | AP67: 1534 | AQ67: =AP67/AO67 -> 102.26667 | AR67: =RANK(AQ67, $AQ$67:$AQ$81) -> 4 | AS67: =AVERAGE(AQ67:AQ81) -> 125.02121 | AT67: 15 | AU67: 1559 | AV67: =AU67/AT67 -> 103.93333 | AW67: =RANK(AV67, $AV$67:$AV$81) -> 4 | AX67: =AVERAGE(AV67:AV81) -> 126.61252
C68: 2 | D68: 起司馬鈴薯 | E68: =VLOOKUP(D68,'07產線配置圖'!$A$27:$C$34,2,0) -> 11 | F68: =VLOOKUP(D68,'07產線配置圖'!$A$27:$C$34,3,0) -> 1636 | G68: =F68/E68 -> 148.72727 | I68: =AVERAGE(P68,U68,Z67,AE68,AJ68,AO68,AT68) -> 11.571429 | J68: =AVERAGE(Q68,V68,AA68,AF68,AK68,AP68,AU68) -> 1433.8571 | K68: =AVERAGE(R68,W68,AB68,AG68,AL68,AQ68,AV68) -> 130.35065 | M68: =RANK(K68, K$67:$K$81) -> 2 | P68: 11 | Q68: 1365 | R68: =Q68/P68 -> 124.09091 | S68: =RANK(R68,$R$67:$R$81) -> 3 | U68: 11 | V68: 1408 | W68: =V68/U68 -> 128 | X68: =RANK(W68,$W$67:$W$81) -> 3 | Z68: 11 | AA68: 1403 | AB68: =AA68/Z68 -> 127.54545 | AC68: =RANK(AB68, $AB$67:$AB$81) -> 3 | AE68: 11 | AF68: 1329 | AG68: =AF68/AE68 -> 120.81818 | AH68: =RANK(AG68, $AG$67:$AG$81) -> 2 | AJ68: 11 | AK68: 1497 | AL68: =AK68/AJ68 -> 136.09091 | AM68: =RANK(AL68, $AL$67:$AL$81) -> 2 | AO68: 11 | AP68: 1547 | AQ68: =AP68/AO68 -> 140.63636 | AR68: =RANK(AQ68, $AQ$67:$AQ$81) -> 2 | AT68: 11 | AU68: 1488 | AV68: =AU68/AT68 -> 135.27273 | AW68: =RANK(AV68, $AV$67:$AV$81) -> 2
C69: 3 | D69: 韓式炒冬粉 | E69: =VLOOKUP(D69,'07產線配置圖'!$A$27:$C$34,2,0) -> 11 | F69: =VLOOKUP(D69,'07產線配置圖'!$A$27:$C$34,3,0) -> 1636 | G69: =F69/E69 -> 148.72727 | I69: =AVERAGE(P69,U69,Z68,AE69,AJ69,AO69,AT69) -> 11 | J69: =AVERAGE(Q69,V69,AA69,AF69,AK69,AP69,AU69) -> 1318.1429 | K69: =AVERAGE(R69,W69,AB69,AG69,AL69,AQ69,AV69) -> 119.83117 | M69: =RANK(K69, K$67:$K$81) -> 3 | P69: 11 | Q69: 1509 | R69: =Q69/P69 -> 137.18182 | S69: =RANK(R69,$R$67:$R$81) -> 2 | U69: 11 | V69: 1414 | W69: =V69/U69 -> 128.54545 | X69: =RANK(W69,$W$67:$W$81) -> 2 | Z69: 11 | AA69: 1458 | AB69: =AA69/Z69 -> 132.54545 | AC69: =RANK(AB69, $AB$67:$AB$81) -> 1 | AE69: 11 | AF69: 964 | AG69: =AF69/AE69 -> 87.636364 | AH69: =RANK(AG69, $AG$67:$AG$81) -> 4 | AJ69: 11 | AK69: 1218 | AL69: =AK69/AJ69 -> 110.72727 | AM69: =RANK(AL69, $AL$67:$AL$81) -> 3 | AO69: 11 | AP69: 1240 | AQ69: =AP69/AO69 -> 112.72727 | AR69: =RANK(AQ69, $AQ$67:$AQ$81) -> 3 | AT69: 11 | AU69: 1424 | AV69: =AU69/AT69 -> 129.45455 | AW69: =RANK(AV69, $AV$67:$AV$81) -> 3
C70: 4 | D70: 麻辣雞心 | E70: =VLOOKUP(D70,'07產線配置圖'!$A$27:$C$34,2,0) -> 11 | F70: =VLOOKUP(D70,'07產線配置圖'!$A$27:$C$34,3,0) -> 1636 | G70: =F70/E70 -> 148.72727 | I70: =AVERAGE(P70,U70,Z69,AE70,AJ70,AO70,AT70) -> 10.785714 | J70: =AVERAGE(Q70,V70,AA70,AF70,AK70,AP70,AU70) -> 1462.7143 | K70: =AVERAGE(R70,W70,AB70,AG70,AL70,AQ70,AV70) -> 135.65824 | M70: =RANK(K70, K$67:$K$81) -> 1 | P70: 11 | Q70: 1514 | R70: =Q70/P70 -> 137.63636 | S70: =RANK(R70,$R$67:$R$81) -> 1 | U70: 11 | V70: 1482 | W70: =V70/U70 -> 134.72727 | X70: =RANK(W70,$W$67:$W$81) -> 1 | Z70: 11 | AA70: 1419 | AB70: =AA70/Z70 -> 129 | AC70: =RANK(AB70, $AB$67:$AB$81) -> 2 | AE70: 11 | AF70: 1380 | AG70: =AF70/AE70 -> 125.45455 | AH70: =RANK(AG70, $AG$67:$AG$81) -> 1 | AJ70: 11 | AK70: 1546 | AL70: =AK70/AJ70 -> 140.54545 | AM70: =RANK(AL70, $AL$67:$AL$81) -> 1 | AO70: 11 | AP70: 1589 | AQ70: =AP70/AO70 -> 144.45455 | AR70: =RANK(AQ70, $AQ$67:$AQ$81) -> 1 | AT70: 9.5 | AU70: 1309 | AV70: =AU70/AT70 -> 137.78947 | AW70: =RANK(AV70, $AV$67:$AV$81) -> 1
C71: 5
C72: 6
C73: 7
C74: 8
C75: 9
C76: 10
C77: 11
C78: 12
C79: 13
C80: 14
C81: 15
B82: 產線配置圖－每週更新 | N82: 資料繳交 | O82: 日期 | P82: =AT62+1 -> 46259 | U82: =P82+1 -> 46260 | Z82: =Z62+7 -> 46261 | AE82: =AE62+7 -> 46262 | AJ82: =AJ62+7 -> 46263 | AO82: =AO62+7 -> 46264 | AT82: =AT62+7 -> 46265
P83: 二 | U83: 三 | Z83: 四 | AE83: 五 | AJ83: 六 | AO83: 日 | AT83: 一
B84: 品群 | C84: 商品名稱 | E84: 計畫 | H84: 平均人時性 | I84: 實績 | L84: 平均人時性 | M84: 排名 | O84: 日報 | P84: 實際 | T84: 平均人時性 | U84: 實際 | Y84: 平均人時性 | Z84: 實際 | AD84: 平均人時性 | AE84: 實際 | AI84: 平均人時性 | AJ84: 實際 | AN84: 平均人時性 | AO84: 實際 | AS84: 平均人時性 | AT84: 實際 | AX84: 平均人時性
E85: 產線配置圖 | I85: 產線配置圖 | P85: 生產實績 | U85: 生產實績 | Z85: 生產實績 | AE85: 生產實績 | AJ85: 生產實績 | AO85: 生產實績 | AT85: 生產實績
E86: 人數 | F86: 產能／時 | G86: 人時性 | I86: 人數 | J86: 產能／時 | K86: 人時性 | P86: 人數 | Q86: 產能／時 | R86: 人時性 | S86: 排名 | U86: 人數 | V86: 產能／時 | W86: 人時性 | X86: 排名 | Z86: 人數 | AA86: 產能／時 | AB86: 人時性 | AC86: 排名 | AE86: 人數 | AF86: 產能／時 | AG86: 人時性 | AH86: 排名 | AJ86: 人數 | AK86: 產能／時 | AL86: 人時性 | AM86: 排名 | AO86: 人數 | AP86: 產能／時 | AQ86: 人時性 | AR86: 排名 | AT86: 人數 | AU86: 產能／時 | AV86: 人時性 | AW86: 排名
B87: 微波小吃 | C87: 1 | D87: 小滷青蔬 | E87: =VLOOKUP(D87,'07產線配置圖'!$A$27:$C$34,2,0) -> 15 | F87: =VLOOKUP(D87,'07產線配置圖'!$A$27:$C$34,3,0) -> 1636 | G87: =F87/E87 -> 109.06667 | H87: =AVERAGE(G87:G101) -> 138.81212 | I87: =AVERAGE(P87,U87,Z86,AE87,AJ87,AO87) -> #DIV/0! | J87: =AVERAGE(Q87,V87,AA87,AF87,AK87,AP87) -> #DIV/0! | K87: =AVERAGE(R87,W87,AB87,AG87,AL87,AQ87) -> #DIV/0! | L87: =IFERROR(AVERAGE(K87:K101),"-") -> - | M87: =RANK(K87,$K$87:$K$101) -> #DIV/0! | R87: =Q87/P87 -> #DIV/0! | S87: =RANK(R87,$R$87:$R$101) -> #DIV/0! | T87: =AVERAGE(R87:R101) -> #DIV/0! | W87: =V87/U87 -> #DIV/0! | X87: =RANK(W87,$W$87:$W$101) -> #DIV/0! | Y87: =AVERAGE(W87:W101) -> #DIV/0! | AB87: =AA87/Z87 -> #DIV/0! | AC87: =RANK(AB87,$AB$87:$AB$100) -> #DIV/0! | AD87: =AVERAGE(AB87:AB101) -> #DIV/0! | AG87: =AF87/AE87 -> #DIV/0! | AH87: =RANK(AG87,$AG$87:$AG$101) -> #DIV/0! | AI87: =AVERAGE(AG87:AG101) -> #DIV/0! | AL87: =AK87/AJ87 -> #DIV/0! | AM87: =RANK(AL87,$AL$87:$AL$101) -> #DIV/0! | AN87: =AVERAGE(AL87:AL101) -> #DIV/0! | AQ87: =AP87/AO87 -> #DIV/0! | AR87: =RANK(AQ87,$AQ$87:$AQ$101) -> #DIV/0! | AS87: =AVERAGE(AQ87:AQ101) -> #DIV/0! | AV87: =AU87/AT87 -> #DIV/0! | AW87: =RANK(AV87,$AV$87:$AV$101) -> #DIV/0! | AX87: =AVERAGE(AV87:AV101) -> #DIV/0!
C88: 2 | D88: 起司馬鈴薯 | E88: =VLOOKUP(D88,'07產線配置圖'!$A$27:$C$34,2,0) -> 11 | F88: =VLOOKUP(D88,'07產線配置圖'!$A$27:$C$34,3,0) -> 1636 | G88: =F88/E88 -> 148.72727 | I88: =AVERAGE(P88,U88,Z87,AE88,AJ88,AO88) -> #DIV/0! | J88: =AVERAGE(Q88,V88,AA88,AF88,AK88,AP88) -> #DIV/0! | K88: =AVERAGE(R88,W88,AB88,AG88,AL88,AQ88) -> #DIV/0! | M88: =RANK(K88,$K$87:$K$101) -> #DIV/0! | R88: =Q88/P88 -> #DIV/0! | S88: =RANK(R88,$R$87:$R$101) -> #DIV/0! | W88: =V88/U88 -> #DIV/0! | X88: =RANK(W88,$W$87:$W$101) -> #DIV/0! | AB88: =AA88/Z88 -> #DIV/0! | AC88: =RANK(AB88,$AB$87:$AB$100) -> #DIV/0! | AG88: =AF88/AE88 -> #DIV/0! | AH88: =RANK(AG88,$AG$87:$AG$101) -> #DIV/0! | AL88: =AK88/AJ88 -> #DIV/0! | AM88: =RANK(AL88,$AL$87:$AL$101) -> #DIV/0! | AQ88: =AP88/AO88 -> #DIV/0! | AR88: =RANK(AQ88,$AQ$87:$AQ$101) -> #DIV/0! | AV88: =AU88/AT88 -> #DIV/0! | AW88: =RANK(AV88,$AV$87:$AV$101) -> #DIV/0!
C89: 3 | D89: 韓式炒冬粉 | E89: =VLOOKUP(D89,'07產線配置圖'!$A$27:$C$34,2,0) -> 11 | F89: =VLOOKUP(D89,'07產線配置圖'!$A$27:$C$34,3,0) -> 1636 | G89: =F89/E89 -> 148.72727 | I89: =AVERAGE(P89,U89,Z88,AE89,AJ89,AO89) -> #DIV/0! | J89: =AVERAGE(Q89,V89,AA89,AF89,AK89,AP89) -> #DIV/0! | K89: =AVERAGE(R89,W89,AB89,AG89,AL89,AQ89) -> #DIV/0! | M89: =RANK(K89,$K$87:$K$101) -> #DIV/0! | R89: =Q89/P89 -> #DIV/0! | S89: =RANK(R89,$R$87:$R$101) -> #DIV/0! | W89: =V89/U89 -> #DIV/0! | X89: =RANK(W89,$W$87:$W$101) -> #DIV/0! | AB89: =AA89/Z89 -> #DIV/0! | AC89: =RANK(AB89,$AB$87:$AB$100) -> #DIV/0! | AG89: =AF89/AE89 -> #DIV/0! | AH89: =RANK(AG89,$AG$87:$AG$101) -> #DIV/0! | AL89: =AK89/AJ89 -> #DIV/0! | AM89: =RANK(AL89,$AL$87:$AL$101) -> #DIV/0! | AQ89: =AP89/AO89 -> #DIV/0! | AR89: =RANK(AQ89,$AQ$87:$AQ$101) -> #DIV/0! | AV89: =AU89/AT89 -> #DIV/0! | AW89: =RANK(AV89,$AV$87:$AV$101) -> #DIV/0!
C90: 4 | D90: 麻辣雞心 | E90: =VLOOKUP(D90,'07產線配置圖'!$A$27:$C$34,2,0) -> 11 | F90: =VLOOKUP(D90,'07產線配置圖'!$A$27:$C$34,3,0) -> 1636 | G90: =F90/E90 -> 148.72727 | I90: =AVERAGE(P90,U90,Z89,AE90,AJ90,AO90) -> #DIV/0! | J90: =AVERAGE(Q90,V90,AA90,AF90,AK90,AP90) -> #DIV/0! | K90: =AVERAGE(R90,W90,AB90,AG90,AL90,AQ90) -> #DIV/0! | M90: =RANK(K90,$K$87:$K$101) -> #DIV/0! | R90: =Q90/P90 -> #DIV/0! | S90: =RANK(R90,$R$87:$R$101) -> #DIV/0! | W90: =V90/U90 -> #DIV/0! | X90: =RANK(W90,$W$87:$W$101) -> #DIV/0! | AB90: =AA90/Z90 -> #DIV/0! | AC90: =RANK(AB90,$AB$87:$AB$100) -> #DIV/0! | AG90: =AF90/AE90 -> #DIV/0! | AH90: =RANK(AG90,$AG$87:$AG$101) -> #DIV/0! | AL90: =AK90/AJ90 -> #DIV/0! | AM90: =RANK(AL90,$AL$87:$AL$101) -> #DIV/0! | AQ90: =AP90/AO90 -> #DIV/0! | AR90: =RANK(AQ90,$AQ$87:$AQ$101) -> #DIV/0! | AV90: =AU90/AT90 -> #DIV/0! | AW90: =RANK(AV90,$AV$87:$AV$101) -> #DIV/0!
C91: 5
C92: 6
C93: 7
C94: 8
C95: 9
C96: 10
C97: 11
C98: 12
C99: 13
C100: 14
...

Sheet 生產管理報表 6-1(週)
A1: 生產管理報表
A3: （６）人時生產性前幾名品項
A5: 品群 | B5: 1 | C5: 2 | D5: 3
B6: 熱食義麵 | C6: 季節調理麵 | D6: 微波小吃
A7: 品群 | C7: 排名 | D7: 商品名 | G7: 人數 | H7: 產能 | I7: 人時生產性 | J7: 前月比 | K7: 主要原因&對策
A8: 1 | B8: 熱食義麵 | C8: 1 | D8: 義式蕃茄起司義大利麵 | G8: 12 | H8: 2048.2857 | I8: 170.69048 | J8: 1.036
C9: 2 | D9: 青醬蛤蜊義大利麵 | G9: 13 | H9: 2089.7143 | I9: 160.74725 | J9: 1.037
C10: 3 | D10: 香煎魚排佐檸檬奶油義大利麵 | G10: 13 | H10: 2071.7143 | I10: 159.36264 | J10: 1.14
C11: 4 | D11: 奶油培根義大利麵 | G11: 14.571429 | H11: 2056.5714 | I11: 141.20816 | J11: 0.97
C12: 5 | D12: 白酒清炒鮮蛤義大利麵 | G12: 14.5 | H12: 1995.5714 | I12: 137.75395 | J12: 0.93 | K12: 改1.4mm麵，分兩條線製作，生產量少
C13: ▼1 | D13: 府城鹽水意麵 | G13: 18 | H13: 1445 | I13: 80.277778 | J13: 0.98
C14: ▼2 | D14: 奶油鮮蝦明太子細扁麵 | G14: 16.857143 | H14: 1392.4286 | I14: 82.617647 | J14: 0.892 | K14: 設備故障
C15: ▼3 | D15: 義式蛋蛋青醬鮪魚冷義大利麵 | G15: 16.571429 | H15: 1410.7143 | I15: 85.084559 | J15: 0.972
C16: ▼4 | D16: 黑松露野菇義大利麵 | G16: 17 | H16: 1456.1429 | I16: 85.655462 | J16: 1.004
C17: ▼5 | D17: 金沙豆腐義大利麵 | G17: 17.142857 | H17: 1491.1429 | I17: 87.165675 | J17: 0.799 | K17: 設備故障
A18: 品群 | C18: 排名 | D18: 商品名 | G18: 人數 | H18: 產能 | I18: 人時生產性 | J18: 前月比 | K18: 主要原因&對策
A19: 2 | B19: 季節調理麵 | C19: 1
C20: 2
C21: 3
C22: 4
C23: 5
C24: ▼1
C25: ▼2
C26: ▼3
C27: ▼4
C28: ▼5
A29: 品群 | C29: 排名 | D29: 商品名 | G29: 人數 | H29: 產能 | I29: 人時生產性 | J29: 前月比 | K29: 主要原因&對策
A30: 3 | B30: 微波小吃 | C30: 1 | D30: 麻辣雞心 | G30: 10.785714 | H30: 1462.7143 | I30: 135.65824 | J30: 1.019
C31: 2 | D31: 起司馬鈴薯 | G31: 11.571429 | H31: 1433.8571 | I31: 130.35065 | J31: 0.955 | K31: 新人訓練+1人
C32: 3 | D32: 韓式炒冬粉 | G32: 11 | H32: 1318.1429 | I32: 119.83117 | J32: 0.884 | K32: 量<1000
C33: 4 | D33: 小滷青蔬 | G33: 15 | H33: 1525.4286 | I33: 101.69524 | J33: 0.982
C34: 5
C35: ▼1
C36: ▼2
C37: ▼3
C38: ▼4
C39: ▼5

Sheet 生產管理報表 7-1(週)
A1: 生產管理報表
A3: （７）原因別分析
A5: 業績金額 | B5: ='日別報廢率總表 '!M21 -> 17043774 | E5: 前20名原因分析
A6: 項目 | B6: 合計 | E6: 項目 | F6: 1 | H6: 2 | J6: 3 | L6: 4
F7: 展開量高於１０5％ | H7: 調理多產 | J7: 製程不穩 | L7: 取樣不穩
B8: 金額 | C8: 比例 | F8: 金額 | G8: 比例 | H8: 金額 | I8: 比例 | J8: 金額 | K8: 比例 | L8: 金額 | M8: 比例
A9: 報廢 | B9: ='日別報廢率總表 '!N21 -> 44408.088 | C9: =B9/$B$5 -> 0.0026055314 | E9: 報廢 | F9: ='報廢－原因別分析 (週)'!AD8 -> 20487.88 | G9: ='報廢－原因別分析 (週)'!AD9 -> 0.55 | H9: ='報廢－原因別分析 (週)'!AE8 -> 3164.98 | I9: ='報廢－原因別分析 (週)'!AE9 -> 0.15 | J9: ='報廢－原因別分析 (週)'!AF8 -> 0 | K9: ='報廢－原因別分析 (週)'!AF9 -> 0 | L9: ='報廢－原因別分析 (週)'!AG8 -> 4295 | M9: ='報廢－原因別分析 (週)'!AG9 -> 0.25
A10: 超用 | B10: ='日別報廢率總表 '!O21 -> 54657.493 | C10: =B10/$B$5 -> 0.0032068891 | E10: 超用 | F10: ='超用－原因別分析 (週) '!AD8 -> 29279.38 | G10: ='超用－原因別分析 (週) '!AD9 -> 0.65 | H10: ='超用－原因別分析 (週) '!AE8 -> 2504.25 | I10: ='超用－原因別分析 (週) '!AE9 -> 0.05 | J10: ='超用－原因別分析 (週) '!AF8 -> 0 | K10: ='超用－原因別分析 (週) '!AF9 -> 0 | L10: ='超用－原因別分析 (週) '!AG8 -> 15839.4 | M10: ='超用－原因別分析 (週) '!AG9 -> 0.25
E11: 項目 | F11: 5 | H11: 6 | J11: 7 | L11: 8
F12: 原物料規格 | H12: 研發設定 | J12: 其他原因 | L12: 步留不足
F13: 金額 | G13: 比例 | H13: 金額 | I13: 比例 | J13: 金額 | K13: 比例 | L13: 金額 | M13: 比例
E14: 報廢 | F14: ='報廢－原因別分析 (週)'!AH8 -> 0 | G14: ='報廢－原因別分析 (週)'!AH9 -> 0 | H14: ='報廢－原因別分析 (週)'!AI8 -> 550.8 | I14: ='報廢－原因別分析 (週)'!AI9 -> 0.05 | J14: ='報廢－原因別分析 (週)'!AJ8 -> 0 | K14: ='報廢－原因別分析 (週)'!AJ9 -> 0
E15: 超用 | F15: ='超用－原因別分析 (週) '!AH8 -> 0 | G15: ='超用－原因別分析 (週) '!AH9 -> 0 | H15: ='超用－原因別分析 (週) '!AI8 -> 2204.22 | I15: ='超用－原因別分析 (週) '!AI9 -> 0.05 | J15: ='超用－原因別分析 (週) '!AJ8 -> 0 | K15: ='超用－原因別分析 (週) '!AJ9 -> 0

Sheet 生產管理報表 8-1(週報廢)
A1: 生產管理報表
A3: （８）報廢原因別前幾名品項
A5: 類型 | B5: 1 | D5: 2 | F5: 3 | H5: 4 | J5: 5 | L5: 6 | N5: 7 | P5: 8
B6: 展開量高於１０5％ | D6: 調理多產 | F6: 製程不穩 | H6: 取樣不穩 | J6: 原物料規格 | L6: 研發設定 | N6: 其他原因 | P6: 步留因素
A8: 類型 | C8: 排名 | D8: 商品名 | G8: 半成品名 | J8: 單價 | K8: 報廢率 | L8: 數量 | M8: 金額 | N8: 前週比 | O8: 主要原因&對策
A9: 1 | B9: 展開量高於需求量 | C9: 1 | D9: 府城鹽水意麵 | G9: 煮意麵肉燥 | J9: 125.6 | K9: 0.018 | L9: 43.6 | M9: =L9*J9 -> 5476.16 | O9: 除中式麵外，A級3i依預估90%配料，其餘品項拉低預估量
C10: 2 | D10: 青花椒麻雞肉拌麵 | G10: 煮青花椒湯凍(114年) | J10: 193.2 | K10: 0.013 | L10: 13.4 | M10: =L10*J10 -> 2588.88 | N10: 1.22935 | O10: 除中式麵外，A級3i依預估90%配料，其餘品項拉低預估量
C11: 3 | D11: 金沙豆腐義大利麵 | G11: 蒸鹹蛋黃碎 | J11: 1328.1 | K11: 0.063 | L11: 1.8 | M11: =L11*J11 -> 2390.58 | N11: 0.75 | O11: 除中式麵外，A級3i依預估90%配料，其餘品項拉低預估量
C12: 4 | D12: (奶)黑松露野菇義大利麵 | G12: (V)炒切片杏鮑菇(115年) | J12: 216.8 | K12: 0.031 | L12: 9.2 | M12: =L12*J12 -> 1994.56 | O12: 除中式麵外，A級3i依預估90%配料，其餘品項拉低預估量
C13: 5 | D13: 蕃茄蘑菇義大利麵 | G13: 義麵-蘑菇洋蔥肉醬 | J13: 90.9 | K13: 0.013 | L13: 19.4 | M13: =L13*J13 -> 1763.46 | N13: 0.16059 | O13: 除中式麵外，A級3i依預估90%配料，其餘品項拉低預估量
J14: 前幾名合計比例 | K14: =M14/'生產管理報表 7-1(週)'!$B$9 -> 0.32006872 | L14: 前幾名合計金額 | M14: =SUM(M9:M13) -> 14213.64
A16: 類型 | C16: 排名 | D16: 商品名 | G16: 半成品名 | J16: 單價 | K16: 報廢率 | L16: 數量 | M16: 金額 | N16: 前週比 | O16: 主要原因&對策
A17: 2 | B17: 調理多產 | C17: 1 | D17: 奶油培根義大利麵 | G17: 奶香白醬 | J17: 132.5 | K17: 0.005 | L17: 15.7 | M17: =J17*L17 -> 2080.25 | O17: 每日追踪製成率，長期異常調整出料率
C18: 2 | D18: 青花椒麻雞肉拌麵 | G18: 川燙油菜 | J18: 155.7 | K18: 0.015 | L18: 3.9 | M18: =J18*L18 -> 607.23 | O18: 每日追踪製成率，長期異常調整出料率
C19: 3 | D19: 香煎魚排佐檸檬奶油義大利麵 | G19: 奶香白醬 | J19: 95.5 | K19: 0.006 | L19: 5 | M19: =J19*L19 -> 477.5 | O19: 每日追踪製成率，長期異常調整出料率
C20: 4 | M20: =J20*L20 -> 0
C21: 5 | M21: =J21*L21 -> 0
J22: 前幾名合計比例 | K22: =M22/'生產管理報表 7-1(週)'!$B$9 -> 0.071270351 | L22: 前幾名合計金額 | M22: =SUM(M17:M21) -> 3164.98
A24: 類型 | C24: 排名 | D24: 商品名 | G24: 半成品名 | J24: 單價 | K24: 報廢率 | L24: 數量 | M24: 金額 | N24: 前月比 | O24: 主要原因&對策
A25: 3 | B25: 製程不穩 | C25: 1 | M25: =L25*J25 -> 0
C26: 2 | M26: =L26*J26 -> 0
C27: 3 | M27: =L27*J27 -> 0
C28: 4 | M28: =L28*J28 -> 0
C29: 5 | M29: =L29*J29 -> 0
J30: 前幾名合計比例 | K30: =M30/'生產管理報表 7-1(週)'!$B$9 -> 0 | L30: 前幾名合計金額 | M30: =SUM(M25:M29) -> 0

Sheet 生產管理報表 8-2(週報廢)
A1: 生產管理報表
A3: （８）報廢原因別前幾名品項
A5: 類型 | B5: 1 | D5: 2 | F5: 3 | H5: 4 | J5: 5 | L5: 6 | N5: 7 | P5: 8
B6: 展開量高於１０5％ | D6: 調理多產 | F6: 製程不穩 | H6: 取樣不穩 | J6: 原物料規格 | L6: 研發設定 | N6: 其他原因 | P6: 步留因素
A8: 類型 | C8: 排名 | D8: 商品名 | G8: 半成品名 | J8: 單價 | K8: 報廢率 | L8: 數量 | M8: 金額 | N8: 前週比 | O8: 主要原因&對策
A9: 4 | B9: 取樣不穩 | C9: 1 | D9: 府城鹽水意麵 | G9: 川燙油菜 | J9: 140.4 | K9: 0.044 | L9: 15.4 | M9: =L9*J9 -> 2162.16 | O9: 包裝超用超補→加強教育訓練
C10: 2 | D10: 蕃茄莎莎海鮮冷義大利麵 | G10: 川燙-切紅黃甜椒絲 | J10: 296.8 | K10: 0.034 | L10: 2.6 | M10: =L10*J10 -> 771.68 | O10: 包裝超用超補→加強教育訓練
C11: 3 | D11: 沙茶豬肉炒麵 | G11: 炒高麗菜紅蘿蔔絲 | J11: 100.1 | K11: 0.015 | L11: 5.6 | M11: =L11*J11 -> 560.56 | O11: 包裝超用超補→加強教育訓練
C12: 4 | D12: 青醬蛤蜊義大利麵 | G12: 蒸-花蛤肉 | J12: 590 | K12: 0.001 | L12: 0.9 | M12: =L12*J12 -> 531 | O12: 包裝超用超補→加強教育訓練
C13: 5 | D13: 奶油鮮蝦明太子細扁麵 | G13: 解凍-辛子明太子醬 | J13: 674 | K13: 0.019 | L13: 0.4 | M13: =L13*J13 -> 269.6 | N13: 0.4 | O13: 新品/包裝超用超補→加強教育訓練
J14: 前幾名合計比例 | K14: =M14/'生產管理報表 7-1(週)'!$B$9 -> 0.096716616 | L14: 前幾名合計金額 | M14: =SUM(M9:M13) -> 4295
A16: 類型 | C16: 排名 | D16: 商品名 | G16: 半成品名 | J16: 單價 | K16: 報廢率 | L16: 數量 | M16: 金額 | N16: 前週比 | O16: 主要原因&對策
A17: 5 | B17: 原物料規格 | C17: 1 | M17: =L17*J17 -> 0
C18: 2 | M18: =L18*J18 -> 0
C19: 3 | M19: =L19*J19 -> 0
C20: 4 | M20: =L20*J20 -> 0
C21: 5 | M21: =L21*J21 -> 0
J22: 前幾名合計比例 | K22: =M22/'生產管理報表 7-1(週)'!$B$9 -> 0 | L22: 前幾名合計金額 | M22: =SUM(M17:M21) -> 0
A24: 類型 | C24: 排名 | D24: 商品名 | G24: 半成品名 | J24: 單價 | K24: 報廢率 | L24: 數量 | M24: 金額 | N24: 前月比 | O24: 主要原因&對策
A25: 6 | B25: 研發設定 | C25: 1 | D25: 府城鹽水意麵 | G25: 蒸4切濾黃金豆腐 | J25: 1.8 | K25: 0.009 | L25: 306 | M25: =L25*J25 -> 550.8 | O25: 1盒4切尾數報廢
C26: 2 | M26: =L26*J26 -> 0
C27: 3
C28: 4
C29: 5
J30: 前幾名合計比例 | K30: =M30/'生產管理報表 7-1(週)'!$B$9 -> 0.012403146 | L30: 前幾名合計金額 | M30: =SUM(M25:M29) -> 550.8
A32: 類型 | C32: 排名 | D32: 商品名 | G32: 半成品名 | J32: 單價 | K32: 報廢率 | L32: 數量 | M32: 金額 | N32: 前月比 | O32: 主要原因&對策
A33: 7 | B33: 製程不穩 | C33: 1 | M33: 0
C34: 2 | M34: 0
C35: 3 | M35: 0
C36: 4 | M36: 0
C37: 5 | M37: 0
J38: 前幾名合計比例 | K38: =M38/'生產管理報表 7-1(週)'!$B$9 -> 0 | L38: 前幾名合計金額 | M38: 0

Sheet 生產管理報表 8-3(週超用)
A1: 生產管理報表
A3: （８）超用原因別前幾名品項
A5: 類型 | B5: 1 | D5: 2 | F5: 3 | H5: 4 | J5: 5 | L5: 6 | N5: 7 | P5: 8
B6: 展開量高於１０5％ | D6: 調理多產 | F6: 製程不穩 | H6: 取樣不穩 | J6: 原物料規格 | L6: 研發設定 | N6: 其他原因 | P6: 步留因素
A8: 類型 | C8: 排名 | D8: 商品名 | G8: 半成品名 | J8: 單價 | K8: 超用率 | L8: 數量 | M8: 金額 | N8: 前週比 | O8: 主要原因&對策
A9: 1 | B9: 展開量高於需求量 | C9: 1 | D9: 府城鹽水意麵 | G9: 煮意麵肉燥 | J9: 125.6 | K9: 0.018 | L9: 43.5 | M9: =L9*J9 -> 5463.6 | O9: 除中式麵外，A級3i依預估90%配料，其餘品項拉低預估量
C10: 2 | D10: 青花椒麻雞肉拌麵 | G10: 煮青花椒湯凍(114年) | J10: 193.2 | K10: 0.013 | L10: 13.5 | M10: =L10*J10 -> 2608.2 | N10: 1.39175 | O10: 除中式麵外，A級3i依預估90%配料，其餘品項拉低預估量
C11: 3 | D11: 金沙豆腐義大利麵 | G11: 蒸鹹蛋黃碎 | J11: 1328.1 | K11: 0.046 | L11: 1.3 | M11: =L11*J11 -> 1726.53 | N11: 0.65 | O11: 除中式麵外，A級3i依預估90%配料，其餘品項拉低預估量
C12: 4 | D12: (奶)黑松露野菇義大利麵 | G12: (V)炒切片杏鮑菇(115年) | J12: 182.2 | K12: 0.048 | L12: 14.5 | M12: =L12*J12 -> 2641.9 | N12: 1.883 | O12: 除中式麵外，A級3i依預估90%配料，其餘品項拉低預估量
C13: 5 | D13: 蕃茄蘑菇義大利麵 | G13: 義麵-蘑菇洋蔥肉醬 | J13: 90.9 | K13: 0.035 | L13: 52.8 | M13: =L13*J13 -> 4799.52 | N13: 0.43278 | O13: 除中式麵外，A級3i依預估90%配料，其餘品項拉低預估量
J14: 前幾名合計比例 | K14: =M14/'生產管理報表 7-1(週)'!$B$10 -> 0.31541421 | L14: 前幾名合計金額 | M14: =SUM(M9:M13) -> 17239.75
A16: 類型 | C16: 排名 | D16: 商品名 | G16: 半成品名 | J16: 單價 | K16: 超用率 | L16: 數量 | M16: 金額 | N16: 前週比 | O16: 主要原因&對策
A17: 2 | B17: 調理多產 | C17: 1 | D17: 奶油培根義大利麵 | G17: 奶香白醬 | J17: 132.5 | K17: 0.006 | L17: 18.9 | M17: =L17*J17 -> 2504.25
C18: 2 | D18: 青花椒麻雞肉拌麵 | G18: 川燙油菜 | J18: 155.7 | K18: 0.015 | L18: 3.9 | M18: =L18*J18 -> 607.23
C19: 3 | D19: 香煎魚排佐檸檬奶油義大利麵 | G19: 奶香白醬 | J19: 95.5 | K19: 0.006 | L19: 4.7 | M19: =L19*J19 -> 448.85
C20: 4 | M20: =L20*J20 -> 0
C21: 5 | M21: =L21*J21 -> 0
J22: 前幾名合計比例 | K22: =M22/'生產管理報表 7-1(週)'!$B$10 -> 0.065138919 | L22: 前幾名合計金額 | M22: =SUM(M17:M21) -> 3560.33
A24: 類型 | C24: 排名 | D24: 商品名 | G24: 半成品名 | J24: 單價 | K24: 超用率 | L24: 數量 | M24: 金額 | N24: 前月比 | O24: 主要原因&對策
A25: 3 | B25: 製程不穩 | C25: 1 | M25: =L25*J25 -> 0
C26: 2 | M26: =L26*J26 -> 0
C27: 3 | M27: =L27*J27 -> 0
C28: 4 | M28: =L28*J28 -> 0
C29: 5 | M29: =L29*J29 -> 0
J30: 前幾名合計比例 | K30: =M30/'生產管理報表 7-1(週)'!$B$10 -> 0 | L30: 前幾名合計金額 | M30: =SUM(M25:M29) -> 0

Sheet 生產管理報表 8-4(週超用)
A1: 生產管理報表
A3: （８）超用原因別前幾名品項
A5: 類型 | B5: 1 | D5: 2 | F5: 3 | H5: 4 | J5: 5 | L5: 6 | N5: 7 | P5: 8
B6: 展開量高於１０5％ | D6: 調理多產 | F6: 製程不穩 | H6: 取樣不穩 | J6: 原物料規格 | L6: 研發設定 | N6: 其他原因 | P6: 步留因素
A8: 類型 | C8: 排名 | D8: 商品名 | G8: 半成品名 | J8: 單價 | K8: 超用率 | L8: 數量 | M8: 金額 | N8: 前週比 | O8: 主要原因&對策
A9: 4 | B9: 取樣不穩 | C9: 1 | D9: 青醬蛤蜊義大利麵 | G9: 蒸-花蛤肉 | J9: 590 | K9: 0.019 | L9: 12.2 | M9: =L9*J9 -> 7198 | O9: 加強稽核及教育訓練
C10: 2 | D10: 府城鹽水意麵 | G10: 川燙油菜 | J10: 140.4 | K10: 0.091 | L10: 31.8 | M10: =L10*J10 -> 4464.72 | N10: 2.16326 | O10: 加強稽核及教育訓練
C11: 3 | D11: 蕃茄莎莎海鮮冷義大利麵 | G11: 川燙-切紅黃甜椒絲 | J11: 296.8 | K11: 0.073 | L11: 5.6 | M11: =L11*J11 -> 1662.08 | O11: 加強稽核及教育訓練
C12: 4 | D12: 沙茶豬肉炒麵 | G12: 炒高麗菜紅蘿蔔絲 | J12: 100.1 | K12: 0.031 | L12: 11.5 | M12: =L12*J12 -> 1151.15 | O12: 加強稽核及教育訓練
C13: 5 | D13: 奶油鮮蝦明太子細扁麵 | G13: 解凍-辛子明太子醬 | J13: 674 | K13: 0.024 | L13: 0.5 | M13: =L13*J13 -> 337 | O13: 加強稽核及教育訓練
J14: 前幾名合計比例 | K14: =M14/'生產管理報表 7-1(週)'!$B$10 -> 0.27101408 | L14: 前幾名合計金額 | M14: =SUM(M9:M13) -> 14812.95
A16: 類型 | C16: 排名 | D16: 商品名 | G16: 半成品名 | J16: 單價 | K16: 超用率 | L16: 數量 | M16: 金額 | N16: 前週比 | O16: 主要原因&對策
A17: 5 | B17: 原物料規格 | C17: 1 | M17: =L17*J17 -> 0
C18: 2 | M18: =L18*J18 -> 0
C19: 3 | M19: =L19*J19 -> 0
C20: 4 | M20: =L20*J20 -> 0
C21: 5 | M21: =L21*J21 -> 0
J22: 前幾名合計比例 | K22: =M22/'生產管理報表 7-1(週)'!$B$10 -> 0 | L22: 前幾名合計金額 | M22: =SUM(M17:M21) -> 0
A24: 類型 | C24: 排名 | D24: 商品名 | G24: 半成品名 | J24: 單價 | K24: 超用率 | L24: 數量 | M24: 金額 | N24: 前月比 | O24: 主要原因&對策
A25: 6 | B25: 研發設定 | C25: 1 | D25: 府城鹽水意麵 | G25: 切蒸前腿肉 | J25: 432.2 | K25: 0.033 | L25: 9.9 | M25: =L25*J25 -> 4278.78 | O25: 研發設定，2片8G以上
C26: 2 | M26: =L26*J26 -> 0
C27: 3
C28: 4
C29: 5
J30: 前幾名合計比例 | K30: =M30/'生產管理報表 7-1(週)'!$B$10 -> 0.078283503 | L30: 前幾名合計金額 | M30: =SUM(M25:M29) -> 4278.78
A32: 類型 | C32: 排名 | D32: 商品名 | G32: 半成品名 | J32: 單價 | K32: 超用率 | L32: 數量 | M32: 金額 | N32: 前月比 | O32: 主要原因&對策
A33: 7 | B33: 製程不穩 | C33: 1 | M33: 0
C34: 2 | M34: 0
C35: 3 | M35: 0
C36: 4 | M36: 0
C37: 5 | M37: 0
J38: 前幾名合計比例 | K38: =M38/'生產管理報表 7-1(週)'!$B$10 -> 0 | L38: 前幾名合計金額 | M38: =SUM(M33:M37) -> 0

Sheet 生產管理報表 9(週)
A1: 生產管理報表
A3: （9）步留因素
A5: 類型 | B5: 1 | D5: 2 | F5: 3 | H5: 4 | J5: 5 | L5: 6 | N5: 7 | P5: 8
B6: 展開量高於１０5％ | D6: 調理多產 | F6: 製程不穩 | H6: 取樣不穩 | J6: 原物料規格 | L6: 研發設定 | N6: 其他原因 | P6: 步留因素
A8: 類型 | B8: No. | C8: 商品名 | F8: 半成品名 | I8: 單價 | J8: 規格 | K8: 實績 | L8: 差異 | M8: 主要原因&對策
A9: 作業原因 | B9: 1 | L9: =K9-J9 -> 0
B10: 2 | L10: =K10-J10 -> 0
B11: 3 | L11: =K11-J11 -> 0
B12: 4 | L12: =K12-J12 -> 0
B13: 5 | L13: =K13-J13 -> 0
A15: 類型 | B15: No. | C15: 商品名 | F15: 半成品名 | I15: 單價 | J15: 規格 | K15: 實績 | L15: 差異 | M15: 主要原因&對策
A16: 原料原因 | B16: 1 | L16: =K16-J16 -> 0
B17: 2 | L17: =K17-J17 -> 0
B18: 3 | L18: =K18-J18 -> 0
B19: 4 | L19: =K19-J19 -> 0
B20: 5 | L20: =K20-J20 -> 0

Sheet 報廢－原因別分析 (週)
B2: 報廢前二十名紀錄表
B3: 月別 | D3: 排序 | E3: 半成品名稱 | F3: 報廢金額 (元) | G3: 半成品單價 (元/kg) | H3: 訂單需求 (kg/個) | I3: 生管展開 | K3: 生產實際產出 | M3: 生產補單 | O3: 總產出 | Q3: 報廢 | S3: 超用 | V3: 類別 | W3: 分析原因 | X3: 原因說明 | Y3: 後續對策 | Z3: 次數 | AA3: 備註-商品名稱 | AC3: 分析原因（件）
I4: kg/個 | J4: % | K4: kg/個 | L4: % | M4: kg/個 | N4: % | O4: kg/個 | P4: % | Q4: kg/個 | R4: % | S4: kg/個 | T4: % | U4: 元
B5: 0818-0824 | D5: 1 | E5: 煮意麵肉燥 | F5: =IFERROR(Q5*G5,"-") -> 5476.16 | G5: 125.6 | H5: 2455.1 | I5: 2485 | J5: =IFERROR(I5/H5,"-") -> 1.0121787 | K5: 2498.6 | L5: =IFERROR(K5/H5,"-") -> 1.0177182 | M5: 0 | N5: =IFERROR(M5/H5,"-") -> 0 | O5: =IFERROR(K5+M5,"-") -> 2498.6 | P5: =IFERROR(O5/H5,"-") -> 1.0177182 | Q5: 43.6 | R5: =IFERROR(Q5/H5,"-") -> 0.017758951 | S5: =IFERROR(O5-H5,"-") -> 43.5 | T5: =IFERROR(S5/H5,"-") -> 0.017718219 | U5: =IFERROR(S5*G5,"-") -> 5463.6 | V5: 生管預估 | W5: 展開量高於需求量 | X5: 預估量大於訂單量 | Y5: 除中式麵外，A級3i依預估90%配料，其餘品項拉低預估量 | Z5: 1 | AA5: 府城鹽水意麵
D6: 2 | E6: 煮青花椒湯凍(114年) | F6: =IFERROR(Q6*G6,"-") -> 2588.88 | G6: 193.2 | H6: 1028.2 | I6: 1008 | J6: =IFERROR(I6/H6,"-") -> 0.98035402 | K6: 1041.7 | L6: =IFERROR(K6/H6,"-") -> 1.0131297 | M6: 0 | N6: =IFERROR(M6/H6,"-") -> 0 | O6: =IFERROR(K6+M6,"-") -> 1041.7 | P6: =IFERROR(O6/H6,"-") -> 1.0131297 | Q6: 13.4 | R6: =IFERROR(Q6/H6,"-") -> 0.013032484 | S6: =IFERROR(O6-H6,"-") -> 13.5 | T6: =IFERROR(S6/H6,"-") -> 0.013129741 | U6: =IFERROR(S6*G6,"-") -> 2608.2 | V6: 生管預估 | W6: 展開量高於需求量 | X6: 預估量大於訂單量 | Y6: 除中式麵外，A級3i依預估90%配料，其餘品項拉低預估量 | Z6: 1 | AA6: 青花椒麻雞肉拌麵 | AC6: 總件數 | AD6: 展開量高於需求量 | AE6: 調理多產 | AF6: 製程不穩 | AG6: 取樣不穩 | AH6: 原物料規格 | AI6: 研發設定 | AJ6: 其他原因
D7: 3 | E7: 蒸鹹蛋黃碎 | F7: =IFERROR(Q7*G7,"-") -> 2390.58 | G7: 1328.1 | H7: 28.5 | I7: 30 | J7: =IFERROR(I7/H7,"-") -> 1.0526316 | K7: 29.8 | L7: =IFERROR(K7/H7,"-") -> 1.045614 | M7: 0 | N7: =IFERROR(M7/H7,"-") -> 0 | O7: =IFERROR(K7+M7,"-") -> 29.8 | P7: =IFERROR(O7/H7,"-") -> 1.045614 | Q7: 1.8 | R7: =IFERROR(Q7/H7,"-") -> 0.063157895 | S7: =IFERROR(O7-H7,"-") -> 1.3 | T7: =IFERROR(S7/H7,"-") -> 0.045614035 | U7: =IFERROR(S7*G7,"-") -> 1726.53 | V7: 生管預估 | W7: 展開量高於需求量 | X7: 預估量大於訂單量 | Y7: 除中式麵外，A級3i依預估90%配料，其餘品項拉低預估量 | Z7: 1 | AA7: 金沙豆腐義大利麵 | AC7: =SUM(Z5:Z24) -> 20 | AD7: =SUMIF($W$5:$W$24,TRIM(AD6),$Z$5:$Z$24) -> 11 | AE7: =SUMIF($W$5:$W$24,TRIM(AE6),$Z$5:$Z$24) -> 3 | AF7: =SUMIF($W$5:$W$24,TRIM(AF6),$Z$5:$Z$24) -> 0 | AG7: =SUMIF($W$5:$W$24,TRIM(AG6),$Z$5:$Z$24) -> 5 | AH7: =SUMIF($W$5:$W$24,TRIM(AH6),$Z$5:$Z$24) -> 0 | AI7: =SUMIF($W$5:$W$24,TRIM(AI6),$Z$5:$Z$24) -> 1 | AJ7: =SUMIF($W$5:$W$24,TRIM(AJ6),$Z$5:$Z$24) -> 0
D8: 4 | E8: 川燙油菜 | F8: =IFERROR(Q8*G8,"-") -> 2162.16 | G8: 140.4 | H8: 350.7 | I8: 355 | J8: =IFERROR(I8/H8,"-") -> 1.0122612 | K8: 370.3 | L8: =IFERROR(K8/H8,"-") -> 1.0558882 | M8: 12.2 | N8: =IFERROR(M8/H8,"-") -> 0.034787568 | O8: =IFERROR(K8+M8,"-") -> 382.5 | P8: =IFERROR(O8/H8,"-") -> 1.0906758 | Q8: 15.4 | R8: =IFERROR(Q8/H8,"-") -> 0.043912176 | S8: =IFERROR(O8-H8,"-") -> 31.8 | T8: =IFERROR(S8/H8,"-") -> 0.090675791 | U8: =IFERROR(S8*G8,"-") -> 4464.72 | V8: 包裝 | W8: 取樣不穩 | X8: 超用 | Y8: 加強教育訓練，抓樣範圍95%~100% | Z8: 1 | AA8: 府城鹽水意麵 | AC8: 金額 | AD8: =SUMIF($W5:$W$24,TRIM(AD6),$F$5:$F$24) -> 20487.88 | AE8: =SUMIF($W5:$W$24,TRIM(AE6),$F$5:$F$24) -> 3164.98 | AF8: =SUMIF($W5:$W$24,TRIM(AF6),$F$5:$F$24) -> 0 | AG8: =SUMIF($W5:$W$24,TRIM(AG6),$F$5:$F$24) -> 4295 | AH8: =SUMIF($W5:$W$24,TRIM(AH6),$F$5:$F$24) -> 0 | AI8: =SUMIF($W5:$W$24,TRIM(AI6),$F$5:$F$24) -> 550.8 | AJ8: =SUMIF($W5:$W$24,TRIM(AJ6),$F$5:$F$24) -> 0
D9: 5 | E9: 奶香白醬 | F9: =IFERROR(Q9*G9,"-") -> 2080.25 | G9: 132.5 | H9: 2927.2 | I9: 2784 | J9: =IFERROR(I9/H9,"-") -> 0.95107953 | K9: 2946.1 | L9: =IFERROR(K9/H9,"-") -> 1.0064567 | M9: 0 | N9: =IFERROR(M9/H9,"-") -> 0 | O9: =IFERROR(K9+M9,"-") -> 2946.1 | P9: =IFERROR(O9/H9,"-") -> 1.0064567 | Q9: 15.7 | R9: =IFERROR(Q9/H9,"-") -> 0.0053634873 | S9: =IFERROR(O9-H9,"-") -> 18.9 | T9: =IFERROR(S9/H9,"-") -> 0.0064566822 | U9: =IFERROR(S9*G9,"-") -> 2504.25 | V9: 調理 | W9: 調理多產 | X9: 正常製成率範圍 | Z9: 1 | AA9: 奶油培根義大利麵 | AC9: 百分比 | AD9: =AD7/$AC7 -> 0.55 | AE9: =AE7/$AC7 -> 0.15 | AF9: =AF7/$AC7 -> 0 | AG9: =AG7/$AC7 -> 0.25 | AH9: =AH7/$AC7 -> 0 | AI9: =AI7/$AC7 -> 0.05 | AJ9: =AJ7/$AC7 -> 0
D10: 6 | E10: (V)炒切片杏鮑菇(115年) | F10: =IFERROR(Q10*G10,"-") -> 1994.56 | G10: 216.8 | H10: 299.3 | I10: 310.8 | J10: =IFERROR(I10/H10,"-") -> 1.038423 | K10: 313.8 | L10: =IFERROR(K10/H10,"-") -> 1.0484464 | M10: 0 | N10: =IFERROR(M10/H10,"-") -> 0 | O10: =IFERROR(K10+M10,"-") -> 313.8 | P10: =IFERROR(O10/H10,"-") -> 1.0484464 | Q10: 9.2 | R10: =IFERROR(Q10/H10,"-") -> 0.03073839 | S10: =IFERROR(O10-H10,"-") -> 14.5 | T10: =IFERROR(S10/H10,"-") -> 0.048446375 | U10: =IFERROR(S10*G10,"-") -> 3143.6 | V10: 生管預估 | W10: 展開量高於需求量 | X10: 預估量大於訂單量 | Y10: 除中式麵外，A級3i依預估90%配料，其餘品項拉低預估量 | Z10: 1 | AA10: (奶)黑松露野菇義大利麵
D11: 7 | E11: 義麵-蘑菇洋蔥肉醬 | F11: =IFERROR(Q11*G11,"-") -> 1763.46 | G11: 90.9 | H11: 1529.7 | I11: 1580 | J11: =IFERROR(I11/H11,"-") -> 1.0328823 | K11: 1582.5 | L11: =IFERROR(K11/H11,"-") -> 1.0345166 | M11: 0 | N11: =IFERROR(M11/H11,"-") -> 0 | O11: =IFERROR(K11+M11,"-") -> 1582.5 | P11: =IFERROR(O11/H11,"-") -> 1.0345166 | Q11: 19.4 | R11: =IFERROR(Q11/H11,"-") -> 0.012682225 | S11: =IFERROR(O11-H11,"-") -> 52.8 | T11: =IFERROR(S11/H11,"-") -> 0.034516572 | U11: =IFERROR(S11*G11,"-") -> 4799.52 | V11: 生管預估 | W11: 展開量高於需求量 | X11: 預估量大於訂單量 | Y11: 除中式麵外，A級3i依預估90%配料，其餘品項拉低預估量 | Z11: 1 | AA11: 蕃茄蘑菇義大利麵 | AD11: 調理
D12: 8 | E12: (V)義麵-松露野菇白醬 | F12: =IFERROR(Q12*G12,"-") -> 1678.32 | G12: 56.7 | H12: 1645.9 | I12: 1709.5 | J12: =IFERROR(I12/H12,"-") -> 1.0386415 | K12: 1702.8 | L12: =IFERROR(K12/H12,"-") -> 1.0345708 | M12: 0 | N12: =IFERROR(M12/H12,"-") -> 0 | O12: =IFERROR(K12+M12,"-") -> 1702.8 | P12: =IFERROR(O12/H12,"-") -> 1.0345708 | Q12: 29.6 | R12: =IFERROR(Q12/H12,"-") -> 0.017984082 | S12: =IFERROR(O12-H12,"-") -> 56.9 | T12: =IFERROR(S12/H12,"-") -> 0.034570752 | U12: =IFERROR(S12*G12,"-") -> 3226.23 | V12: 生管預估 | W12: 展開量高於需求量 | X12: 預估量大於訂單量 | Y12: 除中式麵外，A級3i依預估90%配料，其餘品項拉低預估量 | Z12: 1 | AA12: (奶)黑松露野菇義大利麵 | AD12: 包裝
D13: 9 | E13: (V)炒洋菇片 | F13: =IFERROR(Q13*G13,"-") -> 1566.92 | G13: 182.2 | H13: 299.3 | I13: 310.8 | J13: =IFERROR(I13/H13,"-") -> 1.038423 | K13: 311.4 | L13: =IFERROR(K13/H13,"-") -> 1.0404277 | M13: 0 | N13: =IFERROR(M13/H13,"-") -> 0 | O13: =IFERROR(K13+M13,"-") -> 311.4 | P13: =IFERROR(O13/H13,"-") -> 1.0404277 | Q13: 8.6 | R13: =IFERROR(Q13/H13,"-") -> 0.028733712 | S13: =IFERROR(O13-H13,"-") -> 12.1 | T13: =IFERROR(S13/H13,"-") -> 0.040427665 | U13: =IFERROR(S13*G13,"-") -> 2204.62 | V13: 生管預估 | W13: 展開量高於需求量 | X13: 預估量大於訂單量 | Y13: 除中式麵外，A級3i依預估90%配料，其餘品項拉低預估量 | Z13: 1 | AA13: (奶)黑松露野菇義大利麵 | AD13: 研發
D14: 10 | E14: (V)義麵-金沙奶醬(115年) | F14: =IFERROR(Q14*G14,"-") -> 1338.12 | G14: 82.6 | H14: 949.6 | I14: 1000.2 | J14: =IFERROR(I14/H14,"-") -> 1.0532856 | K14: 976.3 | L14: =IFERROR(K14/H14,"-") -> 1.0281171 | M14: 0 | N14: =IFERROR(M14/H14,"-") -> 0 | O14: =IFERROR(K14+M14,"-") -> 976.3 | P14: =IFERROR(O14/H14,"-") -> 1.0281171 | Q14: 16.2 | R14: =IFERROR(Q14/H14,"-") -> 0.017059815 | S14: =IFERROR(O14-H14,"-") -> 26.7 | T14: =IFERROR(S14/H14,"-") -> 0.028117102 | U14: =IFERROR(S14*G14,"-") -> 2205.42 | V14: 生管預估 | W14: 展開量高於需求量 | X14: 預估量大於訂單量 | Y14: 除中式麵外，A級3i依預估90%配料，其餘品項拉低預估量 | Z14: 1 | AA14: 金沙豆腐義大利麵 | AD14: 生管預估
D15: 11 | E15: 義麵-培根起司奶醬 | F15: =IFERROR(Q15*G15,"-") -> 828.8 | G15: 103.6 | H15: 825 | I15: 851.5 | J15: =IFERROR(I15/H15,"-") -> 1.0321212 | K15: 838.5 | L15: =IFERROR(K15/H15,"-") -> 1.0163636 | M15: 0 | N15: =IFERROR(M15/H15,"-") -> 0 | O15: =IFERROR(K15+M15,"-") -> 838.5 | P15: =IFERROR(O15/H15,"-") -> 1.0163636 | Q15: 8 | R15: =IFERROR(Q15/H15,"-") -> 0.0096969697 | S15: =IFERROR(O15-H15,"-") -> 13.5 | T15: =IFERROR(S15/H15,"-") -> 0.016363636 | U15: =IFERROR(S15*G15,"-") -> 1398.6 | V15: 生管預估 | W15: 展開量高於需求量 | X15: 預估量大於訂單量 | Y15: 除中式麵外，A級3i依預估90%配料，其餘品項拉低預估量 | Z15: 1 | AA15: 羅馬黑胡椒起司義大利麵 | AD15: 原物料
D16: 12 | E16: 川燙-切紅黃甜椒絲 | F16: =IFERROR(Q16*G16,"-") -> 771.68 | G16: 296.8 | H16: 76.3 | I16: 79 | J16: =IFERROR(I16/H16,"-") -> 1.0353866 | K16: 80 | L16: =IFERROR(K16/H16,"-") -> 1.0484928 | M16: 1.9 | N16: =IFERROR(M16/H16,"-") -> 0.024901704 | O16: =IFERROR(K16+M16,"-") -> 81.9 | P16: =IFERROR(O16/H16,"-") -> 1.0733945 | Q16: 2.6 | R16: =IFERROR(Q16/H16,"-") -> 0.034076016 | S16: =IFERROR(O16-H16,"-") -> 5.6 | T16: =IFERROR(S16/H16,"-") -> 0.073394495 | U16: =IFERROR(S16*G16,"-") -> 1662.08 | V16: 包裝 | W16: 取樣不穩 | X16: 超用 | Y16: 加強教育訓練，抓樣範圍95%~100% | Z16: 1 | AA16: 蕃茄莎莎海鮮冷義大利麵
D17: 13 | E17: 川燙油菜 | F17: =IFERROR(Q17*G17,"-") -> 607.23 | G17: 155.7 | H17: 257 | I17: 252 | J17: =IFERROR(I17/H17,"-") -> 0.98054475 | K17: 260.9 | L17: =IFERROR(K17/H17,"-") -> 1.0151751 | M17: 0 | N17: =IFERROR(M17/H17,"-") -> 0 | O17: =IFERROR(K17+M17,"-") -> 260.9 | P17: =IFERROR(O17/H17,"-") -> 1.0151751 | Q17: 3.9 | R17: =IFERROR(Q17/H17,"-") -> 0.015175097 | S17: =IFERROR(O17-H17,"-") -> 3.9 | T17: =IFERROR(S17/H17,"-") -> 0.015175097 | U17: =IFERROR(S17*G17,"-") -> 607.23 | V17: 調理 | W17: 調理多產 | X17: 正常製成率範圍 | Z17: 1 | AA17: 青花椒麻雞肉拌麵
D18: 14 | E18: 炒高麗菜紅蘿蔔絲 | F18: =IFERROR(Q18*G18,"-") -> 560.56 | G18: 100.1 | H18: 366.2 | I18: 348 | J18: =IFERROR(I18/H18,"-") -> 0.95030038 | K18: 370.5 | L18: =IFERROR(K18/H18,"-") -> 1.0117422 | M18: 7.2 | N18: =IFERROR(M18/H18,"-") -> 0.019661387 | O18: =IFERROR(K18+M18,"-") -> 377.7 | P18: =IFERROR(O18/H18,"-") -> 1.0314036 | Q18: 5.6 | R18: =IFERROR(Q18/H18,"-") -> 0.01529219 | S18: =IFERROR(O18-H18,"-") -> 11.5 | T18: =IFERROR(S18/H18,"-") -> 0.031403605 | U18: =IFERROR(S18*G18,"-") -> 1151.15 | V18: 包裝 | W18: 取樣不穩 | X18: 超用 | Y18: 加強教育訓練，抓樣範圍95%~100% | Z18: 1 | AA18: 沙茶豬肉炒麵
D19: 15 | E19: 蒸4切濾黃金豆腐 | F19: =IFERROR(Q19*G19,"-") -> 550.8 | G19: 1.8 | H19: 35073 | I19: 35500 | J19: =IFERROR(I19/H19,"-") -> 1.0121746 | K19: 35418 | L19: =IFERROR(K19/H19,"-") -> 1.0098366 | M19: 0 | N19: =IFERROR(M19/H19,"-") -> 0 | O19: =IFERROR(K19+M19,"-") -> 35418 | P19: =IFERROR(O19/H19,"-") -> 1.0098366 | Q19: 306 | R19: =IFERROR(Q19/H19,"-") -> 0.00872466 | S19: =IFERROR(O19-H19,"-") -> 345 | T19: =IFERROR(S19/H19,"-") -> 0.0098366265 | U19: =IFERROR(S19*G19,"-") -> 621 | V19: 研發 | W19: 研發設定 | X19: 1盒4切尾數報廢 | Z19: 1 | AA19: 府城鹽水意麵
D20: 16 | E20: 蒸-花蛤肉 | F20: =IFERROR(Q20*G20,"-") -> 531 | G20: 590 | H20: 657.6 | I20: 624 | J20: =IFERROR(I20/H20,"-") -> 0.94890511 | K20: 659.3 | L20: =IFERROR(K20/H20,"-") -> 1.0025852 | M20: 10.5 | N20: =IFERROR(M20/H20,"-") -> 0.015967153 | O20: =IFERROR(K20+M20,"-") -> 669.8 | P20: =IFERROR(O20/H20,"-") -> 1.0185523 | Q20: 0.9 | R20: =IFERROR(Q20/H20,"-") -> 0.0013686131 | S20: =IFERROR(O20-H20,"-") -> 12.2 | T20: =IFERROR(S20/H20,"-") -> 0.018552311 | U20: =IFERROR(S20*G20,"-") -> 7198 | V20: 包裝 | W20: 取樣不穩 | X20: 超用 | Y20: 加強教育訓練，抓樣範圍95%~100% | Z20: 1 | AA20: 青醬蛤蜊義大利麵
D21: 17 | E21: 奶香白醬 | F21: =IFERROR(Q21*G21,"-") -> 477.5 | G21: 95.5 | H21: 805.8 | I21: 759 | J21: =IFERROR(I21/H21,"-") -> 0.94192107 | K21: 810.5 | L21: =IFERROR(K21/H21,"-") -> 1.0058327 | M21: 0 | N21: =IFERROR(M21/H21,"-") -> 0 | O21: =IFERROR(K21+M21,"-") -> 810.5 | P21: =IFERROR(O21/H21,"-") -> 1.0058327 | Q21: 5 | R21: =IFERROR(Q21/H21,"-") -> 0.0062050137 | S21: =IFERROR(O21-H21,"-") -> 4.7 | T21: =IFERROR(S21/H21,"-") -> 0.0058327128 | U21: =IFERROR(S21*G21,"-") -> 448.85 | V21: 調理 | W21: 調理多產 | X21: 正常製成率範圍 | Z21: 1 | AA21: 香煎魚排佐檸檬奶油義大利麵
D22: 18 | E22: (V)炒-切香菇片 | F22: =IFERROR(Q22*G22,"-") -> 446.4 | G22: 248 | H22: 104.7 | I22: 108.8 | J22: =IFERROR(I22/H22,"-") -> 1.0391595 | K22: 107.8 | L22: =IFERROR(K22/H22,"-") -> 1.0296084 | M22: 0 | N22: =IFERROR(M22/H22,"-") -> 0 | O22: =IFERROR(K22+M22,"-") -> 107.8 | P22: =IFERROR(O22/H22,"-") -> 1.0296084 | Q22: 1.8 | R22: =IFERROR(Q22/H22,"-") -> 0.017191977 | S22: =IFERROR(O22-H22,"-") -> 3.1 | T22: =IFERROR(S22/H22,"-") -> 0.029608405 | U22: =IFERROR(S22*G22,"-") -> 768.8 | V22: 生管預估 | W22: 展開量高於需求量 | X22: 預估量大於訂單量 | Y22: 除中式麵外，A級3i依預估90%配料，其餘品項拉低預估量 | Z22: 1 | AA22: (奶)黑松露野菇義大利麵
D23: 19 | E23: 川燙紅甜椒丁 | F23: =IFERROR(Q23*G23,"-") -> 415.68 | G23: 259.8 | H23: 44.9 | I23: 46.6 | J23: =IFERROR(I23/H23,"-") -> 1.0378619 | K23: 46.4 | L23: =IFERROR(K23/H23,"-") -> 1.0334076 | M23: 0 | N23: =IFERROR(M23/H23,"-") -> 0 | O23: =IFERROR(K23+M23,"-") -> 46.4 | P23: =IFERROR(O23/H23,"-") -> 1.0334076 | Q23: 1.6 | R23: =IFERROR(Q23/H23,"-") -> 0.035634744 | S23: =IFERROR(O23-H23,"-") -> 1.5 | T23: =IFERROR(S23/H23,"-") -> 0.033407572 | U23: =IFERROR(S23*G23,"-") -> 389.7 | V23: 生管預估 | W23: 展開量高於需求量 | X23: 預估量大於訂單量 | Y23: 除中式麵外，A級3i依預估90%配料，其餘品項拉低預估量 | Z23: 1 | AA23: (奶)黑松露野菇義大利麵
D24: 20 | E24: 解凍-辛子明太子醬 | F24: =IFERROR(Q24*G24,"-") -> 269.6 | G24: 674 | H24: 20.8 | I24: 19.5 | J24: =IFERROR(I24/H24,"-") -> 0.9375 | K24: 19.4 | L24: =IFERROR(K24/H24,"-") -> 0.93269231 | M24: 1.9 | N24: =IFERROR(M24/H24,"-") -> 0.091346154 | O24: =IFERROR(K24+M24,"-") -> 21.3 | P24: =IFERROR(O24/H24,"-") -> 1.0240385 | Q24: 0.4 | R24: =IFERROR(Q24/H24,"-") -> 0.019230769 | S24: =IFERROR(O24-H24,"-") -> 0.5 | T24: =IFERROR(S24/H24,"-") -> 0.024038462 | U24: =IFERROR(S24*G24,"-") -> 337 | V24: 包裝 | W24: 取樣不穩 | X24: 超用 | Y24: 加強教育訓練，抓樣範圍95%~100% | Z24: 1 | AA24: 奶油鮮蝦明太子細扁麵

Sheet 超用－原因別分析 (週) 
B2: 超用前二十名紀錄表
B3: 月別 | D3: 排序 | E3: 半成品名稱 | F3: 超用金額 (元) | G3: 半成品單價 (元/kg) | H3: 訂單需求 (kg/個) | I3: 生管展開 | K3: 生產實際產出 | M3: 生產補單 | O3: 總產出 | Q3: 報廢 | T3: 超用 | V3: 類別 | W3: 分析原因 | X3: 原因說明 | Y3: 後續對策 | Z3: 次數 | AA3: 備註-商品名稱 | AC3: 分析原因（件）
I4: kg/個 | J4: % | K4: kg/個 | L4: % | M4: kg/個 | N4: % | O4: kg/個 | P4: % | Q4: kg/個 | R4: % | S4: 元 | T4: kg/個 | U4: %
B5: 0818-0824 | D5: 1 | E5: 蒸-花蛤肉 | F5: =IFERROR(T5*G5,"-") -> 7198 | G5: 590 | H5: 657.6 | I5: 624 | J5: =IFERROR(I5/H5,"-") -> 0.94890511 | K5: 659.3 | L5: =IFERROR(K5/H5,"-") -> 1.0025852 | M5: 10.5 | N5: =IFERROR(M5/H5,"-") -> 0.015967153 | O5: =IFERROR(K5+M5,"-") -> 669.8 | P5: =IFERROR(O5/H5,"-") -> 1.0185523 | Q5: 0.9 | R5: =IFERROR(Q5/H5,"-") -> 0.0013686131 | S5: =IFERROR(Q5*G5,"-") -> 531 | T5: =IFERROR(O5-H5,"-") -> 12.2 | U5: =IFERROR(T5/H5,"-") -> 0.018552311 | V5: 包裝 | W5: 取樣不穩 | X5: 超用 | Y5: 加強教育訓練，抓樣範圍95%~100% | Z5: 1 | AA5: 青醬蛤蜊義大利麵
D6: 2 | E6: 煮意麵肉燥 | F6: =IFERROR(T6*G6,"-") -> 5463.6 | G6: 125.6 | H6: 2455.1 | I6: 2485 | J6: =IFERROR(I6/H6,"-") -> 1.0121787 | K6: 2498.6 | L6: =IFERROR(K6/H6,"-") -> 1.0177182 | M6: 0 | N6: =IFERROR(M6/H6,"-") -> 0 | O6: =IFERROR(K6+M6,"-") -> 2498.6 | P6: =IFERROR(O6/H6,"-") -> 1.0177182 | Q6: 43.6 | R6: =IFERROR(Q6/H6,"-") -> 0.017758951 | S6: =IFERROR(Q6*G6,"-") -> 5476.16 | T6: =IFERROR(O6-H6,"-") -> 43.5 | U6: =IFERROR(T6/H6,"-") -> 0.017718219 | V6: 生管預估 | W6: 展開量高於需求量 | X6: 展開量高於需求量 | Y6: 除中式麵外，A級3i依預估90%配料，其餘品項拉低預估量 | Z6: 1 | AA6: 府城鹽水意麵 | AC6: 總件數 | AD6: 展開量高於需求量 | AE6: 調理多產 | AF6: 製程不穩 | AG6: 取樣不穩 | AH6: 原物料規格 | AI6: 研發設定 | AJ6: 其他原因
D7: 3 | E7: 義麵-蘑菇洋蔥肉醬 | F7: =IFERROR(T7*G7,"-") -> 4799.52 | G7: 90.9 | H7: 1529.7 | I7: 1580 | J7: =IFERROR(I7/H7,"-") -> 1.0328823 | K7: 1582.5 | L7: =IFERROR(K7/H7,"-") -> 1.0345166 | M7: 0 | N7: =IFERROR(M7/H7,"-") -> 0 | O7: =IFERROR(K7+M7,"-") -> 1582.5 | P7: =IFERROR(O7/H7,"-") -> 1.0345166 | Q7: 19.4 | R7: =IFERROR(Q7/H7,"-") -> 0.012682225 | S7: =IFERROR(Q7*G7,"-") -> 1763.46 | T7: =IFERROR(O7-H7,"-") -> 52.8 | U7: =IFERROR(T7/H7,"-") -> 0.034516572 | V7: 生管預估 | W7: 展開量高於需求量 | X7: 展開量高於需求量 | Y7: 除中式麵外，A級3i依預估90%配料，其餘品項拉低預估量 | Z7: 1 | AA7: 蕃茄蘑菇義大利麵 | AC7: =SUM(Z5:Z24) -> 20 | AD7: =SUMIF($W$5:$W$24,TRIM(AD6),$Z$5:$Z$24) -> 13 | AE7: =SUMIF($W$5:$W$24,TRIM(AE6),$Z$5:$Z$24) -> 1 | AF7: =SUMIF($W$5:$W$24,TRIM(AF6),$Z$5:$Z$24) -> 0 | AG7: =SUMIF($W$5:$W$24,TRIM(AG6),$Z$5:$Z$24) -> 5 | AH7: =SUMIF($W$5:$W$24,TRIM(AH6),$Z$5:$Z$24) -> 0 | AI7: =SUMIF($W$5:$W$24,TRIM(AI6),$Z$5:$Z$24) -> 1 | AJ7: =SUMIF($W$5:$W$24,TRIM(AJ6),$Z$5:$Z$24) -> 0
D8: 4 | E8: 川燙油菜 | F8: =IFERROR(T8*G8,"-") -> 4464.72 | G8: 140.4 | H8: 350.7 | I8: 355 | J8: =IFERROR(I8/H8,"-") -> 1.0122612 | K8: 370.3 | L8: =IFERROR(K8/H8,"-") -> 1.0558882 | M8: 12.2 | N8: =IFERROR(M8/H8,"-") -> 0.034787568 | O8: =IFERROR(K8+M8,"-") -> 382.5 | P8: =IFERROR(O8/H8,"-") -> 1.0906758 | Q8: 15.4 | R8: =IFERROR(Q8/H8,"-") -> 0.043912176 | S8: =IFERROR(Q8*G8,"-") -> 2162.16 | T8: =IFERROR(O8-H8,"-") -> 31.8 | U8: =IFERROR(T8/H8,"-") -> 0.090675791 | V8: 包裝 | W8: 取樣不穩 | X8: 超用 | Y8: 加強教育訓練，抓樣範圍95%~100% | Z8: 1 | AA8: 府城鹽水意麵 | AC8: 金額 | AD8: =SUMIF($W5:$W$24,TRIM(AD6),$F$5:$F$24) -> 29279.38 | AE8: =SUMIF($W5:$W$24,TRIM(AE6),$F$5:$F$24) -> 2504.25 | AF8: =SUMIF($W5:$W$24,TRIM(AF6),$F$5:$F$24) -> 0 | AG8: =SUMIF($W5:$W$24,TRIM(AG6),$F$5:$F$24) -> 15839.4 | AH8: =SUMIF($W5:$W$24,TRIM(AH6),$F$5:$F$24) -> 0 | AI8: =SUMIF($W5:$W$24,TRIM(AI6),$F$5:$F$24) -> 2204.22 | AJ8: =SUMIF($W5:$W$24,TRIM(AJ6),$F$5:$F$24) -> 0
D9: 5 | E9: (V)義麵-松露野菇白醬 | F9: =IFERROR(T9*G9,"-") -> 3226.23 | G9: 56.7 | H9: 1645.9 | I9: 1709.5 | J9: =IFERROR(I9/H9,"-") -> 1.0386415 | K9: 1702.8 | L9: =IFERROR(K9/H9,"-") -> 1.0345708 | M9: 0 | N9: =IFERROR(M9/H9,"-") -> 0 | O9: =IFERROR(K9+M9,"-") -> 1702.8 | P9: =IFERROR(O9/H9,"-") -> 1.0345708 | Q9: 29.6 | R9: =IFERROR(Q9/H9,"-") -> 0.017984082 | S9: =IFERROR(Q9*G9,"-") -> 1678.32 | T9: =IFERROR(O9-H9,"-") -> 56.9 | U9: =IFERROR(T9/H9,"-") -> 0.034570752 | V9: 生管預估 | W9: 展開量高於需求量 | X9: 展開量高於需求量 | Y9: 除中式麵外，A級3i依預估90%配料，其餘品項拉低預估量 | Z9: 1 | AA9: (奶)黑松露野菇義大利麵 | AC9: 百分比 | AD9: =AD7/$AC7 -> 0.65 | AE9: =AE7/$AC7 -> 0.05 | AF9: =AF7/$AC7 -> 0 | AG9: =AG7/$AC7 -> 0.25 | AH9: =AH7/$AC7 -> 0 | AI9: =AI7/$AC7 -> 0.05 | AJ9: =AJ7/$AC7 -> 0
D10: 6 | E10: (V)炒切片杏鮑菇(115年) | F10: =IFERROR(T10*G10,"-") -> 3143.6 | G10: 216.8 | H10: 299.3 | I10: 310.8 | J10: =IFERROR(I10/H10,"-") -> 1.038423 | K10: 313.8 | L10: =IFERROR(K10/H10,"-") -> 1.0484464 | M10: 0 | N10: =IFERROR(M10/H10,"-") -> 0 | O10: =IFERROR(K10+M10,"-") -> 313.8 | P10: =IFERROR(O10/H10,"-") -> 1.0484464 | Q10: 9.2 | R10: =IFERROR(Q10/H10,"-") -> 0.03073839 | S10: =IFERROR(Q10*G10,"-") -> 1994.56 | T10: =IFERROR(O10-H10,"-") -> 14.5 | U10: =IFERROR(T10/H10,"-") -> 0.048446375 | V10: 生管預估 | W10: 展開量高於需求量 | X10: 展開量高於需求量 | Y10: 除中式麵外，A級3i依預估90%配料，其餘品項拉低預估量 | Z10: 1 | AA10: (奶)黑松露野菇義大利麵
D11: 7 | E11: 煮青花椒湯凍(114年) | F11: =IFERROR(T11*G11,"-") -> 2608.2 | G11: 193.2 | H11: 1028.2 | I11: 1008 | J11: =IFERROR(I11/H11,"-") -> 0.98035402 | K11: 1041.7 | L11: =IFERROR(K11/H11,"-") -> 1.0131297 | M11: 0 | N11: =IFERROR(M11/H11,"-") -> 0 | O11: =IFERROR(K11+M11,"-") -> 1041.7 | P11: =IFERROR(O11/H11,"-") -> 1.0131297 | Q11: 13.4 | R11: =IFERROR(Q11/H11,"-") -> 0.013032484 | S11: =IFERROR(Q11*G11,"-") -> 2588.88 | T11: =IFERROR(O11-H11,"-") -> 13.5 | U11: =IFERROR(T11/H11,"-") -> 0.013129741 | V11: 生管預估 | W11: 展開量高於需求量 | X11: 展開量高於需求量 | Y11: 除中式麵外，A級3i依預估90%配料，其餘品項拉低預估量 | Z11: 1 | AA11: 青花椒麻雞肉拌麵
D12: 8 | E12: 奶香白醬 | F12: =IFERROR(T12*G12,"-") -> 2504.25 | G12: 132.5 | H12: 2927.2 | I12: 2784 | J12: =IFERROR(I12/H12,"-") -> 0.95107953 | K12: 2946.1 | L12: =IFERROR(K12/H12,"-") -> 1.0064567 | M12: 0 | N12: =IFERROR(M12/H12,"-") -> 0 | O12: =IFERROR(K12+M12,"-") -> 2946.1 | P12: =IFERROR(O12/H12,"-") -> 1.0064567 | Q12: 15.7 | R12: =IFERROR(Q12/H12,"-") -> 0.0053634873 | S12: =IFERROR(Q12*G12,"-") -> 2080.25 | T12: =IFERROR(O12-H12,"-") -> 18.9 | U12: =IFERROR(T12/H12,"-") -> 0.0064566822 | V12: 調理 | W12: 調理多產 | X12: 正常製成率範圍 | Z12: 1 | AA12: 奶油培根義大利麵 | AD12: 調理
D13: 9 | E13: 切蒸前腿肉 | F13: =IFERROR(T13*G13,"-") -> 2204.22 | G13: 432.2 | H13: 280.6 | I13: 284 | J13: =IFERROR(I13/H13,"-") -> 1.0121169 | K13: 282.8 | L13: =IFERROR(K13/H13,"-") -> 1.0078403 | M13: 2.9 | N13: =IFERROR(M13/H13,"-") -> 0.010334996 | O13: =IFERROR(K13+M13,"-") -> 285.7 | P13: =IFERROR(O13/H13,"-") -> 1.0181753 | Q13: 0.6 | R13: =IFERROR(Q13/H13,"-") -> 0.0021382751 | S13: =IFERROR(Q13*G13,"-") -> 259.32 | T13: =IFERROR(O13-H13,"-") -> 5.1 | U13: =IFERROR(T13/H13,"-") -> 0.018175339 | V13: 研發 | W13: 研發設定 | X13: 2片/8G以上 | Z13: 1 | AA13: 府城鹽水意麵 | AD13: 包裝
D14: 10 | E14: (V)炒洋菇片 | F14: =IFERROR(T14*G14,"-") -> 2204.62 | G14: 182.2 | H14: 299.3 | I14: 310.8 | J14: =IFERROR(I14/H14,"-") -> 1.038423 | K14: 311.4 | L14: =IFERROR(K14/H14,"-") -> 1.0404277 | M14: 0 | N14: =IFERROR(M14/H14,"-") -> 0 | O14: =IFERROR(K14+M14,"-") -> 311.4 | P14: =IFERROR(O14/H14,"-") -> 1.0404277 | Q14: 8.6 | R14: =IFERROR(Q14/H14,"-") -> 0.028733712 | S14: =IFERROR(Q14*G14,"-") -> 1566.92 | T14: =IFERROR(O14-H14,"-") -> 12.1 | U14: =IFERROR(T14/H14,"-") -> 0.040427665 | V14: 生管預估 | W14: 展開量高於需求量 | X14: 展開量高於需求量 | Y14: 除中式麵外，A級3i依預估90%配料，其餘品項拉低預估量 | Z14: 1 | AA14: (奶)黑松露野菇義大利麵 | AD14: 研發
D15: 11 | E15: (V)義麵-金沙奶醬(115年) | F15: =IFERROR(T15*G15,"-") -> 2205.42 | G15: 82.6 | H15: 949.6 | I15: 1000.2 | J15: =IFERROR(I15/H15,"-") -> 1.0532856 | K15: 976.3 | L15: =IFERROR(K15/H15,"-") -> 1.0281171 | M15: 0 | N15: =IFERROR(M15/H15,"-") -> 0 | O15: =IFERROR(K15+M15,"-") -> 976.3 | P15: =IFERROR(O15/H15,"-") -> 1.0281171 | Q15: 16.2 | R15: =IFERROR(Q15/H15,"-") -> 0.017059815 | S15: =IFERROR(Q15*G15,"-") -> 1338.12 | T15: =IFERROR(O15-H15,"-") -> 26.7 | U15: =IFERROR(T15/H15,"-") -> 0.028117102 | V15: 生管預估 | W15: 展開量高於需求量 | X15: 展開量高於需求量 | Y15: 除中式麵外，A級3i依預估90%配料，其餘品項拉低預估量 | Z15: 1 | AA15: 金沙豆腐義大利麵 | AD15: 生管預估
D16: 12 | E16: 蒸鹹蛋黃碎 | F16: =IFERROR(T16*G16,"-") -> 1726.53 | G16: 1328.1 | H16: 28.5 | I16: 30 | J16: =IFERROR(I16/H16,"-") -> 1.0526316 | K16: 29.8 | L16: =IFERROR(K16/H16,"-") -> 1.045614 | M16: 0 | N16: =IFERROR(M16/H16,"-") -> 0 | O16: =IFERROR(K16+M16,"-") -> 29.8 | P16: =IFERROR(O16/H16,"-") -> 1.045614 | Q16: 1.8 | R16: =IFERROR(Q16/H16,"-") -> 0.063157895 | S16: =IFERROR(Q16*G16,"-") -> 2390.58 | T16: =IFERROR(O16-H16,"-") -> 1.3 | U16: =IFERROR(T16/H16,"-") -> 0.045614035 | V16: 生管預估 | W16: 展開量高於需求量 | X16: 展開量高於需求量 | Y16: 除中式麵外，A級3i依預估90%配料，其餘品項拉低預估量 | Z16: 1 | AA16: 金沙豆腐義大利麵 | AD16: 原物料
D17: 13 | E17: 川燙-切紅黃甜椒絲 | F17: =IFERROR(T17*G17,"-") -> 1662.08 | G17: 296.8 | H17: 76.3 | I17: 79 | J17: =IFERROR(I17/H17,"-") -> 1.0353866 | K17: 80 | L17: =IFERROR(K17/H17,"-") -> 1.0484928 | M17: 1.9 | N17: =IFERROR(M17/H17,"-") -> 0.024901704 | O17: =IFERROR(K17+M17,"-") -> 81.9 | P17: =IFERROR(O17/H17,"-") -> 1.0733945 | Q17: 2.6 | R17: =IFERROR(Q17/H17,"-") -> 0.034076016 | S17: =IFERROR(Q17*G17,"-") -> 771.68 | T17: =IFERROR(O17-H17,"-") -> 5.6 | U17: =IFERROR(T17/H17,"-") -> 0.073394495 | V17: 包裝 | W17: 取樣不穩 | X17: 超用 | Y17: 加強教育訓練，抓樣範圍95%~100% | Z17: 1 | AA17: 蕃茄莎莎海鮮冷義大利麵
D18: 14 | E18: 義麵-培根起司奶醬 | F18: =IFERROR(T18*G18,"-") -> 1398.6 | G18: 103.6 | H18: 825 | I18: 851.5 | J18: =IFERROR(I18/H18,"-") -> 1.0321212 | K18: 838.5 | L18: =IFERROR(K18/H18,"-") -> 1.0163636 | M18: 0 | N18: =IFERROR(M18/H18,"-") -> 0 | O18: =IFERROR(K18+M18,"-") -> 838.5 | P18: =IFERROR(O18/H18,"-") -> 1.0163636 | Q18: 8 | R18: =IFERROR(Q18/H18,"-") -> 0.0096969697 | S18: =IFERROR(Q18*G18,"-") -> 828.8 | T18: =IFERROR(O18-H18,"-") -> 13.5 | U18: =IFERROR(T18/H18,"-") -> 0.016363636 | V18: 包裝 | W18: 取樣不穩 | X18: 超用 | Y18: 加強教育訓練，抓樣範圍95%~100% | Z18: 1 | AA18: 羅馬黑胡椒起司義大利麵
D19: 15 | E19: 煙燻原味乾酪絲 | F19: =IFERROR(T19*G19,"-") -> 1116 | G19: 620 | H19: 34.4 | I19: 34.7 | J19: =IFERROR(I19/H19,"-") -> 1.0087209 | K19: 33.2 | L19: =IFERROR(K19/H19,"-") -> 0.96511628 | M19: 3 | N19: =IFERROR(M19/H19,"-") -> 0.087209302 | O19: =IFERROR(K19+M19,"-") -> 36.2 | P19: =IFERROR(O19/H19,"-") -> 1.0523256 | Q19: 0 | R19: =IFERROR(Q19/H19,"-") -> 0 | S19: =IFERROR(Q19*G19,"-") -> 0 | T19: =IFERROR(O19-H19,"-") -> 1.8 | U19: =IFERROR(T19/H19,"-") -> 0.052325581 | V19: 包裝 | W19: 取樣不穩 | X19: 超用 | Y19: 加強教育訓練，抓樣範圍95%~100% | Z19: 1 | AA19: 羅馬黑胡椒起司義大利麵
D20: 16 | E20: 炒高麗菜紅蘿蔔絲 | F20: =IFERROR(T20*G20,"-") -> 1151.15 | G20: 100.1 | H20: 366.2 | I20: 348 | J20: =IFERROR(I20/H20,"-") -> 0.95030038 | K20: 370.5 | L20: =IFERROR(K20/H20,"-") -> 1.0117422 | M20: 7.2 | N20: =IFERROR(M20/H20,"-") -> 0.019661387 | O20: =IFERROR(K20+M20,"-") -> 377.7 | P20: =IFERROR(O20/H20,"-") -> 1.0314036 | Q20: 5.6 | R20: =IFERROR(Q20/H20,"-") -> 0.01529219 | S20: =IFERROR(Q20*G20,"-") -> 560.56 | T20: =IFERROR(O20-H20,"-") -> 11.5 | U20: =IFERROR(T20/H20,"-") -> 0.031403605 | V20: 生管預估 | W20: 展開量高於需求量 | X20: 展開量高於需求量 | Y20: 除中式麵外，A級3i依預估90%配料，其餘品項拉低預估量 | Z20: 1 | AA20: 沙茶豬肉炒麵
D21: 17 | E21: 113年煮沙茶炒麵湯凍 | F21: =IFERROR(T21*G21,"-") -> 753.48 | G21: 82.8 | H21: 640.9 | I21: 609 | J21: =IFERROR(I21/H21,"-") -> 0.95022624 | K21: 650 | L21: =IFERROR(K21/H21,"-") -> 1.0141988 | M21: 0 | N21: =IFERROR(M21/H21,"-") -> 0 | O21: =IFERROR(K21+M21,"-") -> 650 | P21: =IFERROR(O21/H21,"-") -> 1.0141988 | Q21: 0 | R21: =IFERROR(Q21/H21,"-") -> 0 | S21: =IFERROR(Q21*G21,"-") -> 0 | T21: =IFERROR(O21-H21,"-") -> 9.1 | U21: =IFERROR(T21/H21,"-") -> 0.014198783 | V21: 生管預估 | W21: 展開量高於需求量 | X21: 展開量高於需求量 | Y21: 除中式麵外，A級3i依預估90%配料，其餘品項拉低預估量 | Z21: 1 | AA21: 沙茶豬肉炒麵
D22: 18 | E22: (V)炒-切香菇片 | F22: =IFERROR(T22*G22,"-") -> 768.8 | G22: 248 | H22: 104.7 | I22: 108.8 | J22: =IFERROR(I22/H22,"-") -> 1.0391595 | K22: 107.8 | L22: =IFERROR(K22/H22,"-") -> 1.0296084 | M22: 0 | N22: =IFERROR(M22/H22,"-") -> 0 | O22: =IFERROR(K22+M22,"-") -> 107.8 | P22: =IFERROR(O22/H22,"-") -> 1.0296084 | Q22: 1.8 | R22: =IFERROR(Q22/H22,"-") -> 0.017191977 | S22: =IFERROR(Q22*G22,"-") -> 446.4 | T22: =IFERROR(O22-H22,"-") -> 3.1 | U22: =IFERROR(T22/H22,"-") -> 0.029608405 | V22: 生管預估 | W22: 展開量高於需求量 | X22: 展開量高於需求量 | Y22: 除中式麵外，A級3i依預估90%配料，其餘品項拉低預估量 | Z22: 1 | AA22: (奶)黑松露野菇義大利麵
D23: 19 | E23: 蒸4切濾黃金豆腐 | F23: =IFERROR(T23*G23,"-") -> 621 | G23: 1.8 | H23: 35073 | I23: 35500 | J23: =IFERROR(I23/H23,"-") -> 1.0121746 | K23: 35418 | L23: =IFERROR(K23/H23,"-") -> 1.0098366 | M23: 0 | N23: =IFERROR(M23/H23,"-") -> 0 | O23: =IFERROR(K23+M23,"-") -> 35418 | P23: =IFERROR(O23/H23,"-") -> 1.0098366 | Q23: 306 | R23: =IFERROR(Q23/H23,"-") -> 0.00872466 | S23: =IFERROR(Q23*G23,"-") -> 550.8 | T23: =IFERROR(O23-H23,"-") -> 345 | U23: =IFERROR(T23/H23,"-") -> 0.0098366265 | V23: 生管預估 | W23: 展開量高於需求量 | X23: 展開量高於需求量 | Y23: 除中式麵外，A級3i依預估90%配料，其餘品項拉低預估量 | Z23: 1 | AA23: 府城鹽水意麵
D24: 20 | E24: 川燙油菜 | F24: =IFERROR(T24*G24,"-") -> 607.23 | G24: 155.7 | H24: 257 | I24: 252 | J24: =IFERROR(I24/H24,"-") -> 0.98054475 | K24: 260.9 | L24: =IFERROR(K24/H24,"-") -> 1.0151751 | M24: 0 | N24: =IFERROR(M24/H24,"-") -> 0 | O24: =IFERROR(K24+M24,"-") -> 260.9 | P24: =IFERROR(O24/H24,"-") -> 1.0151751 | Q24: 3.9 | R24: =IFERROR(Q24/H24,"-") -> 0.015175097 | S24: =IFERROR(Q24*G24,"-") -> 607.23 | T24: =IFERROR(O24-H24,"-") -> 3.9 | U24: =IFERROR(T24/H24,"-") -> 0.015175097 | V24: 生管預估 | W24: 展開量高於需求量 | X24: 展開量高於需求量 | Y24: 除中式麵外，A級3i依預估90%配料，其餘品項拉低預估量 | Z24: 1 | AA24: 青花椒麻雞肉拌麵

Sheet 日別報廢率總表 
A1: 長家廠半成品管理日別總表
A2: 日期 | B2: 營業額 | C2: 報廢額 | D2: 報廢率 KPI 0.25% | E2: 超用額 | F2: 超用率 | G2: 廢棄前10名 | I2: 超用前10名 | K2: 共用類廢棄 | M2: 週累積
G3: 金額總計 | H3: 構成比 | I3: 金額總計 | J3: 構成比 | K3: 金額總計 | L3: 構成比 KPI 15% | M3: 營業額 | N3: 週報廢 | O3: 週超用
A4: 46235 | B4: 2319312.8 | C4: 5672.4065 | D4: =C4/B4 -> 0.0024457273 | E4: 11238.423 | F4: =E4/B4 -> 0.004845583 | G4: 5672.4065 | H4: =G4/C4 -> 1 | I4: 11238.423 | J4: =I4/E4 -> 1 | K4: 0 | L4: =K4/C4 -> 0 | M4: =SUM(B4:B6) -> 8367994 | N4: =SUM(C4:C6) -> 28619.925 | O4: =SUM(E4:E6) -> 47524.494 | Q4: =N4/M4 -> 0.0034201656
A5: 46236 | B5: 3023076.5 | C5: 11116.712 | D5: =C5/B5 -> 0.0036772843 | E5: 17135.702 | F5: =E5/B5 -> 0.005668299 | G5: 11116.712 | H5: =G5/C5 -> 1 | I5: 17135.702 | J5: =I5/E5 -> 1 | K5: 0 | L5: =K5/C5 -> 0
A6: 46237 | B6: 3025604.7 | C6: 11830.807 | D6: =C6/B6 -> 0.003910229 | E6: 19150.369 | F6: =E6/B6 -> 0.0063294354 | G6: 11830.807 | H6: =G6/C6 -> 1 | I6: 19150.369 | J6: =I6/E6 -> 1 | K6: 0 | L6: =K6/C6 -> 0
A7: =A6+1 -> 46238 | B7: 2744836.5 | C7: 6332.167 | D7: =C7/B7 -> 0.0023069377 | E7: 10127.798 | F7: =E7/B7 -> 0.0036897637 | G7: 6332.167 | H7: =G7/C7 -> 1 | I7: 10127.798 | J7: =I7/E7 -> 1 | K7: 0 | L7: =K7/C7 -> 0 | M7: =SUM(B7:B13) -> 18008328 | N7: =SUM(C7:C13) -> 64979.759 | O7: =SUM(E7:E13) -> 94186.113
A8: =A7+1 -> 46239 | B8: 2568942.7 | C8: 10135.555 | D8: =C8/B8 -> 0.0039454187 | E8: 13843.393 | F8: =E8/B8 -> 0.0053887511 | G8: 10135.555 | H8: =G8/C8 -> 1 | I8: 13843.393 | J8: =I8/E8 -> 1 | K8: 0 | L8: =K8/C8 -> 0
A9: =A8+1 -> 46240 | B9: 2531185.4 | C9: 15750.049 | D9: =C9/B9 -> 0.0062224004 | E9: 28880.517 | F9: =E9/B9 -> 0.011409878 | G9: 15750.049 | H9: =G9/C9 -> 1 | I9: 28880.517 | J9: =I9/E9 -> 1 | K9: 0 | L9: =K9/C9 -> 0
A10: =A9+1 -> 46241 | B10: 1978394.4 | C10: 9181.72 | D10: =C10/B10 -> 0.0046409957 | E10: 10296.308 | F10: =E10/B10 -> 0.0052043756 | G10: 9181.72 | H10: =G10/C10 -> 1 | I10: 10296.308 | J10: =I10/E10 -> 1 | K10: 0 | L10: =K10/C10 -> 0
A11: =A10+1 -> 46242 | B11: 2143592.4 | C11: 8702.382 | D11: =C11/B11 -> 0.0040597186 | E11: 9058.6755 | F11: =E11/B11 -> 0.0042259318 | G11: 8702.382 | H11: =G11/C11 -> 1 | I11: 9058.6755 | J11: =I11/E11 -> 1 | K11: 0 | L11: =K11/C11 -> 0
A12: =A11+1 -> 46243 | B12: 3005927.6 | C12: 8084.513 | D12: =C12/B12 -> 0.0026895235 | E12: 12719.604 | F12: =E12/B12 -> 0.0042315069 | G12: 8084.513 | H12: =G12/C12 -> 1 | I12: 12719.604 | J12: =I12/E12 -> 1 | K12: 0 | L12: =K12/C12 -> 0
A13: =A12+1 -> 46244 | B13: 3035448.5 | C13: 6793.3735 | D13: =C13/B13 -> 0.0022380131 | E13: 9259.8184 | F13: =E13/B13 -> 0.0030505602 | G13: 6793.3735 | H13: =G13/C13 -> 1 | I13: 9259.8184 | J13: =I13/E13 -> 1 | K13: 0 | L13: =K13/C13 -> 0
A14: =A13+1 -> 46245 | B14: 2592647 | C14: 5944.906 | D14: =C14/B14 -> 0.0022929871 | E14: 10035.588 | F14: =E14/B14 -> 0.0038707885 | G14: 5944.906 | H14: =G14/C14 -> 1 | I14: 10035.588 | J14: =I14/E14 -> 1 | K14: 0 | L14: =K14/C14 -> 0 | M14: =SUM(B14:B20) -> 17686447 | N14: =SUM(C14:C20) -> 42531.464 | O14: =SUM(E14:E20) -> 56329.639
A15: =A14+1 -> 46246 | B15: 2595087 | C15: 6346.3565 | D15: =C15/B15 -> 0.0024455275 | E15: 7017.8116 | F15: =E15/B15 -> 0.0027042683 | G15: 6346.3565 | H15: =G15/C15 -> 1 | I15: 7017.8116 | J15: =I15/E15 -> 1 | K15: 0 | L15: =K15/C15 -> 0
A16: =A15+1 -> 46247 | B16: 2476906 | C16: 8907.7955 | D16: =C16/B16 -> 0.0035963397 | E16: 9899.5441 | F16: =E16/B16 -> 0.0039967379 | G16: 8907.7955 | H16: =G16/C16 -> 1 | I16: 9899.5441 | J16: =I16/E16 -> 1 | K16: 0 | L16: =K16/C16 -> 0
A17: =A16+1 -> 46248 | B17: 2004759 | C17: 5589.021 | D17: =C17/B17 -> 0.0027878767 | E17: 9794.7654 | F17: =E17/B17 -> 0.004885757 | G17: 5589.021 | H17: =G17/C17 -> 1 | I17: 9794.7654 | J17: =I17/E17 -> 1 | K17: 0 | L17: =K17/C17 -> 0
A18: =A17+1 -> 46249 | B18: 2180067 | C18: 3164.6545 | D18: =C18/B18 -> 0.0014516318 | E18: 4938.2895 | F18: =E18/B18 -> 0.0022652008 | G18: 3164.6545 | H18: =G18/C18 -> 1 | I18: 4938.2895 | J18: =I18/E18 -> 1 | K18: 0 | L18: =K18/C18 -> 0
A19: =A18+1 -> 46250 | B19: 2865626 | C19: 6622.0688 | D19: =C19/B19 -> 0.0023108629 | E19: 4323.8108 | F19: =E19/B19 -> 0.0015088539 | G19: 6622.0688 | H19: =G19/C19 -> 1 | I19: 4323.8108 | J19: =I19/E19 -> 1 | K19: 0 | L19: =K19/C19 -> 0
A20: =A19+1 -> 46251 | B20: 2971354.7 | C20: 5956.6615 | D20: =C20/B20 -> 0.0020046956 | E20: 10319.829 | F20: =E20/B20 -> 0.0034731058 | G20: 5956.6615 | H20: =G20/C20 -> 1 | I20: 10319.829 | J20: =I20/E20 -> 1 | K20: 0 | L20: =K20/C20 -> 0
A21: =A20+1 -> 46252 | B21: 2636829.4 | C21: 4796.389 | D21: =C21/B21 -> 0.0018189986 | E21: 5792.6833 | F21: =E21/B21 -> 0.0021968366 | G21: 4796.389 | H21: =G21/C21 -> 1 | I21: 5792.6833 | J21: =I21/E21 -> 1 | K21: 0 | L21: =K21/C21 -> 0 | M21: =SUM(B21:B27) -> 17043774 | N21: =SUM(C21:C27) -> 44408.088 | O21: =SUM(E21:E27) -> 54657.493
A22: =A21+1 -> 46253 | B22: 2408538.3 | C22: 9612.692 | D22: =C22/B22 -> 0.0039910896 | E22: 10919.867 | F22: =E22/B22 -> 0.0045338153 | G22: 9612.692 | H22: =G22/C22 -> 1 | I22: 10919.867 | J22: =I22/E22 -> 1 | K22: 0 | L22: =K22/C22 -> 0
A23: =A22+1 -> 46254 | B23: 2319925.4 | C23: 8531.6425 | D23: =C23/B23 -> 0.0036775503 | E23: 10935.031 | F23: =E23/B23 -> 0.0047135269 | G23: 8531.6425 | H23: =G23/C23 -> 1 | I23: 10935.031 | J23: =I23/E23 -> 1 | K23: 0 | L23: =K23/C23 -> 0
A24: =A23+1 -> 46255 | B24: 1831621.7 | C24: 5186.628 | D24: =C24/B24 -> 0.0028317136 | E24: 6301.0897 | F24: =E24/B24 -> 0.0034401699 | G24: 5186.628 | H24: =G24/C24 -> 1 | I24: 6301.0897 | J24: =I24/E24 -> 1 | K24: 0 | L24: =K24/C24 -> 0
A25: =A24+1 -> 46256 | B25: 2037135.9 | C25: 2562.75 | D25: =C25/B25 -> 0.0012580162 | E25: 3802.2207 | F25: =E25/B25 -> 0.0018664541 | G25: 2562.75 | H25: =G25/C25 -> 1 | I25: 3802.2207 | J25: =I25/E25 -> 1 | K25: 0 | L25: =K25/C25 -> 0
A26: =A25+1 -> 46257 | B26: 2878649.5 | C26: 6470.437 | D26: =C26/B26 -> 0.0022477336 | E26: 8429.6291 | F26: =E26/B26 -> 0.0029283278 | G26: 6470.437 | H26: =G26/C26 -> 1 | I26: 8429.6291 | J26: =I26/E26 -> 1 | K26: 0 | L26: =K26/C26 -> 0
A27: =A26+1 -> 46258 | B27: 2931073.8 | C27: 7247.5495 | D27: =C27/B27 -> 0.0024726602 | E27: 8476.9714 | F27: =E27/B27 -> 0.0028921044 | G27: 7248 | H27: =G27/C27 -> 1.0000622 | I27: 8476.9714 | J27: =I27/E27 -> 1 | K27: 0 | L27: =K27/C27 -> 0
A28: =A27+1 -> 46259 | D28: =C28/B28 -> #DIV/0! | F28: =E28/B28 -> #DIV/0! | H28: =G28/C28 -> #DIV/0! | J28: =I28/E28 -> #DIV/0! | K28: 0 | L28: =K28/C28 -> #DIV/0! | M28: =SUM(B28:B34) -> 0 | N28: =SUM(C28:C34) -> 0 | O28: =SUM(E28:E34) -> 0
A29: =A28+1 -> 46260 | D29: =C29/B29 -> #DIV/0! | F29: =E29/B29 -> #DIV/0! | H29: =G29/C29 -> #DIV/0! | J29: =I29/E29 -> #DIV/0! | K29: 0 | L29: =K29/C29 -> #DIV/0!
A30: =A29+1 -> 46261 | D30: =C30/B30 -> #DIV/0! | F30: =E30/B30 -> #DIV/0! | H30: =G30/C30 -> #DIV/0! | J30: =I30/E30 -> #DIV/0! | K30: 0 | L30: =K30/C30 -> #DIV/0!
A31: =A30+1 -> 46262 | D31: =C31/B31 -> #DIV/0! | F31: =E31/B31 -> #DIV/0! | H31: =G31/C31 -> #DIV/0! | J31: =I31/E31 -> #DIV/0! | K31: 0 | L31: =K31/C31 -> #DIV/0!
A32: =A31+1 -> 46263 | D32: =C32/B32 -> #DIV/0! | F32: =E32/B32 -> #DIV/0! | H32: =G32/C32 -> #DIV/0! | J32: =I32/E32 -> #DIV/0! | K32: 0 | L32: =K32/C32 -> #DIV/0!
A33: =A32+1 -> 46264 | D33: =C33/B33 -> #DIV/0! | F33: =E33/B33 -> #DIV/0! | H33: =G33/C33 -> #DIV/0! | J33: =I33/E33 -> #DIV/0! | K33: 0 | L33: =K33/C33 -> #DIV/0!
A34: =A33+1 -> 46265 | D34: =C34/B34 -> #DIV/0! | F34: =E34/B34 -> #DIV/0! | H34: =G34/C34 -> #DIV/0! | J34: =I34/E34 -> #DIV/0! | K34: 0 | L34: =K34/C34 -> #DIV/0!
A35: 平均 | B35: =AVERAGE(B4:B34) -> 2546105.9 | C35: =AVERAGE(C4:C34) -> 7522.4682 | D35: =C35/B35 -> 0.0029544993 | E35: =AVERAGE(E4:E34) -> 10529.072 | F35: =E35/B35 -> 0.0041353631 | G35: =AVERAGE(G4:G34) -> 7522.4869 | H35: =G35/C35 -> 1.0000025 | I35: =AVERAGE(I4:I34) -> 10529.072 | J35: =I35/E35 -> 1 | K35: =AVERAGE(K4:K34) -> 0 | L35: =K35/C35 -> 0
A36: 合計 | B36: =SUM(B4:B34) -> 61106542 | C36: =SUM(C4:C34) -> 180539.24 | D36: =C36/B36 -> 0.0029544993 | E36: =SUM(E4:E34) -> 252697.74 | F36: =E36/B36 -> 0.0041353631 | G36: =SUM(G4:G34) -> 180539.69 | H36: =G36/C36 -> 1.0000025 | I36: =SUM(I4:I34) -> 252697.74 | J36: =I36/E36 -> 1 | K36: =SUM(K4:K34) -> 0 | L36: =K36/C36 -> 0
A39: 46235 | B39: 2319312.8 | C39: 5672.4065 | D39: =C39/B39 -> 0.0024457273 | E39: 11238.423 | F39: =E39/B39 -> 0.004845583 | G39: 5672.4065 | H39: =G39/C39 -> 1 | I39: 11238.423 | J39: =I39/E39 -> 1 | K39: 0 | L39: 0
A40: 46236 | B40: 3023076.5 | C40: 11116.712 | D40: =C40/B40 -> 0.0036772843 | E40: 17135.702 | F40: =E40/B40 -> 0.005668299 | G40: 11116.712 | H40: =G40/C40 -> 1 | I40: 17135.702 | J40: =I40/E40 -> 1
A41: 46237 | B41: 3025604.7 | C41: 11830.807 | D41: =C41/B41 -> 0.003910229 | E41: 19150.369 | F41: =E41/B41 -> 0.0063294354 | G41: 11830.807 | H41: =G41/C41 -> 1 | I41: 19150.369 | J41: =I41/E41 -> 1

Sheet 填寫舉例
A2: 7 | B2: 月別 | C2: 工廠名 | D2: ・・・・・・・・
A4: （１）收支狀況 | E4: ※單位：千元 | G4: （２）ＫＰＩ達成進度 | M4: （３）業績構成比 | S4: （４）訂單數量構成比
B5: 當月 | C5: 前月 | D5: 差異 | E5: 累計 | H5: KPI | I5: 當月 | J5: 前月 | K5: 累計 | L5: ※補充 | N5: 當月 | O5: 比例 | P5: 前月 | Q5: 差異 | T5: 當月 | U5: 比例 | V5: 前月 | W5: 差異
A6: 業績金額 | B6: 500000 | C6: 510000 | D6: =B6-C6 -> -10000 | E6: =B6+C6 -> 1010000 | G6: 人時生產性1 | H6: 110 | I6: 100 | J6: 90 | L6: 個／MH | M6: 飯糰 | N6: 150000 | O6: =IFERROR(N6/$B$6,"") -> 0.3 | P6: 0.4 | Q6: =IFERROR(O6-P6,"") -> -0.1 | S6: 飯糰 | T6: 35000 | U6: =IFERROR(T6/$B$7,"") -> 0.35 | V6: 0.3 | W6: =IFERROR(U6-V6,"") -> 0.05
A7: 訂單數量 | B7: 100000 | C7: 110000 | D7: =B7-C7 -> -10000 | E7: =B7+C7 -> 210000 | G7: 人時生產性2 | H7: 0.8 | I7: 0.85 | J7: 0.81 | K7: 0.84 | L7: 達成率 | M7: 大口飯糰 | N7: 100000 | O7: =IFERROR(N7/$B$6,"") -> 0.2 | P7: 0.15 | Q7: =IFERROR(O7-P7,"") -> 0.05 | S7: 大口飯糰 | T7: 30000 | U7: =IFERROR(T7/$B$7,"") -> 0.3 | V7: 0.15 | W7: =IFERROR(U7-V7,"") -> 0.15
A8: 材料費 | B8: 250000 | C8: 260000 | D8: =B8-C8 -> -10000 | E8: =B8+C8 -> 510000 | G8: 半成品報廢 | H8: 0.0025 | I8: 0.0024 | J8: 0.0023 | K8: 0.00235 | L8: 報廢率 | M8: 便當 | N8: 160000 | O8: =IFERROR(N8/$B$6,"") -> 0.32 | P8: 0.28 | Q8: =IFERROR(O8-P8,"") -> 0.04 | S8: 便當 | T8: 20000 | U8: =IFERROR(T8/$B$7,"") -> 0.2 | V8: 0.28 | W8: =IFERROR(U8-V8,"") -> -0.08
A9: 材料費率 | B9: =B8/B6 -> 0.5 | C9: =C8/C6 -> 0.50980392 | D9: =B9-C9 -> -0.0098039216 | E9: =(B9+C9)/2 -> 0.50490196 | G9: 半成品超用 | H9: 0.006 | I9: 0.009 | J9: 0.0095 | K9: 0.0092 | L9: 超用率 | M9: 調理麵 | N9: 90000 | O9: =IFERROR(N9/$B$6,"") -> 0.18 | P9: 0.17 | Q9: =IFERROR(O9-P9,"") -> 0.01 | S9: 調理麵 | T9: 15000 | U9: =IFERROR(T9/$B$7,"") -> 0.15 | V9: 0.27 | W9: =IFERROR(U9-V9,"") -> -0.12
A10: 勞務成本 | B10: 100000 | C10: 105000 | D10: =B10-C10 -> -5000 | E10: =B10+C10 -> 205000 | G10: 固定產線 | H10: 0.95 | I10: 0.9 | J10: 0.92 | K10: 0.91 | L10: 導入率 | M10: 調理麵包 | N10: - | O10: =IFERROR(N10/$B$6,"") | P10: -% | Q10: =IFERROR(O10-P10,"") | S10: 調理麵包 | T10: - | U10: =IFERROR(T10/$B$7,"") | V10: -% | W10: =IFERROR(U10-V10,"")
A11: 勞務費率 | B11: =B10/B6 -> 0.2 | C11: =C10/C6 -> 0.20588235 | D11: =B11-C11 -> -0.0058823529 | E11: =(B11+C11)/2 -> 0.20294118 | G11: 教育訓練 | H11: 0.8 | I11: 0.85 | J11: 1 | K11: 0.92 | L11: 實施率 | M11: 袋裝調理麵包 | N11: - | O11: =IFERROR(N11/$B$6,"") | P11: -% | Q11: =IFERROR(O11-P11,"") | S11: 袋裝調理麵包 | T11: - | U11: =IFERROR(T11/$B$7,"") | V11: -% | W11: =IFERROR(U11-V11,"")
M12: 義大利麵 | N12: - | O12: =IFERROR(N12/$B$6,"") | P12: -% | Q12: =IFERROR(O12-P12,"") | S12: 義大利麵 | T12: - | U12: =IFERROR(T12/$B$7,"") | V12: -% | W12: =IFERROR(U12-V12,"")
A13: （５）品群別人時生產性 | M13: 調理包 | N13: - | O13: =IFERROR(N13/$B$6,"") | P13: -% | Q13: =IFERROR(O13-P13,"") | S13: 調理包 | T13: - | U13: =IFERROR(T13/$B$7,"") | V13: -% | W13: =IFERROR(U13-V13,"")
B14: 當月 | C14: 前月 | D14: 差異 | E14: 累計 | H14: 當月 | I14: 前月 | J14: 差異 | K14: 累計 | O14: =SUM(O6:O13) -> 1 | P14: =SUM(P6:P13) -> 1 | U14: =SUM(U6:U13) -> 1 | V14: =SUM(V6:V13) -> 1
A15: 飯糰 | B15: 600 | C15: 660 | D15: =B15-C15 -> -60 | E15: =(B15+C15)/2 -> 630 | G15: 調理麵包 | J15: =H15-I15 -> 0 | M15: （７）原因別分析
A16: 大口飯糰 | B16: 800 | C16: 780 | D16: =B16-C16 -> 20 | E16: =(B16+C16)/2 -> 790 | G16: 袋裝調理麵包 | J16: =H16-I16 -> 0 | N16: 合計 | P16: 作業原因 | R16: 規格原因
A17: 便當 | B17: 130 | C17: 111 | D17: =B17-C17 -> 19 | E17: =(B17+C17)/2 -> 120.5 | G17: 義大利麵 | J17: =H17-I17 -> 0 | N17: 金額 | O17: 比例 | P17: 金額 | Q17: 比例 | R17: 金額 | S17: 比例
A18: 調理麵 | B18: 140 | C18: 165 | D18: =B18-C18 -> -25 | E18: =(B18+C18)/2 -> 152.5 | G18: 調理包 | J18: =H18-I18 -> 0 | M18: 半成品報廢 | N18: 1200 | O18: =N18/$B$6 -> 0.0024 | P18: 900 | Q18: =IFERROR(P18/$B$6,"") -> 0.0018 | R18: 300 | S18: =IFERROR(R18/$B$6,"") -> 0.0006
M19: 半成品超用 | N19: 4500 | O19: =N19/$B$6 -> 0.009 | P19: 3500 | Q19: =IFERROR(P19/$B$6,"") -> 0.007 | R19: 1000 | S19: =IFERROR(R19/$B$6,"") -> 0.002
A20: （６）人時生產性前幾名品項
B21: 排名 | C21: 商品名 | F21: 人數 | G21: 產能 | H21: 人時生產性 | I21: 前月比 | J21: 主要原因&對策 | M21: （８）報廢原因別前幾名品項
A22: 飯糰 | B22: 1 | C22: 手巻明太子 | F22: 3 | G22: 3000 | H22: 1000 | I22: 10 | J22: 減少暫時停止生產,人時UP | M22: 半成品報廢 | N22: 排名 | O22: 商品名 | R22: 半成品名 | U22: 單價 | V22: 報廢率 | W22: 數量 | X22: 金額 | Y22: 前月比 | Z22: 主要原因&對策
B23: 2 | M23: 作業原因 | N23: 1 | O23: 明太子海苔便當 | R23: 油炸白身魚 | U23: 10 | V23: 0.15 | W23: 10 | X23: =W23*U23 -> 100 | Y23: 80 | Z23: 油調過多報廢。變更條件。
B24: 3 | N24: 2 | X24: =W24*U24 -> 0
B25: 4 | N25: 3 | X25: =W25*U25 -> 0
B26: 5 | N26: 4 | X26: =W26*U26 -> 0
B27: ▼1 | C27: 手巻卵黄雞絞肉 | F27: 4 | G27: 2800 | H27: 700 | I27: 6/30新商品 | J27: 因組裝2食材,人員增加,產速減少 | N27: 5 | X27: =W27*U27 -> 0
B28: ▼2 | U28: 前幾名合計比例 | V28: =X28/N18 -> 0.083333333 | W28: 前幾名合計金額 | X28: =SUM(X23:X27) -> 100
B29: ▼3 | M29: 規格原因 | N29: 1 | O29: 海老炒飯 | R29: 川燙蝦子拌醬 | U29: 5.55 | V29: 0.21 | W29: 50 | X29: =W29*U29 -> 277.5 | Y29: 35 | Z29: 蝦子入數不足
B30: ▼4 | N30: 2 | X30: =W30*U30 -> 0
B31: ▼5 | N31: 3 | X31: =W31*U31 -> 0
N32: 4 | X32: =W32*U32 -> 0
B33: 排名 | C33: 商品名 | F33: 人數 | G33: 產能 | H33: 人時生產性 | I33: 前月比 | J33: 主要原因&對策 | N33: 5 | X33: =W33*U33 -> 0
A34: 大口飯糰 | B34: 1 | C34: 直巻明太子美奶茲 | F34: 3 | G34: 2500 | H34: 833.33 | I34: 20 | J34: 透由調整速度提升。 | U34: 前幾名合計比例 | V34: =X34/N18 -> 0.23125 | W34: 前幾名合計金額 | X34: =SUM(X29:X33) -> 277.5
B35: 2
B36: 3 | M36: 半成品超用 | N36: 排名 | O36: 商品名 | R36: 半成品名 | U36: 單價 | V36: 報廢率 | W36: 數量 | X36: 金額 | Y36: 前月比 | Z36: 主要原因&對策
B37: 4 | M37: 作業原因 | N37: 1 | O37: 特製醬汁炙燒牛五花便當 | R37: 牛五花醬汁 | U37: 25 | V37: 0.25 | W37: 10 | X37: =W37*U37 -> 250 | Y37: 150 | Z37: 難度有差異。調理指導。
B38: 5 | N38: 2 | X38: =W38*U38 -> 0
B39: ▼1 | C39: 大口飯糰燒肉美奶滋 | F39: 7 | G39: 2200 | H39: 314.29 | I39: -15 | J39: 因摺疊增員。實施教育訓練。 | N39: 3 | X39: =W39*U39 -> 0
B40: ▼2 | N40: 4 | X40: =W40*U40 -> 0
B41: ▼3 | N41: 5 | X41: =W41*U41 -> 0
B42: ▼4 | U42: 前幾名合計比例 | V42: =X42/N19 -> 0.055555556 | W42: 前幾名合計金額 | X42: =SUM(X37:X41) -> 250
B43: ▼5 | M43: 規格原因 | N43: 1 | O43: 特製醬汁炙燒牛五花便當 | R43: 牛五花燒成 | U43: 30 | V43: 0.1 | W43: 20 | X43: =W43*U43 -> 600 | Y43: 400 | Z43: 因原料變更。
N44: 2 | X44: =W44*U44 -> 0
B45: 排名 | C45: 商品名 | F45: 人數 | G45: 產能 | H45: 人時生產性 | I45: 前月比 | J45: 主要原因&對策 | N45: 3 | X45: =W45*U45 -> 0
A46: 便當 | B46: 1 | C46: 明太子海苔便當 | F46: 15 | G46: 1200 | H46: 80 | I46: 5 | J46: 指導鋪開炒柴魚片 | N46: 4 | X46: =W46*U46 -> 0
B47: 2 | N47: 5 | X47: =W47*U47 -> 0
B48: 3 | U48: 前幾名合計比例 | V48: =X48/N19 -> 0.13333333 | W48: 前幾名合計金額 | X48: =SUM(X43:X47) -> 600
B49: 4
B50: 5 | M50: （９）歩留
B51: ▼1 | C51: 特製醬汁炙燒牛五花便當 | F51: 18 | G51: 800 | H51: 44.44 | I51: -15 | J51: 肉狀態不良，已連動開發 | N51: No. | O51: 商品名 | R51: 半成品名 | U51: 單價 | V51: 規格 | W51: 實績 | X51: 差異 | Y51: 主要原因&對策
B52: ▼2 | M52: 作業原因 | N52: 1 | O52: 特製醬汁炙燒牛五花便當 | R52: 牛五花燒成 | U52: 30 | V52: 0.62 | W52: 0.58 | X52: =W52-V52 -> -0.04 | Y52: 燒成過多，調整調理條件。
B53: ▼3 | N53: 2 | X53: =W53-V53 -> 0
B54: ▼4 | M54: 規格原因 | N54: 1 | O54: 大口飯糰三種起司午餐肉 | R54: ３種起司燒成 | U54: 20 | V54: 0.9 | W54: 0.82 | X54: =W54-V54 -> -0.08 | Y54: 與燒成範本不同。
B55: ▼5 | N55: 2 | X55: =W55-V55 -> 0

Sheet 鮮食品群番
B2: 鮮食品群番
B3: 06 | C3: 飯糰 | E3: 10 | F3: 三明治
B4: 061 | C4: 飯糰一配 | E4: 106 | F4: 三明治４度Ｃ
B5: 063 | C5: 飯糰二配 | E5: 107 | F5: 調理麵包４度Ｃ
B6: 065 | C6: 飯糰４度Ｃ | E6: 11 | F6: 季節調理麵
B7: 07 | C7: 壽司、手卷 | E7: 111 | F7: 涼麵
B8: 071 | C8: 壽司一配 | E8: 112 | F8: 熱湯麵
B9: 072 | C9: 手卷一配 | E9: 12 | F9: 熱食義麵
B10: 075 | C10: 壽司二配 | E10: 122 | F10: 熱食麵
B11: 076 | C11: 手卷２配 | E11: 123 | F11: 熱湯麵
B12: 077 | C12: ４℃壽司手卷 | E12: 124 | F12: 義大利麵
B13: 08 | C13: 便當 | E13: 126 | F13: 冷凍調理麵
B14: 083 | C14: 便當４℃ | E14: 14 | F14: 沙拉
... B19: 094 | C19: 粥品 | E19: 155 | F19: 特色小吃
B20: 095 | C20: 其他飯類

Sheet 07產線配置圖
A1: 品項 | B1: 人數 | C1: 產能
A2: 義大利麵 | D2: ET-600
A3: 白酒清炒鮮蛤義大利麵 | B3: 15 | C3: 2250 | D3: ET-55 | G3: =C3/B3 -> 150
A4: 白酒清炒鮮蛤義大利麵-手 | B4: 15 | C4: 1716
A5: 青醬蛤蜊義大利麵 | B5: 13 | C5: 2250 | G5: =C5/B5 -> 173.07692
A6: 青醬蛤蜊義大利麵-手 | B6: 16 | C6: 1714
A7: 義式蕃茄起司義大利麵 | B7: 12 | C7: 2250 | G7: =C7/B7 -> 187.5
A8: 奶油培根義大利麵 | B8: 15 | C8: 2250 | G8: =C8/B8 -> 150
A9: 蒜香奶油蝦蝦義大利麵 | B9: 17 | C9: 2250
A10: 蒜香奶油蝦蝦義大利麵-手 | B10: 17 | C10: 1716 | G10: =C10/B10 -> 100.94118
A11: 鱈魚粉紅青醬筆尖麵 | B11: 14 | C11: 1565 | G11: =C11/B11 -> 111.78571
A12: 香煎魚排佐檸檬奶油義大利麵 | B12: 13 | C12: 2250
A13: 黑松露野菇義大利麵 | B13: 17 | C13: 1636
A14: 青花椒麻雞肉拌麵 | B14: 16 | C14: 1714 | G14: =C14/B14 -> 107.125
A15: 焗烤起司雙饗筆尖麵 | B15: 16 | C15: 1800
A16: 沙茶豬肉炒麵 | B16: 17 | C16: 1800 | G16: =C16/B16 -> 105.88235
A17: 府城鹽水意麵 | B17: 18 | C17: 1636 | G17: =C17/B17 -> 90.888889
A18: 焗烤起司肉醬筆尖麵-降 | B18: 10 | C18: 1125 | G18: =C18/B18 -> 112.5
A19: 焗烤起司肉醬筆尖麵 | B19: 13 | C19: 1440 | G19: =C19/B19 -> 110.76923
A20: 羅馬黑胡椒起司義大利麵 | B20: 17 | C20: 2250 | G20: =C20/B20 -> 132.35294
A21: 奶油鮮蝦明太子細扁麵 | B21: 18 | C21: 1636 | G21: =C21/B21 -> 90.888889
A22: 焦糖拿鐵烤雞細扁麵 | B22: 18 | C22: 1565 | G22: =C22/B22 -> 86.944444
A23: 義式蛋蛋青醬鮪魚冷義大利麵 | B23: 17 | C23: 1636 | G23: =C23/B23 -> 96.235294
A24: 蕃茄莎莎海鮮冷義大利麵 | B24: 16 | C24: 1636 | G24: =C24/B24 -> 102.25
A25: 金沙豆腐義大利麵 | B25: 18 | C25: 1636
A26: 番茄蘑菇義大利麵 | B26: 13 | C26: 1565
A27: 調理包
A28: 小滷青蔬 | B28: 15 | C28: 1636 | G28: =C28/B28 -> 109.06667
A29: 起司馬鈴薯 | B29: 11 | C29: 1636 | G29: =C29/B29 -> 148.72727
A30: 麻辣雞心 | B30: 11 | C30: 1636 | G30: =C30/B30 -> 148.72727
A31: 韓式炒冬粉 | B31: 11 | C31: 1636
