Workbook

Sheet 生產管理報表(月)
A1: 長家廠生產管理報表
A3: 月別 | B3: 10 | C3: 工廠 | D3: 長家
A4: （１）收支狀況 | E4: ※單位：千元 | G4: （２）ＫＰＩ達成進度
A5: 項目 | B5: 當月 | C5: 前月 | D5: 差異 | E5: 累計 | G5: 項目 | H5: KPI | I5: 當月 | J5: 前月 | K5: 累計 | L5: ※補充
A6: 業績金額 | B6: 7674016.4 | D6: =B6-C6 -> 7674016.4 | G6: 人時性(個/月均) | H6: 109.4 | I6: 99.8 | L6: 個／MH
A7: 訂單數量 | B7: 157800 | D7: =B7-C7 -> 157800 | G7: 人時達成率(%/月均) | H7: 0.8 | I7: 0.912 | L7: 達成率
A8: 材料費 | B8: 4819806 | D8: =B8-C8 -> 4819806 | G8: 半成品-報廢(%) | H8: 0.0025 | I8: 0.009 | L8: 報廢率
A9: 材料費率 | B9: 0.62806824 | D9: =B9-C9 -> 0.62806824 | G9: 半成品-超用(%) | H9: 0.0025 | I9: 0.011 | L9: 超用率
A10: 勞務成本 | D10: =B10-C10 -> 0 | G10: 固定產線-導入率(%) | H10: 1 | I10: 0.429 | L10: 導入率
A11: 勞務費率 | D11: =B11-C11 -> 0 | G11: 教育訓練-實施率(%) | H11: 1 | I11: 0.286 | L11: 實施率
A13: （３）業績構成比 | G13: （４）訂單數量構成比
B14: 當月 | C14: 比例 | D14: 前月 | E14: 差異 | H14: 當月 | I14: 比例 | J14: 前月 | K14: 差異
A15: 熱食義麵(122,123,124,126) | B15: 7050229 | C15: =IFERROR(B15/$B$6,"") -> 0.91871435 | E15: =IFERROR(C15-D15,"") -> 0.91871435 | G15: 熱食義麵(122,123,124,126) | I15: =IFERROR(H15/$B$7,"") -> 0 | K15: =IFERROR(I15-J15,"") -> 0
A16: 季節調理麵(111,112) | C16: =IFERROR(B16/$B$6,"") -> 0 | E16: =IFERROR(C16-D16,"") -> 0 | G16: 季節調理麵(111,112) | I16: =IFERROR(H16/$B$7,"") -> 0 | K16: =IFERROR(I16-J16,"") -> 0
A17: 微波小吃(153,154,155) | B17: 623787 | C17: =IFERROR(B17/$B$6,"") -> 0.081285596 | E17: =IFERROR(C17-D17,"") -> 0.081285596 | G17: 微波小吃(153,154,155) | I17: =IFERROR(H17/$B$7,"") -> 0 | K17: =IFERROR(I17-J17,"") -> 0
C18: =SUM(C15:C17) -> 0.99999995 | D18: =SUM(D15:D17) -> 0 | I18: =SUM(I15:I17) -> 0 | J18: =SUM(J15:J17) -> 0
A20: （５）品群別人時生產性
A21: 品群 | B21: 當月 | C21: 前月 | D21: 差異 | E21: 累計
A22: 熱食義麵(122,123,124,126) | B22: 97.6 | D22: 0
A23: 季節調理麵(111,112) | D23: 0
A24: 微波小吃(153,154,155) | B24: 112.5 | D24: 0

Sheet 生產管理報表(週) 
A1: 長家廠生產管理報表
A3: 月別 | B3: =10 -> 10 | C3: 週別 | D3: W1 | E3: 工廠 | F3: 長家廠
A4: （１）收支狀況 | E4: ※單位：千元 | G4: （２）ＫＰＩ達成進度
A5: 項目 | B5: 當週 | C5: 前週 | D5: 差異 | E5: 累計 | G5: 項目 | H5: KPI | I5: 當週 | J5: 前週 | K5: 累計 | L5: ※補充
A6: 業績金額 | B6: 13981.9 | C6: 16941.8 | D6: =B6-C6 -> -2959.9 | E6: 13981.9 | G6: 人時性(個/月均) | H6: 115.3 | I6: 101.8 | J6: 98.7 | K6: 101.8 | L6: 個／MH
A7: 訂單數量 | B7: 289645 | C7: 347276 | D7: =B7-C7 -> -57631 | E7: 289645 | G7: 人時達成率(%/月均) | H7: 0.8 | I7: =I6/H6 -> 0.88291414 | J7: 0.8621 | K7: 0.8829 | L7: 達成率
A8: 材料費 | B8: 8823.8 | C8: 10676.3 | D8: =B8-C8 -> -1852.5 | E8: 8823.8 | G8: 半成品-報廢(%) | H8: 0.0025 | I8: 0.01 | J8: 0.01 | K8: 0.01 | L8: 報廢率
A9: 材料費率 | B9: =B8/B6 -> 0.63108733 | C9: =C8/C6 -> 0.63017507 | D9: =B9-C9 -> 0.00091226439 | E9: =E8/E6 -> 0.63108733 | G9: 半成品-超用(%) | H9: 0.0025 | I9: 0.004 | J9: 0.002 | K9: 0.004 | L9: 超用率
A10: 勞務成本 | D10: =B10-C10 -> 0 | G10: 固定產線-導入率(%) | H10: 1 | I10: 0.429 | J10: 0.429 | K10: 0.429 | L10: 導入率
A11: 勞務費率 | D11: =B11-C11 -> 0 | G11: 教育訓練-實施率(%) | H11: 1 | I11: 0.7 | J11: 0.603 | K11: 0.7 | L11: 實施率
A13: （３）業績構成比 | G13: （４）訂單數量構成比
B14: 當週 | C14: 比例 | D14: 前週 | E14: 差異 | H14: 當週 | I14: 比例 | J14: 前週 | K14: 差異
A15: 熱食義麵(122,123,124,126) | B15: 12732.4 | C15: =IFERROR(B15/$B$6,"") -> 0.91063446 | D15: 0.9149 | E15: =IFERROR(C15-D15,"") -> -0.0042655369 | G15: 熱食義麵(122,123,124,126) | H15: 244446 | I15: =IFERROR(H15/$B$7,"") -> 0.84395035 | J15: 0.8497 | K15: =IFERROR(I15-J15,"") -> -0.005749647
A16: 季節調理麵(111,112) | C16: =IFERROR(B16/$B$6,"") -> 0 | E16: =IFERROR(C16-D16,"") -> 0 | G16: 季節調理麵(111,112) | I16: =IFERROR(H16/$B$7,"") -> 0 | K16: =IFERROR(I16-J16,"") -> 0
A17: 微波小吃(153,154,155) | B17: 1249.5 | C17: =IFERROR(B17/$B$6,"") -> 0.089365537 | D17: 0.0851 | E17: =IFERROR(C17-D17,"") -> 0.0042655369 | G17: 微波小吃(153,154,155) | H17: 45199 | I17: =IFERROR(H17/$B$7,"") -> 0.15604965 | J17: 0.1503 | K17: =IFERROR(I17-J17,"") -> 0.005749647
C18: =SUM(C15:C17) -> 1 | D18: =SUM(D15:D17) -> 1 | I18: =SUM(I15:I17) -> 1 | J18: =SUM(J15:J17) -> 1
A20: （５）品群別人時生產性
A21: 品群 | B21: 當週 | C21: 前週 | D21: 差異 | E21: 累計
A22: 熱食義麵(122,123,124,126) | B22: 96.2 | C22: 94.5 | D22: =B22-C22 -> 1.7 | E22: 96.2
A23: 季節調理麵(111,112) | D23: =B23-C23 -> 0
A24: 微波小吃(153,154,155) | B24: 111.7 | C24: 110.5 | D24: =B24-C24 -> 1.2 | E24: 111.7

Sheet （１）收支狀況
B2: （１）收支狀況
B3: 資料繳交日 | C3: 月份 | D3: 日期 | F3: 營業額(元) | I3: 訂單數量(個) | L3: 材料費(元) | O3: 材料費率（材料費／營業額） | R3: 勞務成本（全廠人事成本） | U3: 勞務費率（勞務成本／營業額）
F4: 日 | G4: 週累積 | H4: 月累積 | I4: 日 | J4: 週累積 | K4: 月累積 | L4: 日 | M4: 週累積 | N4: 月累積 | O4: 日 | P4: 週累積 | Q4: 月累積 | R4: 日 | S4: 週累積 | T4: 月累積 | U4: 日 | V4: 週累積 | W4: 月累積
B5: 45937 | C5: 十 | D5: 45931 | E5: 三 | F5: 2824753 | G5: =SUM(F5:F10) -> 13981868 | H5: =SUM(F5:F35) -> 13981868 | I5: 59618 | J5: =SUM(I5:I10) -> 289645 | K5: =SUM(I5:I34) -> 289645 | L5: 1783002 | M5: =SUM(L5:L10) -> 8823754 | N5: =SUM(L5:L34) -> 8823754 | O5: =L5/F5 -> 0.63120635 | P5: =M5/G5 -> 0.63108551 | Q5: =N5/H5 -> 0.63108551 | S5: =SUM(R5:R10) -> 0 | T5: =SUM(R5:R34) -> 0 | U5: =R5/F5 -> 0 | V5: =S5/G5 -> 0 | W5: =T5/H5 -> 0
D6: 45932 | E6: 四 | F6: 2491478.9 | I6: 51111 | L6: 1571350 | O6: =L6/F6 -> 0.63068968 | U6: =R6/F6 -> 0
D7: 45933 | E7: 五 | F7: 1927390 | I7: 39570 | L7: 1216995 | O7: =L7/F7 -> 0.63142125 | U7: =R7/F7 -> 0
D8: 45934 | E8: 六 | F8: 1927172.3 | I8: 39717 | L8: 1216147 | O8: =L8/F8 -> 0.63105256 | U8: =R8/F8 -> 0
D9: 45935 | E9: 日 | F9: 2140557.9 | I9: 44134 | L9: 1350695 | O9: =L9/F9 -> 0.63100138 | U9: =R9/F9 -> 0
D10: 45936 | E10: 一 | F10: 2670515.5 | I10: 55495 | L10: 1685565 | O10: =L10/F10 -> 0.63117589 | U10: =R10/F10 -> 0
B11: 45944 | D11: 45937 | E11: 二 | G11: =SUM(F11:F17) -> 0 | J11: =SUM(I11:I17) -> 0 | M11: =SUM(L11:L17) -> 0 | O11: =L11/F11 -> #DIV/0! | P11: =M11/G11 -> #DIV/0! | S11: =SUM(R11:R17) -> 0 | U11: =R11/F11 -> #DIV/0! | V11: =S11/G11 -> #DIV/0!
D12: 45938 | E12: 三 | O12: =L12/F12 -> #DIV/0! | U12: =R12/F12 -> #DIV/0!
D13: 45939 | E13: 四 | O13: =L13/F13 -> #DIV/0! | U13: =R13/F13 -> #DIV/0!
D14: 45940 | E14: 五 | O14: =L14/F14 -> #DIV/0! | U14: =R14/F14 -> #DIV/0!
D15: 45941 | E15: 六 | O15: =L15/F15 -> #DIV/0! | U15: =R15/F15 -> #DIV/0!
D16: 45942 | E16: 日 | O16: =L16/F16 -> #DIV/0! | U16: =R16/F16 -> #DIV/0!
D17: 45943 | E17: 一 | O17: =L17/F17 -> #DIV/0! | U17: =R17/F17 -> #DIV/0!
B18: 45951 | D18: 45944 | E18: 二 | G18: =SUM(F18:F24) -> 0 | J18: =SUM(I18:I24) -> 0 | M18: =SUM(L18:L24) -> 0 | O18: =L18/F18 -> #DIV/0! | P18: =M18/G18 -> #DIV/0! | S18: =SUM(R18:R24) -> 0 | U18: =R18/F18 -> #DIV/0! | V18: =S18/G18 -> #DIV/0!
D19: 45945 | E19: 三 | O19: =L19/F19 -> #DIV/0! | U19: =R19/F19 -> #DIV/0!
D20: 45946 | E20: 四 | O20: =L20/F20 -> #DIV/0! | U20: =R20/F20 -> #DIV/0!
D21: 45947 | E21: 五 | O21: =L21/F21 -> #DIV/0! | U21: =R21/F21 -> #DIV/0!
D22: 45948 | E22: 六 | O22: =L22/F22 -> #DIV/0! | U22: =R22/F22 -> #DIV/0!
D23: 45949 | E23: 日 | O23: =L23/F23 -> #DIV/0! | U23: =R23/F23 -> #DIV/0!
D24: 45950 | E24: 一 | O24: =L24/F24 -> #DIV/0! | U24: =R24/F24 -> #DIV/0!
B25: 45958 | D25: 45951 | E25: 二 | G25: =SUM(F25:F31) -> 0 | J25: =SUM(I25:I31) -> 0 | M25: =SUM(L25:L31) -> 0 | O25: =L25/F25 -> #DIV/0! | P25: =M25/G25 -> #DIV/0! | S25: =SUM(R25:R31) -> 0 | U25: =R25/F25 -> #DIV/0! | V25: =S25/G25 -> #DIV/0!
D26: 45952 | E26: 三 | O26: =L26/F26 -> #DIV/0! | U26: =R26/F26 -> #DIV/0!
D27: 45953 | E27: 四 | O27: =L27/F27 -> #DIV/0! | U27: =R27/F27 -> #DIV/0!
D28: 45954 | E28: 五 | O28: =L28/F28 -> #DIV/0! | U28: =R28/F28 -> #DIV/0!
D29: 45955 | E29: 六 | O29: =L29/F29 -> #DIV/0! | U29: =R29/F29 -> #DIV/0!
D30: 45956 | E30: 日 | O30: =L30/F30 -> #DIV/0! | U30: =R30/F30 -> #DIV/0!
D31: 45957 | E31: 一 | O31: =L31/F31 -> #DIV/0! | U31: =R31/F31 -> #DIV/0!
D32: 45958 | E32: 二 | O32: =L32/F32 -> #DIV/0! | U32: =R32/F32 -> #DIV/0!
D33: 45959 | E33: 三 | O33: =L33/F33 -> #DIV/0! | U33: =R33/F33 -> #DIV/0!
D34: 45960 | E34: 四 | O34: =L34/F34 -> #DIV/0! | U34: =R34/F34 -> #DIV/0!
D35: 45961 | E35: 五 | O35: =L35/F35 -> #DIV/0! | U35: =R35/F35 -> #DIV/0!
O36: =L36/F36 -> #DIV/0!
G37: =SUM(F37:F43) -> 0 | J37: =SUM(I37:I43) -> 0 | M37: =SUM(L37:L43) -> 0 | O37: =L37/F37 -> #DIV/0! | P37: =M37/G37 -> #DIV/0! | S37: =SUM(R37:R43) -> 0 | V37: =SUM(U37:U43) -> 0
O38: =L38/F38 -> #DIV/0!
O39: =L39/F39 -> #DIV/0!
O40: =L40/F40 -> #DIV/0!
O41: =L41/F41 -> #DIV/0!
O42: =L42/F42 -> #DIV/0!
O43: =L43/F43 -> #DIV/0!

Sheet （２）ＫＰＩ達成進度
C1: 115.3
B2: （２）ＫＰＩ達成進度
B3: 資料繳交日 | C3: 月份 | D3: 日期 | F3: 人時生產性(個/人) | I3: 人時生產性達成率(%) | L3: 半成品報廢(%) | O3: 半成品超用(%) | R3: 固定產線-導入率(固定產線數/總產線數) | U3: 教育訓練-實施率(進度/計畫)
F4: 日 | G4: 週平均 | H4: 月平均 | I4: 日 | J4: 週平均 | K4: 月平均 | L4: 日 | M4: 週平均 | N4: 月平均 | O4: 日 | P4: 週平均 | Q4: 月平均 | R4: 日 | S4: 週平均 | T4: 月平均 | U4: 日 | V4: 週平均 | W4: 月平均
B5: 45937 | C5: 十 | D5: 45931 | E5: 三 | F5: 105.8 | G5: =AVERAGE(F5:F10) -> 101.83333 | H5: =AVERAGE(F5:F35) -> 101.83333 | I5: =F5/$C$1 -> 0.91760624 | J5: =AVERAGE(I5:I10) -> 0.88320324 | K5: =AVERAGE(I5:I35) -> 0.17094256 | L5: 0.00148 | M5: =AVERAGE(L5:L10) -> 0.01019 | N5: =AVERAGE(L5:L35) -> 0.01019 | O5: 0.0043 | P5: =AVERAGE(O5:O10) -> 0.00355 | Q5: =AVERAGE(O5:O35) -> 0.00355 | R5: 0.429 | S5: =AVERAGE(R5:R10) -> 0.429 | T5: =AVERAGE(R5:R35) -> 0.429 | U5: 0.7 | V5: =AVERAGE(U5:U10) -> 0.7 | W5: =AVERAGE(U5:U35) -> 0.7
D6: 45932 | E6: 四 | F6: 100.8 | I6: =F6/$C$1 -> 0.87424111 | L6: 0.00791 | O6: 0.0033 | R6: 0.429 | U6: 0.7
D7: 45933 | E7: 五 | F7: 99 | I7: =F7/$C$1 -> 0.85862966 | L7: 0.0086 | O7: 0.002 | R7: 0.429 | U7: 0.7
D8: 45934 | E8: 六 | F8: 105.1 | I8: =F8/$C$1 -> 0.91153513 | L8: 0.00492 | O8: 0.0047 | R8: 0.429 | U8: 0.7
D9: 45935 | E9: 日 | F9: 100.7 | I9: =F9/$C$1 -> 0.87337381 | L9: 0.0083 | O9: 0.0023 | R9: 0.429 | U9: 0.7
D10: 45936 | E10: 一 | F10: 99.6 | I10: =F10/$C$1 -> 0.86383348 | L10: 0.02993 | O10: 0.0047 | R10: 0.429 | U10: 0.7
B11: 45944 | D11: 45937 | E11: 二 | G11: =AVERAGE(F11:F17) -> #DIV/0! | I11: =F11/$C$1 -> 0 | J11: =AVERAGE(I11:I17) -> 0 | M11: =AVERAGE(L11:L17) -> #DIV/0! | P11: =AVERAGE(O11:O17) -> #DIV/0! | S11: =AVERAGE(R11:R17) -> #DIV/0! | V11: =AVERAGE(U11:U17) -> #DIV/0!
D12: 45938 | E12: 三 | I12: =F12/$C$1 -> 0
D13: 45939 | E13: 四 | I13: =F13/$C$1 -> 0
D14: 45940 | E14: 五 | I14: =F14/$C$1 -> 0
D15: 45941 | E15: 六 | I15: =F15/$C$1 -> 0
D16: 45942 | E16: 日 | I16: =F16/$C$1 -> 0
D17: 45943 | E17: 一 | I17: =F17/$C$1 -> 0
B18: 45951 | D18: 45944 | E18: 二 | G18: =AVERAGE(F18:F24) -> #DIV/0! | I18: =F18/$C$1 -> 0 | J18: =AVERAGE(I18:I24) -> 0 | M18: =AVERAGE(L18:L24) -> #DIV/0! | P18: =AVERAGE(O18:O24) -> #DIV/0! | S18: =AVERAGE(R18:R24) -> #DIV/0! | V18: =AVERAGE(U18:U24) -> #DIV/0!
D19: 45945 | E19: 三 | I19: =F19/$C$1 -> 0
D20: 45946 | E20: 四 | I20: =F20/$C$1 -> 0
D21: 45947 | E21: 五 | I21: =F21/$C$1 -> 0
D22: 45948 | E22: 六 | I22: =F22/$C$1 -> 0
D23: 45949 | E23: 日 | I23: =F23/$C$1 -> 0
D24: 45950 | E24: 一 | I24: =F24/$C$1 -> 0
B25: 45958 | D25: 45951 | E25: 二 | G25: =AVERAGE(F25:F31) -> #DIV/0! | I25: =F25/$C$1 -> 0 | J25: =AVERAGE(I25:I31) -> 0 | M25: =AVERAGE(L25:L31) -> #DIV/0! | P25: =AVERAGE(O25:O31) -> #DIV/0! | S25: =AVERAGE(R25:R31) -> #DIV/0! | V25: =AVERAGE(U25:U31) -> #DIV/0!
D26: 45952 | E26: 三 | I26: =F26/$C$1 -> 0
D27: 45953 | E27: 四 | I27: =F27/$C$1 -> 0
D28: 45954 | E28: 五 | I28: =F28/$C$1 -> 0
D29: 45955 | E29: 六 | I29: =F29/$C$1 -> 0
D30: 45956 | E30: 日 | I30: =F30/$C$1 -> 0
D31: 45957 | E31: 一 | I31: =F31/$C$1 -> 0
D32: 45958 | E32: 二 | I32: =F32/$C$1 -> 0
D33: 45959 | E33: 三 | I33: =F33/$C$1 -> 0
D34: 45960 | E34: 四 | I34: =F34/$C$1 -> 0
D35: 45961 | E35: 五 | I35: =F35/$C$1 -> 0
I36: =F36/$C$1 -> 0
G37: =AVERAGE(F37:F43) -> #DIV/0! | I37: =F37/$C$1 -> 0 | J37: =AVERAGE(I37:I43) -> 0 | M37: =AVERAGE(L37:L43) -> #DIV/0! | P37: =AVERAGE(O37:O43) -> #DIV/0! | S37: =AVERAGE(R37:R43) -> #DIV/0! | V37: =AVERAGE(U37:U43) -> #DIV/0!
I38: =F38/$C$1 -> 0
I39: =F39/$C$1 -> 0
I40: =F40/$C$1 -> 0
I41: =F41/$C$1 -> 0
I42: =F42/$C$1 -> 0
I43: =F43/$C$1 -> 0

Sheet （３）業績構成比
B2: （3）業績構成比
B3: 資料繳交日 | C3: 月份 | D3: 日期 | F3: 營業額 | I3: 品類業績
I4: 熱食義麵 | K4: 季節調理麵 | M4: 微波小吃
F5: 日 | G5: 週累積 | H5: 月累積 | I5: 一配 | K5: 一配 | M5: 一配
I6: 業績(元) | J6: 比例(%) | K6: 業績(元) | L6: 比例(%) | M6: 業績(元) | N6: 比例(%)
B7: 45937 | C7: 十 | D7: 45931 | E7: 三 | F7: =SUM(I7,K7,M7) -> 2824753 | G7: =SUM(F7:F12) -> 13981868 | H7: =SUM(F7:F37) -> 13981868 | I7: 2501030.4 | J7: =I7/F7 -> 0.8853979 | L7: =K7/F7 -> 0 | M7: 323722.61 | N7: =M7/F7 -> 0.1146021
D8: 45932 | E8: 四 | F8: =SUM(I8,K8,M8) -> 2491478.9 | I8: 2296406.1 | J8: =I8/F8 -> 0.92170402 | L8: =K8/F8 -> 0 | M8: 195072.79 | N8: =M8/F8 -> 0.078295984
D9: 45933 | E9: 五 | F9: =SUM(I9,K9,M9) -> 1927390 | I9: 1771863.6 | J9: =I9/F9 -> 0.91930726 | L9: =K9/F9 -> 0 | M9: 155526.39 | N9: =M9/F9 -> 0.080692745
D10: 45934 | E10: 六 | F10: =SUM(I10,K10,M10) -> 1927172.3 | I10: 1766457.8 | J10: =I10/F10 -> 0.91660605 | L10: =K10/F10 -> 0 | M10: 160714.5 | N10: =M10/F10 -> 0.083393946
D11: 45935 | E11: 日 | F11: =SUM(I11,K11,M11) -> 2140557.9 | I11: 1964601 | J11: =I11/F11 -> 0.91779858 | L11: =K11/F11 -> 0 | M11: 175956.91 | N11: =M11/F11 -> 0.082201424
D12: 45936 | E12: 一 | F12: =SUM(I12,K12,M12) -> 2670515.5 | I12: 2432019.1 | J12: =I12/F12 -> 0.91069274 | L12: =K12/F12 -> 0 | M12: 238496.41 | N12: =M12/F12 -> 0.089307255
B13: 45944 | D13: 45937 | E13: 二 | F13: =SUM(I13,K13,M13) -> 0 | G13: =SUM(F13:F19) -> 0 | J13: =I13/F13 -> #DIV/0! | L13: =K13/F13 -> #DIV/0! | N13: =M13/F13 -> #DIV/0!
D14: 45938 | E14: 三 | F14: =SUM(I14,K14,M14) -> 0 | J14: =I14/F14 -> #DIV/0! | L14: =K14/F14 -> #DIV/0! | N14: =M14/F14 -> #DIV/0!
D15: 45939 | E15: 四 | F15: =SUM(I15,K15,M15) -> 0 | J15: =I15/F15 -> #DIV/0! | L15: =K15/F15 -> #DIV/0! | N15: =M15/F15 -> #DIV/0!
D16: 45940 | E16: 五 | F16: =SUM(I16,K16,M16) -> 0 | J16: =I16/F16 -> #DIV/0! | L16: =K16/F16 -> #DIV/0! | N16: =M16/F16 -> #DIV/0!
D17: 45941 | E17: 六 | F17: =SUM(I17,K17,M17) -> 0 | J17: =I17/F17 -> #DIV/0! | L17: =K17/F17 -> #DIV/0! | N17: =M17/F17 -> #DIV/0!
D18: 45942 | E18: 日 | F18: =SUM(I18,K18,M18) -> 0 | J18: =I18/F18 -> #DIV/0! | L18: =K18/F18 -> #DIV/0! | N18: =M18/F18 -> #DIV/0!
D19: 45943 | E19: 一 | F19: =SUM(I19,K19,M19) -> 0 | J19: =I19/F19 -> #DIV/0! | L19: =K19/F19 -> #DIV/0! | N19: =M19/F19 -> #DIV/0!
B20: 45951 | D20: 45944 | E20: 二 | F20: =SUM(I20,K20,M20) -> 0 | G20: =SUM(F20:F26) -> 0 | J20: =I20/F20 -> #DIV/0! | L20: =K20/F20 -> #DIV/0! | N20: =M20/F20 -> #DIV/0!
D21: 45945 | E21: 三 | F21: =SUM(I21,K21,M21) -> 0 | J21: =I21/F21 -> #DIV/0! | L21: =K21/F21 -> #DIV/0! | N21: =M21/F21 -> #DIV/0!
D22: 45946 | E22: 四 | F22: =SUM(I22,K22,M22) -> 0 | J22: =I22/F22 -> #DIV/0! | L22: =K22/F22 -> #DIV/0! | N22: =M22/F22 -> #DIV/0!
D23: 45947 | E23: 五 | F23: =SUM(I23,K23,M23) -> 0 | J23: =I23/F23 -> #DIV/0! | L23: =K23/F23 -> #DIV/0! | N23: =M23/F23 -> #DIV/0!
D24: 45948 | E24: 六 | F24: =SUM(I24,K24,M24) -> 0 | J24: =I24/F24 -> #DIV/0! | L24: =K24/F24 -> #DIV/0! | N24: =M24/F24 -> #DIV/0!
D25: 45949 | E25: 日 | F25: =SUM(I25,K25,M25) -> 0 | J25: =I25/F25 -> #DIV/0! | L25: =K25/F25 -> #DIV/0! | N25: =M25/F25 -> #DIV/0!
D26: 45950 | E26: 一 | F26: =SUM(I26,K26,M26) -> 0 | J26: =I26/F26 -> #DIV/0! | L26: =K26/F26 -> #DIV/0! | N26: =M26/F26 -> #DIV/0!
B27: 45958 | D27: 45951 | E27: 二 | F27: =SUM(I27,K27,M27) -> 0 | G27: =SUM(F27:F33) -> 0 | J27: =I27/F27 -> #DIV/0! | L27: =K27/F27 -> #DIV/0! | N27: =M27/F27 -> #DIV/0!
D28: 45952 | E28: 三 | F28: =SUM(I28,K28,M28) -> 0 | J28: =I28/F28 -> #DIV/0! | L28: =K28/F28 -> #DIV/0! | N28: =M28/F28 -> #DIV/0!
D29: 45953 | E29: 四 | F29: =SUM(I29,K29,M29) -> 0 | J29: =I29/F29 -> #DIV/0! | L29: =K29/F29 -> #DIV/0! | N29: =M29/F29 -> #DIV/0!
D30: 45954 | E30: 五 | F30: =SUM(I30,K30,M30) -> 0 | J30: =I30/F30 -> #DIV/0! | L30: =K30/F30 -> #DIV/0! | N30: =M30/F30 -> #DIV/0!
D31: 45955 | E31: 六 | F31: =SUM(I31,K31,M31) -> 0 | J31: =I31/F31 -> #DIV/0! | L31: =K31/F31 -> #DIV/0! | N31: =M31/F31 -> #DIV/0!
D32: 45956 | E32: 日 | F32: =SUM(I32,K32,M32) -> 0 | J32: =I32/F32 -> #DIV/0! | L32: =K32/F32 -> #DIV/0! | N32: =M32/F32 -> #DIV/0!
D33: 45957 | E33: 一 | F33: =SUM(I33,K33,M33) -> 0 | J33: =I33/F33 -> #DIV/0! | L33: =K33/F33 -> #DIV/0! | N33: =M33/F33 -> #DIV/0!
D34: 45958 | E34: 二 | F34: =SUM(I34,K34,M34) -> 0 | J34: =I34/F34 -> #DIV/0! | L34: =K34/F34 -> #DIV/0! | N34: =M34/F34 -> #DIV/0!
D35: 45959 | E35: 三 | F35: =SUM(I35,K35,M35) -> 0 | J35: =I35/F35 -> #DIV/0! | L35: =K35/F35 -> #DIV/0! | N35: =M35/F35 -> #DIV/0!
D36: 45960 | E36: 四 | F36: =SUM(I36,K36,M36) -> 0 | J36: =I36/F36 -> #DIV/0! | L36: =K36/F36 -> #DIV/0! | N36: =M36/F36 -> #DIV/0!
D37: 45961 | E37: 五 | F37: =SUM(I37,K37,M37) -> 0 | J37: =I37/F37 -> #DIV/0! | L37: =K37/F37 -> #DIV/0! | N37: =M37/F37 -> #DIV/0!
F38: =SUM(I38,K38,M38) -> 0 | J38: =I38/F38 -> #DIV/0! | L38: =K38/F38 -> #DIV/0! | N38: =M38/F38 -> #DIV/0!
F39: =SUM(I39,K39,M39) -> 0 | G39: =SUM(F39:F45) -> 0 | J39: =I39/F39 -> #DIV/0! | L39: =K39/F39 -> #DIV/0! | N39: =M39/F39 -> #DIV/0!
F40: =SUM(I40,K40,M40) -> 0 | J40: =I40/F40 -> #DIV/0! | L40: =K40/F40 -> #DIV/0! | N40: =M40/F40 -> #DIV/0!
F41: =SUM(I41,K41,M41) -> 0 | J41: =I41/F41 -> #DIV/0! | L41: =K41/F41 -> #DIV/0! | N41: =M41/F41 -> #DIV/0!
F42: =SUM(I42,K42,M42) -> 0 | J42: =I42/F42 -> #DIV/0! | L42: =K42/F42 -> #DIV/0! | N42: =M42/F42 -> #DIV/0!
F43: =SUM(I43,K43,M43) -> 0 | J43: =I43/F43 -> #DIV/0! | L43: =K43/F43 -> #DIV/0! | N43: =M43/F43 -> #DIV/0!
F44: =SUM(I44,K44,M44) -> 0 | J44: =I44/F44 -> #DIV/0! | L44: =K44/F44 -> #DIV/0! | N44: =M44/F44 -> #DIV/0!
F45: =SUM(I45,K45,M45) -> 0 | J45: =I45/F45 -> #DIV/0! | L45: =K45/F45 -> #DIV/0! | N45: =M45/F45 -> #DIV/0!

Sheet （４）訂單數量構成比
B2: （4）訂單數量構成比
B3: 資料繳交日 | C3: 月份 | D3: 日期 | F3: 訂單量 | I3: 品類訂單量
I4: 熱食義麵 | K4: 季節調理麵 | M4: 微波小吃
F5: 日 | G5: 週累積 | H5: 月累積 | I5: 一配 | K5: 一配 | M5: 一配
I6: 訂單數 | J6: 比例(%) | K6: 訂單數 | L6: 比例(%) | M6: 訂單數 | N6: 比例(%)
B7: 45937 | C7: 十 | D7: 45931 | E7: 三 | F7: =SUM(I7,K7,M7) -> 59618 | G7: =SUM(F7:F12) -> 289645 | H7: =SUM(F7:F37) -> 289645 | I7: 47989 | J7: =I7/F7 -> 0.80494146 | L7: =K7/F7 -> 0 | M7: 11629 | N7: =M7/F7 -> 0.19505854
D8: 45932 | E8: 四 | F8: =SUM(I8,K8,M8) -> 51111 | I8: 44028 | J8: =I8/F8 -> 0.86141926 | L8: =K8/F8 -> 0 | M8: 7083 | N8: =M8/F8 -> 0.13858074
D9: 45933 | E9: 五 | F9: =SUM(I9,K9,M9) -> 39570 | I9: 33924 | J9: =I9/F9 -> 0.85731615 | L9: =K9/F9 -> 0 | M9: 5646 | N9: =M9/F9 -> 0.14268385
D10: 45934 | E10: 六 | F10: =SUM(I10,K10,M10) -> 39717 | I10: 33895 | J10: =I10/F10 -> 0.8534129 | L10: =K10/F10 -> 0 | M10: 5822 | N10: =M10/F10 -> 0.1465871
D11: 45935 | E11: 日 | F11: =SUM(I11,K11,M11) -> 44134 | I11: 37758 | J11: =I11/F11 -> 0.85553088 | L11: =K11/F11 -> 0 | M11: 6376 | N11: =M11/F11 -> 0.14446912
D12: 45936 | E12: 一 | F12: =SUM(I12,K12,M12) -> 55495 | I12: 46852 | J12: =I12/F12 -> 0.84425624 | L12: =K12/F12 -> 0 | M12: 8643 | N12: =M12/F12 -> 0.15574376
B13: 45944 | D13: 45937 | E13: 二 | F13: =SUM(I13,K13,M13) -> 0 | G13: =SUM(F13:F18) -> 0 | J13: =I13/F13 -> #DIV/0! | L13: =K13/F13 -> #DIV/0! | N13: =M13/F13 -> #DIV/0!
D14: 45938 | E14: 三 | F14: =SUM(I14,K14,M14) -> 0 | J14: =I14/F14 -> #DIV/0! | L14: =K14/F14 -> #DIV/0! | N14: =M14/F14 -> #DIV/0!
D15: 45939 | E15: 四 | F15: =SUM(I15,K15,M15) -> 0 | J15: =I15/F15 -> #DIV/0! | L15: =K15/F15 -> #DIV/0! | N15: =M15/F15 -> #DIV/0!
D16: 45940 | E16: 五 | F16: =SUM(I16,K16,M16) -> 0 | J16: =I16/F16 -> #DIV/0! | L16: =K16/F16 -> #DIV/0! | N16: =M16/F16 -> #DIV/0!
D17: 45941 | E17: 六 | F17: =SUM(I17,K17,M17) -> 0 | J17: =I17/F17 -> #DIV/0! | L17: =K17/F17 -> #DIV/0! | N17: =M17/F17 -> #DIV/0!
D18: 45942 | E18: 日 | F18: =SUM(I18,K18,M18) -> 0 | J18: =I18/F18 -> #DIV/0! | L18: =K18/F18 -> #DIV/0! | N18: =M18/F18 -> #DIV/0!
D19: 45943 | E19: 一 | F19: =SUM(I19,K19,M19) -> 0 | J19: =I19/F19 -> #DIV/0! | L19: =K19/F19 -> #DIV/0! | N19: =M19/F19 -> #DIV/0!
B20: 45951 | D20: 45944 | E20: 二 | F20: =SUM(I20,K20,M20) -> 0 | G20: =SUM(F20:F25) -> 0 | J20: =I20/F20 -> #DIV/0! | L20: =K20/F20 -> #DIV/0! | N20: =M20/F20 -> #DIV/0!
D21: 45945 | E21: 三 | F21: =SUM(I21,K21,M21) -> 0 | J21: =I21/F21 -> #DIV/0! | L21: =K21/F21 -> #DIV/0! | N21: =M21/F21 -> #DIV/0!
D22: 45946 | E22: 四 | F22: =SUM(I22,K22,M22) -> 0 | J22: =I22/F22 -> #DIV/0! | L22: =K22/F22 -> #DIV/0! | N22: =M22/F22 -> #DIV/0!
D23: 45947 | E23: 五 | F23: =SUM(I23,K23,M23) -> 0 | J23: =I23/F23 -> #DIV/0! | L23: =K23/F23 -> #DIV/0! | N23: =M23/F23 -> #DIV/0!
D24: 45948 | E24: 六 | F24: =SUM(I24,K24,M24) -> 0 | J24: =I24/F24 -> #DIV/0! | L24: =K24/F24 -> #DIV/0! | N24: =M24/F24 -> #DIV/0!
D25: 45949 | E25: 日 | F25: =SUM(I25,K25,M25) -> 0 | J25: =I25/F25 -> #DIV/0! | L25: =K25/F25 -> #DIV/0! | N25: =M25/F25 -> #DIV/0!
D26: 45950 | E26: 一 | F26: =SUM(I26,K26,M26) -> 0 | J26: =I26/F26 -> #DIV/0! | L26: =K26/F26 -> #DIV/0! | N26: =M26/F26 -> #DIV/0!
B27: 45958 | D27: 45951 | E27: 二 | F27: =SUM(I27,K27,M27) -> 0 | G27: =SUM(F27:F32) -> 0 | J27: =I27/F27 -> #DIV/0! | L27: =K27/F27 -> #DIV/0! | N27: =M27/F27 -> #DIV/0!
D28: 45952 | E28: 三 | F28: =SUM(I28,K28,M28) -> 0 | J28: =I28/F28 -> #DIV/0! | L28: =K28/F28 -> #DIV/0! | N28: =M28/F28 -> #DIV/0!
D29: 45953 | E29: 四 | F29: =SUM(I29,K29,M29) -> 0 | J29: =I29/F29 -> #DIV/0! | L29: =K29/F29 -> #DIV/0! | N29: =M29/F29 -> #DIV/0!
D30: 45954 | E30: 五 | F30: =SUM(I30,K30,M30) -> 0 | J30: =I30/F30 -> #DIV/0! | L30: =K30/F30 -> #DIV/0! | N30: =M30/F30 -> #DIV/0!
D31: 45955 | E31: 六 | F31: =SUM(I31,K31,M31) -> 0 | J31: =I31/F31 -> #DIV/0! | L31: =K31/F31 -> #DIV/0! | N31: =M31/F31 -> #DIV/0!
D32: 45956 | E32: 日 | F32: =SUM(I32,K32,M32) -> 0 | J32: =I32/F32 -> #DIV/0! | L32: =K32/F32 -> #DIV/0! | N32: =M32/F32 -> #DIV/0!
D33: 45957 | E33: 一 | F33: =SUM(I33,K33,M33) -> 0 | J33: =I33/F33 -> #DIV/0! | L33: =K33/F33 -> #DIV/0! | N33: =M33/F33 -> #DIV/0!
D34: 45958 | E34: 二 | F34: =SUM(I34,K34,M34) -> 0 | J34: =I34/F34 -> #DIV/0! | L34: =K34/F34 -> #DIV/0! | N34: =M34/F34 -> #DIV/0!
D35: 45959 | E35: 三 | F35: =SUM(I35,K35,M35) -> 0 | J35: =I35/F35 -> #DIV/0! | L35: =K35/F35 -> #DIV/0! | N35: =M35/F35 -> #DIV/0!
D36: 45960 | E36: 四 | F36: =SUM(I36,K36,M36) -> 0 | J36: =I36/F36 -> #DIV/0! | L36: =K36/F36 -> #DIV/0! | N36: =M36/F36 -> #DIV/0!
D37: 45961 | E37: 五 | F37: =SUM(I37,K37,M37) -> 0 | J37: =I37/F37 -> #DIV/0! | L37: =K37/F37 -> #DIV/0! | N37: =M37/F37 -> #DIV/0!

Sheet （５-1）品群別人時生產性（熱食義麵）
B1: 月平均人時性 | C1: =AVERAGE(L7,L30,L53,L73,L96) -> 96.176076
B2: 產線配置圖－每週更新 | N2: 資料繳交 | O2: 日期 | U2: 45931 | Z2: 45932 | AE2: 45933 | AJ2: 45934 | AO2: 45935 | AT2: 45936
P3: 二 | U3: 三 | Z3: 四 | AE3: 五 | AJ3: 六 | AO3: 日 | AT3: 一
B4: 品群 | C4: 商品名稱 | E4: 計畫 | H4: 平均人時性 | I4: 實績 | L4: 平均人時性 | M4: 排名 | O4: 日報 | P4: 實際 | T4: 平均人時性 | U4: 實際 | Y4: 平均人時性 | Z4: 實際 | AD4: 平均人時性 | AE4: 實際 | AI4: 平均人時性 | AJ4: 實際 | AN4: 平均人時性 | AO4: 實際 | AS4: 平均人時性 | AT4: 實際 | AX4: 平均人時性
E5: 產線配置圖 | I5: 產線配置圖 | P5: 生產實績 | U5: 生產實績 | Z5: 生產實績 | AE5: 生產實績 | AJ5: 生產實績 | AO5: 生產實績 | AT5: 生產實績
E6: 人數 | F6: 產能／時 | G6: 人時性 | I6: 人數 | J6: 產能／時 | K6: 人時性 | P6: 人數 | Q6: 產能／時 | R6: 人時性 | S6: 排名 | U6: 人數 | V6: 產能／時 | W6: 人時性 | X6: 排名 | Z6: 人數 | AA6: 產能／時 | AB6: 人時性 | AC6: 排名 | AE6: 人數 | AF6: 產能／時 | AG6: 人時性 | AH6: 排名 | AJ6: 人數 | AK6: 產能／時 | AL6: 人時性 | AM6: 排名 | AO6: 人數 | AP6: 產能／時 | AQ6: 人時性 | AR6: 排名 | AT6: 人數 | AU6: 產能／時 | AV6: 人時性 | AW6: 排名
B7: 熱食義麵 | C7: 1 | D7: 義式蕃茄起司義大利麵 | E7: =VLOOKUP(D7,'10產線配置圖'!$A$2:$C$25,2,0) -> 12 | F7: =VLOOKUP(D7,'10產線配置圖'!$A$2:$C$25,3,0) -> 2000 | G7: =F7/E7 -> 166.66667 | H7: =AVERAGE(G7:G24) -> 110.95405 | I7: =AVERAGE(P7,U7,Z7,AE7,AJ7,AO7,AT7) -> 12 | J7: =AVERAGE(Q7,V7,AA7,AF7,AK7,AP7,AU7) -> 1795 | K7: =AVERAGE(W7,AB7,AG7,AL7,AQ7,AV7) -> 149.58333 | L7: =IFERROR(AVERAGE(K7:K24),"-") -> 96.176076 | M7: =RANK(K7, K$7:$K$24) -> 1 | R7: =Q7/P7 -> #DIV/0! | S7: =RANK(R7, R$7:R$24) -> #DIV/0! | T7: =AVERAGE(R7:R24) -> #DIV/0! | U7: 12 | V7: 1730 | W7: =V7/U7 -> 144.16667 | X7: =RANK(W7, W$7:W$24) -> 1 | Y7: =AVERAGE(W7:W24) -> 94.697243 | Z7: 12 | AA7: 1553 | AB7: =AA7/Z7 -> 129.41667 | AC7: =RANK(AB7, AB$7:AB$24) -> 3 | AD7: =AVERAGE(AB7:AB24) -> 93.019608 | AE7: 12 | AF7: 1948 | AG7: =AF7/AE7 -> 162.33333 | AH7: =RANK(AG7, AG$7:AG$24) -> 1 | AI7: =AVERAGE(AG7:AG24) -> 97.425233 | AJ7: 12 | AK7: 1899 | AL7: =AK7/AJ7 -> 158.25 | AM7: =RANK(AL7, AL$7:AL$24) -> 1 | AN7: =AVERAGE(AL7:AL24) -> 99.758354 | AO7: 12 | AP7: 1820 | AQ7: =AP7/AO7 -> 151.66667 | AR7: =RANK(AQ7, AQ$7:AQ$24) -> 1 | AS7: =AVERAGE(AQ7:AQ24) -> 98.443947 | AT7: 12 | AU7: 1820 | AV7: =AU7/AT7 -> 151.66667 | AW7: =RANK(AV7, AV$7:AV$24) -> 1 | AX7: =AVERAGE(AV7:AV24) -> 96.157874
C8: 2 | D8: 奶油培根義大利麵 | E8: =VLOOKUP(D8,'10產線配置圖'!$A$2:$C$25,2,0) -> 13 | F8: =VLOOKUP(D8,'10產線配置圖'!$A$2:$C$25,3,0) -> 2000 | G8: =F8/E8 -> 153.84615 | I8: =AVERAGE(P8,U8,Z8,AE8,AJ8,AO8,AT8) -> 13 | J8: =AVERAGE(Q8,V8,AA8,AF8,AK8,AP8,AU8) -> 1826.5 | K8: =AVERAGE(W8,AB8,AG8,AL8,AQ8,AV8) -> 140.5 | M8: =RANK(K8, K$7:$K$24) -> 2 | R8: =Q8/P8 -> #DIV/0! | S8: =RANK(R8, R$7:R$24) -> #DIV/0! | U8: 13 | V8: 1829 | W8: =V8/U8 -> 140.69231 | X8: =RANK(W8, W$7:W$24) -> 2 | Z8: 13 | AA8: 1785 | AB8: =AA8/Z8 -> 137.30769 | AC8: =RANK(AB8, AB$7:AB$24) -> 2 | AE8: 13 | AF8: 1911 | AG8: =AF8/AE8 -> 147 | AH8: =RANK(AG8, AG$7:AG$24) -> 2 | AJ8: 13 | AK8: 1758 | AL8: =AK8/AJ8 -> 135.23077 | AM8: =RANK(AL8, AL$7:AL$24) -> 3 | AO8: 13 | AP8: 1934 | AQ8: =AP8/AO8 -> 148.76923 | AR8: =RANK(AQ8, AQ$7:AQ$24) -> 2 | AT8: 13 | AU8: 1742 | AV8: =AU8/AT8 -> 134 | AW8: =RANK(AV8, AV$7:AV$24) -> 2
C9: 3 | D9: 熱那亞青醬義大利麵 | E9: =VLOOKUP(D9,'10產線配置圖'!$A$2:$C$25,2,0) -> 16 | F9: =VLOOKUP(D9,'10產線配置圖'!$A$2:$C$25,3,0) -> 1915 | G9: =F9/E9 -> 119.6875 | I9: =AVERAGE(P9,U9,Z9,AE9,AJ9,AO9,AT9) -> 16 | J9: =AVERAGE(Q9,V9,AA9,AF9,AK9,AP9,AU9) -> 1579.5 | K9: =AVERAGE(W9,AB9,AG9,AL9,AQ9,AV9) -> 98.71875 | M9: =RANK(K9, K$7:$K$24) -> 5 | R9: =Q9/P9 -> #DIV/0! | S9: =RANK(R9, R$7:R$24) -> #DIV/0! | U9: 16 | V9: 1557 | W9: =V9/U9 -> 97.3125 | X9: =RANK(W9, W$7:W$24) -> 5 | Z9: 16 | AA9: 1657 | AB9: =AA9/Z9 -> 103.5625 | AC9: =RANK(AB9, AB$7:AB$24) -> 4 | AE9: 16 | AF9: 1620 | AG9: =AF9/AE9 -> 101.25 | AH9: =RANK(AG9, AG$7:AG$24) -> 6 | AJ9: 16 | AK9: 1538 | AL9: =AK9/AJ9 -> 96.125 | AM9: =RANK(AL9, AL$7:AL$24) -> 5 | AO9: 16 | AP9: 1564 | AQ9: =AP9/AO9 -> 97.75 | AR9: =RANK(AQ9, AQ$7:AQ$24) -> 5 | AT9: 16 | AU9: 1541 | AV9: =AU9/AT9 -> 96.3125 | AW9: =RANK(AV9, AV$7:AV$24) -> 5
C10: 4 | D10: 焗烤起司雙饗筆尖麵 | E10: =VLOOKUP(D10,'10產線配置圖'!$A$2:$C$25,2,0) -> 18 | F10: =VLOOKUP(D10,'10產線配置圖'!$A$2:$C$25,3,0) -> 1565 | G10: =F10/E10 -> 86.944444 | I10: =AVERAGE(P10,U10,Z10,AE10,AJ10,AO10,AT10) -> 18 | J10: =AVERAGE(Q10,V10,AA10,AF10,AK10,AP10,AU10) -> 1539.5 | K10: =AVERAGE(W10,AB10,AG10,AL10,AQ10,AV10) -> 85.527778 | M10: =RANK(K10, K$7:$K$24) -> 8 | R10: =Q10/P10 -> #DIV/0! | S10: =RANK(R10, R$7:R$24) -> #DIV/0! | U10: 18 | V10: 1515 | W10: =V10/U10 -> 84.166667 | X10: =RANK(W10, W$7:W$24) -> 8 | Z10: 18 | AA10: 1545 | AB10: =AA10/Z10 -> 85.833333 | AC10: =RANK(AB10, AB$7:AB$24) -> 7 | AE10: 18 | AF10: 1561 | AG10: =AF10/AE10 -> 86.722222 | AH10: =RANK(AG10, AG$7:AG$24) -> 7 | AJ10: 18 | AK10: 1564 | AL10: =AK10/AJ10 -> 86.888889 | AM10: =RANK(AL10, AL$7:AL$24) -> 8 | AO10: 18 | AP10: 1550 | AQ10: =AP10/AO10 -> 86.111111 | AR10: =RANK(AQ10, AQ$7:AQ$24) -> 9 | AT10: 18 | AU10: 1502 | AV10: =AU10/AT10 -> 83.444444 | AW10: =RANK(AV10, AV$7:AV$24) -> 8
C11: 5 | D11: 白酒蛤蜊義大利麵 | E11: =VLOOKUP(D11,'10產線配置圖'!$A$2:$C$25,2,0) -> 13 | F11: =VLOOKUP(D11,'10產線配置圖'!$A$2:$C$25,3,0) -> 2000 | G11: =F11/E11 -> 153.84615 | I11: =AVERAGE(P11,U11,Z11,AE11,AJ11,AO11,AT11) -> 13.166667 | J11: =AVERAGE(Q11,V11,AA11,AF11,AK11,AP11,AU11) -> 1775 | K11: =AVERAGE(W11,AB11,AG11,AL11,AQ11,AV11) -> 134.9185 | M11: =RANK(K11, K$7:$K$24) -> 3 | R11: =Q11/P11 -> #DIV/0! | S11: =RANK(R11, R$7:R$24) -> #DIV/0! | U11: 13 | V11: 1684 | W11: =V11/U11 -> 129.53846 | X11: =RANK(W11, W$7:W$24) -> 3 | Z11: 13 | AA11: 1900 | AB11: =AA11/Z11 -> 146.15385 | AC11: =RANK(AB11, AB$7:AB$24) -> 1 | AE11: 13 | AF11: 1679 | AG11: =AF11/AE11 -> 129.15385 | AH11: =RANK(AG11, AG$7:AG$24) -> 3 | AJ11: 13 | AK11: 1852 | AL11: =AK11/AJ11 -> 142.46154 | AM11: =RANK(AL11, AL$7:AL$24) -> 2 | AO11: 13 | AP11: 1766 | AQ11: =AP11/AO11 -> 135.84615 | AR11: =RANK(AQ11, AQ$7:AQ$24) -> 3 | AT11: 14 | AU11: 1769 | AV11: =AU11/AT11 -> 126.35714 | AW11: =RANK(AV11, AV$7:AV$24) -> 4
C12: 6 | D12: 韓式起司炸雞義大利麵 | E12: =VLOOKUP(D12,'10產線配置圖'!$A$2:$C$25,2,0) -> 14 | F12: =VLOOKUP(D12,'10產線配置圖'!$A$2:$C$25,3,0) -> 1895 | G12: =F12/E12 -> 135.35714 | I12: =AVERAGE(P12,U12,Z12,AE12,AJ12,AO12,AT12) -> 14.166667 | J12: =AVERAGE(Q12,V12,AA12,AF12,AK12,AP12,AU12) -> 1610 | K12: =AVERAGE(W12,AB12,AG12,AL12,AQ12,AV12) -> 113.72222 | M12: =RANK(K12, K$7:$K$24) -> 4 | R12: =Q12/P12 -> #DIV/0! | S12: =RANK(R12, R$7:R$24) -> #DIV/0! | U12: 15 | V12: 1610 | W12: =V12/U12 -> 107.33333 | X12: =RANK(W12, W$7:W$24) -> 4 | Z12: 14 | AA12: 1273 | AB12: =AA12/Z12 -> 90.928571 | AC12: =RANK(AB12, AB$7:AB$24) -> 5 | AE12: 14 | AF12: 1556 | AG12: =AF12/AE12 -> 111.14286 | AH12: =RANK(AG12, AG$7:AG$24) -> 4 | AJ12: 14 | AK12: 1734 | AL12: =AK12/AJ12 -> 123.85714 | AM12: =RANK(AL12, AL$7:AL$24) -> 4 | AO12: 14 | AP12: 1661 | AQ12: =AP12/AO12 -> 118.64286 | AR12: =RANK(AQ12, AQ$7:AQ$24) -> 4 | AT12: 14 | AU12: 1826 | AV12: =AU12/AT12 -> 130.42857 | AW12: =RANK(AV12, AV$7:AV$24) -> 3
C13: 7 | D13: 拿坡里義大利麵 | E13: =VLOOKUP(D13,'10產線配置圖'!$A$2:$C$25,2,0) -> 16 | F13: =VLOOKUP(D13,'10產線配置圖'!$A$2:$C$25,3,0) -> 1429 | G13: =F13/E13 -> 89.3125 | I13: =AVERAGE(P13,U13,Z13,AE13,AJ13,AO13,AT13) -> 15 | J13: =AVERAGE(Q13,V13,AA13,AF13,AK13,AP13,AU13) -> 970.33333 | K13: =AVERAGE(W13,AB13,AG13,AL13,AQ13,AV13) -> 65.029762 | M13: =RANK(K13, K$7:$K$24) -> 14 | R13: =Q13/P13 -> #DIV/0! | S13: =RANK(R13, R$7:R$24) -> #DIV/0! | U13: 16 | V13: 1043 | W13: =V13/U13 -> 65.1875 | X13: =RANK(W13, W$7:W$24) -> 14 | Z13: 14 | AA13: 924 | AB13: =AA13/Z13 -> 66 | AC13: =RANK(AB13, AB$7:AB$24) -> 14 | AE13: 14 | AF13: 895 | AG13: =AF13/AE13 -> 63.928571 | AH13: =RANK(AG13, AG$7:AG$24) -> 13 | AJ13: 14 | AK13: 1127 | AL13: =AK13/AJ13 -> 80.5 | AM13: =RANK(AL13, AL$7:AL$24) -> 10 | AO13: 16 | AP13: 1019 | AQ13: =AP13/AO13 -> 63.6875 | AR13: =RANK(AQ13, AQ$7:AQ$24) -> 13 | AT13: 16 | AU13: 814 | AV13: =AU13/AT13 -> 50.875 | AW13: =RANK(AV13, AV$7:AV$24) -> 13
C14: 8 | D14: 黑胡椒燻豬腿義大利麵 | E14: =VLOOKUP(D14,'10產線配置圖'!$A$2:$C$25,2,0) -> 18 | F14: =VLOOKUP(D14,'10產線配置圖'!$A$2:$C$25,3,0) -> 1500 | G14: =F14/E14 -> 83.333333 | I14: =AVERAGE(P14,U14,Z14,AE14,AJ14,AO14,AT14) -> 15 | J14: =AVERAGE(Q14,V14,AA14,AF14,AK14,AP14,AU14) -> 1138 | K14: =AVERAGE(W14,AB14,AG14,AL14,AQ14,AV14) -> 76.056418 | M14: =RANK(K14, K$7:$K$24) -> 11 | R14: =Q14/P14 -> #DIV/0! | S14: =RANK(R14, R$7:R$24) -> #DIV/0! | U14: 16 | V14: 1301 | W14: =V14/U14 -> 81.3125 | X14: =RANK(W14, W$7:W$24) -> 9 | Z14: 15 | AA14: 1092 | AB14: =AA14/Z14 -> 72.8 | AC14: =RANK(AB14, AB$7:AB$24) -> 12 | AE14: 13 | AF14: 1017 | AG14: =AF14/AE14 -> 78.230769 | AH14: =RANK(AG14, AG$7:AG$24) -> 10 | AJ14: 15 | AK14: 1171 | AL14: =AK14/AJ14 -> 78.066667 | AM14: =RANK(AL14, AL$7:AL$24) -> 11 | AO14: 17 | AP14: 1156 | AQ14: =AP14/AO14 -> 68 | AR14: =RANK(AQ14, AQ$7:AQ$24) -> 11 | AT14: 14 | AU14: 1091 | AV14: =AU14/AT14 -> 77.928571 | AW14: =RANK(AV14, AV$7:AV$24) -> 10
C15: 9 | D15: 奶油蒜香雞義大利麵 | E15: =VLOOKUP(D15,'10產線配置圖'!$A$2:$C$25,2,0) -> 18 | F15: =VLOOKUP(D15,'10產線配置圖'!$A$2:$C$25,3,0) -> 1385 | G15: =F15/E15 -> 76.944444 | I15: =AVERAGE(P15,U15,Z15,AE15,AJ15,AO15,AT15) -> 17.166667 | J15: =AVERAGE(Q15,V15,AA15,AF15,AK15,AP15,AU15) -> 1192.3333 | K15: =AVERAGE(W15,AB15,AG15,AL15,AQ15,AV15) -> 69.317974 | M15: =RANK(K15, K$7:$K$24) -> 13 | R15: =Q15/P15 -> #DIV/0! | S15: =RANK(R15, R$7:R$24) -> #DIV/0! | U15: 17 | V15: 1290 | W15: =V15/U15 -> 75.882353 | X15: =RANK(W15, W$7:W$24) -> 12 | Z15: 18 | AA15: 1253 | AB15: =AA15/Z15 -> 69.611111 | AC15: =RANK(AB15, AB$7:AB$24) -> 13 | AE15: 15 | AF15: 952 | AG15: =AF15/AE15 -> 63.466667 | AH15: =RANK(AG15, AG$7:AG$24) -> 14 | AJ15: 18 | AK15: 1351 | AL15: =AK15/AJ15 -> 75.055556 | AM15: =RANK(AL15, AL$7:AL$24) -> 12 | AO15: 17 | AP15: 1123 | AQ15: =AP15/AO15 -> 66.058824 | AR15: =RANK(AQ15, AQ$7:AQ$24) -> 12 | AT15: 18 | AU15: 1185 | AV15: =AU15/AT15 -> 65.833333 | AW15: =RANK(AV15, AV$7:AV$24) -> 12
C16: 10 | D16: 青花椒麻雞肉拌麵 | E16: =VLOOKUP(D16,'10產線配置圖'!$A$2:$C$25,2,0) -> 17 | F16: =VLOOKUP(D16,'10產線配置圖'!$A$2:$C$25,3,0) -> 1565 | G16: =F16/E16 -> 92.058824 | I16: =AVERAGE(P16,U16,Z16,AE16,AJ16,AO16,AT16) -> 16.5 | J16: =AVERAGE(Q16,V16,AA16,AF16,AK16,AP16,AU16) -> 1434.6667 | K16: =AVERAGE(W16,AB16,AG16,AL16,AQ16,AV16) -> 86.907475 | M16: =RANK(K16, K$7:$K$24) -> 6 | R16: =Q16/P16 -> #DIV/0! | S16: =RANK(R16, R$7:R$24) -> #DIV/0! | U16: 16 | V16: 1373 | W16: =V16/U16 -> 85.8125 | X16: =RANK(W16, W$7:W$24) -> 7 | Z16: 17 | AA16: 1478 | AB16: =AA16/Z16 -> 86.941176 | AC16: =RANK(AB16, AB$7:AB$24) -> 6 | AE16: 16 | AF16: 1354 | AG16: =AF16/AE16 -> 84.625 | AH16: =RANK(AG16, AG$7:AG$24) -> 8 | AJ16: 16 | AK16: 1378 | AL16: =AK16/AJ16 -> 86.125 | AM16: =RANK(AL16, AL$7:AL$24) -> 9 | AO16: 17 | AP16: 1551 | AQ16: =AP16/AO16 -> 91.235294 | AR16: =RANK(AQ16, AQ$7:AQ$24) -> 6 | AT16: 17 | AU16: 1474 | AV16: =AU16/AT16 -> 86.705882 | AW16: =RANK(AV16, AV$7:AV$24) -> 6
C17: 11 | D17: 韓式辣醬肉丸義大利麵 | E17: =VLOOKUP(D17,'10產線配置圖'!$A$2:$C$25,2,0) -> 15 | F17: =VLOOKUP(D17,'10產線配置圖'!$A$2:$C$25,3,0) -> 1800 | G17: =F17/E17 -> 120 | I17: =AVERAGE(P17,U17,Z17,AE17,AJ17,AO17,AT17) -> 15.166667 | J17: =AVERAGE(Q17,V17,AA17,AF17,AK17,AP17,AU17) -> 1200.5 | K17: =AVERAGE(W17,AB17,AG17,AL17,AQ17,AV17) -> 79.046767 | M17: =RANK(K17, K$7:$K$24) -> 10 | R17: =Q17/P17 -> #DIV/0! | S17: =RANK(R17, R$7:R$24) -> #DIV/0! | U17: 15 | V17: 1164 | W17: =V17/U17 -> 77.6 | X17: =RANK(W17, W$7:W$24) -> 11 | Z17: 15 | AA17: 1111 | AB17: =AA17/Z17 -> 74.066667 | AC17: =RANK(AB17, AB$7:AB$24) -> 10 | AE17: 13 | AF17: 1054 | AG17: =AF17/AE17 -> 81.076923 | AH17: =RANK(AG17, AG$7:AG$24) -> 9 | AJ17: 17 | AK17: 1478 | AL17: =AK17/AJ17 -> 86.941176 | AM17: =RANK(AL17, AL$7:AL$24) -> 7 | AO17: 16 | AP17: 1233 | AQ17: =AP17/AO17 -> 77.0625 | AR17: =RANK(AQ17, AQ$7:AQ$24) -> 10 | AT17: 15 | AU17: 1163 | AV17: =AU17/AT17 -> 77.533333 | AW17: =RANK(AV17, AV$7:AV$24) -> 11
C18: 12 | D18: 家傳炸醬麵 | E18: =VLOOKUP(D18,'10產線配置圖'!$A$2:$C$25,2,0) -> 18 | F18: =VLOOKUP(D18,'10產線配置圖'!$A$2:$C$25,3,0) -> 1636 | G18: =F18/E18 -> 90.888889 | I18: =AVERAGE(P18,U18,Z18,AE18,AJ18,AO18,AT18) -> 16 | J18: =AVERAGE(Q18,V18,AA18,AF18,AK18,AP18,AU18) -> 1220.5 | K18: =AVERAGE(W18,AB18,AG18,AL18,AQ18,AV18) -> 76.055596 | M18: =RANK(K18, K$7:$K$24) -> 12 | R18: =Q18/P18 -> #DIV/0! | S18: =RANK(R18, R$7:R$24) -> #DIV/0! | U18: 15 | V18: 1176 | W18: =V18/U18 -> 78.4 | X18: =RANK(W18, W$7:W$24) -> 10 | Z18: 18 | AA18: 1317 | AB18: =AA18/Z18 -> 73.166667 | AC18: =RANK(AB18, AB$7:AB$24) -> 11 | AE18: 15 | AF18: 1114 | AG18: =AF18/AE18 -> 74.266667 | AH18: =RANK(AG18, AG$7:AG$24) -> 12 | AJ18: 15 | AK18: 893 | AL18: =AK18/AJ18 -> 59.533333 | AM18: =RANK(AL18, AL$7:AL$24) -> 13 | AO18: 17 | AP18: 1488 | AQ18: =AP18/AO18 -> 87.529412 | AR18: =RANK(AQ18, AQ$7:AQ$24) -> 7 | AT18: 16 | AU18: 1335 | AV18: =AU18/AT18 -> 83.4375 | AW18: =RANK(AV18, AV$7:AV$24) -> 9
C19: 13 | D19: 剝皮辣椒雞奶油扁麵 | E19: =VLOOKUP(D19,'10產線配置圖'!$A$2:$C$25,2,0) -> 17 | F19: =VLOOKUP(D19,'10產線配置圖'!$A$2:$C$25,3,0) -> 1500 | G19: =F19/E19 -> 88.235294 | I19: =AVERAGE(P19,U19,Z19,AE19,AJ19,AO19,AT19) -> 17.166667 | J19: =AVERAGE(Q19,V19,AA19,AF19,AK19,AP19,AU19) -> 1447 | K19: =AVERAGE(W19,AB19,AG19,AL19,AQ19,AV19) -> 84.374183 | M19: =RANK(K19, K$7:$K$24) -> 9 | R19: =Q19/P19 -> #DIV/0! | S19: =RANK(R19, R$7:R$24) -> #DIV/0! | U19: 17 | V19: 1484 | W19: =V19/U19 -> 87.294118 | X19: =RANK(W19, W$7:W$24) -> 6 | Z19: 17 | AA19: 1400 | AB19: =AA19/Z19 -> 82.352941 | AC19: =RANK(AB19, AB$7:AB$24) -> 9 | AE19: 18 | AF19: 1365 | AG19: =AF19/AE19 -> 75.833333 | AH19: =RANK(AG19, AG$7:AG$24) -> 11 | AJ19: 17 | AK19: 1493 | AL19: =AK19/AJ19 -> 87.823529 | AM19: =RANK(AL19, AL$7:AL$24) -> 6 | AO19: 17 | AP19: 1486 | AQ19: =AP19/AO19 -> 87.411765 | AR19: =RANK(AQ19, AQ$7:AQ$24) -> 8 | AT19: 17 | AU19: 1454 | AV19: =AU19/AT19 -> 85.529412 | AW19: =RANK(AV19, AV$7:AV$24) -> 7
C20: 14 | D20: 羊乳起司培根筆尖麵 | E20: =VLOOKUP(D20,'10產線配置圖'!$A$2:$C$25,2,0) -> 17 | F20: =VLOOKUP(D20,'10產線配置圖'!$A$2:$C$25,3,0) -> 1636 | G20: =F20/E20 -> 96.235294 | I20: =AVERAGE(P20,U20,Z20,AE20,AJ20,AO20,AT20) -> 14.666667 | J20: =AVERAGE(Q20,V20,AA20,AF20,AK20,AP20,AU20) -> 1254.3333 | K20: =AVERAGE(W20,AB20,AG20,AL20,AQ20,AV20) -> 86.706303 | M20: =RANK(K20, K$7:$K$24) -> 7 | R20: =Q20/P20 -> #DIV/0! | S20: =RANK(R20, R$7:R$24) -> #DIV/0! | U20: 16 | V20: 1137 | W20: =V20/U20 -> 71.0625 | X20: =RANK(W20, W$7:W$24) -> 13 | Z20: 15 | AA20: 1262 | AB20: =AA20/Z20 -> 84.133333 | AC20: =RANK(AB20, AB$7:AB$24) -> 8 | AE20: 13 | AF20: 1364 | AG20: =AF20/AE20 -> 104.92308 | AH20: =RANK(AG20, AG$7:AG$24) -> 5
C21: 15 | R21: =Q21/P21 -> #DIV/0! | S21: =RANK(R21, R$7:R$24) -> #DIV/0!
C22: 16 | R22: =Q22/P22 -> #DIV/0! | S22: =RANK(R22, R$7:R$24) -> #DIV/0!
C23: 17 | R23: =Q23/P23 -> #DIV/0! | S23: =RANK(R23, R$7:R$24) -> #DIV/0!
C24: 18 | R24: =Q24/P24 -> #DIV/0! | S24: =RANK(R24, R$7:R$24) -> #DIV/0!
B25: 產線配置圖－每週更新 | N25: 資料繳交 | O25: 日期 | P25: 45937 | U25: 45938 | Z25: 45939 | AE25: 45940 | AJ25: 45941 | AO25: 45942 | AT25: 45943
P26: 二 | U26: 三 | Z26: 四 | AE26: 五 | AJ26: 六 | AO26: 日 | AT26: 一
B27: 品群 | C27: 商品名稱 | E27: 計畫 | H27: 平均人時性 | I27: 實績 | L27: 平均人時性 | M27: 排名 | O27: 日報 | P27: 實際 | T27: 平均人時性 | U27: 實際 | Y27: 平均人時性 | Z27: 實際 | AD27: 平均人時性 | AE27: 實際 | AI27: 平均人時性 | AJ27: 實際 | AN27: 平均人時性 | AO27: 實際 | AS27: 平均人時性 | AT27: 實際 | AX27: 平均人時性
E28: 產線配置圖 | I28: 產線配置圖 | P28: 生產實績 | U28: 生產實績 | Z28: 生產實績 | AE28: 生產實績 | AJ28: 生產實績 | AO28: 生產實績 | AT28: 生產實績
E29: 人數 | F29: 產能／時 | G29: 人時性 | I29: 人數 | J29: 產能／時 | K29: 人時性 | P29: 人數 | Q29: 產能／時 | R29: 人時性 | S29: 排名 | U29: 人數 | V29: 產能／時 | W29: 人時性 | X29: 排名 | Z29: 人數 | AA29: 產能／時 | AB29: 人時性 | AC29: 排名 | AE29: 人數 | AF29: 產能／時 | AG29: 人時性 | AH29: 排名 | AJ29: 人數 | AK29: 產能／時 | AL29: 人時性 | AM29: 排名 | AO29: 人數 | AP29: 產能／時 | AQ29: 人時性 | AR29: 排名 | AT29: 人數 | AU29: 產能／時 | AV29: 人時性 | AW29: 排名
B30: 熱食義麵 | C30: 1 | D30: 義式蕃茄起司義大利麵 | E30: =VLOOKUP(D30,'10產線配置圖'!$A$2:$C$25,2,0) -> 12 | F30: =VLOOKUP(D30,'10產線配置圖'!$A$2:$C$25,3,0) -> 2000 | G30: =F30/E30 -> 166.66667 | H30: =AVERAGE(G30:G47) -> 110.95405 | I30: =AVERAGE(P30,U30,Z30,AE30,AJ30,AO30,AT30) -> #DIV/0! | J30: =AVERAGE(Q30,V30,AA30,AF30,AK30,AP30,AU30) -> #DIV/0! | K30: =AVERAGE(R30,W30,AB30,AG30,AL30,AQ30,AV30) -> #DIV/0! | L30: =IFERROR(AVERAGE(K30:K47),"-") -> - | M30: =RANK(K30, K$30:$K$47) -> #DIV/0! | R30: =Q30/P30 -> #DIV/0! | S30: =RANK(R30,$R$30:$R$47) -> #DIV/0! | T30: =AVERAGE(R30:R47) -> #DIV/0! | W30: =V30/U30 -> #DIV/0! | X30: =RANK(W30, $W$30:$W$47) -> #DIV/0! | Y30: =AVERAGE(W30:W47) -> #DIV/0! | AB30: =AA30/Z30 -> #DIV/0! | AC30: =RANK(AB30, $AB$30:$AB$47) -> #DIV/0! | AD30: =AVERAGE(AB30:AB47) -> #DIV/0! | AG30: =AF30/AE30 -> #DIV/0! | AH30: =RANK(AG30, $AG$30:$AG$47) -> #DIV/0! | AI30: =AVERAGE(AG30:AG47) -> #DIV/0! | AL30: =AK30/AJ30 -> #DIV/0! | AM30: =RANK(AL30, $AL$30:$AL$47) -> #DIV/0! | AN30: =AVERAGE(AL30:AL47) -> #DIV/0! | AQ30: =AP30/AO30 -> #DIV/0! | AR30: =RANK(AQ30,$AQ$30:$AQ$47) -> #DIV/0! | AS30: =AVERAGE(AQ30:AQ47) -> #DIV/0! | AV30: =AU30/AT30 -> #DIV/0! | AW30: =RANK(AV30, $AV$30:$AV$47) -> #DIV/0! | AX30: =AVERAGE(AV30:AV47) -> #DIV/0!
C31: 2 | D31: 奶油培根義大利麵 | E31: =VLOOKUP(D31,'10產線配置圖'!$A$2:$C$25,2,0) -> 13 | F31: =VLOOKUP(D31,'10產線配置圖'!$A$2:$C$25,3,0) -> 2000 | G31: =F31/E31 -> 153.84615 | I31: =AVERAGE(P31,U31,Z31,AE31,AJ31,AO31,AT31) -> #DIV/0! | J31: =AVERAGE(Q31,V31,AA31,AF31,AK31,AP31,AU31) -> #DIV/0! | K31: =AVERAGE(R31,W31,AB31,AG31,AL31,AQ31,AV31) -> #DIV/0! | M31: =RANK(K31, K$30:$K$47) -> #DIV/0! | R31: =Q31/P31 -> #DIV/0! | S31: =RANK(R31,$R$30:$R$47) -> #DIV/0! | W31: =V31/U31 -> #DIV/0! | X31: =RANK(W31, $W$30:$W$47) -> #DIV/0! | AB31: =AA31/Z31 -> #DIV/0! | AC31: =RANK(AB31, $AB$30:$AB$47) -> #DIV/0! | AG31: =AF31/AE31 -> #DIV/0! | AH31: =RANK(AG31, $AG$30:$AG$47) -> #DIV/0! | AL31: =AK31/AJ31 -> #DIV/0! | AM31: =RANK(AL31, $AL$30:$AL$47) -> #DIV/0! | AQ31: =AP31/AO31 -> #DIV/0! | AR31: =RANK(AQ31,$AQ$30:$AQ$47) -> #DIV/0! | AV31: =AU31/AT31 -> #DIV/0! | AW31: =RANK(AV31, $AV$30:$AV$47) -> #DIV/0!
C32: 3 | D32: 熱那亞青醬義大利麵 | E32: =VLOOKUP(D32,'10產線配置圖'!$A$2:$C$25,2,0) -> 16 | F32: =VLOOKUP(D32,'10產線配置圖'!$A$2:$C$25,3,0) -> 1915 | G32: =F32/E32 -> 119.6875 | I32: =AVERAGE(P32,U32,Z32,AE32,AJ32,AO32,AT32) -> #DIV/0! | J32: =AVERAGE(Q32,V32,AA32,AF32,AK32,AP32,AU32) -> #DIV/0! | K32: =AVERAGE(R32,W32,AB32,AG32,AL32,AQ32,AV32) -> #DIV/0! | M32: =RANK(K32, K$30:$K$47) -> #DIV/0! | R32: =Q32/P32 -> #DIV/0! | S32: =RANK(R32,$R$30:$R$47) -> #DIV/0! | W32: =V32/U32 -> #DIV/0! | X32: =RANK(W32, $W$30:$W$47) -> #DIV/0! | AB32: =AA32/Z32 -> #DIV/0! | AC32: =RANK(AB32, $AB$30:$AB$47) -> #DIV/0! | AG32: =AF32/AE32 -> #DIV/0! | AH32: =RANK(AG32, $AG$30:$AG$47) -> #DIV/0! | AL32: =AK32/AJ32 -> #DIV/0! | AM32: =RANK(AL32, $AL$30:$AL$47) -> #DIV/0! | AQ32: =AP32/AO32 -> #DIV/0! | AR32: =RANK(AQ32,$AQ$30:$AQ$47) -> #DIV/0! | AV32: =AU32/AT32 -> #DIV/0! | AW32: =RANK(AV32, $AV$30:$AV$47) -> #DIV/0!
C33: 4 | D33: 焗烤起司雙饗筆尖麵 | E33: =VLOOKUP(D33,'10產線配置圖'!$A$2:$C$25,2,0) -> 18 | F33: =VLOOKUP(D33,'10產線配置圖'!$A$2:$C$25,3,0) -> 1565 | G33: =F33/E33 -> 86.944444 | I33: =AVERAGE(P33,U33,Z33,AE33,AJ33,AO33,AT33) -> #DIV/0! | J33: =AVERAGE(Q33,V33,AA33,AF33,AK33,AP33,AU33) -> #DIV/0! | K33: =AVERAGE(R33,W33,AB33,AG33,AL33,AQ33,AV33) -> #DIV/0! | M33: =RANK(K33, K$30:$K$47) -> #DIV/0! | R33: =Q33/P33 -> #DIV/0! | S33: =RANK(R33,$R$30:$R$47) -> #DIV/0! | W33: =V33/U33 -> #DIV/0! | X33: =RANK(W33, $W$30:$W$47) -> #DIV/0! | AB33: =AA33/Z33 -> #DIV/0! | AC33: =RANK(AB33, $AB$30:$AB$47) -> #DIV/0! | AG33: =AF33/AE33 -> #DIV/0! | AH33: =RANK(AG33, $AG$30:$AG$47) -> #DIV/0! | AL33: =AK33/AJ33 -> #DIV/0! | AM33: =RANK(AL33, $AL$30:$AL$47) -> #DIV/0! | AQ33: =AP33/AO33 -> #DIV/0! | AR33: =RANK(AQ33,$AQ$30:$AQ$47) -> #DIV/0! | AV33: =AU33/AT33 -> #DIV/0! | AW33: =RANK(AV33, $AV$30:$AV$47) -> #DIV/0!
C34: 5 | D34: 白酒蛤蜊義大利麵 | E34: =VLOOKUP(D34,'10產線配置圖'!$A$2:$C$25,2,0) -> 13 | F34: =VLOOKUP(D34,'10產線配置圖'!$A$2:$C$25,3,0) -> 2000 | G34: =F34/E34 -> 153.84615 | I34: =AVERAGE(P34,U34,Z34,AE34,AJ34,AO34,AT34) -> #DIV/0! | J34: =AVERAGE(Q34,V34,AA34,AF34,AK34,AP34,AU34) -> #DIV/0! | K34: =AVERAGE(R34,W34,AB34,AG34,AL34,AQ34,AV34) -> #DIV/0! | M34: =RANK(K34, K$30:$K$47) -> #DIV/0! | R34: =Q34/P34 -> #DIV/0! | S34: =RANK(R34,$R$30:$R$47) -> #DIV/0! | W34: =V34/U34 -> #DIV/0! | X34: =RANK(W34, $W$30:$W$47) -> #DIV/0! | AB34: =AA34/Z34 -> #DIV/0! | AC34: =RANK(AB34, $AB$30:$AB$47) -> #DIV/0! | AG34: =AF34/AE34 -> #DIV/0! | AH34: =RANK(AG34, $AG$30:$AG$47) -> #DIV/0! | AL34: =AK34/AJ34 -> #DIV/0! | AM34: =RANK(AL34, $AL$30:$AL$47) -> #DIV/0! | AQ34: =AP34/AO34 -> #DIV/0! | AR34: =RANK(AQ34,$AQ$30:$AQ$47) -> #DIV/0! | AV34: =AU34/AT34 -> #DIV/0! | AW34: =RANK(AV34, $AV$30:$AV$47) -> #DIV/0!
C35: 6 | D35: 韓式起司炸雞義大利麵 | E35: =VLOOKUP(D35,'10產線配置圖'!$A$2:$C$25,2,0) -> 14 | F35: =VLOOKUP(D35,'10產線配置圖'!$A$2:$C$25,3,0) -> 1895 | G35: =F35/E35 -> 135.35714 | I35: =AVERAGE(P35,U35,Z35,AE35,AJ35,AO35,AT35) -> #DIV/0! | J35: =AVERAGE(Q35,V35,AA35,AF35,AK35,AP35,AU35) -> #DIV/0! | K35: =AVERAGE(R35,W35,AB35,AG35,AL35,AQ35,AV35) -> #DIV/0! | M35: =RANK(K35, K$30:$K$47) -> #DIV/0! | R35: =Q35/P35 -> #DIV/0! | S35: =RANK(R35,$R$30:$R$47) -> #DIV/0! | W35: =V35/U35 -> #DIV/0! | X35: =RANK(W35, $W$30:$W$47) -> #DIV/0! | AB35: =AA35/Z35 -> #DIV/0! | AC35: =RANK(AB35, $AB$30:$AB$47) -> #DIV/0! | AG35: =AF35/AE35 -> #DIV/0! | AH35: =RANK(AG35, $AG$30:$AG$47) -> #DIV/0! | AL35: =AK35/AJ35 -> #DIV/0! | AM35: =RANK(AL35, $AL$30:$AL$47) -> #DIV/0! | AQ35: =AP35/AO35 -> #DIV/0! | AR35: =RANK(AQ35,$AQ$30:$AQ$47) -> #DIV/0! | AV35: =AU35/AT35 -> #DIV/0! | AW35: =RANK(AV35, $AV$30:$AV$47) -> #DIV/0!
C36: 7 | D36: 拿坡里義大利麵 | E36: =VLOOKUP(D36,'10產線配置圖'!$A$2:$C$25,2,0) -> 16 | F36: =VLOOKUP(D36,'10產線配置圖'!$A$2:$C$25,3,0) -> 1429 | G36: =F36/E36 -> 89.3125 | I36: =AVERAGE(P36,U36,Z36,AE36,AJ36,AO36,AT36) -> #DIV/0! | J36: =AVERAGE(Q36,V36,AA36,AF36,AK36,AP36,AU36) -> #DIV/0! | K36: =AVERAGE(R36,W36,AB36,AG36,AL36,AQ36,AV36) -> #DIV/0! | M36: =RANK(K36, K$30:$K$47) -> #DIV/0! | R36: =Q36/P36 -> #DIV/0! | S36: =RANK(R36,$R$30:$R$47) -> #DIV/0! | W36: =V36/U36 -> #DIV/0! | X36: =RANK(W36, $W$30:$W$47) -> #DIV/0! | AB36: =AA36/Z36 -> #DIV/0! | AC36: =RANK(AB36, $AB$30:$AB$47) -> #DIV/0! | AG36: =AF36/AE36 -> #DIV/0! | AH36: =RANK(AG36, $AG$30:$AG$47) -> #DIV/0!
C37: 8 | D37: 黑胡椒燻豬腿義大利麵 | E37: =VLOOKUP(D37,'10產線配置圖'!$A$2:$C$25,2,0) -> 18 | F37: =VLOOKUP(D37,'10產線配置圖'!$A$2:$C$25,3,0) -> 1500 | G37: =F37/E37 -> 83.333333 | I37: =AVERAGE(P37,U37,Z37,AE37,AJ37,AO37,AT37) -> #DIV/0! | J37: =AVERAGE(Q37,V37,AA37,AF37,AK37,AP37,AU37) -> #DIV/0! | K37: =AVERAGE(R37,W37,AB37,AG37,AL37,AQ37,AV37) -> #DIV/0! | M37: =RANK(K37, K$30:$K$47) -> #DIV/0! | R37: =Q37/P37 -> #DIV/0! | S37: =RANK(R37,$R$30:$R$47) -> #DIV/0! | W37: =V37/U37 -> #DIV/0! | X37: =RANK(W37, $W$30:$W$47) -> #DIV/0! | AB37: =AA37/Z37 -> #DIV/0! | AC37: =RANK(AB37, $AB$30:$AB$47) -> #DIV/0! | AG37: =AF37/AE37 -> #DIV/0! | AH37: =RANK(AG37, $AG$30:$AG$47) -> #DIV/0! | AL37: =AK37/AJ37 -> #DIV/0! | AM37: =RANK(AL37, $AL$30:$AL$47) -> #DIV/0! | AQ37: =AP37/AO37 -> #DIV/0! | AR37: =RANK(AQ37,$AQ$30:$AQ$47) -> #DIV/0! | AV37: =AU37/AT37 -> #DIV/0! | AW37: =RANK(AV37, $AV$30:$AV$47) -> #DIV/0!
C38: 9 | D38: 奶油蒜香雞義大利麵 | E38: =VLOOKUP(D38,'10產線配置圖'!$A$2:$C$25,2,0) -> 18 | F38: =VLOOKUP(D38,'10產線配置圖'!$A$2:$C$25,3,0) -> 1385 | G38: =F38/E38 -> 76.944444 | I38: =AVERAGE(P38,U38,Z38,AE38,AJ38,AO38,AT38) -> #DIV/0! | J38: =AVERAGE(Q38,V38,AA38,AF38,AK38,AP38,AU38) -> #DIV/0! | K38: =AVERAGE(R38,W38,AB38,AG38,AL38,AQ38,AV38) -> #DIV/0! | M38: =RANK(K38, K$30:$K$47) -> #DIV/0! | R38: =Q38/P38 -> #DIV/0! | S38: =RANK(R38,$R$30:$R$47) -> #DIV/0! | W38: =V38/U38 -> #DIV/0! | X38: =RANK(W38, $W$30:$W$47) -> #DIV/0! | AB38: =AA38/Z38 -> #DIV/0! | AC38: =RANK(AB38, $AB$30:$AB$47) -> #DIV/0! | AG38: =AF38/AE38 -> #DIV/0! | AH38: =RANK(AG38, $AG$30:$AG$47) -> #DIV/0! | AL38: =AK38/AJ38 -> #DIV/0! | AM38: =RANK(AL38, $AL$30:$AL$47) -> #DIV/0! | AQ38: =AP38/AO38 -> #DIV/0! | AR38: =RANK(AQ38,$AQ$30:$AQ$47) -> #DIV/0! | AV38: =AU38/AT38 -> #DIV/0! | AW38: =RANK(AV38, $AV$30:$AV$47) -> #DIV/0!
C39: 10 | D39: 青花椒麻雞肉拌麵 | E39: =VLOOKUP(D39,'10產線配置圖'!$A$2:$C$25,2,0) -> 17 | F39: =VLOOKUP(D39,'10產線配置圖'!$A$2:$C$25,3,0) -> 1565 | G39: =F39/E39 -> 92.058824 | I39: =AVERAGE(P39,U39,Z39,AE39,AJ39,AO39,AT39) -> #DIV/0! | J39: =AVERAGE(Q39,V39,AA39,AF39,AK39,AP39,AU39) -> #DIV/0! | K39: =AVERAGE(R39,W39,AB39,AG39,AL39,AQ39,AV39) -> #DIV/0! | M39: =RANK(K39, K$30:$K$47) -> #DIV/0! | R39: =Q39/P39 -> #DIV/0! | S39: =RANK(R39,$R$30:$R$47) -> #DIV/0! | W39: =V39/U39 -> #DIV/0! | X39: =RANK(W39, $W$30:$W$47) -> #DIV/0! | AB39: =AA39/Z39 -> #DIV/0! | AC39: =RANK(AB39, $AB$30:$AB$47) -> #DIV/0! | AG39: =AF39/AE39 -> #DIV/0! | AH39: =RANK(AG39, $AG$30:$AG$47) -> #DIV/0! | AL39: =AK39/AJ39 -> #DIV/0! | AM39: =RANK(AL39, $AL$30:$AL$47) -> #DIV/0! | AQ39: =AP39/AO39 -> #DIV/0! | AR39: =RANK(AQ39,$AQ$30:$AQ$47) -> #DIV/0! | AV39: =AU39/AT39 -> #DIV/0! | AW39: =RANK(AV39, $AV$30:$AV$47) -> #DIV/0!
C40: 11 | D40: 羊乳起司培根筆尖麵 | E40: =VLOOKUP(D40,'10產線配置圖'!$A$2:$C$25,2,0) -> 17 | F40: =VLOOKUP(D40,'10產線配置圖'!$A$2:$C$25,3,0) -> 1636 | G40: =F40/E40 -> 96.235294 | I40: =AVERAGE(P40,U40,Z40,AE40,AJ40,AO40,AT40) -> #DIV/0! | J40: =AVERAGE(Q40,V40,AA40,AF40,AK40,AP40,AU40) -> #DIV/0! | K40: =AVERAGE(R40,W40,AB40,AG40,AL40,AQ40,AV40) -> #DIV/0! | M40: =RANK(K40, K$30:$K$47) -> #DIV/0! | R40: =Q40/P40 -> #DIV/0! | S40: =RANK(R40,$R$30:$R$47) -> #DIV/0! | W40: =V40/U40 -> #DIV/0! | X40: =RANK(W40, $W$30:$W$47) -> #DIV/0! | AB40: =AA40/Z40 -> #DIV/0! | AC40: =RANK(AB40, $AB$30:$AB$47) -> #DIV/0! | AG40: =AF40/AE40 -> #DIV/0! | AH40: =RANK(AG40, $AG$30:$AG$47) -> #DIV/0! | AL40: =AK40/AJ40 -> #DIV/0! | AM40: =RANK(AL40, $AL$30:$AL$47) -> #DIV/0! | AQ40: =AP40/AO40 -> #DIV/0! | AR40: =RANK(AQ40,$AQ$30:$AQ$47) -> #DIV/0! | AV40: =AU40/AT40 -> #DIV/0! | AW40: =RANK(AV40, $AV$30:$AV$47) -> #DIV/0!
C41: 12 | D41: 韓式辣醬肉丸義大利麵 | E41: =VLOOKUP(D41,'10產線配置圖'!$A$2:$C$25,2,0) -> 15 | F41: =VLOOKUP(D41,'10產線配置圖'!$A$2:$C$25,3,0) -> 1800 | G41: =F41/E41 -> 120 | I41: =AVERAGE(P41,U41,Z41,AE41,AJ41,AO41,AT41) -> #DIV/0! | J41: =AVERAGE(Q41,V41,AA41,AF41,AK41,AP41,AU41) -> #DIV/0! | K41: =AVERAGE(R41,W41,AB41,AG41,AL41,AQ41,AV41) -> #DIV/0! | M41: =RANK(K41, K$30:$K$47) -> #DIV/0! | R41: =Q41/P41 -> #DIV/0! | S41: =RANK(R41,$R$30:$R$47) -> #DIV/0! | W41: =V41/U41 -> #DIV/0! | X41: =RANK(W41, $W$30:$W$47) -> #DIV/0! | AB41: =AA41/Z41 -> #DIV/0! | AC41: =RANK(AB41, $AB$30:$AB$47) -> #DIV/0! | AG41: =AF41/AE41 -> #DIV/0! | AH41: =RANK(AG41, $AG$30:$AG$47) -> #DIV/0! | AL41: =AK41/AJ41 -> #DIV/0! | AM41: =RANK(AL41, $AL$30:$AL$47) -> #DIV/0! | AQ41: =AP41/AO41 -> #DIV/0! | AR41: =RANK(AQ41,$AQ$30:$AQ$47) -> #DIV/0! | AV41: =AU41/AT41 -> #DIV/0! | AW41: =RANK(AV41, $AV$30:$AV$47) -> #DIV/0!
C42: 13 | D42: 家傳炸醬麵 | E42: =VLOOKUP(D42,'10產線配置圖'!$A$2:$C$25,2,0) -> 18 | F42: =VLOOKUP(D42,'10產線配置圖'!$A$2:$C$25,3,0) -> 1636 | G42: =F42/E42 -> 90.888889 | I42: =AVERAGE(P42,U42,Z42,AE42,AJ42,AO42,AT42) -> #DIV/0! | J42: =AVERAGE(Q42,V42,AA42,AF42,AK42,AP42,AU42) -> #DIV/0! | K42: =AVERAGE(R42,W42,AB42,AG42,AL42,AQ42,AV42) -> #DIV/0! | M42: =RANK(K42, K$30:$K$47) -> #DIV/0! | R42: =Q42/P42 -> #DIV/0! | S42: =RANK(R42,$R$30:$R$47) -> #DIV/0! | W42: =V42/U42 -> #DIV/0! | X42: =RANK(W42, $W$30:$W$47) -> #DIV/0! | AB42: =AA42/Z42 -> #DIV/0! | AC42: =RANK(AB42, $AB$30:$AB$47) -> #DIV/0! | AG42: =AF42/AE42 -> #DIV/0! | AH42: =RANK(AG42, $AG$30:$AG$47) -> #DIV/0! | AL42: =AK42/AJ42 -> #DIV/0! | AM42: =RANK(AL42, $AL$30:$AL$47) -> #DIV/0! | AQ42: =AP42/AO42 -> #DIV/0! | AR42: =RANK(AQ42,$AQ$30:$AQ$47) -> #DIV/0! | AV42: =AU42/AT42 -> #DIV/0! | AW42: =RANK(AV42, $AV$30:$AV$47) -> #DIV/0!
C43: 14 | D43: 剝皮辣椒雞奶油扁麵 | E43: =VLOOKUP(D43,'10產線配置圖'!$A$2:$C$25,2,0) -> 17 | F43: =VLOOKUP(D43,'10產線配置圖'!$A$2:$C$25,3,0) -> 1500 | G43: =F43/E43 -> 88.235294 | I43: =AVERAGE(P43,U43,Z43,AE43,AJ43,AO43,AT43) -> #DIV/0! | J43: =AVERAGE(Q43,V43,AA43,AF43,AK43,AP43,AU43) -> #DIV/0! | K43: =AVERAGE(R43,W43,AB43,AG43,AL43,AQ43,AV43) -> #DIV/0! | M43: =RANK(K43, K$30:$K$47) -> #DIV/0! | R43: =Q43/P43 -> #DIV/0! | S43: =RANK(R43,$R$30:$R$47) -> #DIV/0! | W43: =V43/U43 -> #DIV/0! | X43: =RANK(W43, $W$30:$W$47) -> #DIV/0! | AB43: =AA43/Z43 -> #DIV/0! | AC43: =RANK(AB43, $AB$30:$AB$47) -> #DIV/0! | AG43: =AF43/AE43 -> #DIV/0! | AH43: =RANK(AG43, $AG$30:$AG$47) -> #DIV/0! | AL43: =AK43/AJ43 -> #DIV/0! | AM43: =RANK(AL43, $AL$30:$AL$47) -> #DIV/0! | AQ43: =AP43/AO43 -> #DIV/0! | AR43: =RANK(AQ43,$AQ$30:$AQ$47) -> #DIV/0! | AV43: =AU43/AT43 -> #DIV/0! | AW43: =RANK(AV43, $AV$30:$AV$47) -> #DIV/0!
C44: 15 | I44: =AVERAGE(P44,U44,Z44,AE44,AJ44,AO44,AT44) -> #DIV/0! | J44: =AVERAGE(Q44,V44,AA44,AF44,AK44,AP44,AU44) -> #DIV/0! | K44: =AVERAGE(R44,W44,AB44,AG44,AL44,AQ44,AV44) -> #DIV/0! | M44: =RANK(K44, K$30:$K$47) -> #DIV/0! | R44: =Q44/P44 -> #DIV/0! | S44: =RANK(R44,$R$30:$R$47) -> #DIV/0! | W44: =V44/U44 -> #DIV/0! | X44: =RANK(W44, $W$30:$W$47) -> #DIV/0! | AB44: =AA44/Z44 -> #DIV/0! | AC44: =RANK(AB44, $AB$30:$AB$47) -> #DIV/0! | AG44: =AF44/AE44 -> #DIV/0! | AH44: =RANK(AG44, $AG$30:$AG$47) -> #DIV/0! | AL44: =AK44/AJ44 -> #DIV/0! | AM44: =RANK(AL44, $AL$30:$AL$47) -> #DIV/0! | AQ44: =AP44/AO44 -> #DIV/0! | AR44: =RANK(AQ44,$AQ$30:$AQ$47) -> #DIV/0! | AV44: =AU44/AT44 -> #DIV/0! | AW44: =RANK(AV44, $AV$30:$AV$47) -> #DIV/0!
C45: 16 | AQ45: =AP45/AO45 -> #DIV/0! | AR45: =RANK(AQ45,$AQ$30:$AQ$47) -> #DIV/0!
C46: 17
C47: 18
B48: 產線配置圖－每週更新 | N48: 資料繳交 | O48: 日期 | P48: 45944 | U48: 45945 | Z48: 45946 | AE48: 45947 | AJ48: 45948 | AO48: 45949 | AT48: 45950
P49: 二 | U49: 三 | Z49: 四 | AE49: 五 | AJ49: 六 | AO49: 日 | AT49: 一
B50: 品群 | C50: 商品名稱 | E50: 計畫 | H50: 平均人時性 | I50: 實績 | L50: 平均人時性 | M50: 排名 | O50: 日報 | P50: 實際 | T50: 平均人時性 | U50: 實際 | Y50: 平均人時性 | Z50: 實際 | AD50: 平均人時性 | AE50: 實際 | AI50: 平均人時性 | AJ50: 實際 | AN50: 平均人時性 | AO50: 實際 | AS50: 平均人時性 | AT50: 實際 | AX50: 平均人時性
E51: 產線配置圖 | I51: 產線配置圖 | P51: 生產實績 | U51: 生產實績 | Z51: 生產實績 | AE51: 生產實績 | AJ51: 生產實績 | AO51: 生產實績 | AT51: 生產實績
E52: 人數 | F52: 產能／時 | G52: 人時性 | I52: 人數 | J52: 產能／時 | K52: 人時性 | P52: 人數 | Q52: 產能／時 | R52: 人時性 | S52: 排名 | U52: 人數 | V52: 產能／時 | W52: 人時性 | X52: 排名 | Z52: 人數 | AA52: 產能／時 | AB52: 人時性 | AC52: 排名 | AE52: 人數 | AF52: 產能／時 | AG52: 人時性 | AH52: 排名 | AJ52: 人數 | AK52: 產能／時 | AL52: 人時性 | AM52: 排名 | AO52: 人數 | AP52: 產能／時 | AQ52: 人時性 | AR52: 排名 | AT52: 人數 | AU52: 產能／時 | AV52: 人時性 | AW52: 排名
B53: 熱食義麵 | C53: 1 | D53: 義式蕃茄起司義大利麵 | E53: =VLOOKUP(D53,'10產線配置圖'!$A$2:$C$25,2,0) -> 12 | F53: =VLOOKUP(D53,'10產線配置圖'!$A$2:$C$25,3,0) -> 2000 | G53: =F53/E53 -> 166.66667 | H53: =AVERAGE(G53:G67) -> 114.02113 | I53: =AVERAGE(P53,U53,Z53,AE53,AJ53,AO53,AT53) -> #DIV/0! | J53: =AVERAGE(Q53,V53,AA53,AF53,AK53,AP53,AU53) -> #DIV/0! | K53: =AVERAGE(R53,W53,AB53,AG53,AL53,AQ53,AV53) -> #DIV/0! | L53: =IFERROR(AVERAGE(K53:K67),"-") -> - | M53: =RANK(K53, K$53:$K$67) -> #DIV/0! | R53: =Q53/P53 -> #DIV/0! | S53: =RANK(R53, $R$53:$R$67) -> #DIV/0! | T53: =AVERAGE(R53:R67) -> #DIV/0! | W53: =V53/U53 -> #DIV/0! | X53: =RANK(W53,$W$53:$W$67) -> #DIV/0! | Y53: =AVERAGE(W53:W67) -> #DIV/0! | AB53: =AA53/Z53 -> #DIV/0! | AC53: =RANK(AB53, $AB$53:$AB$67) -> #DIV/0! | AD53: =AVERAGE(AB53:AB67) -> #DIV/0! | AG53: =AF53/AE53 -> #DIV/0! | AH53: =RANK(AG53, $AG$53:$AG$67) -> #DIV/0! | AI53: =AVERAGE(AG53:AG67) -> #DIV/0! | AL53: =AK53/AJ53 -> #DIV/0! | AM53: =RANK(AL53,$AL$53:$AL$67) -> #DIV/0! | AN53: =AVERAGE(AL53:AL67) -> #DIV/0! | AQ53: =AP53/AO53 -> #DIV/0! | AR53: =RANK(AQ53,$AQ$53:$AQ$67) -> #DIV/0! | AS53: =AVERAGE(AQ53:AQ67) -> #DIV/0! | AV53: =AU53/AT53 -> #DIV/0! | AW53: =RANK(AV53,$AV$53:$AV$67) -> #DIV/0! | AX53: =AVERAGE(AV53:AV67) -> #DIV/0!
C54: 2 | D54: 奶油培根義大利麵 | E54: =VLOOKUP(D54,'10產線配置圖'!$A$2:$C$25,2,0) -> 13 | F54: =VLOOKUP(D54,'10產線配置圖'!$A$2:$C$25,3,0) -> 2000 | G54: =F54/E54 -> 153.84615 | I54: =AVERAGE(P54,U54,Z54,AE54,AJ54,AO54,AT54) -> #DIV/0! | J54: =AVERAGE(Q54,V54,AA54,AF54,AK54,AP54,AU54) -> #DIV/0! | K54: =AVERAGE(R54,W54,AB54,AG54,AL54,AQ54,AV54) -> #DIV/0! | M54: =RANK(K54, K$53:$K$67) -> #DIV/0! | R54: =Q54/P54 -> #DIV/0! | S54: =RANK(R54, $R$53:$R$67) -> #DIV/0! | W54: =V54/U54 -> #DIV/0! | X54: =RANK(W54,$W$53:$W$67) -> #DIV/0! | AB54: =AA54/Z54 -> #DIV/0! | AC54: =RANK(AB54, $AB$53:$AB$67) -> #DIV/0! | AG54: =AF54/AE54 -> #DIV/0! | AH54: =RANK(AG54, $AG$53:$AG$67) -> #DIV/0! | AL54: =AK54/AJ54 -> #DIV/0! | AM54: =RANK(AL54,$AL$53:$AL$67) -> #DIV/0! | AQ54: =AP54/AO54 -> #DIV/0! | AR54: =RANK(AQ54,$AQ$53:$AQ$67) -> #DIV/0! | AV54: =AU54/AT54 -> #DIV/0! | AW54: =RANK(AV54,$AV$53:$AV$67) -> #DIV/0!
C55: 3 | D55: 熱那亞青醬義大利麵 | E55: =VLOOKUP(D55,'10產線配置圖'!$A$2:$C$25,2,0) -> 16 | F55: =VLOOKUP(D55,'10產線配置圖'!$A$2:$C$25,3,0) -> 1915 | G55: =F55/E55 -> 119.6875 | I55: =AVERAGE(P55,U55,Z55,AE55,AJ55,AO55,AT55) -> #DIV/0! | J55: =AVERAGE(Q55,V55,AA55,AF55,AK55,AP55,AU55) -> #DIV/0! | K55: =AVERAGE(R55,W55,AB55,AG55,AL55,AQ55,AV55) -> #DIV/0! | M55: =RANK(K55, K$53:$K$67) -> #DIV/0! | R55: =Q55/P55 -> #DIV/0! | S55: =RANK(R55, $R$53:$R$67) -> #DIV/0! | W55: =V55/U55 -> #DIV/0! | X55: =RANK(W55,$W$53:$W$67) -> #DIV/0! | AB55: =AA55/Z55 -> #DIV/0! | AC55: =RANK(AB55, $AB$53:$AB$67) -> #DIV/0! | AG55: =AF55/AE55 -> #DIV/0! | AH55: =RANK(AG55, $AG$53:$AG$67) -> #DIV/0! | AL55: =AK55/AJ55 -> #DIV/0! | AM55: =RANK(AL55,$AL$53:$AL$67) -> #DIV/0! | AQ55: =AP55/AO55 -> #DIV/0! | AR55: =RANK(AQ55,$AQ$53:$AQ$67) -> #DIV/0! | AV55: =AU55/AT55 -> #DIV/0! | AW55: =RANK(AV55,$AV$53:$AV$67) -> #DIV/0!
C56: 4 | D56: 焗烤起司雙饗筆尖麵 | E56: =VLOOKUP(D56,'10產線配置圖'!$A$2:$C$25,2,0) -> 18 | F56: =VLOOKUP(D56,'10產線配置圖'!$A$2:$C$25,3,0) -> 1565 | G56: =F56/E56 -> 86.944444 | I56: =AVERAGE(P56,U56,Z56,AE56,AJ56,AO56,AT56) -> #DIV/0! | J56: =AVERAGE(Q56,V56,AA56,AF56,AK56,AP56,AU56) -> #DIV/0! | K56: =AVERAGE(R56,W56,AB56,AG56,AL56,AQ56,AV56) -> #DIV/0! | M56: =RANK(K56, K$53:$K$67) -> #DIV/0! | R56: =Q56/P56 -> #DIV/0! | S56: =RANK(R56, $R$53:$R$67) -> #DIV/0! | W56: =V56/U56 -> #DIV/0! | X56: =RANK(W56,$W$53:$W$67) -> #DIV/0! | AB56: =AA56/Z56 -> #DIV/0! | AC56: =RANK(AB56, $AB$53:$AB$67) -> #DIV/0! | AG56: =AF56/AE56 -> #DIV/0! | AH56: =RANK(AG56, $AG$53:$AG$67) -> #DIV/0! | AL56: =AK56/AJ56 -> #DIV/0! | AM56: =RANK(AL56,$AL$53:$AL$67) -> #DIV/0! | AQ56: =AP56/AO56 -> #DIV/0! | AR56: =RANK(AQ56,$AQ$53:$AQ$67) -> #DIV/0! | AV56: =AU56/AT56 -> #DIV/0! | AW56: =RANK(AV56,$AV$53:$AV$67) -> #DIV/0!
C57: 5 | D57: 白酒蛤蜊義大利麵 | E57: =VLOOKUP(D57,'10產線配置圖'!$A$2:$C$25,2,0) -> 13 | F57: =VLOOKUP(D57,'10產線配置圖'!$A$2:$C$25,3,0) -> 2000 | G57: =F57/E57 -> 153.84615 | I57: =AVERAGE(P57,U57,Z57,AE57,AJ57,AO57,AT57) -> #DIV/0! | J57: =AVERAGE(Q57,V57,AA57,AF57,AK57,AP57,AU57) -> #DIV/0! | K57: =AVERAGE(R57,W57,AB57,AG57,AL57,AQ57,AV57) -> #DIV/0! | M57: =RANK(K57, K$53:$K$67) -> #DIV/0! | R57: =Q57/P57 -> #DIV/0! | S57: =RANK(R57, $R$53:$R$67) -> #DIV/0! | W57: =V57/U57 -> #DIV/0! | X57: =RANK(W57,$W$53:$W$67) -> #DIV/0! | AB57: =AA57/Z57 -> #DIV/0! | AC57: =RANK(AB57, $AB$53:$AB$67) -> #DIV/0! | AG57: =AF57/AE57 -> #DIV/0! | AH57: =RANK(AG57, $AG$53:$AG$67) -> #DIV/0! | AL57: =AK57/AJ57 -> #DIV/0! | AM57: =RANK(AL57,$AL$53:$AL$67) -> #DIV/0! | AQ57: =AP57/AO57 -> #DIV/0! | AR57: =RANK(AQ57,$AQ$53:$AQ$67) -> #DIV/0! | AV57: =AU57/AT57 -> #DIV/0! | AW57: =RANK(AV57,$AV$53:$AV$67) -> #DIV/0!
C58: 6 | D58: 韓式起司炸雞義大利麵 | E58: =VLOOKUP(D58,'10產線配置圖'!$A$2:$C$25,2,0) -> 14 | F58: =VLOOKUP(D58,'10產線配置圖'!$A$2:$C$25,3,0) -> 1895 | G58: =F58/E58 -> 135.35714 | I58: =AVERAGE(P58,U58,Z58,AE58,AJ58,AO58,AT58) -> #DIV/0! | J58: =AVERAGE(Q58,V58,AA58,AF58,AK58,AP58,AU58) -> #DIV/0! | K58: =AVERAGE(R58,W58,AB58,AG58,AL58,AQ58,AV58) -> #DIV/0! | M58: =RANK(K58, K$53:$K$67) -> #DIV/0! | R58: =Q58/P58 -> #DIV/0! | S58: =RANK(R58, $R$53:$R$67) -> #DIV/0! | W58: =V58/U58 -> #DIV/0! | X58: =RANK(W58,$W$53:$W$67) -> #DIV/0! | AB58: =AA58/Z58 -> #DIV/0! | AC58: =RANK(AB58, $AB$53:$AB$67) -> #DIV/0! | AG58: =AF58/AE58 -> #DIV/0! | AH58: =RANK(AG58, $AG$53:$AG$67) -> #DIV/0! | AL58: =AK58/AJ58 -> #DIV/0! | AM58: =RANK(AL58,$AL$53:$AL$67) -> #DIV/0! | AQ58: =AP58/AO58 -> #DIV/0! | AR58: =RANK(AQ58,$AQ$53:$AQ$67) -> #DIV/0! | AV58: =AU58/AT58 -> #DIV/0! | AW58: =RANK(AV58,$AV$53:$AV$67) -> #DIV/0!
C59: 7 | D59: 拿坡里義大利麵 | E59: =VLOOKUP(D59,'10產線配置圖'!$A$2:$C$25,2,0) -> 16 | F59: =VLOOKUP(D59,'10產線配置圖'!$A$2:$C$25,3,0) -> 1429 | G59: =F59/E59 -> 89.3125
C60: 8 | D60: 黑胡椒燻豬腿義大利麵 | E60: =VLOOKUP(D60,'10產線配置圖'!$A$2:$C$25,2,0) -> 18 | F60: =VLOOKUP(D60,'10產線配置圖'!$A$2:$C$25,3,0) -> 1500 | G60: =F60/E60 -> 83.333333 | I60: =AVERAGE(P60,U60,Z60,AE60,AJ60,AO60,AT60) -> #DIV/0! | J60: =AVERAGE(Q60,V60,AA60,AF60,AK60,AP60,AU60) -> #DIV/0! | K60: =AVERAGE(R60,W60,AB60,AG60,AL60,AQ60,AV60) -> #DIV/0! | M60: =RANK(K60, K$53:$K$67) -> #DIV/0! | R60: =Q60/P60 -> #DIV/0! | S60: =RANK(R60, $R$53:$R$67) -> #DIV/0! | W60: =V60/U60 -> #DIV/0! | X60: =RANK(W60,$W$53:$W$67) -> #DIV/0! | AB60: =AA60/Z60 -> #DIV/0! | AC60: =RANK(AB60, $AB$53:$AB$67) -> #DIV/0! | AG60: =AF60/AE60 -> #DIV/0! | AH60: =RANK(AG60, $AG$53:$AG$67) -> #DIV/0! | AL60: =AK60/AJ60 -> #DIV/0! | AM60: =RANK(AL60,$AL$53:$AL$67) -> #DIV/0! | AQ60: =AP60/AO60 -> #DIV/0! | AR60: =RANK(AQ60,$AQ$53:$AQ$67) -> #DIV/0! | AV60: =AU60/AT60 -> #DIV/0! | AW60: =RANK(AV60,$AV$53:$AV$67) -> #DIV/0!
C61: 9 | D61: 奶油蒜香雞義大利麵 | E61: =VLOOKUP(D61,'10產線配置圖'!$A$2:$C$25,2,0) -> 18 | F61: =VLOOKUP(D61,'10產線配置圖'!$A$2:$C$25,3,0) -> 1385 | G61: =F61/E61 -> 76.944444 | I61: =AVERAGE(P61,U61,Z61,AE61,AJ61,AO61,AT61) -> #DIV/0! | J61: =AVERAGE(Q61,V61,AA61,AF61,AK61,AP61,AU61) -> #DIV/0! | K61: =AVERAGE(R61,W61,AB61,AG61,AL61,AQ61,AV61) -> #DIV/0! | M61: =RANK(K61, K$53:$K$67) -> #DIV/0! | R61: =Q61/P61 -> #DIV/0! | S61: =RANK(R61, $R$53:$R$67) -> #DIV/0! | W61: =V61/U61 -> #DIV/0! | X61: =RANK(W61,$W$53:$W$67) -> #DIV/0! | AB61: =AA61/Z61 -> #DIV/0! | AC61: =RANK(AB61, $AB$53:$AB$67) -> #DIV/0! | AG61: =AF61/AE61 -> #DIV/0! | AH61: =RANK(AG61, $AG$53:$AG$67) -> #DIV/0! | AL61: =AK61/AJ61 -> #DIV/0! | AM61: =RANK(AL61,$AL$53:$AL$67) -> #DIV/0! | AQ61: =AP61/AO61 -> #DIV/0! | AR61: =RANK(AQ61,$AQ$53:$AQ$67) -> #DIV/0! | AV61: =AU61/AT61 -> #DIV/0! | AW61: =RANK(AV61,$AV$53:$AV$67) -> #DIV/0!
C62: 10 | D62: 青花椒麻雞肉拌麵 | E62: =VLOOKUP(D62,'10產線配置圖'!$A$2:$C$25,2,0) -> 17 | F62: =VLOOKUP(D62,'10產線配置圖'!$A$2:$C$25,3,0) -> 1565 | G62: =F62/E62 -> 92.058824 | I62: =AVERAGE(P62,U62,Z62,AE62,AJ62,AO62,AT62) -> #DIV/0! | J62: =AVERAGE(Q62,V62,AA62,AF62,AK62,AP62,AU62) -> #DIV/0! | K62: =AVERAGE(R62,W62,AB62,AG62,AL62,AQ62,AV62) -> #DIV/0! | M62: =RANK(K62, K$53:$K$67) -> #DIV/0! | R62: =Q62/P62 -> #DIV/0! | S62: =RANK(R62, $R$53:$R$67) -> #DIV/0! | W62: =V62/U62 -> #DIV/0! | X62: =RANK(W62,$W$53:$W$67) -> #DIV/0! | AB62: =AA62/Z62 -> #DIV/0! | AC62: =RANK(AB62, $AB$53:$AB$67) -> #DIV/0! | AG62: =AF62/AE62 -> #DIV/0! | AH62: =RANK(AG62, $AG$53:$AG$67) -> #DIV/0! | AL62: =AK62/AJ62 -> #DIV/0! | AM62: =RANK(AL62,$AL$53:$AL$67) -> #DIV/0! | AQ62: =AP62/AO62 -> #DIV/0! | AR62: =RANK(AQ62,$AQ$53:$AQ$67) -> #DIV/0! | AV62: =AU62/AT62 -> #DIV/0! | AW62: =RANK(AV62,$AV$53:$AV$67) -> #DIV/0!
C63: 11 | D63: 羊乳起司培根筆尖麵 | E63: =VLOOKUP(D63,'10產線配置圖'!$A$2:$C$25,2,0) -> 17 | F63: =VLOOKUP(D63,'10產線配置圖'!$A$2:$C$25,3,0) -> 1636 | G63: =F63/E63 -> 96.235294 | I63: =AVERAGE(P63,U63,Z63,AE63,AJ63,AO63,AT63) -> #DIV/0! | J63: =AVERAGE(Q63,V63,AA63,AF63,AK63,AP63,AU63) -> #DIV/0! | K63: =AVERAGE(R63,W63,AB63,AG63,AL63,AQ63,AV63) -> #DIV/0! | M63: =RANK(K63, K$53:$K$67) -> #DIV/0! | R63: =Q63/P63 -> #DIV/0! | S63: =RANK(R63, $R$53:$R$67) -> #DIV/0! | W63: =V63/U63 -> #DIV/0! | X63: =RANK(W63,$W$53:$W$67) -> #DIV/0! | AB63: =AA63/Z63 -> #DIV/0! | AC63: =RANK(AB63, $AB$53:$AB$67) -> #DIV/0! | AG63: =AF63/AE63 -> #DIV/0! | AH63: =RANK(AG63, $AG$53:$AG$67) -> #DIV/0! | AL63: =AK63/AJ63 -> #DIV/0! | AM63: =RANK(AL63,$AL$53:$AL$67) -> #DIV/0! | AQ63: =AP63/AO63 -> #DIV/0! | AR63: =RANK(AQ63,$AQ$53:$AQ$67) -> #DIV/0! | AV63: =AU63/AT63 -> #DIV/0! | AW63: =RANK(AV63,$AV$53:$AV$67) -> #DIV/0!
C64: 12 | I64: =AVERAGE(P64,U64,Z64,AE64,AJ64,AO64,AT64) -> #DIV/0! | J64: =AVERAGE(Q64,V64,AA64,AF64,AK64,AP64,AU64) -> #DIV/0! | K64: =AVERAGE(R64,W64,AB64,AG64,AL64,AQ64,AV64) -> #DIV/0! | M64: =RANK(K64, K$53:$K$67) -> #DIV/0! | R64: =Q64/P64 -> #DIV/0! | S64: =RANK(R64, $R$53:$R$67) -> #DIV/0! | W64: =V64/U64 -> #DIV/0! | X64: =RANK(W64,$W$53:$W$67) -> #DIV/0! | AB64: =AA64/Z64 -> #DIV/0! | AC64: =RANK(AB64, $AB$53:$AB$67) -> #DIV/0! | AG64: =AF64/AE64 -> #DIV/0! | AH64: =RANK(AG64, $AG$53:$AG$67) -> #DIV/0! | AL64: =AK64/AJ64 -> #DIV/0! | AM64: =RANK(AL64,$AL$53:$AL$67) -> #DIV/0! | AQ64: =AP64/AO64 -> #DIV/0! | AR64: =RANK(AQ64,$AQ$53:$AQ$67) -> #DIV/0! | AV64: =AU64/AT64 -> #DIV/0! | AW64: =RANK(AV64,$AV$53:$AV$67) -> #DIV/0!
C65: 13 | I65: =AVERAGE(P65,U65,Z65,AE65,AJ65,AO65,AT65) -> #DIV/0! | J65: =AVERAGE(Q65,V65,AA65,AF65,AK65,AP65,AU65) -> #DIV/0! | K65: =AVERAGE(R65,W65,AB65,AG65,AL65,AQ65,AV65) -> #DIV/0! | M65: =RANK(K65, K$53:$K$67) -> #DIV/0! | R65: =Q65/P65 -> #DIV/0! | S65: =RANK(R65, $R$53:$R$67) -> #DIV/0! | W65: =V65/U65 -> #DIV/0! | X65: =RANK(W65,$W$53:$W$67) -> #DIV/0! | AB65: =AA65/Z65 -> #DIV/0! | AC65: =RANK(AB65, $AB$53:$AB$67) -> #DIV/0! | AG65: =AF65/AE65 -> #DIV/0! | AH65: =RANK(AG65, $AG$53:$AG$67) -> #DIV/0! | AL65: =AK65/AJ65 -> #DIV/0! | AM65: =RANK(AL65,$AL$53:$AL$67) -> #DIV/0! | AQ65: =AP65/AO65 -> #DIV/0! | AR65: =RANK(AQ65,$AQ$53:$AQ$67) -> #DIV/0! | AV65: =AU65/AT65 -> #DIV/0! | AW65: =RANK(AV65,$AV$53:$AV$67) -> #DIV/0!
C66: 14 | I66: =AVERAGE(P66,U66,Z66,AE66,AJ66,AO66,AT66) -> #DIV/0! | J66: =AVERAGE(Q66,V66,AA66,AF66,AK66,AP66,AU66) -> #DIV/0! | K66: =AVERAGE(R66,W66,AB66,AG66,AL66,AQ66,AV66) -> #DIV/0! | M66: =RANK(K66, K$53:$K$67) -> #DIV/0! | R66: =Q66/P66 -> #DIV/0! | S66: =RANK(R66, $R$53:$R$67) -> #DIV/0! | W66: =V66/U66 -> #DIV/0! | X66: =RANK(W66,$W$53:$W$67) -> #DIV/0! | AB66: =AA66/Z66 -> #DIV/0! | AC66: =RANK(AB66, $AB$53:$AB$67) -> #DIV/0! | AG66: =AF66/AE66 -> #DIV/0! | AH66: =RANK(AG66, $AG$53:$AG$67) -> #DIV/0! | AL66: =AK66/AJ66 -> #DIV/0! | AM66: =RANK(AL66,$AL$53:$AL$67) -> #DIV/0! | AQ66: =AP66/AO66 -> #DIV/0! | AR66: =RANK(AQ66,$AQ$53:$AQ$67) -> #DIV/0! | AV66: =AU66/AT66 -> #DIV/0! | AW66: =RANK(AV66,$AV$53:$AV$67) -> #DIV/0!
C67: 15 | I67: =AVERAGE(P67,U67,Z67,AE67,AJ67,AO67,AT67) -> #DIV/0! | J67: =AVERAGE(Q67,V67,AA67,AF67,AK67,AP67,AU67) -> #DIV/0! | K67: =AVERAGE(R67,W67,AB67,AG67,AL67,AQ67,AV67) -> #DIV/0! | M67: =RANK(K67, K$53:$K$67) -> #DIV/0! | R67: =Q67/P67 -> #DIV/0! | S67: =RANK(R67, $R$53:$R$67) -> #DIV/0! | W67: =V67/U67 -> #DIV/0! | X67: =RANK(W67,$W$53:$W$67) -> #DIV/0! | AB67: =AA67/Z67 -> #DIV/0! | AC67: =RANK(AB67, $AB$53:$AB$67) -> #DIV/0! | AG67: =AF67/AE67 -> #DIV/0! | AH67: =RANK(AG67, $AG$53:$AG$67) -> #DIV/0! | AL67: =AK67/AJ67 -> #DIV/0! | AM67: =RANK(AL67,$AL$53:$AL$67) -> #DIV/0! | AQ67: =AP67/AO67 -> #DIV/0! | AR67: =RANK(AQ67,$AQ$53:$AQ$67) -> #DIV/0! | AV67: =AU67/AT67 -> #DIV/0! | AW67: =RANK(AV67,$AV$53:$AV$67) -> #DIV/0!
B68: 產線配置圖－每週更新 | N68: 資料繳交 | O68: 日期 | P68: 45951 | U68: 45952 | Z68: 45953 | AE68: 45954 | AJ68: 45955 | AO68: 45956 | AT68: 45957
P69: 二 | U69: 三 | Z69: 四 | AE69: 五 | AJ69: 六 | AO69: 日 | AT69: 一
B70: 品群 | C70: 商品名稱 | E70: 計畫 | H70: 平均人時性 | I70: 實績 | L70: 平均人時性 | M70: 排名 | O70: 日報 | P70: 實際 | T70: 平均人時性 | U70: 實際 | Y70: 平均人時性 | Z70: 實際 | AD70: 平均人時性 | AE70: 實際 | AI70: 平均人時性 | AJ70: 實際 | AN70: 平均人時性 | AO70: 實際 | AS70: 平均人時性 | AT70: 實際 | AX70: 平均人時性
E71: 產線配置圖 | I71: 產線配置圖 | P71: 生產實績 | U71: 生產實績 | Z71: 生產實績 | AE71: 生產實績 | AJ71: 生產實績 | AO71: 生產實績 | AT71: 生產實績
E72: 人數 | F72: 產能／時 | G72: 人時性 | I72: 人數 | J72: 產能／時 | K72: 人時性 | P72: 人數 | Q72: 產能／時 | R72: 人時性 | S72: 排名 | U72: 人數 | V72: 產能／時 | W72: 人時性 | X72: 排名 | Z72: 人數 | AA72: 產能／時 | AB72: 人時性 | AC72: 排名 | AE72: 人數 | AF72: 產能／時 | AG72: 人時性 | AH72: 排名 | AJ72: 人數 | AK72: 產能／時 | AL72: 人時性 | AM72: 排名 | AO72: 人數 | AP72: 產能／時 | AQ72: 人時性 | AR72: 排名 | AT72: 人數 | AU72: 產能／時 | AV72: 人時性 | AW72: 排名
B73: 熱食義麵 | C73: 1 | D73: 義式蕃茄起司義大利麵 | E73: =VLOOKUP(D73,'10產線配置圖'!$A$2:$C$30,2,0) -> 12 | F73: =VLOOKUP(D73,'10產線配置圖'!$A$2:$C$30,3,0) -> 2000 | G73: =F73/E73 -> 166.66667 | H73: =AVERAGE(G73:G87) -> 114.02113 | I73: =AVERAGE(P73,U73,Z73,AE73,AJ73,AO73,AT73) -> #DIV/0! | J73: =AVERAGE(Q73,V73,AA73,AF73,AK73,AP73,AU73) -> #DIV/0! | K73: =AVERAGE(R73,W73,AB73,AG73,AL73,AQ73,AV73) -> #DIV/0! | L73: =IFERROR(AVERAGE(K73:K90),"-") -> - | M73: =RANK(K73, $K$73:$K$90) -> #DIV/0! | R73: =Q73/P73 -> #DIV/0! | S73: =RANK(R73, $R$73:$R$90) -> #DIV/0! | T73: =AVERAGE(R73:R90) -> #DIV/0! | W73: =V73/U73 -> #DIV/0! | X73: =RANK(W73, $W$73:$W$90) -> #DIV/0! | Y73: =AVERAGE(W73:W90) -> #DIV/0! | AB73: =AA73/Z73 -> #DIV/0! | AC73: =RANK(AB73, $AB$73:$AB$90) -> #DIV/0! | AD73: =AVERAGE(AB73:AB90) -> #DIV/0! | AG73: =AF73/AE73 -> #DIV/0! | AH73: =RANK(AG73, $AG$73:$AG$90) -> #DIV/0! | AI73: =AVERAGE(AG73:AG90) -> #DIV/0! | AL73: =AK73/AJ73 -> #DIV/0! | AM73: =RANK(AL73, $AL$73:$AL$90) -> #DIV/0! | AN73: =AVERAGE(AL73:AL90) -> #DIV/0! | AQ73: =AP73/AO73 -> #DIV/0! | AR73: =RANK(AQ73, $AQ$73:$AQ$90) -> #DIV/0! | AS73: =AVERAGE(AQ73:AQ90) -> #DIV/0! | AV73: =AU73/AT73 -> #DIV/0! | AW73: =RANK(AV73, $AV$73:$AV$90) -> #DIV/0! | AX73: =AVERAGE(AV73:AV90) -> #DIV/0!
C74: 2 | D74: 奶油培根義大利麵 | E74: =VLOOKUP(D74,'10產線配置圖'!$A$2:$C$30,2,0) -> 13 | F74: =VLOOKUP(D74,'10產線配置圖'!$A$2:$C$30,3,0) -> 2000 | G74: =F74/E74 -> 153.84615 | I74: =AVERAGE(P74,U74,Z74,AE74,AJ74,AO74,AT74) -> #DIV/0! | J74: =AVERAGE(Q74,V74,AA74,AF74,AK74,AP74,AU74) -> #DIV/0! | K74: =AVERAGE(R74,W74,AB74,AG74,AL74,AQ74,AV74) -> #DIV/0! | M74: =RANK(K74, $K$73:$K$90) -> #DIV/0! | R74: =Q74/P74 -> #DIV/0! | S74: =RANK(R74, $R$73:$R$90) -> #DIV/0! | W74: =V74/U74 -> #DIV/0! | X74: =RANK(W74, $W$73:$W$90) -> #DIV/0! | AB74: =AA74/Z74 -> #DIV/0! | AC74: =RANK(AB74, $AB$73:$AB$90) -> #DIV/0! | AG74: =AF74/AE74 -> #DIV/0! | AH74: =RANK(AG74, $AG$73:$AG$90) -> #DIV/0! | AL74: =AK74/AJ74 -> #DIV/0! | AM74: =RANK(AL74, $AL$73:$AL$90) -> #DIV/0! | AQ74: =AP74/AO74 -> #DIV/0! | AR74: =RANK(AQ74, $AQ$73:$AQ$90) -> #DIV/0! | AV74: =AU74/AT74 -> #DIV/0! | AW74: =RANK(AV74, $AV$73:$AV$90) -> #DIV/0!
C75: 3 | D75: 熱那亞青醬義大利麵 | E75: =VLOOKUP(D75,'10產線配置圖'!$A$2:$C$30,2,0) -> 16 | F75: =VLOOKUP(D75,'10產線配置圖'!$A$2:$C$30,3,0) -> 1915 | G75: =F75/E75 -> 119.6875 | I75: =AVERAGE(P75,U75,Z75,AE75,AJ75,AO75,AT75) -> #DIV/0! | J75: =AVERAGE(Q75,V75,AA75,AF75,AK75,AP75,AU75) -> #DIV/0! | K75: =AVERAGE(R75,W75,AB75,AG75,AL75,AQ75,AV75) -> #DIV/0! | M75: =RANK(K75, $K$73:$K$90) -> #DIV/0! | R75: =Q75/P75 -> #DIV/0! | S75: =RANK(R75, $R$73:$R$90) -> #DIV/0! | W75: =V75/U75 -> #DIV/0! | X75: =RANK(W75, $W$73:$W$90) -> #DIV/0! | AB75: =AA75/Z75 -> #DIV/0! | AC75: =RANK(AB75, $AB$73:$AB$90) -> #DIV/0! | AG75: =AF75/AE75 -> #DIV/0! | AH75: =RANK(AG75, $AG$73:$AG$90) -> #DIV/0! | AL75: =AK75/AJ75 -> #DIV/0! | AM75: =RANK(AL75, $AL$73:$AL$90) -> #DIV/0! | AQ75: =AP75/AO75 -> #DIV/0! | AR75: =RANK(AQ75, $AQ$73:$AQ$90) -> #DIV/0! | AV75: =AU75/AT75 -> #DIV/0! | AW75: =RANK(AV75, $AV$73:$AV$90) -> #DIV/0!
C76: 4 | D76: 焗烤起司雙饗筆尖麵 | E76: =VLOOKUP(D76,'10產線配置圖'!$A$2:$C$30,2,0) -> 18 | F76: =VLOOKUP(D76,'10產線配置圖'!$A$2:$C$30,3,0) -> 1565 | G76: =F76/E76 -> 86.944444 | I76: =AVERAGE(P76,U76,Z76,AE76,AJ76,AO76,AT76) -> #DIV/0! | J76: =AVERAGE(Q76,V76,AA76,AF76,AK76,AP76,AU76) -> #DIV/0! | K76: =AVERAGE(R76,W76,AB76,AG76,AL76,AQ76,AV76) -> #DIV/0! | M76: =RANK(K76, $K$73:$K$90) -> #DIV/0! | R76: =Q76/P76 -> #DIV/0! | S76: =RANK(R76, $R$73:$R$90) -> #DIV/0! | W76: =V76/U76 -> #DIV/0! | X76: =RANK(W76, $W$73:$W$90) -> #DIV/0! | AB76: =AA76/Z76 -> #DIV/0! | AC76: =RANK(AB76, $AB$73:$AB$90) -> #DIV/0! | AG76: =AF76/AE76 -> #DIV/0! | AH76: =RANK(AG76, $AG$73:$AG$90) -> #DIV/0! | AL76: =AK76/AJ76 -> #DIV/0! | AM76: =RANK(AL76, $AL$73:$AL$90) -> #DIV/0! | AQ76: =AP76/AO76 -> #DIV/0! | AR76: =RANK(AQ76, $AQ$73:$AQ$90) -> #DIV/0! | AV76: =AU76/AT76 -> #DIV/0! | AW76: =RANK(AV76, $AV$73:$AV$90) -> #DIV/0!
C77: 5 | D77: 白酒蛤蜊義大利麵 | E77: =VLOOKUP(D77,'10產線配置圖'!$A$2:$C$30,2,0) -> 13 | F77: =VLOOKUP(D77,'10產線配置圖'!$A$2:$C$30,3,0) -> 2000 | G77: =F77/E77 -> 153.84615 | I77: =AVERAGE(P77,U77,Z77,AE77,AJ77,AO77,AT77) -> #DIV/0! | J77: =AVERAGE(Q77,V77,AA77,AF77,AK77,AP77,AU77) -> #DIV/0! | K77: =AVERAGE(R77,W77,AB77,AG77,AL77,AQ77,AV77) -> #DIV/0! | M77: =RANK(K77, $K$73:$K$90) -> #DIV/0! | R77: =Q77/P77 -> #DIV/0! | S77: =RANK(R77, $R$73:$R$90) -> #DIV/0! | W77: =V77/U77 -> #DIV/0! | X77: =RANK(W77, $W$73:$W$90) -> #DIV/0! | AB77: =AA77/Z77 -> #DIV/0! | AC77: =RANK(AB77, $AB$73:$AB$90) -> #DIV/0! | AG77: =AF77/AE77 -> #DIV/0! | AH77: =RANK(AG77, $AG$73:$AG$90) -> #DIV/0! | AL77: =AK77/AJ77 -> #DIV/0! | AM77: =RANK(AL77, $AL$73:$AL$90) -> #DIV/0! | AQ77: =AP77/AO77 -> #DIV/0! | AR77: =RANK(AQ77, $AQ$73:$AQ$90) -> #DIV/0! | AV77: =AU77/AT77 -> #DIV/0! | AW77: =RANK(AV77, $AV$73:$AV$90) -> #DIV/0!
C78: 6 | D78: 韓式起司炸雞義大利麵 | E78: =VLOOKUP(D78,'10產線配置圖'!$A$2:$C$30,2,0) -> 14 | F78: =VLOOKUP(D78,'10產線配置圖'!$A$2:$C$30,3,0) -> 1895 | G78: =F78/E78 -> 135.35714 | I78: =AVERAGE(P78,U78,Z78,AE78,AJ78,AO78,AT78) -> #DIV/0! | J78: =AVERAGE(Q78,V78,AA78,AF78,AK78,AP78,AU78) -> #DIV/0! | K78: =AVERAGE(R78,W78,AB78,AG78,AL78,AQ78,AV78) -> #DIV/0! | M78: =RANK(K78, $K$73:$K$90) -> #DIV/0! | R78: =Q78/P78 -> #DIV/0! | S78: =RANK(R78, $R$73:$R$90) -> #DIV/0! | W78: =V78/U78 -> #DIV/0! | X78: =RANK(W78, $W$73:$W$90) -> #DIV/0! | AB78: =AA78/Z78 -> #DIV/0! | AC78: =RANK(AB78, $AB$73:$AB$90) -> #DIV/0! | AG78: =AF78/AE78 -> #DIV/0! | AH78: =RANK(AG78, $AG$73:$AG$90) -> #DIV/0! | AL78: =AK78/AJ78 -> #DIV/0! | AM78: =RANK(AL78, $AL$73:$AL$90) -> #DIV/0! | AQ78: =AP78/AO78 -> #DIV/0! | AR78: =RANK(AQ78, $AQ$73:$AQ$90) -> #DIV/0! | AV78: =AU78/AT78 -> #DIV/0! | AW78: =RANK(AV78, $AV$73:$AV$90) -> #DIV/0!
C79: 7 | D79: 拿坡里義大利麵 | E79: =VLOOKUP(D79,'10產線配置圖'!$A$2:$C$30,2,0) -> 16 | F79: =VLOOKUP(D79,'10產線配置圖'!$A$2:$C$30,3,0) -> 1429 | G79: =F79/E79 -> 89.3125
C80: 8 | D80: 黑胡椒燻豬腿義大利麵 | E80: =VLOOKUP(D80,'10產線配置圖'!$A$2:$C$30,2,0) -> 18 | F80: =VLOOKUP(D80,'10產線配置圖'!$A$2:$C$30,3,0) -> 1500 | G80: =F80/E80 -> 83.333333 | I80: =AVERAGE(P80,U80,Z80,AE80,AJ80,AO80,AT80) -> #DIV/0! | J80: =AVERAGE(Q80,V80,AA80,AF80,AK80,AP80,AU80) -> #DIV/0! | K80: =AVERAGE(R80,W80,AB80,AG80,AL80,AQ80,AV80) -> #DIV/0! | M80: =RANK(K80, $K$73:$K$90) -> #DIV/0! | R80: =Q80/P80 -> #DIV/0! | S80: =RANK(R80, $R$73:$R$90) -> #DIV/0! | W80: =V80/U80 -> #DIV/0! | X80: =RANK(W80, $W$73:$W$90) -> #DIV/0! | AB80: =AA80/Z80 -> #DIV/0! | AC80: =RANK(AB80, $AB$73:$AB$90) -> #DIV/0! | AG80: =AF80/AE80 -> #DIV/0! | AH80: =RANK(AG80, $AG$73:$AG$90) -> #DIV/0! | AL80: =AK80/AJ80 -> #DIV/0! | AM80: =RANK(AL80, $AL$73:$AL$90) -> #DIV/0! | AQ80: =AP80/AO80 -> #DIV/0! | AR80: =RANK(AQ80, $AQ$73:$AQ$90) -> #DIV/0! | AV80: =AU80/AT80 -> #DIV/0! | AW80: =RANK(AV80, $AV$73:$AV$90) -> #DIV/0!
C81: 9 | D81: 奶油蒜香雞義大利麵 | E81: =VLOOKUP(D81,'10產線配置圖'!$A$2:$C$30,2,0) -> 18 | F81: =VLOOKUP(D81,'10產線配置圖'!$A$2:$C$30,3,0) -> 1385 | G81: =F81/E81 -> 76.944444 | I81: =AVERAGE(P81,U81,Z81,AE81,AJ81,AO81,AT81) -> #DIV/0! | J81: =AVERAGE(Q81,V81,AA81,AF81,AK81,AP81,AU81) -> #DIV/0! | K81: =AVERAGE(R81,W81,AB81,AG81,AL81,AQ81,AV81) -> #DIV/0! | M81: =RANK(K81, $K$73:$K$90) -> #DIV/0! | R81: =Q81/P81 -> #DIV/0! | S81: =RANK(R81, $R$73:$R$90) -> #DIV/0! | W81: =V81/U81 -> #DIV/0! | X81: =RANK(W81, $W$73:$W$90) -> #DIV/0! | AB81: =AA81/Z81 -> #DIV/0! | AC81: =RANK(AB81, $AB$73:$AB$90) -> #DIV/0! | AG81: =AF81/AE81 -> #DIV/0! | AH81: =RANK(AG81, $AG$73:$AG$90) -> #DIV/0! | AL81: =AK81/AJ81 -> #DIV/0! | AM81: =RANK(AL81, $AL$73:$AL$90) -> #DIV/0! | AQ81: =AP81/AO81 -> #DIV/0! | AR81: =RANK(AQ81, $AQ$73:$AQ$90) -> #DIV/0! | AV81: =AU81/AT81 -> #DIV/0! | AW81: =RANK(AV81, $AV$73:$AV$90) -> #DIV/0!
C82: 10 | D82: 青花椒麻雞肉拌麵 | E82: =VLOOKUP(D82,'10產線配置圖'!$A$2:$C$30,2,0) -> 17 | F82: =VLOOKUP(D82,'10產線配置圖'!$A$2:$C$30,3,0) -> 1565 | G82: =F82/E82 -> 92.058824 | I82: =AVERAGE(P82,U82,Z82,AE82,AJ82,AO82,AT82) -> #DIV/0! | J82: =AVERAGE(Q82,V82,AA82,AF82,AK82,AP82,AU82) -> #DIV/0! | K82: =AVERAGE(R82,W82,AB82,AG82,AL82,AQ82,AV82) -> #DIV/0! | M82: =RANK(K82, $K$73:$K$90) -> #DIV/0! | R82: =Q82/P82 -> #DIV/0! | S82: =RANK(R82, $R$73:$R$90) -> #DIV/0! | W82: =V82/U82 -> #DIV/0! | X82: =RANK(W82, $W$73:$W$90) -> #DIV/0! | AB82: =AA82/Z82 -> #DIV/0! | AC82: =RANK(AB82, $AB$73:$AB$90) -> #DIV/0! | AG82: =AF82/AE82 -> #DIV/0! | AH82: =RANK(AG82, $AG$73:$AG$90) -> #DIV/0! | AL82: =AK82/AJ82 -> #DIV/0! | AM82: =RANK(AL82, $AL$73:$AL$90) -> #DIV/0! | AQ82: =AP82/AO82 -> #DIV/0! | AR82: =RANK(AQ82, $AQ$73:$AQ$90) -> #DIV/0! | AV82: =AU82/AT82 -> #DIV/0! | AW82: =RANK(AV82, $AV$73:$AV$90) -> #DIV/0!
C83: 11 | D83: 羊乳起司培根筆尖麵 | E83: =VLOOKUP(D83,'10產線配置圖'!$A$2:$C$30,2,0) -> 17 | F83: =VLOOKUP(D83,'10產線配置圖'!$A$2:$C$30,3,0) -> 1636 | G83: =F83/E83 -> 96.235294 | I83: =AVERAGE(P83,U83,Z83,AE83,AJ83,AO83,AT83) -> #DIV/0! | J83: =AVERAGE(Q83,V83,AA83,AF83,AK83,AP83,AU83) -> #DIV/0! | K83: =AVERAGE(R83,W83,AB83,AG83,AL83,AQ83,AV83) -> #DIV/0! | M83: =RANK(K83, $K$73:$K$90) -> #DIV/0! | R83: =Q83/P83 -> #DIV/0! | S83: =RANK(R83, $R$73:$R$90) -> #DIV/0! | W83: =V83/U83 -> #DIV/0! | X83: =RANK(W83, $W$73:$W$90) -> #DIV/0! | AB83: =AA83/Z83 -> #DIV/0! | AC83: =RANK(AB83, $AB$73:$AB$90) -> #DIV/0! | AG83: =AF83/AE83 -> #DIV/0! | AH83: =RANK(AG83, $AG$73:$AG$90) -> #DIV/0! | AL83: =AK83/AJ83 -> #DIV/0! | AM83: =RANK(AL83, $AL$73:$AL$90) -> #DIV/0! | AQ83: =AP83/AO83 -> #DIV/0! | AR83: =RANK(AQ83, $AQ$73:$AQ$90) -> #DIV/0! | AV83: =AU83/AT83 -> #DIV/0! | AW83: =RANK(AV83, $AV$73:$AV$90) -> #DIV/0!
C84: 12 | I84: =AVERAGE(P84,U84,Z84,AE84,AJ84,AO84,AT84) -> #DIV/0! | J84: =AVERAGE(Q84,V84,AA84,AF84,AK84,AP84,AU84) -> #DIV/0! | K84: =AVERAGE(R84,W84,AB84,AG84,AL84,AQ84,AV84) -> #DIV/0! | M84: =RANK(K84, $K$73:$K$90) -> #DIV/0! | R84: =Q84/P84 -> #DIV/0! | S84: =RANK(R84, $R$73:$R$90) -> #DIV/0! | W84: =V84/U84 -> #DIV/0! | X84: =RANK(W84, $W$73:$W$90) -> #DIV/0! | AB84: =AA84/Z84 -> #DIV/0! | AC84: =RANK(AB84, $AB$73:$AB$90) -> #DIV/0! | AG84: =AF84/AE84 -> #DIV/0! | AH84: =RANK(AG84, $AG$73:$AG$90) -> #DIV/0! | AL84: =AK84/AJ84 -> #DIV/0! | AM84: =RANK(AL84, $AL$73:$AL$90) -> #DIV/0! | AQ84: =AP84/AO84 -> #DIV/0! | AR84: =RANK(AQ84, $AQ$73:$AQ$90) -> #DIV/0! | AV84: =AU84/AT84 -> #DIV/0! | AW84: =RANK(AV84, $AV$73:$AV$90) -> #DIV/0!
C85: 13 | I85: =AVERAGE(P85,U85,Z85,AE85,AJ85,AO85,AT85) -> #DIV/0! | J85: =AVERAGE(Q85,V85,AA85,AF85,AK85,AP85,AU85) -> #DIV/0! | K85: =AVERAGE(R85,W85,AB85,AG85,AL85,AQ85,AV85) -> #DIV/0! | M85: =RANK(K85, $K$73:$K$90) -> #DIV/0! | R85: =Q85/P85 -> #DIV/0! | S85: =RANK(R85, $R$73:$R$90) -> #DIV/0! | W85: =V85/U85 -> #DIV/0! | X85: =RANK(W85, $W$73:$W$90) -> #DIV/0! | AB85: =AA85/Z85 -> #DIV/0! | AC85: =RANK(AB85, $AB$73:$AB$90) -> #DIV/0! | AG85: =AF85/AE85 -> #DIV/0! | AH85: =RANK(AG85, $AG$73:$AG$90) -> #DIV/0! | AL85: =AK85/AJ85 -> #DIV/0! | AM85: =RANK(AL85, $AL$73:$AL$90) -> #DIV/0! | AQ85: =AP85/AO85 -> #DIV/0! | AR85: =RANK(AQ85, $AQ$73:$AQ$90) -> #DIV/0! | AV85: =AU85/AT85 -> #DIV/0! | AW85: =RANK(AV85, $AV$73:$AV$90) -> #DIV/0!
C86: 14 | I86: =AVERAGE(P86,U86,Z86,AE86,AJ86,AO86,AT86) -> #DIV/0! | J86: =AVERAGE(Q86,V86,AA86,AF86,AK86,AP86,AU86) -> #DIV/0! | K86: =AVERAGE(R86,W86,AB86,AG86,AL86,AQ86,AV86) -> #DIV/0! | M86: =RANK(K86, $K$73:$K$90) -> #DIV/0! | R86: =Q86/P86 -> #DIV/0! | S86: =RANK(R86, $R$73:$R$90) -> #DIV/0! | W86: =V86/U86 -> #DIV/0! | X86: =RANK(W86, $W$73:$W$90) -> #DIV/0! | AB86: =AA86/Z86 -> #DIV/0! | AC86: =RANK(AB86, $AB$73:$AB$90) -> #DIV/0! | AG86: =AF86/AE86 -> #DIV/0! | AH86: =RANK(AG86, $AG$73:$AG$90) -> #DIV/0! | AL86: =AK86/AJ86 -> #DIV/0! | AM86: =RANK(AL86, $AL$73:$AL$90) -> #DIV/0! | AQ86: =AP86/AO86 -> #DIV/0! | AR86: =RANK(AQ86, $AQ$73:$AQ$90) -> #DIV/0! | AV86: =AU86/AT86 -> #DIV/0! | AW86: =RANK(AV86, $AV$73:$AV$90) -> #DIV/0!
C87: 15 | I87: =AVERAGE(P87,U87,Z87,AE87,AJ87,AO87,AT87) -> #DIV/0! | J87: =AVERAGE(Q87,V87,AA87,AF87,AK87,AP87,AU87) -> #DIV/0! | K87: =AVERAGE(R87,W87,AB87,AG87,AL87,AQ87,AV87) -> #DIV/0! | M87: =RANK(K87, $K$73:$K$90) -> #DIV/0! | R87: =Q87/P87 -> #DIV/0! | S87: =RANK(R87, $R$73:$R$90) -> #DIV/0! | W87: =V87/U87 -> #DIV/0! | X87: =RANK(W87, $W$73:$W$90) -> #DIV/0! | AB87: =AA87/Z87 -> #DIV/0! | AC87: =RANK(AB87, $AB$73:$AB$90) -> #DIV/0! | AG87: =AF87/AE87 -> #DIV/0! | AH87: =RANK(AG87, $AG$73:$AG$90) -> #DIV/0! | AL87: =AK87/AJ87 -> #DIV/0! | AM87: =RANK(AL87, $AL$73:$AL$90) -> #DIV/0! | AQ87: =AP87/AO87 -> #DIV/0! | AR87: =RANK(AQ87, $AQ$73:$AQ$90) -> #DIV/0! | AV87: =AU87/AT87 -> #DIV/0! | AW87: =RANK(AV87, $AV$73:$AV$90) -> #DIV/0!
C88: 16 | I88: =AVERAGE(P88,U88,Z88,AE88,AJ88,AO88,AT88) -> #DIV/0! | J88: =AVERAGE(Q88,V88,AA88,AF88,AK88,AP88,AU88) -> #DIV/0! | K88: =AVERAGE(R88,W88,AB88,AG88,AL88,AQ88,AV88) -> #DIV/0! | M88: =RANK(K88, $K$73:$K$90) -> #DIV/0! | R88: =Q88/P88 -> #DIV/0! | S88: =RANK(R88, $R$73:$R$90) -> #DIV/0! | W88: =V88/U88 -> #DIV/0! | X88: =RANK(W88, $W$73:$W$90) -> #DIV/0! | AB88: =AA88/Z88 -> #DIV/0! | AC88: =RANK(AB88, $AB$73:$AB$90) -> #DIV/0! | AG88: =AF88/AE88 -> #DIV/0! | AH88: =RANK(AG88, $AG$73:$AG$90) -> #DIV/0! | AL88: =AK88/AJ88 -> #DIV/0! | AM88: =RANK(AL88, $AL$73:$AL$90) -> #DIV/0! | AQ88: =AP88/AO88 -> #DIV/0! | AR88: =RANK(AQ88, $AQ$73:$AQ$90) -> #DIV/0! | AV88: =AU88/AT88 -> #DIV/0! | AW88: =RANK(AV88, $AV$73:$AV$90) -> #DIV/0!
C89: 17 | I89: =AVERAGE(P89,U89,Z89,AE89,AJ89,AO89,AT89) -> #DIV/0! | J89: =AVERAGE(Q89,V89,AA89,AF89,AK89,AP89,AU89) -> #DIV/0! | K89: =AVERAGE(R89,W89,AB89,AG89,AL89,AQ89,AV89) -> #DIV/0! | M89: =RANK(K89, $K$73:$K$90) -> #DIV/0! | R89: =Q89/P89 -> #DIV/0! | S89: =RANK(R89, $R$73:$R$90) -> #DIV/0! | W89: =V89/U89 -> #DIV/0! | X89: =RANK(W89, $W$73:$W$90) -> #DIV/0! | AB89: =AA89/Z89 -> #DIV/0! | AC89: =RANK(AB89, $AB$73:$AB$90) -> #DIV/0! | AG89: =AF89/AE89 -> #DIV/0! | AH89: =RANK(AG89, $AG$73:$AG$90) -> #DIV/0! | AL89: =AK89/AJ89 -> #DIV/0! | AM89: =RANK(AL89, $AL$73:$AL$90) -> #DIV/0! | AQ89: =AP89/AO89 -> #DIV/0! | AR89: =RANK(AQ89, $AQ$73:$AQ$90) -> #DIV/0! | AV89: =AU89/AT89 -> #DIV/0! | AW89: =RANK(AV89, $AV$73:$AV$90) -> #DIV/0!
C90: 18
B91: 產線配置圖－每週更新 | N91: 資料繳交 | O91: 日期 | P91: 45958 | U91: 45959 | Z91: 45960 | AE91: 45961
P92: 二 | U92: 三 | Z92: 四 | AE92: 五 | AJ92: 六 | AO92: 日 | AT92: 一
B93: 品群 | C93: 商品名稱 | E93: 計畫 | H93: 平均人時性 | I93: 實績 | L93: 平均人時性 | M93: 排名 | O93: 日報 | P93: 實際 | T93: 平均人時性 | U93: 實際 | Y93: 平均人時性 | Z93: 實際 | AD93: 平均人時性 | AE93: 實際 | AI93: 平均人時性 | AJ93: 實際 | AN93: 平均人時性 | AO93: 實際 | AS93: 平均人時性 | AT93: 實際 | AX93: 平均人時性
E94: 產線配置圖 | I94: 產線配置圖 | P94: 生產實績 | U94: 生產實績 | Z94: 生產實績 | AE94: 生產實績 | AJ94: 生產實績 | AO94: 生產實績 | AT94: 生產實績
E95: 人數 | F95: 產能／時 | G95: 人時性 | I95: 人數 | J95: 產能／時 | K95: 人時性 | P95: 人數 | Q95: 產能／時 | R95: 人時性 | S95: 排名 | U95: 人數 | V95: 產能／時 | W95: 人時性 | X95: 排名 | Z95: 人數 | AA95: 產能／時 | AB95: 人時性 | AC95: 排名 | AE95: 人數 | AF95: 產能／時 | AG95: 人時性 | AH95: 排名 | AJ95: 人數 | AK95: 產能／時 | AL95: 人時性 | AM95: 排名 | AO95: 人數 | AP95: 產能／時 | AQ95: 人時性 | AR95: 排名 | AT95: 人數 | AU95: 產能／時 | AV95: 人時性 | AW95: 排名
B96: 熱食義麵 | C96: 1 | D96: 義式蕃茄起司義大利麵 | E96: =VLOOKUP(D96,'10產線配置圖'!$A$2:$C$30,2,0) -> 12 | F96: =VLOOKUP(D96,'10產線配置圖'!$A$2:$C$30,3,0) -> 2000 | G96: 166.66667 | H96: =AVERAGE(G96:G110) -> 113.93986 | I96: =AVERAGE(P96,U96,Z96,AE96,AJ96,AO96,AT96) -> #DIV/0! | J96: =AVERAGE(Q96,V96,AA96,AF96,AK96,AP96,AU96) -> #DIV/0! | K96: =AVERAGE(R96,W96,AB96,AG96,AL96,AQ96,AV96) -> #DIV/0! | L96: =IFERROR(AVERAGE(K96:K113),"-") -> - | M96: =RANK(K96, K$96:$K$113) -> #DIV/0! | R96: =Q96/P96 -> #DIV/0! | S96: =RANK(R96,$R$96:$R$113) -> #DIV/0! | T96: =AVERAGE(R96:R113) -> #DIV/0! | W96: =V96/U96 -> #DIV/0! | X96: =RANK(W96,$W$96:$W$113) -> #DIV/0! | Y96: =AVERAGE(W96:W113) -> #DIV/0! | AB96: =AA96/Z96 -> #DIV/0! | AC96: =RANK(AB96, $AB$96:$AB$113) -> #DIV/0! | AD96: =AVERAGE(AB96:AB113) -> #DIV/0! | AG96: =AF96/AE96 -> #DIV/0! | AH96: =RANK(AG96,$AG$96:$AG$113) -> #DIV/0! | AI96: =AVERAGE(AG96:AG113) -> #DIV/0! | AL96: =AK96/AJ96 -> #DIV/0! | AM96: =RANK(AL96,$AL$96:$AL$113) -> #DIV/0! | AN96: =AVERAGE(AL96:AL113) -> #DIV/0! | AQ96: =AP96/AO96 -> #DIV/0! | AR96: =RANK(AQ96,$AQ$96:$AQ$113) -> #DIV/0! | AS96: =AVERAGE(AQ96:AQ113) -> #DIV/0! | AV96: =AU96/AT96 -> #DIV/0! | AW96: =RANK(AV96,$AV$96:$AV$113) -> #DIV/0! | AX96: =AVERAGE(AV96:AV113) -> #DIV/0!
C97: 2 | D97: 奶油培根義大利麵 | E97: =VLOOKUP(D97,'10產線配置圖'!$A$2:$C$30,2,0) -> 13 | F97: =VLOOKUP(D97,'10產線配置圖'!$A$2:$C$30,3,0) -> 2000 | G97: 153.84615 | I97: =AVERAGE(P97,U97,Z97,AE97,AJ97,AO97,AT97) -> #DIV/0! | J97: =AVERAGE(Q97,V97,AA97,AF97,AK97,AP97,AU97) -> #DIV/0! | K97: =AVERAGE(R97,W97,AB97,AG97,AL97,AQ97,AV97) -> #DIV/0! | M97: =RANK(K97, K$96:$K$113) -> #DIV/0! | R97: =Q97/P97 -> #DIV/0! | S97: =RANK(R97,$R$96:$R$113) -> #DIV/0! | W97: =V97/U97 -> #DIV/0! | X97: =RANK(W97,$W$96:$W$113) -> #DIV/0! | AB97: =AA97/Z97 -> #DIV/0! | AC97: =RANK(AB97, $AB$96:$AB$113) -> #DIV/0! | AG97: =AF97/AE97 -> #DIV/0! | AH97: =RANK(AG97,$AG$96:$AG$113) -> #DIV/0! | AL97: =AK97/AJ97 -> #DIV/0! | AM97: =RANK(AL97,$AL$96:$AL$113) -> #DIV/0! | AQ97: =AP97/AO97 -> #DIV/0! | AR97: =RANK(AQ97,$AQ$96:$AQ$113) -> #DIV/0! | AV97: =AU97/AT97 -> #DIV/0! | AW97: =RANK(AV97,$AV$96:$AV$113) -> #DIV/0!
C98: 3 | D98: 熱那亞青醬義大利麵 | E98: =VLOOKUP(D98,'10產線配置圖'!$A$2:$C$30,2,0) -> 16 | F98: =VLOOKUP(D98,'10產線配置圖'!$A$2:$C$30,3,0) -> 1915 | G98: 119.6875 | I98: =AVERAGE(P98,U98,Z98,AE98,AJ98,AO98,AT98) -> #DIV/0! | J98: =AVERAGE(Q98,V98,AA98,AF98,AK98,AP98,AU98) -> #DIV/0! | K98: =AVERAGE(R98,W98,AB98,AG98,AL98,AQ98,AV98) -> #DIV/0! | M98: =RANK(K98, K$96:$K$113) -> #DIV/0! | R98: =Q98/P98 -> #DIV/0! | S98: =RANK(R98,$R$96:$R$113) -> #DIV/0! | W98: =V98/U98 -> #DIV/0! | X98: =RANK(W98,$W$96:$W$113) -> #DIV/0! | AB98: =AA98/Z98 -> #DIV/0! | AC98: =RANK(AB98, $AB$96:$AB$113) -> #DIV/0! | AG98: =AF98/AE98 -> #DIV/0! | AH98: =RANK(AG98,$AG$96:$AG$113) -> #DIV/0! | AL98: =AK98/AJ98 -> #DIV/0! | AM98: =RANK(AL98,$AL$96:$AL$113) -> #DIV/0! | AQ98: =AP98/AO98 -> #DIV/0! | AR98: =RANK(AQ98,$AQ$96:$AQ$113) -> #DIV/0! | AV98: =AU98/AT98 -> #DIV/0! | AW98: =RANK(AV98,$AV$96:$AV$113) -> #DIV/0!
A99: 18 | C99: 4 | D99: 焗烤起司雙饗筆尖麵 | E99: =VLOOKUP(D99,'10產線配置圖'!$A$2:$C$30,2,0) -> 18 | F99: =VLOOKUP(D99,'10產線配置圖'!$A$2:$C$30,3,0) -> 1565 | G99: 86.944444 | I99: =AVERAGE(P99,U99,Z99,AE99,AJ99,AO99,AT99) -> #DIV/0! | J99: =AVERAGE(Q99,V99,AA99,AF99,AK99,AP99,AU99) -> #DIV/0! | K99: =AVERAGE(R99,W99,AB99,AG99,AL99,AQ99,AV99) -> #DIV/0! | M99: =RANK(K99, K$96:$K$113) -> #DIV/0! | R99: =Q99/P99 -> #DIV/0! | S99: =RANK(R99,$R$96:$R$113) -> #DIV/0! | W99: =V99/U99 -> #DIV/0! | X99: =RANK(W99,$W$96:$W$113) -> #DIV/0! | AB99: =AA99/Z99 -> #DIV/0! | AC99: =RANK(AB99, $AB$96:$AB$113) -> #DIV/0! | AG99: =AF99/AE99 -> #DIV/0! | AH99: =RANK(AG99,$AG$96:$AG$113) -> #DIV/0! | AL99: =AK99/AJ99 -> #DIV/0! | AM99: =RANK(AL99,$AL$96:$AL$113) -> #DIV/0! | AQ99: =AP99/AO99 -> #DIV/0! | AR99: =RANK(AQ99,$AQ$96:$AQ$113) -> #DIV/0! | AV99: =AU99/AT99 -> #DIV/0! | AW99: =RANK(AV99,$AV$96:$AV$113) -> #DIV/0!
C100: 5 | D100: 白酒蛤蜊義大利麵 | E100: =VLOOKUP(D100,'10產線配置圖'!$A$2:$C$30,2,0) -> 13 | F100: =VLOOKUP(D100,'10產線配置圖'!$A$2:$C$30,3,0) -> 2000 | G100: 153.84615 | I100: =AVERAGE(P100,U100,Z100,AE100,AJ100,AO100,AT100) -> #DIV/0! | J100: =AVERAGE(Q100,V100,AA100,AF100,AK100,AP100,AU100) -> #DIV/0! | K100: =AVERAGE(R100,W100,AB100,AG100,AL100,AQ100,AV100) -> #DIV/0! | M100: =RANK(K100, K$96:$K$113) -> #DIV/0! | R100: =Q100/P100 -> #DIV/0! | S100: =RANK(R100,$R$96:$R$113) -> #DIV/0! | W100: =V100/U100 -> #DIV/0! | X100: =RANK(W100,$W$96:$W$113) -> #DIV/0! | AB100: =AA100/Z100 -> #DIV/0! | AC100: =RANK(AB100, $AB$96:$AB$113) -> #DIV/0! | AG100: =AF100/AE100 -> #DIV/0! | AH100: =RANK(AG100,$AG$96:$AG$113) -> #DIV/0! | AL100: =AK100/AJ100 -> #DIV/0! | AM100: =RANK(AL100,$AL$96:$AL$113) -> #DIV/0! | AQ100: =AP100/AO100 -> #DIV/0! | AR100: =RANK(AQ100,$AQ$96:$AQ$113) -> #DIV/0! | AV100: =AU100/AT100 -> #DIV/0! | AW100: =RANK(AV100,$AV$96:$AV$113) -> #DIV/0!
...

Sheet （５-2）品群別人時生產性(季節調理麵) 
B1: 月平均人時性 | C1: =AVERAGE(L7,L27,L47,L67,L87) -> #DIV/0!
B2: 產線配置圖－每週更新 | N2: 資料繳交 | O2: 日期 | AE2: 45870 | AJ2: 45871 | AO2: 45872 | AT2: 45873
P3: 二 | U3: 三 | Z3: 四 | AE3: 五 | AJ3: 六 | AO3: 日 | AT3: 一
B4: 品群 | C4: 商品名稱 | E4: 計畫 | H4: 平均人時性 | I4: 實績 | L4: 平均人時性 | M4: 排名 | O4: 日報 | P4: 實際 | T4: 平均人時性 | U4: 實際 | Y4: 平均人時性 | Z4: 實際 | AD4: 平均人時性 | AE4: 實際 | AI4: 平均人時性 | AJ4: 實際 | AN4: 平均人時性 | AO4: 實際 | AS4: 平均人時性 | AT4: 實際 | AX4: 平均人時性
E5: 產線配置圖 | I5: 產線配置圖 | P5: 生產實績 | U5: 生產實績 | Z5: 生產實績 | AE5: 生產實績 | AJ5: 生產實績 | AO5: 生產實績 | AT5: 生產實績
E6: 人數 | F6: 產能／時 | G6: 人時性 | I6: 人數 | J6: 產能／時 | K6: 人時性 | P6: 人數 | Q6: 產能／時 | R6: 人時性 | S6: 排名 | U6: 人數 | V6: 產能／時 | W6: 人時性 | X6: 排名 | Z6: 人數 | AA6: 產能／時 | AB6: 人時性 | AC6: 排名 | AE6: 人數 | AF6: 產能／時 | AG6: 人時性 | AH6: 排名 | AJ6: 人數 | AK6: 產能／時 | AL6: 人時性 | AM6: 排名 | AO6: 人數 | AP6: 產能／時 | AQ6: 人時性 | AR6: 排名 | AT6: 人數 | AU6: 產能／時 | AV6: 人時性 | AW6: 排名
B7: 熱食調理麵 | C7: 1 | H7: =AVERAGE(G7:G21) -> #DIV/0! | I7: =AVERAGE(P7,U7,Z7,AE7,AJ7,AO7,AT7) -> #DIV/0! | J7: =AVERAGE(Q7,V7,AA7,AF7,AK7,AP7,AU7) -> #DIV/0! | K7: =AVERAGE(R7,W7,AB7,AG7,AL7,AQ7,AV7) -> #DIV/0! | L7: =AVERAGE(K7:K21) -> #DIV/0! | M7: =RANK(K7, K$7:$K$21) -> #DIV/0! | S7: =RANK(R7, R$7:R$21) -> #N/A | T7: =AVERAGE(R7:R21) -> #DIV/0! | X7: =RANK(W7, W$7:W$21) -> #N/A | Y7: =AVERAGE(W7:W21) -> #DIV/0! | AC7: =RANK(AB7, AB$7:AB$21) -> #N/A | AD7: =AVERAGE(AB7:AB21) -> #DIV/0! | AH7: =RANK(AG7, AG$7:AG$21) -> #N/A | AI7: =AVERAGE(AG7:AG21) -> #DIV/0! | AM7: =RANK(AL7, AL$7:AL$21) -> #N/A | AN7: =AVERAGE(AL7:AL21) -> #DIV/0! | AR7: =RANK(AQ7, AQ$7:AQ$21) -> #N/A | AS7: =AVERAGE(AQ7:AQ21) -> #DIV/0! | AW7: =RANK(AV7, AV$7:AV$21) -> #N/A | AX7: =AVERAGE(AV7:AV21) -> #DIV/0!
C8: 2 | I8: =AVERAGE(P8,U8,Z8,AE8,AJ8,AO8,AT8) -> #DIV/0! | J8: =AVERAGE(Q8,V8,AA8,AF8,AK8,AP8,AU8) -> #DIV/0! | K8: =AVERAGE(R8,W8,AB8,AG8,AL8,AQ8,AV8) -> #DIV/0! | M8: =RANK(K8, K$7:$K$21) -> #DIV/0! | S8: =RANK(R8, R$7:R$21) -> #N/A | X8: =RANK(W8, W$7:W$21) -> #N/A | AC8: =RANK(AB8, AB$7:AB$21) -> #N/A | AH8: =RANK(AG8, AG$7:AG$21) -> #N/A | AM8: =RANK(AL8, AL$7:AL$21) -> #N/A | AR8: =RANK(AQ8, AQ$7:AQ$21) -> #N/A | AW8: =RANK(AV8, AV$7:AV$21) -> #N/A
C9: 3 | I9: =AVERAGE(P9,U9,Z9,AE9,AJ9,AO9,AT9) -> #DIV/0! | J9: =AVERAGE(Q9,V9,AA9,AF9,AK9,AP9,AU9) -> #DIV/0! | K9: =AVERAGE(R9,W9,AB9,AG9,AL9,AQ9,AV9) -> #DIV/0! | M9: =RANK(K9, K$7:$K$21) -> #DIV/0! | S9: =RANK(R9, R$7:R$21) -> #N/A | X9: =RANK(W9, W$7:W$21) -> #N/A | AC9: =RANK(AB9, AB$7:AB$21) -> #N/A | AH9: =RANK(AG9, AG$7:AG$21) -> #N/A | AM9: =RANK(AL9, AL$7:AL$21) -> #N/A | AR9: =RANK(AQ9, AQ$7:AQ$21) -> #N/A | AW9: =RANK(AV9, AV$7:AV$21) -> #N/A
C10: 4 | I10: =AVERAGE(P10,U10,Z10,AE10,AJ10,AO10,AT10) -> #DIV/0! | J10: =AVERAGE(Q10,V10,AA10,AF10,AK10,AP10,AU10) -> #DIV/0! | K10: =AVERAGE(R10,W10,AB10,AG10,AL10,AQ10,AV10) -> #DIV/0! | M10: =RANK(K10, K$7:$K$21) -> #DIV/0! | S10: =RANK(R10, R$7:R$21) -> #N/A | X10: =RANK(W10, W$7:W$21) -> #N/A | AC10: =RANK(AB10, AB$7:AB$21) -> #N/A | AH10: =RANK(AG10, AG$7:AG$21) -> #N/A | AM10: =RANK(AL10, AL$7:AL$21) -> #N/A | AR10: =RANK(AQ10, AQ$7:AQ$21) -> #N/A | AW10: =RANK(AV10, AV$7:AV$21) -> #N/A
C11: 5 | I11: =AVERAGE(P11,U11,Z11,AE11,AJ11,AO11,AT11) -> #DIV/0! | J11: =AVERAGE(Q11,V11,AA11,AF11,AK11,AP11,AU11) -> #DIV/0! | K11: =AVERAGE(R11,W11,AB11,AG11,AL11,AQ11,AV11) -> #DIV/0! | M11: =RANK(K11, K$7:$K$21) -> #DIV/0! | S11: =RANK(R11, R$7:R$21) -> #N/A | X11: =RANK(W11, W$7:W$21) -> #N/A | AC11: =RANK(AB11, AB$7:AB$21) -> #N/A | AH11: =RANK(AG11, AG$7:AG$21) -> #N/A | AM11: =RANK(AL11, AL$7:AL$21) -> #N/A | AR11: =RANK(AQ11, AQ$7:AQ$21) -> #N/A | AW11: =RANK(AV11, AV$7:AV$21) -> #N/A
C12: 6 | I12: =AVERAGE(P12,U12,Z12,AE12,AJ12,AO12,AT12) -> #DIV/0! | J12: =AVERAGE(Q12,V12,AA12,AF12,AK12,AP12,AU12) -> #DIV/0! | K12: =AVERAGE(R12,W12,AB12,AG12,AL12,AQ12,AV12) -> #DIV/0! | M12: =RANK(K12, K$7:$K$21) -> #DIV/0! | S12: =RANK(R12, R$7:R$21) -> #N/A | X12: =RANK(W12, W$7:W$21) -> #N/A | AC12: =RANK(AB12, AB$7:AB$21) -> #N/A | AH12: =RANK(AG12, AG$7:AG$21) -> #N/A | AM12: =RANK(AL12, AL$7:AL$21) -> #N/A | AR12: =RANK(AQ12, AQ$7:AQ$21) -> #N/A | AW12: =RANK(AV12, AV$7:AV$21) -> #N/A
C13: 7 | I13: =AVERAGE(P13,U13,Z13,AE13,AJ13,AO13,AT13) -> #DIV/0! | J13: =AVERAGE(Q13,V13,AA13,AF13,AK13,AP13,AU13) -> #DIV/0! | K13: =AVERAGE(R13,W13,AB13,AG13,AL13,AQ13,AV13) -> #DIV/0! | M13: =RANK(K13, K$7:$K$21) -> #DIV/0! | S13: =RANK(R13, R$7:R$21) -> #N/A | X13: =RANK(W13, W$7:W$21) -> #N/A | AC13: =RANK(AB13, AB$7:AB$21) -> #N/A | AH13: =RANK(AG13, AG$7:AG$21) -> #N/A | AM13: =RANK(AL13, AL$7:AL$21) -> #N/A | AR13: =RANK(AQ13, AQ$7:AQ$21) -> #N/A | AW13: =RANK(AV13, AV$7:AV$21) -> #N/A
C14: 8 | I14: =AVERAGE(P14,U14,Z14,AE14,AJ14,AO14,AT14) -> #DIV/0! | J14: =AVERAGE(Q14,V14,AA14,AF14,AK14,AP14,AU14) -> #DIV/0! | K14: =AVERAGE(R14,W14,AB14,AG14,AL14,AQ14,AV14) -> #DIV/0! | M14: =RANK(K14, K$7:$K$21) -> #DIV/0! | S14: =RANK(R14, R$7:R$21) -> #N/A | X14: =RANK(W14, W$7:W$21) -> #N/A | AC14: =RANK(AB14, AB$7:AB$21) -> #N/A | AH14: =RANK(AG14, AG$7:AG$21) -> #N/A | AM14: =RANK(AL14, AL$7:AL$21) -> #N/A | AR14: =RANK(AQ14, AQ$7:AQ$21) -> #N/A | AW14: =RANK(AV14, AV$7:AV$21) -> #N/A
C15: 9 | I15: =AVERAGE(P15,U15,Z15,AE15,AJ15,AO15,AT15) -> #DIV/0! | J15: =AVERAGE(Q15,V15,AA15,AF15,AK15,AP15,AU15) -> #DIV/0! | K15: =AVERAGE(R15,W15,AB15,AG15,AL15,AQ15,AV15) -> #DIV/0! | M15: =RANK(K15, K$7:$K$21) -> #DIV/0! | S15: =RANK(R15, R$7:R$21) -> #N/A | X15: =RANK(W15, W$7:W$21) -> #N/A | AC15: =RANK(AB15, AB$7:AB$21) -> #N/A | AH15: =RANK(AG15, AG$7:AG$21) -> #N/A | AM15: =RANK(AL15, AL$7:AL$21) -> #N/A | AR15: =RANK(AQ15, AQ$7:AQ$21) -> #N/A | AW15: =RANK(AV15, AV$7:AV$21) -> #N/A
C16: 10 | I16: =AVERAGE(P16,U16,Z16,AE16,AJ16,AO16,AT16) -> #DIV/0! | J16: =AVERAGE(Q16,V16,AA16,AF16,AK16,AP16,AU16) -> #DIV/0! | K16: =AVERAGE(R16,W16,AB16,AG16,AL16,AQ16,AV16) -> #DIV/0! | M16: =RANK(K16, K$7:$K$21) -> #DIV/0! | S16: =RANK(R16, R$7:R$21) -> #N/A | X16: =RANK(W16, W$7:W$21) -> #N/A | AC16: =RANK(AB16, AB$7:AB$21) -> #N/A | AH16: =RANK(AG16, AG$7:AG$21) -> #N/A | AM16: =RANK(AL16, AL$7:AL$21) -> #N/A | AR16: =RANK(AQ16, AQ$7:AQ$21) -> #N/A | AW16: =RANK(AV16, AV$7:AV$21) -> #N/A
C17: 11 | M17: =RANK(K17, K$7:$K$21) -> #DIV/0! | S17: =RANK(R17, R$7:R$21) -> #N/A | X17: =RANK(W17, W$7:W$21) -> #N/A | AC17: =RANK(AB17, AB$7:AB$21) -> #N/A | AH17: =RANK(AG17, AG$7:AG$21) -> #N/A | AM17: =RANK(AL17, AL$7:AL$21) -> #N/A | AR17: =RANK(AQ17, AQ$7:AQ$21) -> #N/A | AW17: =RANK(AV17, AV$7:AV$21) -> #N/A
C18: 12 | M18: =RANK(K18, K$7:$K$21) -> #DIV/0! | S18: =RANK(R18, R$7:R$21) -> #N/A | X18: =RANK(W18, W$7:W$21) -> #N/A | AC18: =RANK(AB18, AB$7:AB$21) -> #N/A | AH18: =RANK(AG18, AG$7:AG$21) -> #N/A | AM18: =RANK(AL18, AL$7:AL$21) -> #N/A | AR18: =RANK(AQ18, AQ$7:AQ$21) -> #N/A | AW18: =RANK(AV18, AV$7:AV$21) -> #N/A
C19: 13 | M19: =RANK(K19, K$7:$K$21) -> #DIV/0! | S19: =RANK(R19, R$7:R$21) -> #N/A | X19: =RANK(W19, W$7:W$21) -> #N/A | AC19: =RANK(AB19, AB$7:AB$21) -> #N/A | AH19: =RANK(AG19, AG$7:AG$21) -> #N/A | AM19: =RANK(AL19, AL$7:AL$21) -> #N/A | AR19: =RANK(AQ19, AQ$7:AQ$21) -> #N/A | AW19: =RANK(AV19, AV$7:AV$21) -> #N/A
C20: 14 | M20: =RANK(K20, K$7:$K$21) -> #DIV/0! | S20: =RANK(R20, R$7:R$21) -> #N/A | X20: =RANK(W20, W$7:W$21) -> #N/A | AC20: =RANK(AB20, AB$7:AB$21) -> #N/A | AH20: =RANK(AG20, AG$7:AG$21) -> #N/A | AM20: =RANK(AL20, AL$7:AL$21) -> #N/A | AR20: =RANK(AQ20, AQ$7:AQ$21) -> #N/A | AW20: =RANK(AV20, AV$7:AV$21) -> #N/A
C21: 15 | M21: =RANK(K21, K$7:$K$21) -> #DIV/0! | S21: =RANK(R21, R$7:R$21) -> #N/A | X21: =RANK(W21, W$7:W$21) -> #N/A | AC21: =RANK(AB21, AB$7:AB$21) -> #N/A | AH21: =RANK(AG21, AG$7:AG$21) -> #N/A | AM21: =RANK(AL21, AL$7:AL$21) -> #N/A | AR21: =RANK(AQ21, AQ$7:AQ$21) -> #N/A | AW21: =RANK(AV21, AV$7:AV$21) -> #N/A
B22: 產線配置圖－每週更新 | N22: 資料繳交 | O22: 日期 | P22: 45874 | U22: 45875 | Z22: 45876 | AE22: 45877 | AJ22: 45878 | AO22: 45879 | AT22: 45880
P23: 二 | U23: 三 | Z23: 四 | AE23: 五 | AJ23: 六 | AO23: 日 | AT23: 一
B24: 品群 | C24: 商品名稱 | E24: 計畫 | H24: 平均人時性 | I24: 實績 | L24: 平均人時性 | M24: 排名 | O24: 日報 | P24: 實際 | T24: 平均人時性 | U24: 實際 | Y24: 平均人時性 | Z24: 實際 | AD24: 平均人時性 | AE24: 實際 | AI24: 平均人時性 | AJ24: 實際 | AN24: 平均人時性 | AO24: 實際 | AS24: 平均人時性 | AT24: 實際 | AX24: 平均人時性
E25: 產線配置圖 | I25: 產線配置圖 | P25: 生產實績 | U25: 生產實績 | Z25: 生產實績 | AE25: 生產實績 | AJ25: 生產實績 | AO25: 生產實績 | AT25: 生產實績
E26: 人數 | F26: 產能／時 | G26: 人時性 | I26: 人數 | J26: 產能／時 | K26: 人時性 | P26: 人數 | Q26: 產能／時 | R26: 人時性 | S26: 排名 | U26: 人數 | V26: 產能／時 | W26: 人時性 | X26: 排名 | Z26: 人數 | AA26: 產能／時 | AB26: 人時性 | AC26: 排名 | AE26: 人數 | AF26: 產能／時 | AG26: 人時性 | AH26: 排名 | AJ26: 人數 | AK26: 產能／時 | AL26: 人時性 | AM26: 排名 | AO26: 人數 | AP26: 產能／時 | AQ26: 人時性 | AR26: 排名 | AT26: 人數 | AU26: 產能／時 | AV26: 人時性 | AW26: 排名
B27: 季節調理麵 | C27: 1 | H27: =AVERAGE(G27:G41) -> #DIV/0! | I27: =AVERAGE(P27,U27,Z27,AE27,AJ27,AO27,AT27) -> #DIV/0! | J27: =AVERAGE(Q27,V27,AA27,AF27,AK27,AP27,AU27) -> #DIV/0! | K27: =AVERAGE(R27,W27,AB27,AG27,AL27,AQ27,AV27) -> #DIV/0! | L27: =AVERAGE(K27:K41) -> #DIV/0! | M27: =RANK(K27, K$27:$K$41) -> #DIV/0! | T27: =AVERAGE(R27:R41) -> #DIV/0! | Y27: =AVERAGE(W27:W41) -> #DIV/0! | AD27: =AVERAGE(AB27:AB41) -> #DIV/0! | AI27: =AVERAGE(AG27:AG41) -> #DIV/0! | AN27: =AVERAGE(AL27:AL41) -> #DIV/0! | AS27: =AVERAGE(AQ27:AQ41) -> #DIV/0! | AX27: =AVERAGE(AV27:AV41) -> #DIV/0!
C28: 2 | I28: =AVERAGE(P28,U28,Z28,AE28,AJ28,AO28,AT28) -> #DIV/0! | J28: =AVERAGE(Q28,V28,AA28,AF28,AK28,AP28,AU28) -> #DIV/0! | K28: =AVERAGE(R28,W28,AB28,AG28,AL28,AQ28,AV28) -> #DIV/0! | M28: =RANK(K28, K$27:$K$41) -> #DIV/0!
C29: 3 | I29: =AVERAGE(P29,U29,Z29,AE29,AJ29,AO29,AT29) -> #DIV/0! | J29: =AVERAGE(Q29,V29,AA29,AF29,AK29,AP29,AU29) -> #DIV/0! | K29: =AVERAGE(R29,W29,AB29,AG29,AL29,AQ29,AV29) -> #DIV/0! | M29: =RANK(K29, K$27:$K$41) -> #DIV/0!
C30: 4 | I30: =AVERAGE(P30,U30,Z30,AE30,AJ30,AO30,AT30) -> #DIV/0! | J30: =AVERAGE(Q30,V30,AA30,AF30,AK30,AP30,AU30) -> #DIV/0! | K30: =AVERAGE(R30,W30,AB30,AG30,AL30,AQ30,AV30) -> #DIV/0! | M30: =RANK(K30, K$27:$K$41) -> #DIV/0!
C31: 5 | I31: =AVERAGE(P31,U31,Z31,AE31,AJ31,AO31,AT31) -> #DIV/0! | J31: =AVERAGE(Q31,V31,AA31,AF31,AK31,AP31,AU31) -> #DIV/0! | K31: =AVERAGE(R31,W31,AB31,AG31,AL31,AQ31,AV31) -> #DIV/0! | M31: =RANK(K31, K$27:$K$41) -> #DIV/0!
C32: 6 | I32: =AVERAGE(P32,U32,Z32,AE32,AJ32,AO32,AT32) -> #DIV/0! | J32: =AVERAGE(Q32,V32,AA32,AF32,AK32,AP32,AU32) -> #DIV/0! | K32: =AVERAGE(R32,W32,AB32,AG32,AL32,AQ32,AV32) -> #DIV/0! | M32: =RANK(K32, K$27:$K$41) -> #DIV/0!
C33: 7 | I33: =AVERAGE(P33,U33,Z33,AE33,AJ33,AO33,AT33) -> #DIV/0! | J33: =AVERAGE(Q33,V33,AA33,AF33,AK33,AP33,AU33) -> #DIV/0! | K33: =AVERAGE(R33,W33,AB33,AG33,AL33,AQ33,AV33) -> #DIV/0! | M33: =RANK(K33, K$27:$K$41) -> #DIV/0!
C34: 8 | I34: =AVERAGE(P34,U34,Z34,AE34,AJ34,AO34,AT34) -> #DIV/0! | J34: =AVERAGE(Q34,V34,AA34,AF34,AK34,AP34,AU34) -> #DIV/0! | K34: =AVERAGE(R34,W34,AB34,AG34,AL34,AQ34,AV34) -> #DIV/0! | M34: =RANK(K34, K$27:$K$41) -> #DIV/0!
C35: 9 | I35: =AVERAGE(P35,U35,Z35,AE35,AJ35,AO35,AT35) -> #DIV/0! | J35: =AVERAGE(Q35,V35,AA35,AF35,AK35,AP35,AU35) -> #DIV/0! | K35: =AVERAGE(R35,W35,AB35,AG35,AL35,AQ35,AV35) -> #DIV/0! | M35: =RANK(K35, K$27:$K$41) -> #DIV/0!
C36: 10 | I36: =AVERAGE(P36,U36,Z36,AE36,AJ36,AO36,AT36) -> #DIV/0! | J36: =AVERAGE(Q36,V36,AA36,AF36,AK36,AP36,AU36) -> #DIV/0! | K36: =AVERAGE(R36,W36,AB36,AG36,AL36,AQ36,AV36) -> #DIV/0! | M36: =RANK(K36, K$27:$K$41) -> #DIV/0!
C37: 11 | M37: =RANK(K37, K$27:$K$41) -> #DIV/0!
C38: 12 | M38: =RANK(K38, K$27:$K$41) -> #DIV/0!
C39: 13 | M39: =RANK(K39, K$27:$K$41) -> #DIV/0!
C40: 14 | M40: =RANK(K40, K$27:$K$41) -> #DIV/0!
C41: 15 | M41: =RANK(K41, K$27:$K$41) -> #DIV/0!
B42: 產線配置圖－每週更新 | N42: 資料繳交 | O42: 日期 | P42: 45881 | U42: 45882 | Z42: 45883 | AE42: 45884 | AJ42: 45885 | AO42: 45886 | AT42: 45887
P43: 二 | U43: 三 | Z43: 四 | AE43: 五 | AJ43: 六 | AO43: 日 | AT43: 一
B44: 品群 | C44: 商品名稱 | E44: 計畫 | H44: 平均人時性 | I44: 實績 | L44: 平均人時性 | M44: 排名 | O44: 日報 | P44: 實際 | T44: 平均人時性 | U44: 實際 | Y44: 平均人時性 | Z44: 實際 | AD44: 平均人時性 | AE44: 實際 | AI44: 平均人時性 | AJ44: 實際 | AN44: 平均人時性 | AO44: 實際 | AS44: 平均人時性 | AT44: 實際 | AX44: 平均人時性
E45: 產線配置圖 | I45: 產線配置圖 | P45: 生產實績 | U45: 生產實績 | Z45: 生產實績 | AE45: 生產實績 | AJ45: 生產實績 | AO45: 生產實績 | AT45: 生產實績
E46: 人數 | F46: 產能／時 | G46: 人時性 | I46: 人數 | J46: 產能／時 | K46: 人時性 | P46: 人數 | Q46: 產能／時 | R46: 人時性 | S46: 排名 | U46: 人數 | V46: 產能／時 | W46: 人時性 | X46: 排名 | Z46: 人數 | AA46: 產能／時 | AB46: 人時性 | AC46: 排名 | AE46: 人數 | AF46: 產能／時 | AG46: 人時性 | AH46: 排名 | AJ46: 人數 | AK46: 產能／時 | AL46: 人時性 | AM46: 排名 | AO46: 人數 | AP46: 產能／時 | AQ46: 人時性 | AR46: 排名 | AT46: 人數 | AU46: 產能／時 | AV46: 人時性 | AW46: 排名
B47: 季節調理麵 | C47: 1 | H47: =AVERAGE(G47:G61) -> #DIV/0! | I47: =AVERAGE(P47,U47,Z47,AE47,AJ47,AO47,AT47) -> #DIV/0! | J47: =AVERAGE(Q47,V47,AA47,AF47,AK47,AP47,AU47) -> #DIV/0! | K47: =AVERAGE(R47,W47,AB47,AG47,AL47,AQ47,AV47) -> #DIV/0! | L47: =AVERAGE(K47:K61) -> #DIV/0! | M47: =RANK(K47, K$47:$K$61) -> #DIV/0! | T47: =AVERAGE(R47:R61) -> #DIV/0! | Y47: =AVERAGE(W47:W61) -> #DIV/0! | AD47: =AVERAGE(AB47:AB61) -> #DIV/0! | AI47: =AVERAGE(AG47:AG61) -> #DIV/0! | AN47: =AVERAGE(AL47:AL61) -> #DIV/0! | AS47: =AVERAGE(AQ47:AQ61) -> #DIV/0! | AX47: =AVERAGE(AV47:AV61) -> #DIV/0!
C48: 2 | I48: =AVERAGE(P48,U48,Z48,AE48,AJ48,AO48,AT48) -> #DIV/0! | J48: =AVERAGE(Q48,V48,AA48,AF48,AK48,AP48,AU48) -> #DIV/0! | K48: =AVERAGE(R48,W48,AB48,AG48,AL48,AQ48,AV48) -> #DIV/0! | M48: =RANK(K48, K$47:$K$61) -> #DIV/0!
C49: 3 | I49: =AVERAGE(P49,U49,Z49,AE49,AJ49,AO49,AT49) -> #DIV/0! | J49: =AVERAGE(Q49,V49,AA49,AF49,AK49,AP49,AU49) -> #DIV/0! | K49: =AVERAGE(R49,W49,AB49,AG49,AL49,AQ49,AV49) -> #DIV/0! | M49: =RANK(K49, K$47:$K$61) -> #DIV/0!
C50: 4 | I50: =AVERAGE(P50,U50,Z50,AE50,AJ50,AO50,AT50) -> #DIV/0! | J50: =AVERAGE(Q50,V50,AA50,AF50,AK50,AP50,AU50) -> #DIV/0! | K50: =AVERAGE(R50,W50,AB50,AG50,AL50,AQ50,AV50) -> #DIV/0! | M50: =RANK(K50, K$47:$K$61) -> #DIV/0!
C51: 5 | I51: =AVERAGE(P51,U51,Z51,AE51,AJ51,AO51,AT51) -> #DIV/0! | J51: =AVERAGE(Q51,V51,AA51,AF51,AK51,AP51,AU51) -> #DIV/0! | K51: =AVERAGE(R51,W51,AB51,AG51,AL51,AQ51,AV51) -> #DIV/0! | M51: =RANK(K51, K$47:$K$61) -> #DIV/0!
C52: 6 | I52: =AVERAGE(P52,U52,Z52,AE52,AJ52,AO52,AT52) -> #DIV/0! | J52: =AVERAGE(Q52,V52,AA52,AF52,AK52,AP52,AU52) -> #DIV/0! | K52: =AVERAGE(R52,W52,AB52,AG52,AL52,AQ52,AV52) -> #DIV/0! | M52: =RANK(K52, K$47:$K$61) -> #DIV/0!
C53: 7 | I53: =AVERAGE(P53,U53,Z53,AE53,AJ53,AO53,AT53) -> #DIV/0! | J53: =AVERAGE(Q53,V53,AA53,AF53,AK53,AP53,AU53) -> #DIV/0! | K53: =AVERAGE(R53,W53,AB53,AG53,AL53,AQ53,AV53) -> #DIV/0! | M53: =RANK(K53, K$47:$K$61) -> #DIV/0!
C54: 8 | I54: =AVERAGE(P54,U54,Z54,AE54,AJ54,AO54,AT54) -> #DIV/0! | J54: =AVERAGE(Q54,V54,AA54,AF54,AK54,AP54,AU54) -> #DIV/0! | K54: =AVERAGE(R54,W54,AB54,AG54,AL54,AQ54,AV54) -> #DIV/0! | M54: =RANK(K54, K$47:$K$61) -> #DIV/0!
C55: 9 | I55: =AVERAGE(P55,U55,Z55,AE55,AJ55,AO55,AT55) -> #DIV/0! | J55: =AVERAGE(Q55,V55,AA55,AF55,AK55,AP55,AU55) -> #DIV/0! | K55: =AVERAGE(R55,W55,AB55,AG55,AL55,AQ55,AV55) -> #DIV/0! | M55: =RANK(K55, K$47:$K$61) -> #DIV/0!
C56: 10 | I56: =AVERAGE(P56,U56,Z56,AE56,AJ56,AO56,AT56) -> #DIV/0! | J56: =AVERAGE(Q56,V56,AA56,AF56,AK56,AP56,AU56) -> #DIV/0! | K56: =AVERAGE(R56,W56,AB56,AG56,AL56,AQ56,AV56) -> #DIV/0! | M56: =RANK(K56, K$47:$K$61) -> #DIV/0!
C57: 11 | M57: =RANK(K57, K$47:$K$61) -> #DIV/0!
C58: 12 | M58: =RANK(K58, K$47:$K$61) -> #DIV/0!
C59: 13 | M59: =RANK(K59, K$47:$K$61) -> #DIV/0!
C60: 14 | M60: =RANK(K60, K$47:$K$61) -> #DIV/0!
C61: 15 | M61: =RANK(K61, K$47:$K$61) -> #DIV/0!
B62: 產線配置圖－每週更新 | N62: 資料繳交 | O62: 日期 | P62: 45888 | U62: 45889 | Z62: 45890 | AE62: 45891 | AJ62: 45892 | AO62: 45893 | AT62: 45894
P63: 二 | U63: 三 | Z63: 四 | AE63: 五 | AJ63: 六 | AO63: 日 | AT63: 一
B64: 品群 | C64: 商品名稱 | E64: 計畫 | H64: 平均人時性 | I64: 實績 | L64: 平均人時性 | M64: 排名 | O64: 日報 | P64: 實際 | T64: 平均人時性 | U64: 實際 | Y64: 平均人時性 | Z64: 實際 | AD64: 平均人時性 | AE64: 實際 | AI64: 平均人時性 | AJ64: 實際 | AN64: 平均人時性 | AO64: 實際 | AS64: 平均人時性 | AT64: 實際 | AX64: 平均人時性
E65: 產線配置圖 | I65: 產線配置圖 | P65: 生產實績 | U65: 生產實績 | Z65: 生產實績 | AE65: 生產實績 | AJ65: 生產實績 | AO65: 生產實績 | AT65: 生產實績
E66: 人數 | F66: 產能／時 | G66: 人時性 | I66: 人數 | J66: 產能／時 | K66: 人時性 | P66: 人數 | Q66: 產能／時 | R66: 人時性 | S66: 排名 | U66: 人數 | V66: 產能／時 | W66: 人時性 | X66: 排名 | Z66: 人數 | AA66: 產能／時 | AB66: 人時性 | AC66: 排名 | AE66: 人數 | AF66: 產能／時 | AG66: 人時性 | AH66: 排名 | AJ66: 人數 | AK66: 產能／時 | AL66: 人時性 | AM66: 排名 | AO66: 人數 | AP66: 產能／時 | AQ66: 人時性 | AR66: 排名 | AT66: 人數 | AU66: 產能／時 | AV66: 人時性 | AW66: 排名
B67: 季節調理麵 | C67: 1 | H67: =AVERAGE(G67:G81) -> #DIV/0! | I67: =AVERAGE(P67,U67,Z67,AE67,AJ67,AO67,AT67) -> #DIV/0! | J67: =AVERAGE(Q67,V67,AA67,AF67,AK67,AP67,AU67) -> #DIV/0! | K67: =AVERAGE(R67,W67,AB67,AG67,AL67,AQ67,AV67) -> #DIV/0! | L67: =AVERAGE(K67:K81) -> #DIV/0! | M67: =RANK(K67, K$67:$K$81) -> #DIV/0! | T67: =AVERAGE(R67:R81) -> #DIV/0! | Y67: =AVERAGE(W67:W81) -> #DIV/0! | AD67: =AVERAGE(AB67:AB81) -> #DIV/0! | AI67: =AVERAGE(AG67:AG81) -> #DIV/0! | AN67: =AVERAGE(AL67:AL81) -> #DIV/0! | AS67: =AVERAGE(AQ67:AQ81) -> #DIV/0! | AX67: =AVERAGE(AV67:AV81) -> #DIV/0!
C68: 2 | I68: =AVERAGE(P68,U68,Z68,AE68,AJ68,AO68,AT68) -> #DIV/0! | J68: =AVERAGE(Q68,V68,AA68,AF68,AK68,AP68,AU68) -> #DIV/0! | K68: =AVERAGE(R68,W68,AB68,AG68,AL68,AQ68,AV68) -> #DIV/0! | M68: =RANK(K68, K$67:$K$81) -> #DIV/0!
C69: 3 | I69: =AVERAGE(P69,U69,Z69,AE69,AJ69,AO69,AT69) -> #DIV/0! | J69: =AVERAGE(Q69,V69,AA69,AF69,AK69,AP69,AU69) -> #DIV/0! | K69: =AVERAGE(R69,W69,AB69,AG69,AL69,AQ69,AV69) -> #DIV/0! | M69: =RANK(K69, K$67:$K$81) -> #DIV/0!
C70: 4 | I70: =AVERAGE(P70,U70,Z70,AE70,AJ70,AO70,AT70) -> #DIV/0! | J70: =AVERAGE(Q70,V70,AA70,AF70,AK70,AP70,AU70) -> #DIV/0! | K70: =AVERAGE(R70,W70,AB70,AG70,AL70,AQ70,AV70) -> #DIV/0! | M70: =RANK(K70, K$67:$K$81) -> #DIV/0!
C71: 5 | I71: =AVERAGE(P71,U71,Z71,AE71,AJ71,AO71,AT71) -> #DIV/0! | J71: =AVERAGE(Q71,V71,AA71,AF71,AK71,AP71,AU71) -> #DIV/0! | K71: =AVERAGE(R71,W71,AB71,AG71,AL71,AQ71,AV71) -> #DIV/0! | M71: =RANK(K71, K$67:$K$81) -> #DIV/0!
C72: 6 | I72: =AVERAGE(P72,U72,Z72,AE72,AJ72,AO72,AT72) -> #DIV/0! | J72: =AVERAGE(Q72,V72,AA72,AF72,AK72,AP72,AU72) -> #DIV/0! | K72: =AVERAGE(R72,W72,AB72,AG72,AL72,AQ72,AV72) -> #DIV/0! | M72: =RANK(K72, K$67:$K$81) -> #DIV/0!
C73: 7 | I73: =AVERAGE(P73,U73,Z73,AE73,AJ73,AO73,AT73) -> #DIV/0! | J73: =AVERAGE(Q73,V73,AA73,AF73,AK73,AP73,AU73) -> #DIV/0! | K73: =AVERAGE(R73,W73,AB73,AG73,AL73,AQ73,AV73) -> #DIV/0! | M73: =RANK(K73, K$67:$K$81) -> #DIV/0!
C74: 8 | I74: =AVERAGE(P74,U74,Z74,AE74,AJ74,AO74,AT74) -> #DIV/0! | J74: =AVERAGE(Q74,V74,AA74,AF74,AK74,AP74,AU74) -> #DIV/0! | K74: =AVERAGE(R74,W74,AB74,AG74,AL74,AQ74,AV74) -> #DIV/0! | M74: =RANK(K74, K$67:$K$81) -> #DIV/0!
C75: 9 | I75: =AVERAGE(P75,U75,Z75,AE75,AJ75,AO75,AT75) -> #DIV/0! | J75: =AVERAGE(Q75,V75,AA75,AF75,AK75,AP75,AU75) -> #DIV/0! | K75: =AVERAGE(R75,W75,AB75,AG75,AL75,AQ75,AV75) -> #DIV/0! | M75: =RANK(K75, K$67:$K$81) -> #DIV/0!
C76: 10 | I76: =AVERAGE(P76,U76,Z76,AE76,AJ76,AO76,AT76) -> #DIV/0! | J76: =AVERAGE(Q76,V76,AA76,AF76,AK76,AP76,AU76) -> #DIV/0! | K76: =AVERAGE(R76,W76,AB76,AG76,AL76,AQ76,AV76) -> #DIV/0! | M76: =RANK(K76, K$67:$K$81) -> #DIV/0!
C77: 11 | I77: =AVERAGE(P77,U77,Z77,AE77,AJ77,AO77,AT77) -> #DIV/0! | J77: =AVERAGE(Q77,V77,AA77,AF77,AK77,AP77,AU77) -> #DIV/0! | K77: =AVERAGE(R77,W77,AB77,AG77,AL77,AQ77,AV77) -> #DIV/0! | M77: =RANK(K77, K$67:$K$81) -> #DIV/0!
C78: 12 | I78: =AVERAGE(P78,U78,Z78,AE78,AJ78,AO78,AT78) -> #DIV/0! | J78: =AVERAGE(Q78,V78,AA78,AF78,AK78,AP78,AU78) -> #DIV/0! | K78: =AVERAGE(R78,W78,AB78,AG78,AL78,AQ78,AV78) -> #DIV/0! | M78: =RANK(K78, K$67:$K$81) -> #DIV/0!
C79: 13 | I79: =AVERAGE(P79,U79,Z79,AE79,AJ79,AO79,AT79) -> #DIV/0! | J79: =AVERAGE(Q79,V79,AA79,AF79,AK79,AP79,AU79) -> #DIV/0! | K79: =AVERAGE(R79,W79,AB79,AG79,AL79,AQ79,AV79) -> #DIV/0! | M79: =RANK(K79, K$67:$K$81) -> #DIV/0!
C80: 14 | I80: =AVERAGE(P80,U80,Z80,AE80,AJ80,AO80,AT80) -> #DIV/0! | J80: =AVERAGE(Q80,V80,AA80,AF80,AK80,AP80,AU80) -> #DIV/0! | K80: =AVERAGE(R80,W80,AB80,AG80,AL80,AQ80,AV80) -> #DIV/0! | M80: =RANK(K80, K$67:$K$81) -> #DIV/0!
C81: 15 | M81: =RANK(K81, K$67:$K$81) -> #DIV/0!
B82: 產線配置圖－每週更新 | N82: 資料繳交 | O82: 日期 | P82: 45895 | U82: 45896 | Z82: 45897 | AE82: 45898 | AJ82: 45899 | AO82: 45900
P83: 二 | U83: 三 | Z83: 四 | AE83: 五 | AJ83: 六 | AO83: 日 | AT83: 一
B84: 品群 | C84: 商品名稱 | E84: 計畫 | H84: 平均人時性 | I84: 實績 | L84: 平均人時性 | M84: 排名 | O84: 日報 | P84: 實際 | T84: 平均人時性 | U84: 實際 | Y84: 平均人時性 | Z84: 實際 | AD84: 平均人時性 | AE84: 實際 | AI84: 平均人時性 | AJ84: 實際 | AN84: 平均人時性 | AO84: 實際 | AS84: 平均人時性 | AT84: 實際 | AX84: 平均人時性
E85: 產線配置圖 | I85: 產線配置圖 | P85: 生產實績 | U85: 生產實績 | Z85: 生產實績 | AE85: 生產實績 | AJ85: 生產實績 | AO85: 生產實績 | AT85: 生產實績
E86: 人數 | F86: 產能／時 | G86: 人時性 | I86: 人數 | J86: 產能／時 | K86: 人時性 | P86: 人數 | Q86: 產能／時 | R86: 人時性 | S86: 排名 | U86: 人數 | V86: 產能／時 | W86: 人時性 | X86: 排名 | Z86: 人數 | AA86: 產能／時 | AB86: 人時性 | AC86: 排名 | AE86: 人數 | AF86: 產能／時 | AG86: 人時性 | AH86: 排名 | AJ86: 人數 | AK86: 產能／時 | AL86: 人時性 | AM86: 排名 | AO86: 人數 | AP86: 產能／時 | AQ86: 人時性 | AR86: 排名 | AT86: 人數 | AU86: 產能／時 | AV86: 人時性 | AW86: 排名
B87: 季節調理麵 | C87: 1 | H87: =AVERAGE(G87:G101) -> #DIV/0! | I87: =AVERAGE(P87,U87,Z87,AE87,AJ87,AO87,AT87) -> #DIV/0! | J87: =AVERAGE(Q87,V87,AA87,AF87,AK87,AP87,AU87) -> #DIV/0! | K87: =AVERAGE(R87,W87,AB87,AG87,AL87,AQ87,AV87) -> #DIV/0! | L87: =AVERAGE(K87:K101) -> #DIV/0! | M87: =RANK(K87, K$87:$K$101) -> #DIV/0! | T87: =AVERAGE(R87:R101) -> #DIV/0! | Y87: =AVERAGE(W87:W101) -> #DIV/0! | AD87: =AVERAGE(AB87:AB101) -> #DIV/0! | AI87: =AVERAGE(AG87:AG101) -> #DIV/0! | AN87: =AVERAGE(AL87:AL101) -> #DIV/0! | AS87: =AVERAGE(AQ87:AQ101) -> #DIV/0! | AX87: =AVERAGE(AV87:AV101) -> #DIV/0!
C88: 2 | I88: =AVERAGE(P88,U88,Z88,AE88,AJ88,AO88,AT88) -> #DIV/0! | J88: =AVERAGE(Q88,V88,AA88,AF88,AK88,AP88,AU88) -> #DIV/0! | K88: =AVERAGE(R88,W88,AB88,AG88,AL88,AQ88,AV88) -> #DIV/0! | M88: =RANK(K88, K$87:$K$101) -> #DIV/0!
C89: 3 | I89: =AVERAGE(P89,U89,Z89,AE89,AJ89,AO89,AT89) -> #DIV/0! | J89: =AVERAGE(Q89,V89,AA89,AF89,AK89,AP89,AU89) -> #DIV/0! | K89: =AVERAGE(R89,W89,AB89,AG89,AL89,AQ89,AV89) -> #DIV/0! | M89: =RANK(K89, K$87:$K$101) -> #DIV/0!
C90: 4 | I90: =AVERAGE(P90,U90,Z90,AE90,AJ90,AO90,AT90) -> #DIV/0! | J90: =AVERAGE(Q90,V90,AA90,AF90,AK90,AP90,AU90) -> #DIV/0! | K90: =AVERAGE(R90,W90,AB90,AG90,AL90,AQ90,AV90) -> #DIV/0! | M90: =RANK(K90, K$87:$K$101) -> #DIV/0!
C91: 5 | I91: =AVERAGE(P91,U91,Z91,AE91,AJ91,AO91,AT91) -> #DIV/0! | J91: =AVERAGE(Q91,V91,AA91,AF91,AK91,AP91,AU91) -> #DIV/0! | K91: =AVERAGE(R91,W91,AB91,AG91,AL91,AQ91,AV91) -> #DIV/0! | M91: =RANK(K91, K$87:$K$101) -> #DIV/0!
C92: 6 | I92: =AVERAGE(P92,U92,Z92,AE92,AJ92,AO92,AT92) -> #DIV/0! | J92: =AVERAGE(Q92,V92,AA92,AF92,AK92,AP92,AU92) -> #DIV/0! | K92: =AVERAGE(R92,W92,AB92,AG92,AL92,AQ92,AV92) -> #DIV/0! | M92: =RANK(K92, K$87:$K$101) -> #DIV/0!
C93: 7 | I93: =AVERAGE(P93,U93,Z93,AE93,AJ93,AO93,AT93) -> #DIV/0! | J93: =AVERAGE(Q93,V93,AA93,AF93,AK93,AP93,AU93) -> #DIV/0! | K93: =AVERAGE(R93,W93,AB93,AG93,AL93,AQ93,AV93) -> #DIV/0! | M93: =RANK(K93, K$87:$K$101) -> #DIV/0!
C94: 8 | I94: =AVERAGE(P94,U94,Z94,AE94,AJ94,AO94,AT94) -> #DIV/0! | J94: =AVERAGE(Q94,V94,AA94,AF94,AK94,AP94,AU94) -> #DIV/0! | K94: =AVERAGE(R94,W94,AB94,AG94,AL94,AQ94,AV94) -> #DIV/0! | M94: =RANK(K94, K$87:$K$101) -> #DIV/0!
C95: 9 | I95: =AVERAGE(P95,U95,Z95,AE95,AJ95,AO95,AT95) -> #DIV/0! | J95: =AVERAGE(Q95,V95,AA95,AF95,AK95,AP95,AU95) -> #DIV/0! | K95: =AVERAGE(R95,W95,AB95,AG95,AL95,AQ95,AV95) -> #DIV/0! | M95: =RANK(K95, K$87:$K$101) -> #DIV/0!
C96: 10 | I96: =AVERAGE(P96,U96,Z96,AE96,AJ96,AO96,AT96) -> #DIV/0! | J96: =AVERAGE(Q96,V96,AA96,AF96,AK96,AP96,AU96) -> #DIV/0! | K96: =AVERAGE(R96,W96,AB96,AG96,AL96,AQ96,AV96) -> #DIV/0! | M96: =RANK(K96, K$87:$K$101) -> #DIV/0!
C97: 11 | M97: =RANK(K97, K$87:$K$101) -> #DIV/0!
C98: 12 | M98: =RANK(K98, K$87:$K$101) -> #DIV/0!
C99: 13 | M99: =RANK(K99, K$87:$K$101) -> #DIV/0!
C100: 14 | M100: =RANK(K100, K$87:$K$101) -> #DIV/0!
...

Sheet （５-3）品群別人時生產性(微波小吃)
B1: 月平均人時性 | C1: =AVERAGE(L7,L27,L47,L67,L87) -> 111.71652
B2: 產線配置圖－每週更新 | N2: 資料繳交 | O2: 日期 | U2: 45931 | Z2: 45932 | AE2: 45933 | AJ2: 45934 | AO2: 45935 | AT2: 45936
P3: 二 | U3: 三 | Z3: 四 | AE3: 五 | AJ3: 六 | AO3: 日 | AT3: 一
B4: 品群 | C4: 商品名稱 | E4: 計畫 | H4: 平均人時性 | I4: 實績 | L4: 平均人時性 | M4: 排名 | O4: 日報 | P4: 實際 | T4: 平均人時性 | U4: 實際 | Y4: 平均人時性 | Z4: 實際 | AD4: 平均人時性 | AE4: 實際 | AI4: 平均人時性 | AJ4: 實際 | AN4: 平均人時性 | AO4: 實際 | AS4: 平均人時性 | AT4: 實際 | AX4: 平均人時性
E5: 產線配置圖 | I5: 產線配置圖 | P5: 生產實績 | U5: 生產實績 | Z5: 生產實績 | AE5: 生產實績 | AJ5: 生產實績 | AO5: 生產實績 | AT5: 生產實績
E6: 人數 | F6: 產能／時 | G6: 人時性 | I6: 人數 | J6: 產能／時 | K6: 人時性 | P6: 人數 | Q6: 產能／時 | R6: 人時性 | S6: 排名 | U6: 人數 | V6: 產能／時 | W6: 人時性 | X6: 排名 | Z6: 人數 | AA6: 產能／時 | AB6: 人時性 | AC6: 排名 | AE6: 人數 | AF6: 產能／時 | AG6: 人時性 | AH6: 排名 | AJ6: 人數 | AK6: 產能／時 | AL6: 人時性 | AM6: 排名 | AO6: 人數 | AP6: 產能／時 | AQ6: 人時性 | AR6: 排名 | AT6: 人數 | AU6: 產能／時 | AV6: 人時性 | AW6: 排名
B7: 微波小吃 | C7: 1 | D7: 小滷青蔬 | E7: =VLOOKUP(D7,'10產線配置圖'!$A$2:$C$25,2,0) -> 13 | F7: =VLOOKUP(D7,'10產線配置圖'!$A$2:$C$25,3,0) -> 1565 | G7: =F7/E7 -> 120.38462 | H7: =AVERAGE(G7:G21) -> 127.07265 | I7: =AVERAGE(P7,U7,Z7,AE7,AJ7,AO7,AT7) -> 13 | J7: =AVERAGE(Q7,V7,AA7,AF7,AK7,AP7,AU7) -> 1473.8333 | K7: =AVERAGE(W7,AB7,AG7,AL7,AQ7,AV7) -> 113.37179 | L7: =IFERROR(AVERAGE(K7:K21),"-") -> 111.71652 | M7: =RANK(K7, K$7:$K$21) -> 1 | R7: =Q7/P7 -> #DIV/0! | S7: =RANK(R7, R$7:R$21) -> #DIV/0! | T7: =AVERAGE(R7:R21) -> #DIV/0! | U7: 13 | V7: 1427 | W7: =V7/U7 -> 109.76923 | X7: =RANK(W7, W$7:W$21) -> 3 | Y7: =AVERAGE(W7:W21) -> 118.97863 | Z7: 13 | AA7: 1507 | AB7: =AA7/Z7 -> 115.92308 | AC7: =RANK(AB7, AB$7:AB$21) -> 2 | AD7: =AVERAGE(AB7:AB21) -> 116.52991 | AE7: 13 | AF7: 1506 | AG7: =AF7/AE7 -> 115.84615 | AH7: =RANK(AG7, AG$7:AG$21) -> 1 | AI7: =AVERAGE(AG7:AG21) -> 104.2265 | AJ7: 13 | AK7: 1367 | AL7: =AK7/AJ7 -> 105.15385 | AM7: =RANK(AL7, AL$7:AL$21) -> 3 | AN7: =AVERAGE(AL7:AL21) -> 115.57906 | AO7: 13 | AP7: 1564 | AQ7: =AP7/AO7 -> 120.30769 | AR7: =RANK(AQ7, AQ$7:AQ$21) -> 1 | AS7: =AVERAGE(AQ7:AQ21) -> 113.96368 | AT7: 13 | AU7: 1472 | AV7: =AU7/AT7 -> 113.23077 | AW7: =RANK(AV7, AV$7:AV$21) -> 2 | AX7: =AVERAGE(AV7:AV21) -> 101.02137
C8: 2 | D8: 起司馬鈴薯 | E8: =VLOOKUP(D8,'10產線配置圖'!$A$2:$C$25,2,0) -> 12 | F8: =VLOOKUP(D8,'10產線配置圖'!$A$2:$C$25,3,0) -> 1565 | G8: =F8/E8 -> 130.41667 | I8: =AVERAGE(P8,U8,Z8,AE8,AJ8,AO8,AT8) -> 12 | J8: =AVERAGE(Q8,V8,AA8,AF8,AK8,AP8,AU8) -> 1304.3333 | K8: =AVERAGE(W8,AB8,AG8,AL8,AQ8,AV8) -> 108.69444 | M8: =RANK(K8, K$7:$K$21) -> 3 | R8: =Q8/P8 -> #DIV/0! | S8: =RANK(R8, R$7:R$21) -> #DIV/0! | U8: 12 | V8: 1472 | W8: =V8/U8 -> 122.66667 | X8: =RANK(W8, W$7:W$21) -> 2 | Z8: 12 | AA8: 1516 | AB8: =AA8/Z8 -> 126.33333 | AC8: =RANK(AB8, AB$7:AB$21) -> 1 | AE8: 12 | AF8: 1181 | AG8: =AF8/AE8 -> 98.416667 | AH8: =RANK(AG8, AG$7:AG$21) -> 2 | AJ8: 12 | AK8: 1527 | AL8: =AK8/AJ8 -> 127.25 | AM8: =RANK(AL8, AL$7:AL$21) -> 1 | AO8: 12 | AP8: 1273 | AQ8: =AP8/AO8 -> 106.08333 | AR8: =RANK(AQ8, AQ$7:AQ$21) -> 3 | AT8: 12 | AU8: 857 | AV8: =AU8/AT8 -> 71.416667 | AW8: =RANK(AV8, AV$7:AV$21) -> 3
C9: 3 | D9: 台式綜合甜不辣 | E9: =VLOOKUP(D9,'10產線配置圖'!$A$2:$C$25,2,0) -> 12 | F9: =VLOOKUP(D9,'10產線配置圖'!$A$2:$C$25,3,0) -> 1565 | G9: =F9/E9 -> 130.41667 | I9: =AVERAGE(P9,U9,Z9,AE9,AJ9,AO9,AT9) -> 12 | J9: =AVERAGE(Q9,V9,AA9,AF9,AK9,AP9,AU9) -> 1357 | K9: =AVERAGE(W9,AB9,AG9,AL9,AQ9,AV9) -> 113.08333 | M9: =RANK(K9, K$7:$K$21) -> 2 | R9: =Q9/P9 -> #DIV/0! | S9: =RANK(R9, R$7:R$21) -> #DIV/0! | U9: 12 | V9: 1494 | W9: =V9/U9 -> 124.5 | X9: =RANK(W9, W$7:W$21) -> 1 | Z9: 12 | AA9: 1288 | AB9: =AA9/Z9 -> 107.33333 | AC9: =RANK(AB9, AB$7:AB$21) -> 3 | AE9: 12 | AF9: 1181 | AG9: =AF9/AE9 -> 98.416667 | AH9: =RANK(AG9, AG$7:AG$21) -> 2 | AJ9: 12 | AK9: 1372 | AL9: =AK9/AJ9 -> 114.33333 | AM9: =RANK(AL9, AL$7:AL$21) -> 2 | AO9: 12 | AP9: 1386 | AQ9: =AP9/AO9 -> 115.5 | AR9: =RANK(AQ9, AQ$7:AQ$21) -> 2 | AT9: 12 | AU9: 1421 | AV9: =AU9/AT9 -> 118.41667 | AW9: =RANK(AV9, AV$7:AV$21) -> 1
C10: 4 | R10: =Q10/P10 -> #DIV/0! | S10: =RANK(R10, R$7:R$21) -> #DIV/0!
C11: 5 | R11: =Q11/P11 -> #DIV/0! | S11: =RANK(R11, R$7:R$21) -> #DIV/0!
C12: 6 | R12: =Q12/P12 -> #DIV/0! | S12: =RANK(R12, R$7:R$21) -> #DIV/0!
C13: 7 | R13: =Q13/P13 -> #DIV/0! | S13: =RANK(R13, R$7:R$21) -> #DIV/0!
C14: 8
C15: 9
C16: 10
C17: 11
C18: 12
C19: 13
C20: 14
C21: 15
B22: 產線配置圖－每週更新 | N22: 資料繳交 | O22: 日期 | P22: 45937 | U22: 45938 | Z22: 45939 | AE22: 45940 | AJ22: 45941 | AO22: 45942 | AT22: 45943
P23: 二 | U23: 三 | Z23: 四 | AE23: 五 | AJ23: 六 | AO23: 日 | AT23: 一
B24: 品群 | C24: 商品名稱 | E24: 計畫 | H24: 平均人時性 | I24: 實績 | L24: 平均人時性 | M24: 排名 | O24: 日報 | P24: 實際 | T24: 平均人時性 | U24: 實際 | Y24: 平均人時性 | Z24: 實際 | AD24: 平均人時性 | AE24: 實際 | AI24: 平均人時性 | AJ24: 實際 | AN24: 平均人時性 | AO24: 實際 | AS24: 平均人時性 | AT24: 實際 | AX24: 平均人時性
E25: 產線配置圖 | I25: 產線配置圖 | P25: 生產實績 | U25: 生產實績 | Z25: 生產實績 | AE25: 生產實績 | AJ25: 生產實績 | AO25: 生產實績 | AT25: 生產實績
E26: 人數 | F26: 產能／時 | G26: 人時性 | I26: 人數 | J26: 產能／時 | K26: 人時性 | P26: 人數 | Q26: 產能／時 | R26: 人時性 | S26: 排名 | U26: 人數 | V26: 產能／時 | W26: 人時性 | X26: 排名 | Z26: 人數 | AA26: 產能／時 | AB26: 人時性 | AC26: 排名 | AE26: 人數 | AF26: 產能／時 | AG26: 人時性 | AH26: 排名 | AJ26: 人數 | AK26: 產能／時 | AL26: 人時性 | AM26: 排名 | AO26: 人數 | AP26: 產能／時 | AQ26: 人時性 | AR26: 排名 | AT26: 人數 | AU26: 產能／時 | AV26: 人時性 | AW26: 排名
B27: 微波小吃 | C27: 1 | D27: 小滷青蔬 | E27: =VLOOKUP(D27,'10產線配置圖'!$A$2:$C$25,2,0) -> 13 | F27: =VLOOKUP(D27,'10產線配置圖'!$A$2:$C$25,3,0) -> 1565 | G27: =F27/E27 -> 120.38462 | H27: =AVERAGE(G27:G41) -> 127.07265 | I27: =AVERAGE(P27,U27,Z27,AE27,AJ27,AO27,AT27) -> #DIV/0! | J27: =AVERAGE(Q27,V27,AA27,AF27,AK27,AP27,AU27) -> #DIV/0! | K27: =AVERAGE(R27,W27,AB27,AG27,AL27,AQ27,AV27) -> #DIV/0! | L27: =IFERROR(AVERAGE(K27:K41),"-") -> - | M27: =RANK(K27, K$27:$K$41) -> #DIV/0! | R27: =Q27/P27 -> #DIV/0! | S27: =RANK(R27, $R$27:$R$41) -> #DIV/0! | T27: =AVERAGE(R27:R41) -> #DIV/0! | W27: =V27/U27 -> #DIV/0! | X27: =RANK(W27, $W$27:$W$41) -> #DIV/0! | Y27: =AVERAGE(W27:W41) -> #DIV/0! | AB27: =AA27/Z27 -> #DIV/0! | AC27: =RANK(AB27, $AB$27:$AB$29) -> #DIV/0! | AD27: =AVERAGE(AB27:AB41) -> #DIV/0! | AG27: =AF27/AE27 -> #DIV/0! | AH27: =RANK(AG27, $AG$27:$AG$29) -> #DIV/0! | AI27: =AVERAGE(AG27:AG41) -> #DIV/0! | AL27: =AK27/AJ27 -> #DIV/0! | AM27: =RANK(AL27, $AL$27:$AL$29) -> #DIV/0! | AN27: =AVERAGE(AL27:AL41) -> #DIV/0! | AQ27: =AP27/AO27 -> #DIV/0! | AR27: =RANK(AQ27, $AQ$27:$AQ$41) -> #DIV/0! | AS27: =AVERAGE(AQ27:AQ41) -> #DIV/0! | AV27: =AU27/AT27 -> #DIV/0! | AW27: =RANK(AV27, $AV$27:$AV$41) -> #DIV/0! | AX27: =AVERAGE(AV27:AV41) -> #DIV/0!
C28: 2 | D28: 起司馬鈴薯 | E28: =VLOOKUP(D28,'10產線配置圖'!$A$2:$C$25,2,0) -> 12 | F28: =VLOOKUP(D28,'10產線配置圖'!$A$2:$C$25,3,0) -> 1565 | G28: =F28/E28 -> 130.41667 | I28: =AVERAGE(P28,U28,Z28,AE28,AJ28,AO28,AT28) -> #DIV/0! | J28: =AVERAGE(Q28,V28,AA28,AF28,AK28,AP28,AU28) -> #DIV/0! | K28: =AVERAGE(R28,W28,AB28,AG28,AL28,AQ28,AV28) -> #DIV/0! | M28: =RANK(K28, K$27:$K$41) -> #DIV/0! | R28: =Q28/P28 -> #DIV/0! | S28: =RANK(R28, $R$27:$R$41) -> #DIV/0! | W28: =V28/U28 -> #DIV/0! | X28: =RANK(W28, $W$27:$W$41) -> #DIV/0! | AB28: =AA28/Z28 -> #DIV/0! | AC28: =RANK(AB28, $AB$27:$AB$29) -> #DIV/0! | AG28: =AF28/AE28 -> #DIV/0! | AH28: =RANK(AG28, $AG$27:$AG$29) -> #DIV/0! | AL28: =AK28/AJ28 -> #DIV/0! | AM28: =RANK(AL28, $AL$27:$AL$29) -> #DIV/0! | AQ28: =AP28/AO28 -> #DIV/0! | AR28: =RANK(AQ28, $AQ$27:$AQ$41) -> #DIV/0! | AV28: =AU28/AT28 -> #DIV/0! | AW28: =RANK(AV28, $AV$27:$AV$41) -> #DIV/0!
C29: 3 | D29: 台式綜合甜不辣 | E29: =VLOOKUP(D29,'10產線配置圖'!$A$2:$C$25,2,0) -> 12 | F29: =VLOOKUP(D29,'10產線配置圖'!$A$2:$C$25,3,0) -> 1565 | G29: =F29/E29 -> 130.41667 | I29: =AVERAGE(P29,U29,Z29,AE29,AJ29,AO29,AT29) -> #DIV/0! | J29: =AVERAGE(Q29,V29,AA29,AF29,AK29,AP29,AU29) -> #DIV/0! | K29: =AVERAGE(R29,W29,AB29,AG29,AL29,AQ29,AV29) -> #DIV/0! | M29: =RANK(K29, K$27:$K$41) -> #DIV/0! | R29: =Q29/P29 -> #DIV/0! | S29: =RANK(R29, $R$27:$R$41) -> #DIV/0! | W29: =V29/U29 -> #DIV/0! | X29: =RANK(W29, $W$27:$W$41) -> #DIV/0! | AB29: =AA29/Z29 -> #DIV/0! | AC29: =RANK(AB29, $AB$27:$AB$29) -> #DIV/0! | AG29: =AF29/AE29 -> #DIV/0! | AH29: =RANK(AG29, $AG$27:$AG$29) -> #DIV/0! | AL29: =AK29/AJ29 -> #DIV/0! | AM29: =RANK(AL29, $AL$27:$AL$29) -> #DIV/0! | AQ29: =AP29/AO29 -> #DIV/0! | AR29: =RANK(AQ29, $AQ$27:$AQ$41) -> #DIV/0! | AV29: =AU29/AT29 -> #DIV/0! | AW29: =RANK(AV29, $AV$27:$AV$41) -> #DIV/0!
C30: 4
C31: 5
C32: 6
C33: 7
C34: 8
C35: 9
C36: 10
C37: 11
C38: 12
C39: 13
C40: 14
C41: 15
B42: 產線配置圖－每週更新 | N42: 資料繳交 | O42: 日期 | P42: 45944 | U42: 45945 | Z42: 45946 | AE42: 45947 | AJ42: 45948 | AO42: 45949 | AT42: 45950
P43: 二 | U43: 三 | Z43: 四 | AE43: 五 | AJ43: 六 | AO43: 日 | AT43: 一
B44: 品群 | C44: 商品名稱 | E44: 計畫 | H44: 平均人時性 | I44: 實績 | L44: 平均人時性 | M44: 排名 | O44: 日報 | P44: 實際 | T44: 平均人時性 | U44: 實際 | Y44: 平均人時性 | Z44: 實際 | AD44: 平均人時性 | AE44: 實際 | AI44: 平均人時性 | AJ44: 實際 | AN44: 平均人時性 | AO44: 實際 | AS44: 平均人時性 | AT44: 實際 | AX44: 平均人時性
E45: 產線配置圖 | I45: 產線配置圖 | P45: 生產實績 | U45: 生產實績 | Z45: 生產實績 | AE45: 生產實績 | AJ45: 生產實績 | AO45: 生產實績 | AT45: 生產實績
E46: 人數 | F46: 產能／時 | G46: 人時性 | I46: 人數 | J46: 產能／時 | K46: 人時性 | P46: 人數 | Q46: 產能／時 | R46: 人時性 | S46: 排名 | U46: 人數 | V46: 產能／時 | W46: 人時性 | X46: 排名 | Z46: 人數 | AA46: 產能／時 | AB46: 人時性 | AC46: 排名 | AE46: 人數 | AF46: 產能／時 | AG46: 人時性 | AH46: 排名 | AJ46: 人數 | AK46: 產能／時 | AL46: 人時性 | AM46: 排名 | AO46: 人數 | AP46: 產能／時 | AQ46: 人時性 | AR46: 排名 | AT46: 人數 | AU46: 產能／時 | AV46: 人時性 | AW46: 排名
B47: 微波小吃 | C47: 1 | D47: 小滷青蔬 | E47: =VLOOKUP(D47,'10產線配置圖'!$A$2:$C$25,2,0) -> 13 | F47: =VLOOKUP(D47,'10產線配置圖'!$A$2:$C$25,3,0) -> 1565 | G47: =F47/E47 -> 120.38462 | H47: =AVERAGE(G47:G61) -> 127.07265 | I47: =AVERAGE(P47,U47,Z47,AE47,AJ47,AO47,AT47) -> #DIV/0! | J47: =AVERAGE(Q47,V47,AA47,AF47,AK47,AP47,AU47) -> #DIV/0! | K47: =AVERAGE(R47,W47,AB47,AG47,AL47,AQ47,AV47) -> #DIV/0! | L47: =IFERROR(AVERAGE(K47:K61),"-") -> - | M47: =RANK(K47, K$47:$K$61) -> #DIV/0! | R47: =Q47/P47 -> #DIV/0! | S47: =RANK(R47, $R$47:$R$49) -> #DIV/0! | T47: =AVERAGE(R47:R61) -> #DIV/0! | W47: =V47/U47 -> #DIV/0! | X47: =RANK(W47, $W$47:$W$49) -> #DIV/0! | Y47: =AVERAGE(W47:W61) -> #DIV/0! | AB47: =AA47/Z47 -> #DIV/0! | AC47: =RANK(AB47, $AB$47:$AB$49) -> #DIV/0! | AD47: =AVERAGE(AB47:AB61) -> #DIV/0! | AG47: =AF47/AE47 -> #DIV/0! | AH47: =RANK(AG47,$AG$47:$AG$49) -> #DIV/0! | AI47: =AVERAGE(AG47:AG61) -> #DIV/0! | AL47: =AK47/AJ47 -> #DIV/0! | AM47: =RANK(AL47, $AL$47:$AL$49) -> #DIV/0! | AN47: =AVERAGE(AL47:AL61) -> #DIV/0! | AQ47: =AP47/AO47 -> #DIV/0! | AR47: =RANK(AQ47,$AQ$47:$AQ$49) -> #DIV/0! | AS47: =AVERAGE(AQ47:AQ61) -> #DIV/0! | AV47: =AU47/AT47 -> #DIV/0! | AW47: =RANK(AV47,$AV$47:$AV$49) -> #DIV/0! | AX47: =AVERAGE(AV47:AV61) -> #DIV/0!
C48: 2 | D48: 起司馬鈴薯 | E48: =VLOOKUP(D48,'10產線配置圖'!$A$2:$C$25,2,0) -> 12 | F48: =VLOOKUP(D48,'10產線配置圖'!$A$2:$C$25,3,0) -> 1565 | G48: =F48/E48 -> 130.41667 | I48: =AVERAGE(P48,U48,Z48,AE48,AJ48,AO48,AT48) -> #DIV/0! | J48: =AVERAGE(Q48,V48,AA48,AF48,AK48,AP48,AU48) -> #DIV/0! | K48: =AVERAGE(R48,W48,AB48,AG48,AL48,AQ48,AV48) -> #DIV/0! | M48: =RANK(K48, K$47:$K$61) -> #DIV/0! | R48: =Q48/P48 -> #DIV/0! | S48: =RANK(R48, $R$47:$R$49) -> #DIV/0! | W48: =V48/U48 -> #DIV/0! | X48: =RANK(W48, $W$47:$W$49) -> #DIV/0! | AB48: =AA48/Z48 -> #DIV/0! | AC48: =RANK(AB48, $AB$47:$AB$49) -> #DIV/0! | AG48: =AF48/AE48 -> #DIV/0! | AH48: =RANK(AG48,$AG$47:$AG$49) -> #DIV/0! | AL48: =AK48/AJ48 -> #DIV/0! | AM48: =RANK(AL48, $AL$47:$AL$49) -> #DIV/0! | AQ48: =AP48/AO48 -> #DIV/0! | AR48: =RANK(AQ48,$AQ$47:$AQ$49) -> #DIV/0! | AV48: =AU48/AT48 -> #DIV/0! | AW48: =RANK(AV48,$AV$47:$AV$49) -> #DIV/0!
C49: 3 | D49: 台式綜合甜不辣 | E49: =VLOOKUP(D49,'10產線配置圖'!$A$2:$C$25,2,0) -> 12 | F49: =VLOOKUP(D49,'10產線配置圖'!$A$2:$C$25,3,0) -> 1565 | G49: =F49/E49 -> 130.41667 | I49: =AVERAGE(P49,U49,Z49,AE49,AJ49,AO49,AT49) -> #DIV/0! | J49: =AVERAGE(Q49,V49,AA49,AF49,AK49,AP49,AU49) -> #DIV/0! | K49: =AVERAGE(R49,W49,AB49,AG49,AL49,AQ49,AV49) -> #DIV/0! | M49: =RANK(K49, K$47:$K$61) -> #DIV/0! | R49: =Q49/P49 -> #DIV/0! | S49: =RANK(R49, $R$47:$R$49) -> #DIV/0! | W49: =V49/U49 -> #DIV/0! | X49: =RANK(W49, $W$47:$W$49) -> #DIV/0! | AB49: =AA49/Z49 -> #DIV/0! | AC49: =RANK(AB49, $AB$47:$AB$49) -> #DIV/0! | AG49: =AF49/AE49 -> #DIV/0! | AH49: =RANK(AG49,$AG$47:$AG$49) -> #DIV/0! | AL49: =AK49/AJ49 -> #DIV/0! | AM49: =RANK(AL49, $AL$47:$AL$49) -> #DIV/0! | AQ49: =AP49/AO49 -> #DIV/0! | AR49: =RANK(AQ49,$AQ$47:$AQ$49) -> #DIV/0! | AV49: =AU49/AT49 -> #DIV/0! | AW49: =RANK(AV49,$AV$47:$AV$49) -> #DIV/0!
C50: 4
C51: 5
C52: 6
C53: 7
C54: 8
C55: 9
C56: 10
C57: 11
C58: 12
C59: 13
C60: 14
C61: 15
B62: 產線配置圖－每週更新 | N62: 資料繳交 | O62: 日期 | P62: 45951 | U62: 45952 | Z62: 45953 | AE62: 45954 | AJ62: 45955 | AO62: 45956 | AT62: 45957
P63: 二 | U63: 三 | Z63: 四 | AE63: 五 | AJ63: 六 | AO63: 日 | AT63: 一
B64: 品群 | C64: 商品名稱 | E64: 計畫 | H64: 平均人時性 | I64: 實績 | L64: 平均人時性 | M64: 排名 | O64: 日報 | P64: 實際 | T64: 平均人時性 | U64: 實際 | Y64: 平均人時性 | Z64: 實際 | AD64: 平均人時性 | AE64: 實際 | AI64: 平均人時性 | AJ64: 實際 | AN64: 平均人時性 | AO64: 實際 | AS64: 平均人時性 | AT64: 實際 | AX64: 平均人時性
E65: 產線配置圖 | I65: 產線配置圖 | P65: 生產實績 | U65: 生產實績 | Z65: 生產實績 | AE65: 生產實績 | AJ65: 生產實績 | AO65: 生產實績 | AT65: 生產實績
E66: 人數 | F66: 產能／時 | G66: 人時性 | I66: 人數 | J66: 產能／時 | K66: 人時性 | P66: 人數 | Q66: 產能／時 | R66: 人時性 | S66: 排名 | U66: 人數 | V66: 產能／時 | W66: 人時性 | X66: 排名 | Z66: 人數 | AA66: 產能／時 | AB66: 人時性 | AC66: 排名 | AE66: 人數 | AF66: 產能／時 | AG66: 人時性 | AH66: 排名 | AJ66: 人數 | AK66: 產能／時 | AL66: 人時性 | AM66: 排名 | AO66: 人數 | AP66: 產能／時 | AQ66: 人時性 | AR66: 排名 | AT66: 人數 | AU66: 產能／時 | AV66: 人時性 | AW66: 排名
B67: 微波小吃 | C67: 1 | D67: 小滷青蔬 | E67: =VLOOKUP(D67,'10產線配置圖'!$A$2:$C$25,2,0) -> 13 | F67: =VLOOKUP(D67,'10產線配置圖'!$A$2:$C$25,3,0) -> 1565 | G67: =F67/E67 -> 120.38462 | H67: =AVERAGE(G67:G81) -> 127.07265 | I67: =AVERAGE(P67,U67,Z66,AE67,AJ67,AO67,AT67) -> #DIV/0! | J67: =AVERAGE(Q67,V67,AA67,AF67,AK67,AP67,AU67) -> #DIV/0! | K67: =AVERAGE(R67,W67,AB67,AG67,AL67,AQ67,AV67) -> #DIV/0! | L67: =IFERROR(AVERAGE(K67:K81),"-") -> - | M67: =RANK(K67, K$67:$K$81) -> #DIV/0! | R67: =Q67/P67 -> #DIV/0! | S67: =RANK(R67,$R$67:$R$81) -> #DIV/0! | T67: =AVERAGE(R67:R81) -> #DIV/0! | W67: =V67/U67 -> #DIV/0! | X67: =RANK(W67,$W$67:$W$81) -> #DIV/0! | Y67: =AVERAGE(W67:W81) -> #DIV/0! | AB67: =AA67/Z67 -> #DIV/0! | AC67: =RANK(AB67, $AB$67:$AB$69) -> #DIV/0! | AD67: =AVERAGE(AB67:AB81) -> #DIV/0! | AG67: =AF67/AE67 -> #DIV/0! | AH67: =RANK(AG67, $AG$67:$AG$69) -> #DIV/0! | AI67: =AVERAGE(AG67:AG81) -> #DIV/0! | AL67: =AK67/AJ67 -> #DIV/0! | AM67: =RANK(AL67, $AL$67:$AL$69) -> #DIV/0! | AN67: =AVERAGE(AL67:AL81) -> #DIV/0! | AQ67: =AP67/AO67 -> #DIV/0! | AR67: =RANK(AQ67, $AQ$67:$AQ$69) -> #DIV/0! | AS67: =AVERAGE(AQ67:AQ81) -> #DIV/0! | AV67: =AU67/AT67 -> #DIV/0! | AW67: =RANK(AV67, $AV$67:$AV$69) -> #DIV/0! | AX67: =AVERAGE(AV67:AV81) -> #DIV/0!
C68: 2 | D68: 起司馬鈴薯 | E68: =VLOOKUP(D68,'10產線配置圖'!$A$2:$C$25,2,0) -> 12 | F68: =VLOOKUP(D68,'10產線配置圖'!$A$2:$C$25,3,0) -> 1565 | G68: =F68/E68 -> 130.41667 | I68: =AVERAGE(P68,U68,Z67,AE68,AJ68,AO68,AT68) -> #DIV/0! | J68: =AVERAGE(Q68,V68,AA68,AF68,AK68,AP68,AU68) -> #DIV/0! | K68: =AVERAGE(R68,W68,AB68,AG68,AL68,AQ68,AV68) -> #DIV/0! | M68: =RANK(K68, K$67:$K$81) -> #DIV/0! | R68: =Q68/P68 -> #DIV/0! | S68: =RANK(R68,$R$67:$R$81) -> #DIV/0! | W68: =V68/U68 -> #DIV/0! | X68: =RANK(W68,$W$67:$W$81) -> #DIV/0! | AB68: =AA68/Z68 -> #DIV/0! | AC68: =RANK(AB68, $AB$67:$AB$69) -> #DIV/0! | AG68: =AF68/AE68 -> #DIV/0! | AH68: =RANK(AG68, $AG$67:$AG$69) -> #DIV/0! | AL68: =AK68/AJ68 -> #DIV/0! | AM68: =RANK(AL68, $AL$67:$AL$69) -> #DIV/0! | AQ68: =AP68/AO68 -> #DIV/0! | AR68: =RANK(AQ68, $AQ$67:$AQ$69) -> #DIV/0! | AV68: =AU68/AT68 -> #DIV/0! | AW68: =RANK(AV68, $AV$67:$AV$69) -> #DIV/0!
C69: 3 | D69: 台式綜合甜不辣 | E69: =VLOOKUP(D69,'10產線配置圖'!$A$2:$C$25,2,0) -> 12 | F69: =VLOOKUP(D69,'10產線配置圖'!$A$2:$C$25,3,0) -> 1565 | G69: =F69/E69 -> 130.41667 | I69: =AVERAGE(P69,U69,Z69,AE69,AJ69,AO69,AT69) -> #DIV/0! | J69: =AVERAGE(Q69,V69,AA69,AF69,AK69,AP69,AU69) -> #DIV/0! | K69: =AVERAGE(R69,W69,AB69,AG69,AL69,AQ69,AV69) -> #DIV/0! | M69: =RANK(K69, K$67:$K$81) -> #DIV/0! | R69: =Q69/P69 -> #DIV/0! | S69: =RANK(R69,$R$67:$R$81) -> #DIV/0! | W69: =V69/U69 -> #DIV/0! | X69: =RANK(W69,$W$67:$W$81) -> #DIV/0! | AB69: =AA69/Z69 -> #DIV/0! | AC69: =RANK(AB69, $AB$67:$AB$69) -> #DIV/0! | AG69: =AF69/AE69 -> #DIV/0! | AH69: =RANK(AG69, $AG$67:$AG$69) -> #DIV/0! | AL69: =AK69/AJ69 -> #DIV/0! | AM69: =RANK(AL69, $AL$67:$AL$69) -> #DIV/0! | AQ69: =AP69/AO69 -> #DIV/0! | AR69: =RANK(AQ69, $AQ$67:$AQ$69) -> #DIV/0! | AV69: =AU69/AT69 -> #DIV/0! | AW69: =RANK(AV69, $AV$67:$AV$69) -> #DIV/0!
C70: 4
C71: 5
C72: 6
C73: 7
C74: 8
C75: 9
C76: 10
C77: 11
C78: 12
C79: 13
C80: 14
C81: 15
B82: 產線配置圖－每週更新 | N82: 資料繳交 | O82: 日期 | P82: 45958 | U82: 45959 | Z82: 45960 | AE82: 45961
P83: 二 | U83: 三 | Z83: 四 | AE83: 五 | AJ83: 六 | AO83: 日 | AT83: 一
B84: 品群 | C84: 商品名稱 | E84: 計畫 | H84: 平均人時性 | I84: 實績 | L84: 平均人時性 | M84: 排名 | O84: 日報 | P84: 實際 | T84: 平均人時性 | U84: 實際 | Y84: 平均人時性 | Z84: 實際 | AD84: 平均人時性 | AE84: 實際 | AI84: 平均人時性 | AJ84: 實際 | AN84: 平均人時性 | AO84: 實際 | AS84: 平均人時性 | AT84: 實際 | AX84: 平均人時性
E85: 產線配置圖 | I85: 產線配置圖 | P85: 生產實績 | U85: 生產實績 | Z85: 生產實績 | AE85: 生產實績 | AJ85: 生產實績 | AO85: 生產實績 | AT85: 生產實績
E86: 人數 | F86: 產能／時 | G86: 人時性 | I86: 人數 | J86: 產能／時 | K86: 人時性 | P86: 人數 | Q86: 產能／時 | R86: 人時性 | S86: 排名 | U86: 人數 | V86: 產能／時 | W86: 人時性 | X86: 排名 | Z86: 人數 | AA86: 產能／時 | AB86: 人時性 | AC86: 排名 | AE86: 人數 | AF86: 產能／時 | AG86: 人時性 | AH86: 排名 | AJ86: 人數 | AK86: 產能／時 | AL86: 人時性 | AM86: 排名 | AO86: 人數 | AP86: 產能／時 | AQ86: 人時性 | AR86: 排名 | AT86: 人數 | AU86: 產能／時 | AV86: 人時性 | AW86: 排名
B87: 微波小吃 | C87: 1 | D87: 小滷青蔬 | E87: =VLOOKUP(D87,'10產線配置圖'!$A$2:$C$25,2,0) -> 13 | F87: =VLOOKUP(D87,'10產線配置圖'!$A$2:$C$25,3,0) -> 1565 | G87: =F87/E87 -> 120.38462 | H87: =AVERAGE(G87:G101) -> 127.07265 | I87: =AVERAGE(P87,U87,Z87,AE87,AJ87,AO87,AT87) -> #DIV/0! | J87: =AVERAGE(Q87,V87,AA87,AF87,AK87,AP87,AU87) -> #DIV/0! | K87: =AVERAGE(R87,W87,AB87,AG87,AL87,AQ87,AV87) -> #DIV/0! | L87: =IFERROR(AVERAGE(K87:K101),"-") -> - | M87: =RANK(K87, K$87:$K$101) -> #DIV/0! | R87: =Q87/P87 -> #DIV/0! | S87: =RANK(R87,$R$87:$R$101) -> #DIV/0! | T87: =AVERAGE(R87:R101) -> #DIV/0! | W87: =V87/U87 -> #DIV/0! | X87: =RANK(W87,$W$87:$W$90) -> #DIV/0! | Y87: =AVERAGE(W87:W101) -> #DIV/0! | AB87: =AA87/Z87 -> #DIV/0! | AC87: =RANK(AB87,$AB$87:$AB$101) -> #DIV/0! | AD87: =AVERAGE(AB87:AB101) -> #DIV/0! | AG87: =AF87/AE87 -> #DIV/0! | AH87: =RANK(AG87,$AG$87:$AG$101) -> #DIV/0! | AI87: =AVERAGE(AG87:AG101) -> #DIV/0! | AL87: =AK87/AJ87 -> #DIV/0! | AM87: =RANK(AL87,$AL$87:$AL$90) -> #DIV/0! | AN87: =AVERAGE(AL87:AL101) -> #DIV/0! | AQ87: =AP87/AO87 -> #DIV/0! | AR87: =RANK(AQ87,$AQ$87:$AQ$101) -> #DIV/0! | AS87: =AVERAGE(AQ87:AQ101) -> #DIV/0! | AV87: =AU87/AT87 -> #DIV/0! | AW87: =RANK(AV87,$AV$87:$AV$101) -> #DIV/0! | AX87: =AVERAGE(AV87:AV101) -> #DIV/0!
C88: 2 | D88: 起司馬鈴薯 | E88: =VLOOKUP(D88,'10產線配置圖'!$A$2:$C$25,2,0) -> 12 | F88: =VLOOKUP(D88,'10產線配置圖'!$A$2:$C$25,3,0) -> 1565 | G88: =F88/E88 -> 130.41667 | I88: =AVERAGE(P88,U88,Z88,AE88,AJ88,AO88,AT88) -> #DIV/0! | J88: =AVERAGE(Q88,V88,AA88,AF88,AK88,AP88,AU88) -> #DIV/0! | K88: =AVERAGE(R88,W88,AB88,AG88,AL88,AQ88,AV88) -> #DIV/0! | M88: =RANK(K88, K$87:$K$101) -> #DIV/0! | R88: =Q88/P88 -> #DIV/0! | S88: =RANK(R88,$R$87:$R$101) -> #DIV/0! | W88: =V88/U88 -> #DIV/0! | X88: =RANK(W88,$W$87:$W$90) -> #DIV/0! | AB88: =AA88/Z88 -> #DIV/0! | AC88: =RANK(AB88,$AB$87:$AB$101) -> #DIV/0! | AG88: =AF88/AE88 -> #DIV/0! | AH88: =RANK(AG88,$AG$87:$AG$101) -> #DIV/0! | AL88: =AK88/AJ88 -> #DIV/0! | AM88: =RANK(AL88,$AL$87:$AL$90) -> #DIV/0! | AQ88: =AP88/AO88 -> #DIV/0! | AR88: =RANK(AQ88,$AQ$87:$AQ$101) -> #DIV/0! | AV88: =AU88/AT88 -> #DIV/0! | AW88: =RANK(AV88,$AV$87:$AV$101) -> #DIV/0!
C89: 3 | D89: 台式綜合甜不辣 | E89: =VLOOKUP(D89,'10產線配置圖'!$A$2:$C$25,2,0) -> 12 | F89: =VLOOKUP(D89,'10產線配置圖'!$A$2:$C$25,3,0) -> 1565 | G89: =F89/E89 -> 130.41667 | I89: =AVERAGE(P89,U89,Z89,AE89,AJ89,AO89,AT89) -> #DIV/0! | J89: =AVERAGE(Q89,V89,AA89,AF89,AK89,AP89,AU89) -> #DIV/0! | K89: =AVERAGE(R89,W89,AB89,AG89,AL89,AQ89,AV89) -> #DIV/0! | M89: =RANK(K89, K$87:$K$101) -> #DIV/0! | R89: =Q89/P89 -> #DIV/0! | S89: =RANK(R89,$R$87:$R$101) -> #DIV/0! | W89: =V89/U89 -> #DIV/0! | X89: =RANK(W89,$W$87:$W$90) -> #DIV/0! | AB89: =AA89/Z89 -> #DIV/0! | AC89: =RANK(AB89,$AB$87:$AB$101) -> #DIV/0! | AG89: =AF89/AE89 -> #DIV/0! | AH89: =RANK(AG89,$AG$87:$AG$101) -> #DIV/0! | AL89: =AK89/AJ89 -> #DIV/0! | AM89: =RANK(AL89,$AL$87:$AL$90) -> #DIV/0! | AQ89: =AP89/AO89 -> #DIV/0! | AR89: =RANK(AQ89,$AQ$87:$AQ$101) -> #DIV/0! | AV89: =AU89/AT89 -> #DIV/0! | AW89: =RANK(AV89,$AV$87:$AV$101) -> #DIV/0!
C90: 4
C91: 5
C92: 6
C93: 7
C94: 8
C95: 9
C96: 10
C97: 11
C98: 12
C99: 13
C100: 14
...

Sheet 生產管理報表 6-1
A1: 生產管理報表
A3: （６）人時生產性前幾名品項
A5: 品群 | B5: 1 | C5: 2 | D5: 3
B6: 熱食義麵 | C6: 季節調理麵 | D6: 微波小吃
A7: 品群 | C7: 排名 | D7: 商品名 | G7: 人數 | H7: 產能 | I7: 人時生產性 | J7: 前月比 | K7: 主要原因&對策
A8: 1 | B8: 熱食義麵 | C8: 1 | D8: 義式蕃茄起司義大利麵 | G8: 12 | H8: 1795 | I8: 149.58333 | J8: 1.0278119
C9: 2 | D9: 奶油培根義大利麵 | G9: 13 | H9: 1826.5 | I9: 140.5 | J9: 1.0259589
C10: 3 | D10: 白酒蛤蜊義大利麵 | G10: 13.166667 | H10: 1775 | I10: 134.9185 | J10: 1.3734857 | K10: 手工線轉自動線
C11: 4 | D11: 韓式起司炸雞義大利麵 | G11: 14.166667 | H11: 1610 | I11: 113.72222 | J11: 0.97081073
C12: 5 | D12: 熱那亞青醬義大利麵 | G12: 16 | H12: 1579.5 | I12: 98.71875 | J12: 0.94856726
C13: ▼1 | D13: 拿坡里義大利麵 | G13: 15 | H13: 970.33333 | I13: 65.029762 | J13: 0.947 | K13: 設備故障次數多
C14: ▼2 | D14: 奶油蒜香雞義大利麵 | G14: 17 | H14: 1192.3333 | I14: 69.317974 | J14: 0.958 | K14: 待料
C15: ▼3 | D15: 家傳炸醬麵 | G15: 16 | H15: 1221 | I15: 76.1 | J15: 1.04
C16: ▼4 | D16: 黑胡椒燻豬腿義大利麵 | G16: 15 | H16: 1138 | I16: 76.1 | J16: 0.971
C17: ▼5 | D17: 韓式辣醬肉丸義大利麵 | G17: 15 | H17: 1201 | I17: 79 | J17: 0.734 | K17: 自動線轉手工線
A18: 品群 | C18: 排名 | D18: 商品名 | G18: 人數 | H18: 產能 | I18: 人時生產性 | J18: 前月比 | K18: 主要原因&對策
A19: 2 | B19: 季節調理麵 | C19: 1
C20: 2
C21: 3
C22: 4
C23: 5
C24: ▼1
C25: ▼2
C26: ▼3
C27: ▼4
C28: ▼5
A29: 品群 | C29: 排名 | D29: 商品名 | G29: 人數 | H29: 產能 | I29: 人時生產性 | J29: 前月比 | K29: 主要原因&對策
A30: 3 | B30: 微波小吃 | C30: 1 | D30: 小滷青蔬 | G30: 13 | H30: 1474 | I30: 113.4 | J30: 1.005
C31: 2 | D31: 台式綜合甜不辣 | G31: 12 | H31: 1357 | I31: 113.1 | J31: 1.029
C32: 3 | D32: 起司馬鈴薯 | G32: 12 | H32: 1304 | I32: 108.7 | J32: 0.963 | K32: 待料
C33: 4
C34: 5
C35: ▼1
C36: ▼2
C37: ▼3
C38: ▼4
C39: ▼5

Sheet 生產管理報表 7-1(月)
A1: 生產管理報表
A3: （７）原因別分析
A5: 業績金額
A6: 項目 | B6: 合計 | E6: 項目 | F6: 1 | H6: 2 | J6: 3 | L6: 4
F7: 展開量高於１０5％ | H7: 調理多產 | J7: 製程不穩 | L7: 抓樣不穩
B8: 金額 | C8: 比例 | F8: 金額 | G8: 比例 | H8: 金額 | I8: 比例 | J8: 金額 | K8: 比例 | L8: 金額 | M8: 比例
A9: 報廢 | C9: =B9/$B$5 -> #DIV/0! | E9: 報廢 | G9: =IFERROR(F9/$B$9,"") | I9: =IFERROR(H9/$B$9,"") | K9: =IFERROR(J9/$B$9,"") | M9: =IFERROR(L9/$B$9,"")
A10: 超用 | C10: =B10/$B$5 -> #DIV/0! | E10: 超用 | G10: =IFERROR(F10/$B$10,"") | I10: =IFERROR(H10/$B$10,"") | K10: =IFERROR(J10/$B$10,"") | M10: =IFERROR(L10/$B$10,"")
E11: 項目 | F11: 5 | H11: 6 | J11: 7 | L11: 8
F12: 原物料規格 | H12: 研發設定 | J12: 其他原因 | L12: 步留不足
F13: 金額 | G13: 比例 | H13: 金額 | I13: 比例 | J13: 金額 | K13: 比例 | L13: 金額 | M13: 比例
E14: 報廢 | G14: =IFERROR(F14/$B$9,"") | I14: =IFERROR(H14/$B$9,"") | K14: =IFERROR(J14/$B$9,"") | M14: =IFERROR(L14/$B$9,"")
E15: 超用 | G15: =IFERROR(F15/$B$10,"") | I15: =IFERROR(H15/$B$10,"") | K15: =IFERROR(J15/$B$10,"") | M15: =IFERROR(L15/$B$10,"")

Sheet 生產管理報表 7-1 (週)
A1: 生產管理報表
A3: （７）原因別分析
A5: 業績金額 | B5: 13981868
A6: 項目 | B6: 合計 | E6: 項目 | F6: 1 | H6: 2 | J6: 3 | L6: 4
F7: 展開量高於１０5％ | H7: 調理多產 | J7: 製程不穩 | L7: 抓樣不穩
B8: 金額 | C8: 比例 | F8: 金額 | G8: 比例 | H8: 金額 | I8: 比例 | J8: 金額 | K8: 比例 | L8: 金額 | M8: 比例
A9: 報廢 | B9: 132130.76 | C9: =B9/$B$5 -> 0.0094501507 | E9: 報廢 | F9: 0 | G9: =IFERROR(F9/$B$9,"") -> 0 | I9: =IFERROR(H9/$B$9,"") -> 0 | K9: =IFERROR(J9/$B$9,"") -> 0 | L9: 3336.42 | M9: =IFERROR(L9/$B$9,"") -> 0.025250895
A10: 超用 | B10: 49635.6 | C10: =B10/$B$5 -> 0.0035499978 | E10: 超用 | G10: =IFERROR(F10/$B$10,"") -> 0 | I10: =IFERROR(H10/$B$10,"") -> 0 | K10: =IFERROR(J10/$B$10,"") -> 0 | L10: 57937.4 | M10: =IFERROR(L10/$B$10,"") -> 1.167255
E11: 項目 | F11: 5 | H11: 6 | J11: 7 | L11: 8
F12: 原物料規格 | H12: 研發設定 | J12: 其他原因 | L12: 步留不足
F13: 金額 | G13: 比例 | H13: 金額 | I13: 比例 | J13: 金額 | K13: 比例 | L13: 金額 | M13: 比例
E14: 報廢 | F14: 895.98 | G14: =IFERROR(F14/$B$9,"") -> 0.00678101 | H14: 2410.94 | I14: =IFERROR(H14/$B$9,"") -> 0.018246622 | J14: 125161.94 | K14: =IFERROR(J14/$B$9,"") -> 0.94725816 | L14: 325.47 | M14: =IFERROR(L14/$B$9,"") -> 0.0024632417
E15: 超用 | F15: 5337.8 | G15: =IFERROR(F15/$B$10,"") -> 0.10753975 | H15: 6959.8 | I15: =IFERROR(H15/$B$10,"") -> 0.14021791 | K15: =IFERROR(J15/$B$10,"") -> 0 | L15: 773.2 | M15: =IFERROR(L15/$B$10,"") -> 0.015577529

Sheet 生產管理報表 8-1
A1: 生產管理報表
A3: （８）報廢原因別前幾名品項
A5: 類型 | B5: 1 | D5: 2 | F5: 3 | H5: 4 | J5: 5 | L5: 6 | N5: 7 | P5: 8
B6: 展開量高於１０5％ | D6: 調理多產 | F6: 製程不穩 | H6: 抓樣不穩 | J6: 原物料規格 | L6: 研發設定 | N6: 其他原因 | P6: 步留因素
A8: 類型 | C8: 排名 | D8: 商品名 | G8: 半成品名 | J8: 單價 | K8: 報廢率 | L8: 數量 | M8: 金額 | N8: 前週比 | O8: 主要原因&對策
A9: 1 | B9: 展開量高於１０5％ | C9: 1 | M9: =L9*J9 -> 0
C10: 2 | M10: =L10*J10 -> 0
C11: 3 | M11: =L11*J11 -> 0
C12: 4 | M12: =L12*J12 -> 0
C13: 5 | M13: =L13*J13 -> 0
J14: 前幾名合計比例 | K14: =M14/#REF! -> #REF! | L14: 前幾名合計金額 | M14: =SUM(M9:M13) -> 0
A16: 類型 | C16: 排名 | D16: 商品名 | G16: 半成品名 | J16: 單價 | K16: 報廢率 | L16: 數量 | M16: 金額 | N16: 前週比 | O16: 主要原因&對策
A17: 2 | B17: 調理多產 | C17: 1 | M17: =L17*J17 -> 0
C18: 2 | M18: =L18*J18 -> 0
C19: 3 | M19: =L19*J19 -> 0
C20: 4 | M20: =L20*J20 -> 0
C21: 5 | M21: =L21*J21 -> 0
J22: 前幾名合計比例 | K22: =M22/#REF! -> #REF! | L22: 前幾名合計金額 | M22: =SUM(M17:M21) -> 0
A24: 類型 | C24: 排名 | D24: 商品名 | G24: 半成品名 | J24: 單價 | K24: 報廢率 | L24: 數量 | M24: 金額 | N24: 前月比 | O24: 主要原因&對策
A25: 3 | B25: 製程不穩 | C25: 1 | M25: =L25*J25 -> 0
C26: 2 | M26: =L26*J26 -> 0
C27: 3 | M27: =L27*J27 -> 0
C28: 4 | M28: =L28*J28 -> 0
C29: 5 | M29: =L29*J29 -> 0
J30: 前幾名合計比例 | K30: =M30/#REF! -> #REF! | L30: 前幾名合計金額 | M30: =SUM(M25:M29) -> 0

Sheet 生產管理報表 8-2
A1: 生產管理報表
A3: （８）報廢原因別前幾名品項
A5: 類型 | B5: 1 | D5: 2 | F5: 3 | H5: 4 | J5: 5 | L5: 6 | N5: 7 | P5: 8
B6: 展開量高於１０5％ | D6: 調理多產 | F6: 製程不穩 | H6: 抓樣不穩 | J6: 原物料規格 | L6: 研發設定 | N6: 其他原因 | P6: 步留因素
A8: 類型 | C8: 排名 | D8: 商品名 | G8: 半成品名 | J8: 單價 | K8: 報廢率 | L8: 數量 | M8: 金額 | N8: 前週比 | O8: 主要原因&對策
A9: 4 | B9: 抓樣不穩 | C9: 1 | D9: 焗烤起司雙饗筆尖麵 | G9: 烤重煙燻培根絲 | J9: 536.89 | K9: 0.0583 | L9: 3.45 | M9: =L9*J9 -> 1852.2705 | O9: 抓樣不穩→人員教育訓練
C10: 2 | D10: 剝皮辣椒雞奶油細扁麵 | G10: 烤蒜味雞腿丁 | J10: 421.32 | K10: 0.0098 | L10: 3.1 | M10: =L10*J10 -> 1306.092 | O10: 抓樣不穩→人員教育訓練
C11: 3 | D11: 台式綜合甜不辣 | G11: 調理包-味噌醬 | J11: 54.97 | K11: 0.2184 | L11: 8.5 | M11: =L11*J11 -> 467.245 | O11: 抓樣不穩→人員教育訓練
C12: 4 | D12: 熱那亞青醬義大利麵 | G12: 切-匈牙利雞胸排 | J12: 356.37 | K12: 0.0101 | L12: 0.8 | M12: =L12*J12 -> 285.096 | O12: 抓樣不穩→人員教育訓練
C13: 5 | D13: 小滷青蔬 | G13: 滷-切片高麗菜 | J13: 85 | K13: 0.0036 | L13: 1.5 | M13: =L13*J13 -> 127.5 | O13: 抓樣不穩→人員教育訓練
J14: 前幾名合計比例 | K14: =M14/#REF! -> #REF! | L14: 前幾名合計金額 | M14: 0
A16: 類型 | C16: 排名 | D16: 商品名 | G16: 半成品名 | J16: 單價 | K16: 報廢率 | L16: 數量 | M16: 金額 | N16: 前週比 | O16: 主要原因&對策
A17: 5 | B17: 原物料規格 | C17: 1 | D17: 奶油培根義大利麵 | G17: 切-烤重煙燻培根片(湖)15mm | J17: 4.5 | K17: 0.0044 | L17: 84 | M17: =L17*J17 -> 378
C18: 2 | D18: 黑胡椒燻火腿義大利麵 | G18: 解凍黑胡椒燻豬肉卷(切片3mm) | J18: 6.07 | K18: 0.0129 | L18: 37 | M18: =L18*J18 -> 224.59
C19: 3 | D19: 台式綜合甜不辣 | G19: 川燙-甜不辣條 | J19: 146.16 | K19: 0.0054 | L19: 1.2 | M19: =L19*J19 -> 175.392
C20: 4 | D20: 台式綜合甜不辣 | G20: 川燙-切甜不辣片 | J20: 2 | K20: 0.0063 | L20: 59 | M20: =L20*J20 -> 118
C21: 5 | M21: =L21*J21 -> 0
J22: 前幾名合計比例 | K22: =M22/#REF! -> #REF! | L22: 前幾名合計金額 | M22: 0
A24: 類型 | C24: 排名 | D24: 商品名 | G24: 半成品名 | J24: 單價 | K24: 報廢率 | L24: 數量 | M24: 金額 | N24: 前月比 | O24: 主要原因&對策
A25: 6 | B25: 研發設定 | C25: 1 | D25: 韓式炸雞義大利麵 | G25: 拌韓式炸雞 | J25: 335.3 | K25: 0.0116 | L25: 7.06 | M25: =L25*J25 -> 2367.218 | N25: 0.7397 | O25: 此半成品須拆兩種半成品混拌→醬減少，包裝55G~60G(現60G~65G)
C26: 2 | M26: =L26*J26 -> 0
C27: 3 | M27: =L27*J27 -> 0
C28: 4
C29: 5
J30: 前幾名合計比例 | K30: =M30/#REF! -> #REF! | L30: 前幾名合計金額 | M30: 0
A32: 類型 | C32: 排名 | D32: 商品名 | G32: 半成品名 | J32: 單價 | K32: 報廢率 | L32: 數量 | M32: 金額 | N32: 前月比 | O32: 主要原因&對策
A33: 7 | B33: 製程不穩 | C33: 1 | M33: 0
C34: 2 | M34: 0
C35: 3 | M35: 0
C36: 4 | M36: 0
C37: 5 | M37: 0
J38: 前幾名合計比例 | K38: =M38/#REF! -> #REF! | L38: 前幾名合計金額 | M38: 0

Sheet 生產管理報表 9
A1: 生產管理報表
A3: （9）步留因素
A5: 類型 | B5: 1 | D5: 2 | F5: 3 | H5: 4 | J5: 5 | L5: 6 | N5: 7 | P5: 8
B6: 展開量高於１０5％ | D6: 調理多產 | F6: 製程不穩 | H6: 抓樣不穩 | J6: 原物料規格 | L6: 研發設定 | N6: 其他原因 | P6: 步留因素
A8: 類型 | B8: No. | C8: 商品名 | F8: 半成品名 | I8: 單價 | J8: 規格 | K8: 實績 | L8: 差異 | M8: 主要原因&對策
A9: 作業原因 | B9: 1 | L9: =K9-J9 -> 0
B10: 2 | L10: =K10-J10 -> 0
B11: 3 | L11: =K11-J11 -> 0
B12: 4 | L12: =K12-J12 -> 0
B13: 5 | L13: =K13-J13 -> 0
A15: 類型 | B15: No. | C15: 商品名 | F15: 半成品名 | I15: 單價 | J15: 規格 | K15: 實績 | L15: 差異 | M15: 主要原因&對策
A16: 原料原因 | B16: 1 | L16: =K16-J16 -> 0
B17: 2 | L17: =K17-J17 -> 0
B18: 3 | L18: =K18-J18 -> 0
B19: 4 | L19: =K19-J19 -> 0
B20: 5 | L20: =K20-J20 -> 0

Sheet 報廢－原因別分析
B2: 報廢前十名紀錄表
B3: 日期 | D3: 明細展開 | G3: 生產資訊 | T3: 類別 | U3: 分析原因 | V3: 其他原因說明 | W3: 次數 | X3: 備註-商品名稱 | Z3: 分析原因（件）
D4: 排序 | E4: 半成品 | G4: 生產端 | O4: 組合端
E5: 名稱 | F5: 報廢金額 | G5: 產出量 | O5: 報廢 | Q5: 超用
G6: 訂單需求 (kg) | H6: 實際產出 (kg) | I6: 實際產出占比 | J6: 補單 (kg) | K6: 補單占比 | L6: 單價 (元) | M6: 實際生產 (對比訂單需求) | N6: 差異 (元) | O6: kg | P6: 占比 | Q6: kg | R6: 占比 | S6: 金額 (元) | Z6: 總件數 | AA6: 展開量105% | AB6: 調理多產 | AC6: 製程不穩 | AD6: 抓樣不穩 | AE6: 原物料規格 | AF6: 研發設定 | AG6: 其他原因 | AH6: 步留不足
B7: 45931 | C7: 三 | D7: 1 | E7: 茄豬肉醬 | F7: 1271.634 | G7: 135.52 | H7: 146.52 | I7: =H7/G7 -> 1.0811688 | K7: =J7/G7 -> 0 | L7: 115.08 | M7: =(H7+J7)/G7 -> 1.0811688 | N7: 1265.88 | O7: 11.05 | P7: 0.08153778 | Q7: -0.05 | R7: -0.00036894923 | S7: -5.754 | T7: 生管預估 | U7: 其他原因 | V7: 預估>實際 | W7: 1 | X7: 羊乳起司培根筆尖麵 | Y7: w1 | Z7: =SUM(W7:W46) -> 40 | AA7: =SUMIF($U$7:$U$10000,TRIM(AA6),$W$7:$W$46) -> 0 | AB7: =SUMIF($U$7:$U$10000,TRIM(AB6),$W$7:$W$46) -> 0 | AC7: =SUMIF($U$7:$U$10000,TRIM(AC6),$W$7:$W$46) -> 0 | AD7: =SUMIF($U$7:$U$10000,TRIM(AD6),$W$7:$W$46) -> 6 | AE7: =SUMIF($U$7:$U$10000,TRIM(AE6),$W$7:$W$46) -> 4 | AF7: =SUMIF($U$7:$U$10000,TRIM(AF6),$W$7:$W$46) -> 4 | AG7: =SUMIF($U$7:$U$10000,TRIM(AG6),$W$7:$W$46) -> 44 | AH7: =SUMIF($U$7:$U$10000,TRIM(AH6),$W$7:$W$46) -> 0
D8: 2 | E8: 拌韓式炸雞 | F8: 938.84 | G8: 172.26 | H8: 179.787 | I8: =H8/G8 -> 1.0436956 | K8: =J8/G8 -> 0 | L8: 335.3 | M8: =(H8+J8)/G8 -> 1.0436956 | N8: 2523.8031 | O8: 2.8 | P8: 0.016254499 | Q8: 4.727 | R8: 0.027441077 | S8: 1584.9631 | T8: 研發 | U8: 研發設定 | V8: 此半成品須拆兩種半成品混拌，製成率正常，炸雞為秤重物料55g以上，炸雞一塊9g以上 | W8: 1 | X8: 韓式炸雞義大利麵 | AA8: =SUMIF($U$7:$U$466,TRIM(AA6),$F$7:$F$46) -> 0 | AB8: =SUMIF($U$7:$U$466,TRIM(AB6),$F$7:$F$46) -> 0 | AC8: =SUMIF($U$7:$U$466,TRIM(AC6),$F$7:$F$46) -> 0 | AD8: =SUMIF($U$7:$U$466,TRIM(AD6),$F$7:$F$46) -> 3336.4221 | AE8: =SUMIF($U$7:$U$466,TRIM(AE6),$F$7:$F$46) -> 895.982 | AF8: =SUMIF($U$7:$U$466,TRIM(AF6),$F$7:$F$46) -> 2410.9445 | AG8: =SUMIF($U$7:$U$466,TRIM(AG6),$F$7:$F$46) -> 125161.94 | AH8: =SUMIF($U$7:$U$466,TRIM(AH6),$F$7:$F$46) -> 0
D9: 3 | E9: 切-烤重煙燻培根片(湖)15mm | F9: 378 | G9: 18906 | H9: 18990 | I9: =H9/G9 -> 1.004443 | K9: =J9/G9 -> 0 | L9: 4.5 | M9: =(H9+J9)/G9 -> 1.004443 | N9: 378 | O9: 84 | P9: 0.004443034 | Q9: 0 | R9: 0 | S9: 0 | T9: 原物料 | U9: 原物料規格 | V9: 組裝3片，依訂單進行調理後分切每條13-15刀。 | W9: 1 | X9: 奶油培根義大利麵 | Z9: =SUM(W47:W116) -> 70 | AA9: =SUMIF($U$47:$U$116,TRIM(AA6),$W$47:$W$116) -> 0 | AB9: =SUMIF($U$47:$U$116,TRIM(AB6),$W$47:$W$116) -> 0 | AC9: =SUMIF($U$47:$U$116,TRIM(AC6),$W$47:$W$116) -> 0 | AD9: =SUMIF($U$47:$U$116,TRIM(AD6),$W$47:$W$116) -> 0 | AE9: =SUMIF($U$47:$U$116,TRIM(AE6),$W$47:$W$116) -> 0 | AF9: =SUMIF($U$47:$U$116,TRIM(AF6),$W$47:$W$116) -> 1 | AG9: =SUMIF($U$47:$U$116,TRIM(AG6),$W$47:$W$116) -> 19 | AH9: =SUMIF($U$47:$U$116,TRIM(AH6),$W$47:$W$116) -> 0
D10: 4 | E10: 烤蒜味雞腿丁 | F10: 358.122 | G10: 185.01 | H10: 188.05 | I10: =H10/G10 -> 1.0164315 | J10: 8.85 | K10: =J10/G10 -> 0.047835252 | L10: 421.32 | M10: =(H10+J10)/G10 -> 1.0642668 | N10: 5009.4948 | O10: 0.85 | P10: 0.0045943463 | Q10: 11.04 | R10: 0.05967245 | S10: 4651.3728 | T10: 包裝 | U10: 抓樣不穩 | V10: 此半成品秤重物料35g+-5g，雞丁一塊10g以上 | W10: 1 | X10: 剝皮辣椒雞奶油細扁麵 | Y10: w2 | AA10: =SUMIF($U$47:$U$116,TRIM(AA6),$F$47:$F$116) -> 0 | AB10: =SUMIF($U$47:$U$116,TRIM(AB6),$F$47:$F$116) -> 0 | AC10: =SUMIF($U$47:$U$116,TRIM(AC6),$F$47:$F$116) -> 0 | AD10: =SUMIF($U$47:$U$116,TRIM(AD6),$F$47:$F$116) -> 0 | AE10: =SUMIF($U$47:$U$116,TRIM(AE6),$F$47:$F$116) -> 0 | AF10: =SUMIF($U$47:$U$116,TRIM(AF6),$F$47:$F$116) -> 570.1475 | AG10: =SUMIF($U$47:$U$116,TRIM(AG6),$F$47:$F$116) -> 88759.567 | AH10: =SUMIF($U$47:$U$116,TRIM(AH6),$F$47:$F$116) -> 0
D11: 5 | E11: 解凍黑胡椒燻豬肉卷(切片3mm) | F11: 224.59 | G11: 2862 | H11: 2899 | I11: =H11/G11 -> 1.012928 | K11: =J11/G11 -> 0 | L11: 6.07 | M11: =(H11+J11)/G11 -> 1.012928 | N11: 224.59 | O11: 37 | P11: 0.012928022 | Q11: 0 | R11: 0 | S11: 0 | T11: 原物料 | U11: 原物料規格 | V11: 組裝3片，依訂單進行拆包，每包75片以上 | W11: 1 | X11: 黑胡椒燻火腿義大利麵
D12: 6 | E12: 混拌浪花麵 | F12: 175.8575 | G12: 632.995 | H12: 643 | I12: =H12/G12 -> 1.0158058 | K12: =J12/G12 -> 0 | L12: 54.11 | M12: =(H12+J12)/G12 -> 1.0158058 | N12: 541.37055 | O12: 3.25 | P12: 0.0051343218 | Q12: 6.755 | R12: 0.01067149 | S12: 365.51305 | T12: 調理 | U12: 步留因素 | W12: 1 | X12: 青花椒麻雞肉拌麵 | Z12: =SUM(W117:W186) -> 70 | AA12: =SUMIF($U$117:$U$186,TRIM(AA6),$W$117:$W$186) -> 0 | AB12: =SUMIF($U$117:$U$186,TRIM(AB6),$W$117:$W$186) -> 0 | AC12: =SUMIF($U$117:$U$186,TRIM(AC6),$W$117:$W$186) -> 0 | AD12: =SUMIF($U$117:$U$186,TRIM(AD6),$W$117:$W$186) -> 0 | AE12: =SUMIF($U$117:$U$186,TRIM(AE6),$W$117:$W$186) -> 0 | AF12: =SUMIF($U$117:$U$186,TRIM(AF6),$W$117:$W$186) -> 0 | AG12: =SUMIF($U$117:$U$186,TRIM(AG6),$W$117:$W$186) -> 0 | AH12: =SUMIF($U$117:$U$186,TRIM(AH6),$W$117:$W$186) -> 0
D13: 7 | E13: 川燙-甜不辣條 | F13: 175.392 | G13: 223.68 | H13: 217.8 | I13: =H13/G13 -> 0.97371245 | K13: =J13/G13 -> 0 | L13: 146.16 | M13: =(H13+J13)/G13 -> 0.97371245 | N13: 0 | O13: 1.2 | P13: 0.0053648069 | Q13: -7.08 | R13: -0.031652361 | S13: -1034.8128 | T13: 原物料 | U13: 原物料規格 | V13: 組裝4條，每包300支以上 | W13: 1 | X13: 台式綜合甜不辣 | Y13: w3 | AA13: =SUMIF($U$117:$U$186,TRIM(AA6),$F$117:$F$186) -> 0 | AB13: =SUMIF($U$117:$U$186,TRIM(AB6),$F$117:$F$186) -> 0 | AC13: =SUMIF($U$117:$U$186,TRIM(AC6),$F$117:$F$186) -> 0 | AD13: =SUMIF($U$117:$U$186,TRIM(AD6),$F$117:$F$186) -> 0 | AE13: =SUMIF($U$117:$U$186,TRIM(AE6),$F$117:$F$186) -> 0 | AF13: =SUMIF($U$117:$U$186,TRIM(AF6),$F$117:$F$186) -> 0 | AG13: =SUMIF($U$117:$U$186,TRIM(AG6),$F$117:$F$186) -> 0 | AH13: =SUMIF($U$117:$U$186,TRIM(AH6),$F$117:$F$186) -> 0
D14: 8 | E14: 拌-蕃茄醬麵 | F14: 149.61568 | G14: 579.05 | H14: 588 | I14: =H14/G14 -> 1.0154564 | K14: =J14/G14 -> 0 | L14: 58.216216 | M14: =(H14+J14)/G14 -> 1.0154564 | N14: 521.03514 | O14: 2.57 | P14: 0.0044383041 | Q14: 6.38 | R14: 0.011018047 | S14: 371.41946 | T14: 調理 | U14: 步留因素 | W14: 1 | X14: 拿坡里義大利麵
D15: 9 | E15: 滷-切片高麗菜 | F15: 127.5 | G15: 417.24 | H15: 422 | I15: =H15/G15 -> 1.0114083 | K15: =J15/G15 -> 0 | L15: 85 | M15: =(H15+J15)/G15 -> 1.0114083 | N15: 404.6 | O15: 1.5 | P15: 0.0035950532 | Q15: 3.26 | R15: 0.007813249 | S15: 277.1 | T15: 包裝 | U15: 抓樣不穩 | V15: 此半成品秤重物料100g以上，需求量100%以上 | W15: 1 | X15: 小滷青蔬 | Z15: =SUM(W187:W256) -> 70 | AA15: =SUMIF($U$187:$U$256,TRIM(AA6),$W$187:$W$256) -> 0 | AB15: =SUMIF($U$187:$U$256,TRIM(AB6),$W$187:$W$256) -> 0 | AC15: =SUMIF($U$187:$U$256,TRIM(AC6),$W$187:$W$256) -> 0 | AD15: =SUMIF($U$187:$U$256,TRIM(AD6),$W$187:$W$256) -> 0 | AE15: =SUMIF($U$187:$U$256,TRIM(AE6),$W$187:$W$256) -> 0 | AF15: =SUMIF($U$187:$U$256,TRIM(AF6),$W$187:$W$256) -> 0 | AG15: =SUMIF($U$187:$U$256,TRIM(AG6),$W$187:$W$256) -> 0 | AH15: =SUMIF($U$187:$U$256,TRIM(AH6),$W$187:$W$256) -> 0
D16: 10 | E16: 川燙-切甜不辣片 | F16: 118 | G16: 9320 | H16: 9379 | I16: =H16/G16 -> 1.0063305 | K16: =J16/G16 -> 0 | L16: 2 | M16: =(H16+J16)/G16 -> 1.0063305 | N16: 118 | O16: 59 | P16: 0.0063304721 | Q16: 0 | R16: 0 | S16: 0 | T16: 原物料 | U16: 原物料規格 | V16: 組裝2片，每包100片以上 | W16: 1 | X16: 台式綜合甜不辣 | Y16: w4 | AA16: =SUMIF($U$187:$U$256,TRIM(AA6),$F$187:$F$256) -> 0 | AB16: =SUMIF($U$187:$U$256,TRIM(AB6),$F$187:$F$256) -> 0 | AC16: =SUMIF($U$187:$U$256,TRIM(AC6),$F$187:$F$256) -> 0 | AD16: =SUMIF($U$187:$U$256,TRIM(AD6),$F$187:$F$256) -> 0 | AE16: =SUMIF($U$187:$U$256,TRIM(AE6),$F$187:$F$256) -> 0 | AF16: =SUMIF($U$187:$U$256,TRIM(AF6),$F$187:$F$256) -> 0 | AG16: =SUMIF($U$187:$U$256,TRIM(AG6),$F$187:$F$256) -> 0 | AH16: =SUMIF($U$187:$U$256,TRIM(AH6),$F$187:$F$256) -> 0
B17: 45932 | C17: 四 | D17: 1 | E17: 茄豬肉醬 | F17: 3791.886 | G17: 120.34 | H17: 154 | I17: =H17/G17 -> 1.2797075 | K17: =J17/G17 -> 0 | L17: 115.08 | M17: =(H17+J17)/G17 -> 1.2797075 | N17: 3873.5928 | O17: 32.95 | P17: 0.27380755 | Q17: 0.71 | R17: 0.0058999501 | S17: 81.7068 | T17: 生管預估 | U17: 其他原因 | V17: 預估>實際 | W17: 1 | X17: 羊乳起司培根筆尖麵
D18: 2 | E18: 炒家傳炸醬肉燥 | F18: 3376.35 | G18: 73.692 | H18: 87.7 | I18: =H18/G18 -> 1.1900885 | K18: =J18/G18 -> 0 | L18: 250.1 | M18: =(H18+J18)/G18 -> 1.1900885 | N18: 3503.4008 | O18: 13.5 | P18: 0.18319492 | Q18: 0.508 | R18: 0.006893557 | S18: 127.0508 | T18: 生管預估 | U18: 其他原因 | V18: 預估>實際 | W18: 1 | X18: 家傳炸醬麵 | Z18: =SUM(W257:W326) -> 60 | AA18: =SUMIF($U$257:$U$326,TRIM(AA6),$W$257:$W$326) -> 0 | AB18: =SUMIF($U$257:$U$326,TRIM(AB6),$W$257:$W$326) -> 0 | AC18: =SUMIF($U$257:$U$326,TRIM(AC6),$W$257:$W$326) -> 0 | AD18: =SUMIF($U$257:$U$326,TRIM(AD6),$W$257:$W$326) -> 0 | AE18: =SUMIF($U$257:$U$326,TRIM(AE6),$W$257:$W$326) -> 0 | AF18: =SUMIF($U$257:$U$326,TRIM(AF6),$W$257:$W$326) -> 0 | AG18: =SUMIF($U$257:$U$326,TRIM(AG6),$W$257:$W$326) -> 0 | AH18: =SUMIF($U$257:$U$326,TRIM(AH6),$W$257:$W$326) -> 0
D19: 3 | E19: 義麵-韓式辣醬湯凍 | F19: 2390.7414 | G19: 141.33 | H19: 163.3 | I19: =H19/G19 -> 1.1554518 | K19: =J19/G19 -> 0 | L19: 105.18 | M19: =(H19+J19)/G19 -> 1.1554518 | N19: 2310.8046 | O19: 22.73 | P19: 0.16082926 | Q19: -0.76 | R19: -0.0053774853 | S19: -79.9368 | T19: 生管預估 | U19: 其他原因 | V19: 預估>實際 | W19: 1 | X19: 韓式辣醬肉丸義大利麵 | Y19: w5 | AA19: =SUMIF($U$257:$U$326,TRIM(AA6),$F$257:$F$326) -> 0 | AB19: =SUMIF($U$257:$U$326,TRIM(AB6),$F$257:$F$326) -> 0 | AC19: =SUMIF($U$257:$U$326,TRIM(AC6),$F$257:$F$326) -> 0 | AD19: =SUMIF($U$257:$U$326,TRIM(AD6),$F$257:$F$326) -> 0 | AE19: =SUMIF($U$257:$U$326,TRIM(AE6),$F$257:$F$326) -> 0 | AF19: =SUMIF($U$257:$U$326,TRIM(AF6),$F$257:$F$326) -> 0 | AG19: =SUMIF($U$257:$U$326,TRIM(AG6),$F$257:$F$326) -> 0 | AH19: =SUMIF($U$257:$U$326,TRIM(AH6),$F$257:$F$326) -> 0
D20: 4 | E20: 炒芝麻海苔酥 | F20: 1852.416 | G20: 5.2494 | H20: 6 | I20: =H20/G20 -> 1.1429878 | K20: =J20/G20 -> 0 | L20: 1029.12 | M20: =(H20+J20)/G20 -> 1.1429878 | N20: 772.45747 | O20: 1.8 | P20: 0.34289633 | Q20: -1.0494 | R20: -0.19990856 | S20: -1079.9585 | T20: 生管預估 | U20: 其他原因 | V20: 預估>實際 | W20: 1 | X20: 韓式辣醬肉丸義大利麵
D21: 5 | E21: 烤重煙燻培根絲 | F21: 1852.2705 | G21: 59.22 | H21: 59.234 | I21: =H21/G21 -> 1.0002364 | K21: =J21/G21 -> 0 | L21: 536.89 | M21: =(H21+J21)/G21 -> 1.0002364 | N21: 7.51646 | O21: 3.45 | P21: 0.058257345 | Q21: -3.436 | R21: -0.058020939 | S21: -1844.754 | T21: 包裝 | U21: 抓樣不穩 | W21: 1 | X21: 焗烤起司雙饗筆尖麵
D22: 6 | E22: 煮家傳炸醬湯凍 | F22: 1654.219 | G22: 92.916 | H22: 106.9 | I22: =H22/G22 -> 1.1505015 | K22: =J22/G22 -> 0 | L22: 139.01 | M22: =(H22+J22)/G22 -> 1.1505015 | N22: 1943.9158 | O22: 11.9 | P22: 0.12807267 | Q22: 2.084 | R22: 0.02242886 | S22: 289.69684 | T22: 生管預估 | U22: 其他原因 | V22: 預估>實際 | W22: 1 | X22: 家傳炸醬麵 | Y22: 月合計 | Z22: =SUM(W7:W10000) -> 310 | AA22: =SUMIF($U$7:$U$10000,TRIM(AA6),$W$7:$W$10000) -> 0 | AB22: =SUMIF($U$7:$U$10000,TRIM(AB6),$W$7:$W$10000) -> 0 | AC22: =SUMIF($U$7:$U$10000,TRIM(AC6),$W$7:$W$10000) -> 0 | AD22: =SUMIF($U$7:$U$10000,TRIM(AD6),$W$7:$W$10000) -> 6 | AE22: =SUMIF($U$7:$U$10000,TRIM(AE6),$W$7:$W$10000) -> 4 | AF22: =SUMIF($U$7:$U$10000,TRIM(AF6),$W$7:$W$10000) -> 4 | AG22: =SUMIF($U$7:$U$10000,TRIM(AG6),$W$7:$W$10000) -> 44 | AH22: =SUMIF($U$7:$U$10000,TRIM(AH6),$W$7:$W$10000) -> 0
D23: 7 | E23: 瀝-煮蕃茄丁 | F23: 1570.595 | G23: 60.57 | H23: 68.9 | I23: =H23/G23 -> 1.1375268 | K23: =J23/G23 -> 0 | L23: 215.15 | M23: =(H23+J23)/G23 -> 1.1375268 | N23: 1792.1995 | O23: 7.3 | P23: 0.12052171 | Q23: 1.03 | R23: 0.017005118 | S23: 221.6045 | T23: 生管預估 | U23: 其他原因 | V23: 預估>實際 | W23: 1 | X23: 韓式辣醬肉丸義大利麵 | AA23: =SUMIF($U$7:$U$10000,TRIM(AA6),$F$7:$F$10000) -> 0 | AB23: =SUMIF($U$7:$U$10000,TRIM(AB6),$F$7:$F$10000) -> 0 | AC23: =SUMIF($U$7:$U$10000,TRIM(AC6),$F$7:$F$10000) -> 0 | AD23: =SUMIF($U$7:$U$10000,TRIM(AD6),$F$7:$F$10000) -> 3336.4221 | AE23: =SUMIF($U$7:$U$10000,TRIM(AE6),$F$7:$F$10000) -> 895.982 | AF23: =SUMIF($U$7:$U$10000,TRIM(AF6),$F$7:$F$10000) -> 2410.9445 | AG23: =SUMIF($U$7:$U$10000,TRIM(AG6),$F$7:$F$10000) -> 125161.94 | AH23: =SUMIF($U$7:$U$10000,TRIM(AH6),$F$7:$F$10000) -> 0
D24: 8 | E24: 義麵-拿坡里蕃茄醬 | F24: 555.6648 | G24: 145.7 | H24: 150.2 | I24: =H24/G24 -> 1.0308854 | K24: =J24/G24 -> 0 | L24: 112.94 | M24: =(H24+J24)/G24 -> 1.0308854 | N24: 466.4422 | O24: 4.92 | P24: 0.033768016 | Q24: -0.42 | R24: -0.0028826356 | S24: -47.4348 | T24: 生管預估 | U24: 其他原因 | V24: 預估>實際 | W24: 1 | X24: 拿坡里義大利麵
D25: 9 | E25: 拌韓式炸雞 | F25: 519.715 | G25: 159.18 | H25: 164.5 | I25: =H25/G25 -> 1.0334213 | K25: =J25/G25 -> 0 | L25: 335.3 | M25: =(H25+J25)/G25 -> 1.0334213 | N25: 1783.796 | O25: 1.55 | P25: 0.0097374042 | Q25: 3.77 | R25: 0.02368388 | S25: 1264.081 | T25: 研發 | U25: 研發設定 | V25: 此半成品須拆兩種半成品混拌，製成率正常，炸雞為秤重物料55g以上，炸雞一塊9g以上 | W25: 1 | X25: 韓式炸雞義大利麵
D26: 10 | E26: 義麵-蒜辣黑胡椒湯凍 | F26: 400.95 | G26: 102.375 | H26: 107.8 | I26: =H26/G26 -> 1.0529915 | K26: =J26/G26 -> 0 | L26: 81 | M26: =(H26+J26)/G26 -> 1.0529915 | N26: 439.425 | O26: 4.95 | P26: 0.048351648 | Q26: 0.475 | R26: 0.0046398046 | S26: 38.475 | T26: 生管預估 | U26: 其他原因 | V26: 預估>實際 | W26: 1 | X26: 黑胡椒燻火腿義大利麵
B27: 45933 | C27: 五 | D27: 1 | E27: 義麵-經典肉醬(114年) | F27: 4175.2555 | G27: 539.19 | H27: 563.85 | I27: =H27/G27 -> 1.0457353 | K27: =J27/G27 -> 0 | L27: 156.67 | M27: =(H27+J27)/G27 -> 1.0457353 | N27: 3863.4822 | O27: 26.65 | P27: 0.049425991 | Q27: -1.99 | R27: -0.0036907213 | S27: -311.7733 | T27: 生管預估 | U27: 其他原因 | V27: 預估>實際 | W27: 1 | X27: 義式蕃茄起司義大利麵
D28: 2 | E28: 炒家傳炸醬肉燥 | F28: 4021.608 | G28: 50.37 | H28: 66.37 | I28: =H28/G28 -> 1.3176494 | K28: =J28/G28 -> 0 | L28: 250.1 | M28: =(H28+J28)/G28 -> 1.3176494 | N28: 4001.6 | O28: 16.08 | P28: 0.31923764 | Q28: -0.08 | R28: -0.001588247 | S28: -20.008 | T28: 生管預估 | U28: 其他原因 | V28: 預估>實際 | W28: 1 | X28: 家傳炸醬麵 | AA28: 1 | AB28: 展開量高於１０5％
D29: 3 | E29: 茄豬肉醬 | F29: 1185.324 | G29: 85.03 | H29: 96.25 | I29: =H29/G29 -> 1.1319534 | K29: =J29/G29 -> 0 | L29: 115.08 | M29: =(H29+J29)/G29 -> 1.1319534 | N29: 1291.1976 | O29: 10.3 | P29: 0.12113372 | Q29: 0.92 | R29: 0.010819711 | S29: 105.8736 | T29: 生管預估 | U29: 其他原因 | V29: 預估>實際 | W29: 1 | X29: 羊乳起司培根筆尖麵 | AA29: 2 | AB29: 調理多產
D30: 4 | E30: 煮家傳炸醬湯凍 | F30: 1174.6345 | G30: 63.51 | H30: 71.9 | I30: =H30/G30 -> 1.1321052 | K30: =J30/G30 -> 0 | L30: 139.01 | M30: =(H30+J30)/G30 -> 1.1321052 | N30: 1166.2939 | O30: 8.45 | P30: 0.13304991 | Q30: -0.06 | R30: -0.00094473311 | S30: -8.3406 | T30: 生管預估 | U30: 其他原因 | V30: 預估>實際 | W30: 1 | X30: 家傳炸醬麵 | AA30: 3 | AB30: 製程不穩
D31: 5 | E31: 瀝-煮蕃茄丁 | F31: 430.307 | G31: 46.38 | H31: 49.9 | I31: =H31/G31 -> 1.0758948 | K31: =J31/G31 -> 0 | L31: 215.15 | M31: =(H31+J31)/G31 -> 1.0758948 | N31: 757.328 | O31: 4.55 | P31: 0.09810263 | Q31: -1.03 | R31: -0.022207848 | S31: -221.6045 | T31: 生管預估 | U31: 其他原因 | V31: 預估>實際 | W31: 1 | X31: 韓式辣醬肉丸義大利麵 | AA31: 4 | AB31: 抓樣不穩
D32: 6 | E32: 烤蒜味雞腿丁 | F32: 346.8696 | G32: 149.135 | H32: 150.35 | I32: =H32/G32 -> 1.008147 | K32: =J32/G32 -> 0 | L32: 421.32 | M32: =(H32+J32)/G32 -> 1.008147 | N32: 511.9038 | O32: 2.25 | P32: 0.015087002 | Q32: -1.035 | R32: -0.0069400208 | S32: -436.0662 | T32: 包裝 | U32: 抓樣不穩 | V32: 此半成品秤重物料35g+-5g，雞丁一塊10g以上 | W32: 1 | X32: 剝皮辣椒雞奶油細扁麵 | AA32: 5 | AB32: 原物料規格
D33: 7 | E33: 義麵-韓式辣醬湯凍 | F33: 285.096 | G33: 108.22 | H33: 115.4 | I33: =H33/G33 -> 1.0663463 | K33: =J33/G33 -> 0 | L33: 105.18 | M33: =(H33+J33)/G33 -> 1.0663463 | N33: 755.1924 | O33: 6.45 | P33: 0.059600813 | Q33: 0.73 | R33: 0.0067455184 | S33: 76.7814 | T33: 生管預估 | U33: 其他原因 | V33: 預估>實際 | W33: 1 | X33: 韓式辣醬肉丸義大利麵 | AA33: 6 | AB33: 研發設定
D34: 8 | E34: 義麵-蒜味奶油湯凍 | F34: 283.5 | G34: 99.135 | H34: 100 | I34: =H34/G34 -> 1.0087255 | J34: 15.05 | K34: =J34/G34 -> 0.15181318 | L34: 162.38 | M34: =(H34+J34)/G34 -> 1.1605387 | N34: 2584.2777 | O34: 2.65 | P34: 0.026731225 | Q34: 13.265 | R34: 0.13380743 | S34: 2153.9707 | T34: 生管預估 | U34: 其他原因 | V34: 預估>實際 | W34: 1 | X34: 奶油蒜香雞義大利麵 | AA34: 7 | AB34: 其他原因
D35: 9 | E35: 清洗小黃瓜絲 | F35: 200.45 | G35: 15.33 | H35: 17.2 | I35: =H35/G35 -> 1.121983 | K35: =J35/G35 -> 0 | L35: 150.16 | M35: =(H35+J35)/G35 -> 1.121983 | N35: 280.7992 | O35: 2.31 | P35: 0.15068493 | Q35: -0.44 | R35: -0.028701892 | S35: -66.0704 | T35: 生管預估 | U35: 其他原因 | V35: 預估>實際 | W35: 1 | X35: 家傳炸醬麵 | AA35: 8 | AB35: 步留因素
D36: 10 | E36: 切-匈牙利雞胸排 | F36: 184.415 | G36: 79.38 | H36: 80.001 | I36: =H36/G36 -> 1.0078231 | K36: =J36/G36 -> 0 | L36: 356.37 | M36: =(H36+J36)/G36 -> 1.0078231 | N36: 221.30577 | O36: 0.8 | P36: 0.010078105 | Q36: -0.179 | R36: -0.0022549761 | S36: -63.79023 | T36: 包裝 | U36: 抓樣不穩 | V36: 依訂單進行調理及分切，組裝6片 | W36: 1 | X36: 熱那亞青醬義大利麵
B37: 45934 | C37: 六 | D37: 1 | E37: 炒家傳炸醬肉燥 | F37: 2313.425 | G37: 52.072 | H37: 62.6 | I37: =H37/G37 -> 1.2021816 | K37: =J37/G37 -> 0 | L37: 250.1 | M37: =(H37+J37)/G37 -> 1.2021816 | N37: 2633.0528 | O37: 9.25 | P37: 0.17763865 | Q37: 1.278 | R37: 0.024542941 | S37: 319.6278 | T37: 生管預估 | U37: 其他原因 | V37: 預估>實際 | W37: 1 | X37: 家傳炸醬麵
D38: 2 | E38: 煮家傳炸醬湯凍 | F38: 2008.6945 | G38: 65.656 | H38: 82.65 | I38: =H38/G38 -> 1.2588339 | K38: =J38/G38 -> 0 | L38: 139.01 | M38: =(H38+J38)/G38 -> 1.2588339 | N38: 2362.3359 | O38: 14.45 | P38: 0.22008651 | Q38: 2.544 | R38: 0.038747411 | S38: 353.64144 | T38: 生管預估 | U38: 其他原因 | V38: 預估>實際 | W38: 1 | X38: 家傳炸醬麵 | AA38: 1 | AB38: 調理
D39: 3 | E39: 義麵-海鮮湯凍(113年) | F39: 836.689 | G39: 178.16 | H39: 184 | I39: =H39/G39 -> 1.0327795 | K39: =J39/G39 -> 0 | L39: 140.62 | M39: =(H39+J39)/G39 -> 1.0327795 | N39: 821.2208 | O39: 5.95 | P39: 0.033396947 | Q39: -0.11 | R39: -0.00061742254 | S39: -15.4682 | T39: 生管預估 | U39: 其他原因 | V39: 預估>實際 | W39: 1 | X39: 白酒蛤蜊義大利麵 | AA39: 2 | AB39: 包裝
D40: 4 | E40: 瀝-煮蕃茄丁 | F40: 742.2675 | G40: 45.09 | H40: 50.9 | I40: =H40/G40 -> 1.1288534 | K40: =J40/G40 -> 0 | L40: 215.15 | M40: =(H40+J40)/G40 -> 1.1288534 | N40: 1250.0215 | O40: 3.45 | P40: 0.076513639 | Q40: 2.36 | R40: 0.052339765 | S40: 507.754 | T40: 生管預估 | U40: 其他原因 | V40: 預估>實際 | W40: 1 | X40: 韓式辣醬肉丸義大利麵 | AA40: 3 | AB40: 研發
D41: 5 | E41: 義麵-韓式辣醬湯凍 | F41: 636.339 | G41: 105.21 | H41: 117.3 | I41: =H41/G41 -> 1.114913 | K41: =J41/G41 -> 0 | L41: 105.18 | M41: =(H41+J41)/G41 -> 1.114913 | N41: 1271.6262 | O41: 6.05 | P41: 0.05750404 | Q41: 6.04 | R41: 0.057408992 | S41: 635.2872 | T41: 生管預估 | U41: 其他原因 | V41: 預估>實際 | W41: 1 | X41: 韓式辣醬肉丸義大利麵 | AA41: 4 | AB41: 生管預估
D42: 6 | E42: 義麵-蒜味奶油湯凍 | F42: 527.735 | G42: 95.22 | H42: 99.8 | I42: =H42/G42 -> 1.0480991 | K42: =J42/G42 -> 0 | L42: 162.38 | M42: =(H42+J42)/G42 -> 1.0480991 | N42: 743.7004 | O42: 3.25 | P42: 0.034131485 | Q42: 1.33 | R42: 0.013967654 | S42: 215.9654 | T42: 生管預估 | U42: 其他原因 | V42: 預估>實際 | W42: 1 | X42: 奶油蒜香雞義大利麵 | AA42: 5 | AB42: 原物料
D43: 7 | E43: 調理包-味噌醬 | F43: 467.245 | G43: 38.916 | H43: 38.55 | I43: =H43/G43 -> 0.99059513 | J43: 10.5 | K43: =J43/G43 -> 0.2698119 | L43: 54.97 | M43: =(H43+J43)/G43 -> 1.260407 | N43: 557.06598 | O43: 8.5 | P43: 0.21841916 | Q43: 1.634 | R43: 0.041987871 | S43: 89.82098 | T43: 包裝 | U43: 抓樣不穩 | W43: 1 | X43: 台式綜合甜不辣
D44: 8 | E44: 拌韓式炸雞 | F44: 382.242 | G44: 130.08 | H44: 134.36 | I44: =H44/G44 -> 1.0329028 | K44: =J44/G44 -> 0 | L44: 335.3 | M44: =(H44+J44)/G44 -> 1.0329028 | N44: 1435.084 | O44: 1.14 | P44: 0.0087638376 | Q44: 3.14 | R44: 0.024138991 | S44: 1052.842 | T44: 研發 | U44: 研發設定 | V44: 此半成品須拆兩種半成品混拌，製成率正常，炸雞為秤重物料55g以上，炸雞一塊9g以上 | W44: 1 | X44: 韓式炸雞義大利麵
D45: 9 | E45: 炒芝麻海苔酥 | F45: 360.192 | G45: 3.9078 | H45: 4.25 | I45: =H45/G45 -> 1.0875685 | K45: =J45/G45 -> 0 | L45: 1029.12 | M45: =(H45+J45)/G45 -> 1.0875685 | N45: 352.16486 | O45: 0.35 | P45: 0.089564461 | Q45: -0.0078 | R45: -0.001996008 | S45: -8.027136 | T45: 生管預估 | U45: 其他原因 | V45: 預估>實際 | W45: 1 | X45: 韓式辣醬肉丸義大利麵
D46: 10 | E46: 義麵-蒜辣黑胡椒湯凍 | F46: 356.4 | G46: 84.9 | H46: 89.35 | I46: =H46/G46 -> 1.0524146 | K46: =J46/G46 -> 0 | L46: 81 | M46: =(H46+J46)/G46 -> 1.0524146 | N46: 360.45 | O46: 4.4 | P46: 0.051825677 | Q46: 0.05 | R46: 0.00058892815 | S46: 4.05 | T46: 生管預估 | U46: 其他原因 | V46: 預估>實際 | W46: 1 | X46: 黑胡椒燻火腿義大利麵
B47: 45935 | C47: 日 | D47: 1 | E47: 炒家傳炸醬肉燥 | F47: 3463.885 | G47: 55.89 | H47: 70.7 | I47: =H47/G47 -> 1.2649848 | K47: =J47/G47 -> 0 | L47: 250.1 | M47: =(H47+J47)/G47 -> 1.2649848 | N47: 3703.981 | O47: 13.85 | P47: 0.24780819 | Q47: 0.96 | R47: 0.017176597 | S47: 240.096 | T47: 生管預估 | U47: 其他原因 | V47: 預估>實際 | W47: 1 | X47: 家傳炸醬麵
D48: 2 | E48: 義麵-海鮮湯凍(113年) | F48: 2481.943 | G48: 190.196 | H48: 207.4 | I48: =H48/G48 -> 1.0904541 | K48: =J48/G48 -> 0 | L48: 140.62 | M48: =(H48+J48)/G48 -> 1.0904541 | N48: 2419.2265 | O48: 17.65 | P48: 0.092799007 | Q48: -0.446 | R48: -0.0023449494 | S48: -62.71652 | T48: 生管預估 | U48: 其他原因 | V48: 預估>實際 | W48: 1 | X48: 白酒蛤蜊義大利麵
D49: 3 | E49: 義麵-蒜辣黑胡椒湯凍 | F49: 2316.6 | G49: 79.5 | H49: 107.9 | I49: =H49/G49 -> 1.3572327 | K49: =J49/G49 -> 0 | L49: 81 | M49: =(H49+J49)/G49 -> 1.3572327 | N49: 2300.4 | O49: 28.6 | P49: 0.35974843 | Q49: -0.2 | R49: -0.0025157233 | S49: -16.2 | T49: 生管預估 | U49: 其他原因 | V49: 預估>實際 | W49: 1 | X49: 黑胡椒燻火腿義大利麵
D50: 4 | E50: 煮家傳炸醬湯凍 | F50: 2224.16 | G50: 70.47 | H50: 87.88 | I50: =H50/G50 -> 1.2470555 | K50: =J50/G50 -> 0 | L50: 139.01 | M50: =(H50+J50)/G50 -> 1.2470555 | N50: 2420.1641 | O50: 16 | P50: 0.22704697 | Q50: 1.41 | R50: 0.020008514 | S50: 196.0041 | T50: 生管預估 | U50: 其他原因 | V50: 預估>實際 | W50: 1 | X50: 家傳炸醬麵
D51: 5 | E51: 義麵-蒜味奶油湯凍 | F51: 2110.94 | G51: 95.985 | H51: 109.4 | I51: =H51/G51 -> 1.1397614 | K51: =J51/G51 -> 0 | L51: 162.38 | M51: =(H51+J51)/G51 -> 1.1397614 | N51: 2178.3277 | O51: 13 | P51: 0.13543783 | Q51: 0.415 | R51: 0.0043235922 | S51: 67.3877 | T51: 生管預估 | U51: 其他原因 | V51: 預估>實際 | W51: 1 | X51: 奶油蒜香雞義大利麵
D52: 6 | E52: 義麵-拿坡里蕃茄醬 | F52: 1869.157 | G52: 127.4 | H52: 144.2 | I52: =H52/G52 -> 1.1318681 | K52: =J52/G52 -> 0 | L52: 112.94 | M52: =(H52+J52)/G52 -> 1.1318681 | N52: 1897.392 | O52: 16.5 | P52: 0.12951334 | Q52: 0.3 | R52: 0.0023547881 | S52: 33.882 | T52: 生管預估 | U52: 其他原因 | V52: 預估>實際 | W52: 1 | X52: 拿坡里義大利麵
D53: 7 | E53: 瀝-煮蕃茄丁 | F53: 636.339 | G53: 42.54 | H53: 46.5 | I53: =H53/G53 -> 1.0930889 | K53: =J53/G53 -> 0 | L53: 215.15 | M53: =(H53+J53)/G53 -> 1.0930889 | N53: 851.994 | O53: 2.65 | P53: 0.062294311 | Q53: 1.31 | R53: 0.030794546 | S53: 281.8465 | T53: 生管預估 | U53: 其他原因 | V53: 預估>實際 | W53: 1 | X53: 韓式辣醬肉丸義大利麵
D54: 8 | E54: 拌韓式炸雞 | F54: 570.1475 | G54: 134.52 | H54: 138 | I54: =H54/G54 -> 1.0258698 | K54: =J54/G54 -> 0 | L54: 335.3 | M54: =(H54+J54)/G54 -> 1.0258698 | N54: 1166.844 | O54: 1.57 | P54: 0.011671127 | Q54: 1.91 | R54: 0.014198632 | S54: 640.423 | T54: 研發 | U54: 研發設定 | V54: 此半成品須拆兩種半成品混拌，製成率正常，炸雞為秤重物料55g以上，炸雞一塊9g以上 | W54: 1 | X54: 韓式炸雞義大利麵
D55: 9 | E55: 義麵-韓式辣醬湯凍 | F55: 526.421 | G55: 99.26 | H55: 107.65 | I55: =H55/G55 -> 1.0845255 | K55: =J55/G55 -> 0 | L55: 105.18 | M55: =(H55+J55)/G55 -> 1.0845255 | N55: 882.4602 | O55: 4.05 | P55: 0.040801934 | Q55: 4.34 | R55: 0.043723554 | S55: 456.4812 | T55: 生管預估 | U55: 其他原因 | V55: 預估>實際 | W55: 1 | X55: 韓式辣醬肉丸義大利麵
D56: 10 | E56: 川燙青椒絲 | F56: 308.736 | G56: 5.096 | H56: 5.9 | I56: =H56/G56 -> 1.1577708 | K56: =J56/G56 -> 0 | L56: 236.05 | M56: =(H56+J56)/G56 -> 1.1577708 | N56: 307.8092 | O56: 1.45 | P56: 0.28453689 | Q56: -0.646 | R56: -0.12676609 | S56: -152.4883 | T56: 生管預估 | U56: 其他原因 | V56: 預估>實際 | W56: 1 | X56: 拿坡里義大利麵
B57: 45936 | C57: 一 | D57: 1 | E57: 佩科里尼羅瑪諾綿羊乾酪絲 | F57: 45320 | I57: =H57/G57 -> #DIV/0! | K57: =J57/G57 -> #DIV/0! | L57: 1030 | M57: =(H57+J57)/G57 -> #DIV/0! | O57: 44 | P57: #DIV/0! | Q57: -44 | R57: #DIV/0! | S57: -45320 | T57: 原物料 | U57: 其他原因 | V57: 下架物料 | W57: 1 | X57: 羊乳起司培根筆尖麵
D58: 2 | E58: 油炒剝皮辣椒段 | F58: 6757.975 | G58: 57.453 | H58: 64.4 | I58: =H58/G58 -> 1.1209162 | K58: =J58/G58 -> 0 | L58: 925.75 | M58: =(H58+J58)/G58 -> 1.1209162 | N58: 6431.1853 | O58: 7.3 | P58: 0.12706038 | Q58: -0.353 | R58: -0.0061441526 | S58: -326.78975 | T58: 生管預估 | U58: 其他原因 | V58: 預估>實際 | W58: 1 | X58: 剝皮辣椒雞奶油細扁麵
D59: 3 | E59: 冷凍熟海灣裙邊貝肉80/100 | F59: 3720 | I59: =H59/G59 -> #DIV/0! | K59: =J59/G59 -> #DIV/0! | L59: 248 | M59: =(H59+J59)/G59 -> #DIV/0! | O59: 15 | P59: #DIV/0! | Q59: -15 | R59: #DIV/0! | S59: -3720 | T59: 原物料 | U59: 其他原因 | V59: 下架物料 | W59: 1 | X59: 焗奶油扇貝筆尖麵
D60: 4 | E60: 義麵-剝皮辣椒奶醬 | F60: 3439.998 | G60: 443.955 | H60: 497.7 | I60: =H60/G60 -> 1.1210596 | K60: =J60/G60 -> 0 | L60: 80.28 | M60: =(H60+J60)/G60 -> 1.1210596 | N60: 4314.6486 | O60: 42.85 | P60: 0.096518791 | Q60: 10.895 | R60: 0.024540776 | S60: 874.6506 | T60: 生管預估 | U60: 其他原因 | V60: 預估>實際 | W60: 1 | X60: 剝皮辣椒雞奶油細扁麵
D61: 5 | E61: 羊奶起司培根-熱封膜 | F61: 3296.4 | I61: =H61/G61 -> #DIV/0! | K61: =J61/G61 -> #DIV/0! | L61: 5494 | M61: =(H61+J61)/G61 -> #DIV/0! | O61: 0.6 | P61: #DIV/0! | Q61: -0.6 | R61: #DIV/0! | S61: -3296.4 | T61: 原物料 | U61: 其他原因 | V61: 下架物料 | W61: 1 | X61: 羊乳起司培根筆尖麵
D62: 6 | E62: 焗奶油扇貝筆尖麵-熱封膜440mm | F62: 2747 | I62: =H62/G62 -> #DIV/0! | K62: =J62/G62 -> #DIV/0! | L62: 5494 | M62: =(H62+J62)/G62 -> #DIV/0! | O62: 0.5 | P62: #DIV/0! | Q62: -0.5 | R62: #DIV/0! | S62: -2747 | T62: 原物料 | U62: 其他原因 | V62: 下架物料 | W62: 1 | X62: 焗奶油扇貝筆尖麵
D63: 7 | E63: 炒家傳炸醬肉燥 | F63: 2713.585 | G63: 83.904 | H63: 95.9 | I63: =H63/G63 -> 1.1429729 | K63: =J63/G63 -> 0 | L63: 250.1 | M63: =(H63+J63)/G63 -> 1.1429729 | N63: 3000.1996 | O63: 10.85 | P63: 0.12931445 | Q63: 1.146 | R63: 0.013658467 | S63: 286.6146 | T63: 生管預估 | U63: 其他原因 | V63: 預估>實際 | W63: 1 | X63: 家傳炸醬麵
D64: 8 | E64: 義麵-蒜味奶油湯凍 | F64: 1761.823 | G64: 133.695 | H64: 145.25 | I64: =H64/G64 -> 1.0864281 | K64: =J64/G64 -> 0 | L64: 162.38 | M64: =(H64+J64)/G64 -> 1.0864281 | N64: 1876.3009 | O64: 10.85 | P64: 0.081154867 | Q64: 0.705 | R64: 0.0052731965 | S64: 114.4779 | T64: 生管預估 | U64: 其他原因 | V64: 預估>實際 | W64: 1 | X64: 奶油蒜香雞義大利麵
D65: 9 | E65: 505-IQF冷凍水牛瑞可達乳酪 | F65: 1605 | I65: =H65/G65 -> #DIV/0! | K65: =J65/G65 -> #DIV/0! | L65: 535 | M65: =(H65+J65)/G65 -> #DIV/0! | O65: 3 | P65: #DIV/0! | Q65: -3 | R65: #DIV/0! | S65: -1605 | T65: 原物料 | U65: 其他原因 | V65: 下架物料 | W65: 1 | X65: 焗奶油扇貝筆尖麵
D66: 10 | E66: 煮家傳炸醬湯凍 | F66: 1459.605 | G66: 105.792 | H66: 117.35 | I66: =H66/G66 -> 1.1092521 | K66: =J66/G66 -> 0 | L66: 139.01 | M66: =(H66+J66)/G66 -> 1.1092521 | N66: 1606.6776 | O66: 10.5 | P66: 0.099251361 | Q66: 1.058 | R66: 0.010000756 | S66: 147.07258 | T66: 生管預估 | U66: 其他原因 | V66: 預估>實際 | W66: 1 | X66: 家傳炸醬麵
B67: 45937 | C67: 二 | D67: 1 | I67: =H67/G67 -> #DIV/0! | K67: =J67/G67 -> #DIV/0! | M67: =(H67+J67)/G67 -> #DIV/0! | W67: 1
D68: 2 | I68: =H68/G68 -> #DIV/0! | K68: =J68/G68 -> #DIV/0! | M68: =(H68+J68)/G68 -> #DIV/0! | W68: 1
D69: 3 | I69: =H69/G69 -> #DIV/0! | K69: =J69/G69 -> #DIV/0! | M69: =(H69+J69)/G69 -> #DIV/0! | W69: 1
D70: 4 | I70: =H70/G70 -> #DIV/0! | K70: =J70/G70 -> #DIV/0! | M70: =(H70+J70)/G70 -> #DIV/0! | W70: 1
D71: 5 | I71: =H71/G71 -> #DIV/0! | K71: =J71/G71 -> #DIV/0! | M71: =(H71+J71)/G71 -> #DIV/0! | W71: 1
D72: 6 | I72: =H72/G72 -> #DIV/0! | K72: =J72/G72 -> #DIV/0! | M72: =(H72+J72)/G72 -> #DIV/0! | W72: 1
D73: 7 | I73: =H73/G73 -> #DIV/0! | K73: =J73/G73 -> #DIV/0! | M73: =(H73+J73)/G73 -> #DIV/0! | W73: 1
D74: 8 | I74: =H74/G74 -> #DIV/0! | K74: =J74/G74 -> #DIV/0! | M74: =(H74+J74)/G74 -> #DIV/0! | W74: 1
D75: 9 | I75: =H75/G75 -> #DIV/0! | K75: =J75/G75 -> #DIV/0! | M75: =(H75+J75)/G75 -> #DIV/0! | W75: 1
D76: 10 | I76: =H76/G76 -> #DIV/0! | K76: =J76/G76 -> #DIV/0! | M76: =(H76+J76)/G76 -> #DIV/0! | W76: 1
B77: 45938 | C77: 三 | D77: 1 | I77: =H77/G77 -> #DIV/0! | K77: =J77/G77 -> #DIV/0! | M77: =(H77+J77)/G77 -> #DIV/0! | W77: 1
D78: 2 | I78: =H78/G78 -> #DIV/0! | K78: =J78/G78 -> #DIV/0! | M78: =(H78+J78)/G78 -> #DIV/0! | W78: 1
D79: 3 | I79: =H79/G79 -> #DIV/0! | K79: =J79/G79 -> #DIV/0! | M79: =(H79+J79)/G79 -> #DIV/0! | W79: 1
D80: 4 | I80: =H80/G80 -> #DIV/0! | K80: =J80/G80 -> #DIV/0! | M80: =(H80+J80)/G80 -> #DIV/0! | W80: 1
D81: 5 | I81: =H81/G81 -> #DIV/0! | K81: =J81/G81 -> #DIV/0! | M81: =(H81+J81)/G81 -> #DIV/0! | W81: 1
D82: 6 | I82: =H82/G82 -> #DIV/0! | K82: =J82/G82 -> #DIV/0! | M82: =(H82+J82)/G82 -> #DIV/0! | W82: 1
D83: 7 | I83: =H83/G83 -> #DIV/0! | K83: =J83/G83 -> #DIV/0! | M83: =(H83+J83)/G83 -> #DIV/0! | W83: 1
D84: 8 | I84: =H84/G84 -> #DIV/0! | K84: =J84/G84 -> #DIV/0! | M84: =(H84+J84)/G84 -> #DIV/0! | W84: 1
D85: 9 | I85: =H85/G85 -> #DIV/0! | K85: =J85/G85 -> #DIV/0! | M85: =(H85+J85)/G85 -> #DIV/0! | W85: 1
D86: 10 | I86: =H86/G86 -> #DIV/0! | K86: =J86/G86 -> #DIV/0! | M86: =(H86+J86)/G86 -> #DIV/0! | W86: 1
B87: 45939 | C87: 四 | D87: 1 | I87: =H87/G87 -> #DIV/0! | K87: =J87/G87 -> #DIV/0! | M87: =(H87+J87)/G87 -> #DIV/0! | W87: 1
D88: 2 | I88: =H88/G88 -> #DIV/0! | K88: =J88/G88 -> #DIV/0! | M88: =(H88+J88)/G88 -> #DIV/0! | W88: 1
D89: 3 | I89: =H89/G89 -> #DIV/0! | K89: =J89/G89 -> #DIV/0! | M89: =(H89+J89)/G89 -> #DIV/0! | W89: 1
D90: 4 | I90: =H90/G90 -> #DIV/0! | K90: =J90/G90 -> #DIV/0! | M90: =(H90+J90)/G90 -> #DIV/0! | W90: 1
D91: 5 | I91: =H91/G91 -> #DIV/0! | K91: =J91/G91 -> #DIV/0! | M91: =(H91+J91)/G91 -> #DIV/0! | W91: 1
D92: 6 | I92: =H92/G92 -> #DIV/0! | K92: =J92/G92 -> #DIV/0! | M92: =(H92+J92)/G92 -> #DIV/0! | W92: 1
D93: 7 | I93: =H93/G93 -> #DIV/0! | K93: =J93/G93 -> #DIV/0! | M93: =(H93+J93)/G93 -> #DIV/0! | W93: 1
D94: 8 | I94: =H94/G94 -> #DIV/0! | K94: =J94/G94 -> #DIV/0! | M94: =(H94+J94)/G94 -> #DIV/0! | W94: 1
D95: 9 | I95: =H95/G95 -> #DIV/0! | K95: =J95/G95 -> #DIV/0! | M95: =(H95+J95)/G95 -> #DIV/0! | W95: 1
D96: 10 | I96: =H96/G96 -> #DIV/0! | K96: =J96/G96 -> #DIV/0! | M96: =(H96+J96)/G96 -> #DIV/0! | W96: 1
B97: 45940 | C97: 五 | D97: 1 | I97: =H97/G97 -> #DIV/0! | K97: =J97/G97 -> #DIV/0! | M97: =(H97+J97)/G97 -> #DIV/0! | W97: 1
D98: 2 | I98: =H98/G98 -> #DIV/0! | K98: =J98/G98 -> #DIV/0! | M98: =(H98+J98)/G98 -> #DIV/0! | W98: 1
D99: 3 | I99: =H99/G99 -> #DIV/0! | K99: =J99/G99 -> #DIV/0! | M99: =(H99+J99)/G99 -> #DIV/0! | W99: 1
D100: 4 | I100: =H100/G100 -> #DIV/0! | K100: =J100/G100 -> #DIV/0! | M100: =(H100+J100)/G100 -> #DIV/0! | W100: 1
D101: 5 | I101: =H101/G101 -> #DIV/0! | K101: =J101/G101 -> #DIV/0! | M101: =(H101+J101)/G101 -> #DIV/0! | W101: 1
...

Sheet 超用－原因別分析
B2: 超用前十名紀錄表
B3: 日期 | D3: 明細展開 | G3: 生產資訊 | T3: 類別 | U3: 分析原因 | V3: 其他原因說明 | W3: 次數 | X3: 備註-商品名稱 | Z3: 分析原因（件）
D4: 排序 | E4: 半成品 | G4: 生產端 | O4: 組合端
E5: 名稱 | F5: 超用金額 | G5: 產出量 | O5: 報廢 | R5: 超用
G6: 訂單需求 (kg) | H6: 實際產出 (kg) | I6: 實際產出占比 | J6: 補單 (kg) | K6: 補單占比 | L6: 單價 (元) | M6: 實際生產 (對比訂單需求) | N6: 差異 (元) | O6: kg | P6: 占比 | Q6: 金額 (元) | R6: kg | S6: 占比 | Z6: 總件數 | AA6: 展開量105% | AB6: 調理多產 | AC6: 製程不穩 | AD6: 抓樣不穩 | AE6: 原物料規格 | AF6: 研發設定 | AG6: 其他原因 | AH6: 步留不足
B7: 45931 | C7: 三 | D7: 1 | E7: 烤蒜味雞腿丁 | F7: 4651.3728 | G7: 185.01 | H7: 188.05 | I7: =H7/G7 -> 1.0164315 | J7: 8.85 | K7: =J7/G7 -> 0.047835252 | L7: 421.32 | M7: =(H7+J7)/G7 -> 1.0642668 | N7: 5009.4948 | O7: 0.85 | P7: 0.0045943463 | Q7: 358.122 | R7: 11.04 | S7: 0.05967245 | T7: 包裝 | U7: 抓樣不穩 | V7: 此半成品秤重物料35g以上，雞丁一塊10g以上 | W7: 1 | X7: 剝皮辣椒雞奶油細扁麵 | Y7: w1 | Z7: =SUM(W7:W46) -> 40 | AA7: =SUMIF($U$7:$U$10000,TRIM(AA6),$W$7:$W$46) -> 0 | AB7: =SUMIF($U$7:$U$10000,TRIM(AB6),$W$7:$W$46) -> 0 | AC7: =SUMIF($U$7:$U$10000,TRIM(AC6),$W$7:$W$46) -> 0 | AD7: =SUMIF($U$7:$U$10000,TRIM(AD6),$W$7:$W$46) -> 39 | AE7: =SUMIF($U$7:$U$10000,TRIM(AE6),$W$7:$W$46) -> 7 | AF7: =SUMIF($U$7:$U$10000,TRIM(AF6),$W$7:$W$46) -> 5 | AG7: =SUMIF($U$7:$U$10000,TRIM(AG6),$W$7:$W$46) -> 0 | AH7: =SUMIF($U$7:$U$10000,TRIM(AH6),$W$7:$W$46) -> 0
D8: 2 | E8: 羅馬諾羊乾酪絲 | F8: 2447.28 | G8: 8.624 | H8: 11 | I8: =H8/G8 -> 1.2755102 | K8: =J8/G8 -> 0 | L8: 1030 | M8: =(H8+J8)/G8 -> 1.2755102 | N8: 2447.28 | O8: 0 | P8: 0 | Q8: 0 | R8: 2.376 | S8: 0.2755102 | T8: 包裝 | U8: 抓樣不穩 | W8: 1 | X8: 羊乳起司培根筆尖麵 | AA8: =SUMIF($U$7:$U$466,TRIM(AA6),$F$7:$F$46) -> 0 | AB8: =SUMIF($U$7:$U$466,TRIM(AB6),$F$7:$F$46) -> 0 | AC8: =SUMIF($U$7:$U$466,TRIM(AC6),$F$7:$F$46) -> 0 | AD8: =SUMIF($U$7:$U$466,TRIM(AD6),$F$7:$F$46) -> 57937.381 | AE8: =SUMIF($U$7:$U$466,TRIM(AE6),$F$7:$F$46) -> 6922.7712 | AF8: =SUMIF($U$7:$U$466,TRIM(AF6),$F$7:$F$46) -> 5374.859 | AG8: =SUMIF($U$7:$U$466,TRIM(AG6),$F$7:$F$46) -> 0 | AH8: =SUMIF($U$7:$U$466,TRIM(AH6),$F$7:$F$46) -> 0
D9: 3 | E9: 拌韓式炸雞 | F9: 1584.9631 | G9: 172.26 | H9: 179.787 | I9: =H9/G9 -> 1.0436956 | J9: 0 | K9: =J9/G9 -> 0 | L9: 335.3 | M9: =(H9+J9)/G9 -> 1.0436956 | N9: 2523.8031 | O9: 2.8 | P9: 0.016254499 | Q9: 938.84 | R9: 4.727 | S9: 0.027441077 | T9: 原物料 | U9: 原物料規格 | V9: 此半成品須拆兩種半成品混拌，製成率正常，炸雞為秤重物料55g以上，炸雞一塊9g以上 | W9: 1 | X9: 韓式炸雞義大利麵 | Z9: =SUM(W47:W116) -> 70 | AA9: =SUMIF($U$47:$U$116,TRIM(AA6),$W$47:$W$116) -> 0 | AB9: =SUMIF($U$47:$U$116,TRIM(AB6),$W$47:$W$116) -> 0 | AC9: =SUMIF($U$47:$U$116,TRIM(AC6),$W$47:$W$116) -> 0 | AD9: =SUMIF($U$47:$U$116,TRIM(AD6),$W$47:$W$116) -> 7 | AE9: =SUMIF($U$47:$U$116,TRIM(AE6),$W$47:$W$116) -> 3 | AF9: =SUMIF($U$47:$U$116,TRIM(AF6),$W$47:$W$116) -> 2 | AG9: =SUMIF($U$47:$U$116,TRIM(AG6),$W$47:$W$116) -> 0 | AH9: =SUMIF($U$47:$U$116,TRIM(AH6),$W$47:$W$116) -> 0
D10: 4 | E10: 紅切達起司絲 | F10: 1432.09 | G10: 18.906 | H10: 25 | I10: =H10/G10 -> 1.3223315 | K10: =J10/G10 -> 0 | L10: 235 | M10: =(H10+J10)/G10 -> 1.3223315 | N10: 1432.09 | O10: 0 | P10: 0 | Q10: 0 | R10: 6.094 | S10: 0.32233153 | T10: 包裝 | U10: 抓樣不穩 | W10: 1 | X10: 奶油培根義大利麵 | Y10: w2 | AA10: =SUMIF($U$47:$U$116,TRIM(AA6),$F$47:$F$116) -> 0 | AB10: =SUMIF($U$47:$U$116,TRIM(AB6),$F$47:$F$116) -> 0 | AC10: =SUMIF($U$47:$U$116,TRIM(AC6),$F$47:$F$116) -> 0 | AD10: =SUMIF($U$47:$U$116,TRIM(AD6),$F$47:$F$116) -> 16008.007 | AE10: =SUMIF($U$47:$U$116,TRIM(AE6),$F$47:$F$116) -> 3067.4441 | AF10: =SUMIF($U$47:$U$116,TRIM(AF6),$F$47:$F$116) -> 2078.86 | AG10: =SUMIF($U$47:$U$116,TRIM(AG6),$F$47:$F$116) -> 0 | AH10: =SUMIF($U$47:$U$116,TRIM(AH6),$F$47:$F$116) -> 0
D11: 5 | E11: 解凍玉子蛋絲 | F11: 1233.4128 | G11: 15.992 | H11: 19.5 | I11: =H11/G11 -> 1.2193597 | K11: =J11/G11 -> 0 | L11: 351.6 | M11: =(H11+J11)/G11 -> 1.2193597 | N11: 1233.4128 | O11: 0 | P11: 0 | Q11: 0 | R11: 3.508 | S11: 0.21935968 | T11: 包裝 | U11: 抓樣不穩 | W11: 1 | X11: 家傳炸醬麵
D12: 6 | E12: 解凍黑胡椒燻豬腿肉(湖) | F12: 908.4232 | G12: 63.02 | H12: 66 | I12: =H12/G12 -> 1.0472866 | K12: =J12/G12 -> 0 | L12: 304.84 | M12: =(H12+J12)/G12 -> 1.0472866 | N12: 908.4232 | O12: 0 | P12: 0 | Q12: 0 | R12: 2.98 | S12: 0.047286576 | T12: 包裝 | U12: 抓樣不穩 | W12: 1 | X12: 奶油培根義大利麵 | Z12: =SUM(W117:W186) -> 68 | AA12: =SUMIF($U$117:$U$186,TRIM(AA6),$W$117:$W$186) -> 0 | AB12: =SUMIF($U$117:$U$186,TRIM(AB6),$W$117:$W$186) -> 0 | AC12: =SUMIF($U$117:$U$186,TRIM(AC6),$W$117:$W$186) -> 0 | AD12: =SUMIF($U$117:$U$186,TRIM(AD6),$W$117:$W$186) -> 0 | AE12: =SUMIF($U$117:$U$186,TRIM(AE6),$W$117:$W$186) -> 0 | AF12: =SUMIF($U$117:$U$186,TRIM(AF6),$W$117:$W$186) -> 0 | AG12: =SUMIF($U$117:$U$186,TRIM(AG6),$W$117:$W$186) -> 0 | AH12: =SUMIF($U$117:$U$186,TRIM(AH6),$W$117:$W$186) -> 0
D13: 7 | E13: 瀝-煮蕃茄丁 | F13: 537.875 | G13: 63.45 | H13: 63.5 | I13: =H13/G13 -> 1.000788 | J13: 2.45 | K13: =J13/G13 -> 0.038613081 | L13: 215.15 | M13: =(H13+J13)/G13 -> 1.0394011 | N13: 537.875 | O13: 0 | P13: 0 | Q13: 0 | R13: 2.5 | S13: 0.039401103 | T13: 包裝 | U13: 抓樣不穩 | W13: 1 | X13: 韓式辣醬肉丸義大利麵 | Y13: w3 | AA13: =SUMIF($U$117:$U$186,TRIM(AA6),$F$117:$F$186) -> 0 | AB13: =SUMIF($U$117:$U$186,TRIM(AB6),$F$117:$F$186) -> 0 | AC13: =SUMIF($U$117:$U$186,TRIM(AC6),$F$117:$F$186) -> 0 | AD13: =SUMIF($U$117:$U$186,TRIM(AD6),$F$117:$F$186) -> 0 | AE13: =SUMIF($U$117:$U$186,TRIM(AE6),$F$117:$F$186) -> 0 | AF13: =SUMIF($U$117:$U$186,TRIM(AF6),$F$117:$F$186) -> 0 | AG13: =SUMIF($U$117:$U$186,TRIM(AG6),$F$117:$F$186) -> 0 | AH13: =SUMIF($U$117:$U$186,TRIM(AH6),$F$117:$F$186) -> 0
D14: 8 | E14: 拌-蕃茄醬麵 | F14: 371.41946 | G14: 579.05 | H14: 588 | I14: =H14/G14 -> 1.0154564 | K14: =J14/G14 -> 0 | L14: 58.216216 | M14: =(H14+J14)/G14 -> 1.0154564 | N14: 521.03514 | O14: 2.57 | P14: 0.0044383041 | Q14: 149.61568 | R14: 6.38 | S14: 0.011018047 | T14: 包裝 | U14: 抓樣不穩 | W14: 1 | X14: 拿坡里義大利麵
D15: 9 | E15: 混拌浪花麵 | F15: 365.51305 | G15: 632.995 | H15: 643 | I15: =H15/G15 -> 1.0158058 | K15: =J15/G15 -> 0 | L15: 54.11 | M15: =(H15+J15)/G15 -> 1.0158058 | N15: 541.37055 | O15: 3.25 | P15: 0.0051343218 | Q15: 175.8575 | R15: 6.755 | S15: 0.01067149 | T15: 包裝 | U15: 抓樣不穩 | W15: 1 | X15: 青花椒麻雞肉拌麵 | Z15: =SUM(W187:W256) -> 70 | AA15: =SUMIF($U$187:$U$256,TRIM(AA6),$W$187:$W$256) -> 0 | AB15: =SUMIF($U$187:$U$256,TRIM(AB6),$W$187:$W$256) -> 0 | AC15: =SUMIF($U$187:$U$256,TRIM(AC6),$W$187:$W$256) -> 0 | AD15: =SUMIF($U$187:$U$256,TRIM(AD6),$W$187:$W$256) -> 0 | AE15: =SUMIF($U$187:$U$256,TRIM(AE6),$W$187:$W$256) -> 0 | AF15: =SUMIF($U$187:$U$256,TRIM(AF6),$W$187:$W$256) -> 0 | AG15: =SUMIF($U$187:$U$256,TRIM(AG6),$W$187:$W$256) -> 0 | AH15: =SUMIF($U$187:$U$256,TRIM(AH6),$W$187:$W$256) -> 0
D16: 10 | E16: 川燙-三角油豆腐 | F16: 343.2 | G16: 4660 | H16: 4660 | I16: =H16/G16 -> 1 | J16: 80 | K16: =J16/G16 -> 0.017167382 | L16: 4.29 | M16: =(H16+J16)/G16 -> 1.0171674 | N16: 343.2 | O16: 0 | P16: 0 | Q16: 0 | R16: 80 | S16: 0.017167382 | T16: 原物料 | U16: 原物料規格 | V16: 組裝1片 | W16: 1 | X16: 台式綜合甜不辣 | Y16: w4 | AA16: =SUMIF($U$187:$U$256,TRIM(AA6),$F$187:$F$256) -> 0 | AB16: =SUMIF($U$187:$U$256,TRIM(AB6),$F$187:$F$256) -> 0 | AC16: =SUMIF($U$187:$U$256,TRIM(AC6),$F$187:$F$256) -> 0 | AD16: =SUMIF($U$187:$U$256,TRIM(AD6),$F$187:$F$256) -> 0 | AE16: =SUMIF($U$187:$U$256,TRIM(AE6),$F$187:$F$256) -> 0 | AF16: =SUMIF($U$187:$U$256,TRIM(AF6),$F$187:$F$256) -> 0 | AG16: =SUMIF($U$187:$U$256,TRIM(AG6),$F$187:$F$256) -> 0 | AH16: =SUMIF($U$187:$U$256,TRIM(AH6),$F$187:$F$256) -> 0
B17: 45932 | C17: 四 | D17: 1 | E17: 烤蒜味雞腿丁 | F17: 6498.861 | G17: 172.025 | H17: 187.45 | I17: =H17/G17 -> 1.0896672 | K17: =J17/G17 -> 0 | L17: 421.32 | M17: =(H17+J17)/G17 -> 1.0896672 | N17: 6498.861 | O17: 0 | P17: 0 | Q17: 0 | R17: 15.425 | S17: 0.0896672 | T17: 包裝 | U17: 抓樣不穩 | V17: 此半成品秤重物料35g以上，雞丁一塊10g以上 | W17: 1 | X17: 剝皮辣椒雞奶油細扁麵
D18: 2 | E18: 鮮食雙色起司絲 | F18: 4004.8 | G18: 86.976 | H18: 107 | I18: =H18/G18 -> 1.2302244 | K18: =J18/G18 -> 0 | L18: 200 | M18: =(H18+J18)/G18 -> 1.2302244 | N18: 4004.8 | O18: 0 | P18: 0 | Q18: 0 | R18: 20.024 | S18: 0.23022443 | T18: 包裝 | U18: 抓樣不穩 | W18: 1 | X18: 義式蕃茄起司義大利麵 | Z18: =SUM(W257:W326) -> 60 | AA18: =SUMIF($U$257:$U$326,TRIM(AA6),$W$257:$W$326) -> 0 | AB18: =SUMIF($U$257:$U$326,TRIM(AB6),$W$257:$W$326) -> 0 | AC18: =SUMIF($U$257:$U$326,TRIM(AC6),$W$257:$W$326) -> 0 | AD18: =SUMIF($U$257:$U$326,TRIM(AD6),$W$257:$W$326) -> 0 | AE18: =SUMIF($U$257:$U$326,TRIM(AE6),$W$257:$W$326) -> 0 | AF18: =SUMIF($U$257:$U$326,TRIM(AF6),$W$257:$W$326) -> 0 | AG18: =SUMIF($U$257:$U$326,TRIM(AG6),$W$257:$W$326) -> 0 | AH18: =SUMIF($U$257:$U$326,TRIM(AH6),$W$257:$W$326) -> 0
D19: 3 | E19: 解凍玉子蛋絲 | F19: 1295.2944 | G19: 12.816 | H19: 16.5 | I19: =H19/G19 -> 1.2874532 | K19: =J19/G19 -> 0 | L19: 351.6 | M19: =(H19+J19)/G19 -> 1.2874532 | N19: 1295.2944 | O19: 0 | P19: 0 | Q19: 0 | R19: 3.684 | S19: 0.28745318 | T19: 包裝 | U19: 抓樣不穩 | W19: 1 | X19: 家傳炸醬麵 | Y19: w5 | AA19: =SUMIF($U$257:$U$326,TRIM(AA6),$F$257:$F$326) -> 0 | AB19: =SUMIF($U$257:$U$326,TRIM(AB6),$F$257:$F$326) -> 0 | AC19: =SUMIF($U$257:$U$326,TRIM(AC6),$F$257:$F$326) -> 0 | AD19: =SUMIF($U$257:$U$326,TRIM(AD6),$F$257:$F$326) -> 0 | AE19: =SUMIF($U$257:$U$326,TRIM(AE6),$F$257:$F$326) -> 0 | AF19: =SUMIF($U$257:$U$326,TRIM(AF6),$F$257:$F$326) -> 0 | AG19: =SUMIF($U$257:$U$326,TRIM(AG6),$F$257:$F$326) -> 0 | AH19: =SUMIF($U$257:$U$326,TRIM(AH6),$F$257:$F$326) -> 0
D20: 4 | E20: 拌韓式炸雞 | F20: 1264.081 | G20: 159.18 | H20: 164.5 | I20: =H20/G20 -> 1.0334213 | K20: =J20/G20 -> 0 | L20: 335.3 | M20: =(H20+J20)/G20 -> 1.0334213 | N20: 1783.796 | O20: 1.55 | P20: 0.0097374042 | Q20: 519.715 | R20: 3.77 | S20: 0.02368388 | T20: 研發 | U20: 研發設定 | V20: 此半成品須拆兩種半成品混拌，製成率正常，炸雞為秤重物料55g以上，炸雞一塊9g以上 | W20: 1 | X20: 韓式炸雞義大利麵
D21: 5 | E21: 烤香料馬鈴薯 | F21: 520.536 | G21: 176.126 | H21: 179.3 | I21: =H21/G21 -> 1.0180212 | K21: =J21/G21 -> 0 | L21: 164 | M21: =(H21+J21)/G21 -> 1.0180212 | N21: 520.536 | O21: 0 | P21: 0 | Q21: 0 | R21: 3.174 | S21: 0.018021189 | T21: 原物料 | U21: 原物料規格 | V21: 此半成品秤重物料83g以上，馬鈴薯一塊6g以上 | W21: 1 | X21: 香濃起司馬鈴薯
D22: 6 | E22: 解凍黑胡椒燻豬腿肉(湖) | F22: 466.4052 | G22: 56.72 | H22: 58.25 | I22: =H22/G22 -> 1.0269746 | K22: =J22/G22 -> 0 | L22: 304.84 | M22: =(H22+J22)/G22 -> 1.0269746 | N22: 466.4052 | O22: 0 | P22: 0 | Q22: 0 | R22: 1.53 | S22: 0.026974612 | T22: 包裝 | U22: 抓樣不穩 | W22: 1 | X22: 奶油培根義大利麵 | Y22: 月合計 | Z22: =SUM(W7:W10000) -> 308 | AA22: =SUMIF($U$7:$U$10000,TRIM(AA6),$W$7:$W$10000) -> 0 | AB22: =SUMIF($U$7:$U$10000,TRIM(AB6),$W$7:$W$10000) -> 0 | AC22: =SUMIF($U$7:$U$10000,TRIM(AC6),$W$7:$W$10000) -> 0 | AD22: =SUMIF($U$7:$U$10000,TRIM(AD6),$W$7:$W$10000) -> 39 | AE22: =SUMIF($U$7:$U$10000,TRIM(AE6),$W$7:$W$10000) -> 7 | AF22: =SUMIF($U$7:$U$10000,TRIM(AF6),$W$7:$W$10000) -> 5 | AG22: =SUMIF($U$7:$U$10000,TRIM(AG6),$W$7:$W$10000) -> 0 | AH22: =SUMIF($U$7:$U$10000,TRIM(AH6),$W$7:$W$10000) -> 0
D23: 7 | E23: 滷-切片高麗菜 | F23: 424.745 | G23: 373.05 | H23: 378.047 | I23: =H23/G23 -> 1.013395 | K23: =J23/G23 -> 0 | L23: 85 | M23: =(H23+J23)/G23 -> 1.013395 | N23: 424.745 | O23: 0 | P23: 0 | Q23: 0 | R23: 4.997 | S23: 0.013394987 | T23: 包裝 | U23: 抓樣不穩 | W23: 1 | X23: 小滷青蔬 | AA23: =SUMIF($U$7:$U$10000,TRIM(AA6),$F$7:$F$10000) -> 0 | AB23: =SUMIF($U$7:$U$10000,TRIM(AB6),$F$7:$F$10000) -> 0 | AC23: =SUMIF($U$7:$U$10000,TRIM(AC6),$F$7:$F$10000) -> 0 | AD23: =SUMIF($U$7:$U$10000,TRIM(AD6),$F$7:$F$10000) -> 57937.381 | AE23: =SUMIF($U$7:$U$10000,TRIM(AE6),$F$7:$F$10000) -> 6922.7712 | AF23: =SUMIF($U$7:$U$10000,TRIM(AF6),$F$7:$F$10000) -> 5374.859 | AG23: =SUMIF($U$7:$U$10000,TRIM(AG6),$F$7:$F$10000) -> 0 | AH23: =SUMIF($U$7:$U$10000,TRIM(AH6),$F$7:$F$10000) -> 0
D24: 8 | E24: 煮家傳炸醬湯凍 | F24: 289.69684 | G24: 92.916 | H24: 106.9 | I24: =H24/G24 -> 1.1505015 | K24: =J24/G24 -> 0 | L24: 139.01 | M24: =(H24+J24)/G24 -> 1.1505015 | N24: 1943.9158 | O24: 11.9 | P24: 0.12807267 | Q24: 1654.219 | R24: 2.084 | S24: 0.02242886 | T24: 包裝 | U24: 抓樣不穩 | W24: 1 | X24: 家傳炸醬麵
D25: 9 | E25: 瀝-煮蕃茄丁 | F25: 221.6045 | G25: 60.57 | H25: 68.9 | I25: =H25/G25 -> 1.1375268 | K25: =J25/G25 -> 0 | L25: 215.15 | M25: =(H25+J25)/G25 -> 1.1375268 | N25: 1792.1995 | O25: 7.3 | P25: 0.12052171 | Q25: 1570.595 | R25: 1.03 | S25: 0.017005118 | T25: 包裝 | U25: 抓樣不穩 | W25: 1 | X25: 韓式辣醬肉丸義大利麵
D26: 10 | E26: 烤重煙燻培根絲 | F26: 216.016 | G26: 30.632 | H26: 31 | I26: =H26/G26 -> 1.0120136 | K26: =J26/G26 -> 0 | L26: 587 | M26: =(H26+J26)/G26 -> 1.0120136 | N26: 216.016 | O26: 0 | P26: 0 | Q26: 0 | R26: 0.368 | S26: 0.012013581 | T26: 包裝 | U26: 抓樣不穩 | W26: 1 | X26: 羊乳起司培根筆尖麵
B27: 45933 | C27: 五 | D27: 1 | E27: 義麵-蒜味奶油湯凍 | F27: 2153.9707 | G27: 99.135 | H27: 100 | I27: =H27/G27 -> 1.0087255 | J27: 15.05 | K27: =J27/G27 -> 0.15181318 | L27: 162.38 | M27: =(H27+J27)/G27 -> 1.1605387 | N27: 2584.2777 | O27: 2.65 | P27: 0.026731225 | Q27: 430.307 | R27: 13.265 | S27: 0.13380743 | T27: 包裝 | U27: 抓樣不穩 | W27: 1 | X27: 奶油蒜香雞義大利麵
D28: 2 | E28: 煮細扁麵 | F28: 1757.4408 | G28: 937.42 | H28: 975.6 | I28: =H28/G28 -> 1.0407288 | J28: 12.25 | K28: =J28/G28 -> 0.013067782 | L28: 39.96 | M28: =(H28+J28)/G28 -> 1.0537966 | N28: 2015.1828 | O28: 6.45 | P28: 0.0068805871 | Q28: 257.742 | R28: 43.98 | S28: 0.046916003 | T28: 包裝 | U28: 抓樣不穩 | W28: 1 | X28: 剝皮辣椒雞奶油細扁麵
D29: 3 | E29: 烤香料馬鈴薯 | F29: 1406.628 | G29: 151.973 | H29: 160.55 | I29: =H29/G29 -> 1.0564377 | K29: =J29/G29 -> 0 | L29: 164 | M29: =(H29+J29)/G29 -> 1.0564377 | N29: 1406.628 | O29: 0 | P29: 0 | Q29: 0 | R29: 8.577 | S29: 0.056437657 | T29: 原物料 | U29: 原物料規格 | V29: 此半成品秤重物料83g以上，馬鈴薯一塊6g以上 | W29: 1 | X29: 香濃起司馬鈴薯
D30: 4 | E30: 拌韓式炸雞 | F30: 979.076 | G30: 129.18 | H30: 132.65 | I30: =H30/G30 -> 1.0268617 | K30: =J30/G30 -> 0 | L30: 335.3 | M30: =(H30+J30)/G30 -> 1.0268617 | N30: 1163.491 | O30: 0.55 | P30: 0.004257625 | Q30: 184.415 | R30: 2.92 | S30: 0.022604118 | T30: 研發 | U30: 研發設定 | V30: 此半成品須拆兩種半成品混拌，製成率正常，炸雞為秤重物料55g以上，炸雞一塊9g以上 | W30: 1 | X30: 韓式炸雞義大利麵 | AA30: 1 | AB30: 展開量高於１０5％
D31: 5 | E31: 烤重煙燻培根絲 | F31: 737.272 | G31: 21.644 | H31: 21.5 | I31: =H31/G31 -> 0.99334689 | J31: 1.4 | K31: =J31/G31 -> 0.064683053 | L31: 587 | M31: =(H31+J31)/G31 -> 1.0580299 | N31: 737.272 | O31: 0 | P31: 0 | Q31: 0 | R31: 1.256 | S31: 0.058029939 | T31: 包裝 | U31: 抓樣不穩 | W31: 1 | X31: 羊乳起司培根筆尖麵 | AA31: 2 | AB31: 調理多產
D32: 6 | E32: 羅馬諾羊乾酪絲 | F32: 606.67 | G32: 5.411 | H32: 6 | I32: =H32/G32 -> 1.1088523 | K32: =J32/G32 -> 0 | L32: 1030 | M32: =(H32+J32)/G32 -> 1.1088523 | N32: 606.67 | O32: 0 | P32: 0 | Q32: 0 | R32: 0.589 | S32: 0.10885234 | T32: 包裝 | U32: 抓樣不穩 | W32: 1 | X32: 羊乳起司培根筆尖麵 | AA32: 3 | AB32: 製程不穩
D33: 7 | E33: 切焗烤起司 | F33: 568.81473 | G33: 53.688 | H33: 55.041 | I33: =H33/G33 -> 1.0252012 | K33: =J33/G33 -> 0 | L33: 420.41 | M33: =(H33+J33)/G33 -> 1.0252012 | N33: 568.81473 | O33: 0 | P33: 0 | Q33: 0 | R33: 1.353 | S33: 0.025201162 | T33: 調理 | U33: 步留因素 | W33: 1 | X33: 焗烤起司雙饗筆尖麵 | AA33: 4 | AB33: 抓樣不穩
D34: 8 | E34: 滷-切片高麗菜 | F34: 466.65 | G34: 293.76 | H34: 300.2 | I34: =H34/G34 -> 1.0219227 | K34: =J34/G34 -> 0 | L34: 85 | M34: =(H34+J34)/G34 -> 1.0219227 | N34: 547.4 | O34: 0.95 | P34: 0.0032339325 | Q34: 80.75 | R34: 5.49 | S34: 0.018688725 | T34: 包裝 | U34: 抓樣不穩 | W34: 1 | X34: 小滷青蔬 | AA34: 5 | AB34: 原物料規格
D35: 9 | E35: 炒芝麻海苔酥 | F35: 298.85645 | G35: 4.0196 | H35: 4.46 | I35: =H35/G35 -> 1.1095631 | K35: =J35/G35 -> 0 | L35: 1029.12 | M35: =(H35+J35)/G35 -> 1.1095631 | N35: 453.22445 | O35: 0.15 | P35: 0.037317146 | Q35: 154.368 | R35: 0.2904 | S35: 0.072245995 | T35: 包裝 | U35: 抓樣不穩 | W35: 1 | X35: 韓式辣醬肉丸義大利麵 | AA35: 6 | AB35: 研發設定
D36: 10 | E36: 拌-蕃茄醬麵 | F36: 284.6773 | G36: 496.91 | H36: 501.8 | I36: =H36/G36 -> 1.0098408 | K36: =J36/G36 -> 0 | L36: 58.216216 | M36: =(H36+J36)/G36 -> 1.0098408 | N36: 284.6773 | O36: 0 | P36: 0 | Q36: 0 | R36: 4.89 | S36: 0.0098408162 | T36: 包裝 | U36: 抓樣不穩 | W36: 1 | X36: 拿坡里義大利麵 | AA36: 7 | AB36: 其他原因
B37: 45934 | C37: 六 | D37: 1 | E37: 烤蒜味雞腿丁 | F37: 5215.9416 | G37: 194.32 | H37: 206.7 | I37: =H37/G37 -> 1.0637093 | K37: =J37/G37 -> 0 | L37: 421.32 | M37: =(H37+J37)/G37 -> 1.0637093 | N37: 5215.9416 | O37: 0 | P37: 0 | Q37: 0 | R37: 12.38 | S37: 0.063709345 | T37: 包裝 | U37: 抓樣不穩 | W37: 1 | X37: 剝皮辣椒雞奶油細扁麵 | AA37: 8 | AB37: 步留因素
D38: 2 | E38: 解凍玉子蛋絲 | F38: 1562.5104 | G38: 9.056 | H38: 13.5 | I38: =H38/G38 -> 1.4907244 | K38: =J38/G38 -> 0 | L38: 351.6 | M38: =(H38+J38)/G38 -> 1.4907244 | N38: 1562.5104 | O38: 0 | P38: 0 | Q38: 0 | R38: 4.444 | S38: 0.49072438 | T38: 包裝 | U38: 抓樣不穩 | W38: 1 | X38: 家傳炸醬麵
D39: 3 | E39: 拌韓式炸雞 | F39: 1052.842 | G39: 130.08 | H39: 134.36 | I39: =H39/G39 -> 1.0329028 | K39: =J39/G39 -> 0 | L39: 335.3 | M39: =(H39+J39)/G39 -> 1.0329028 | N39: 1435.084 | O39: 1.14 | P39: 0.0087638376 | Q39: 382.242 | R39: 3.14 | S39: 0.024138991 | T39: 研發 | U39: 研發設定 | V39: 此半成品須拆兩種半成品混拌，製成率正常，炸雞為秤重物料55g以上，炸雞一塊9g以上 | W39: 1 | X39: 韓式炸雞義大利麵
D40: 4 | E40: 紅切達起司絲 | F40: 764.455 | G40: 12.747 | H40: 16 | I40: =H40/G40 -> 1.2551973 | K40: =J40/G40 -> 0 | L40: 235 | M40: =(H40+J40)/G40 -> 1.2551973 | N40: 764.455 | O40: 0 | P40: 0 | Q40: 0 | R40: 3.253 | S40: 0.2551973 | T40: 包裝 | U40: 抓樣不穩 | W40: 1 | X40: 奶油培根義大利麵 | AA40: 1 | AB40: 調理
D41: 5 | E41: 義麵-韓式辣醬湯凍 | F41: 635.2872 | G41: 105.21 | H41: 117.3 | I41: =H41/G41 -> 1.114913 | K41: =J41/G41 -> 0 | L41: 105.18 | M41: =(H41+J41)/G41 -> 1.114913 | N41: 1271.6262 | O41: 6.05 | P41: 0.05750404 | Q41: 636.339 | R41: 6.04 | S41: 0.057408992 | T41: 包裝 | U41: 抓樣不穩 | W41: 1 | X41: 韓式辣醬肉丸義大利麵 | AA41: 2 | AB41: 包裝
D42: 6 | E42: 瀝-煮蕃茄丁 | F42: 507.754 | G42: 45.09 | H42: 50.9 | I42: =H42/G42 -> 1.1288534 | K42: =J42/G42 -> 0 | L42: 215.15 | M42: =(H42+J42)/G42 -> 1.1288534 | N42: 1250.0215 | O42: 3.45 | P42: 0.076513639 | Q42: 742.2675 | R42: 2.36 | S42: 0.052339765 | T42: 包裝 | U42: 抓樣不穩 | W42: 1 | X42: 韓式辣醬肉丸義大利麵 | AA42: 3 | AB42: 研發
D43: 7 | E43: 煮土耳其筆尖麵(113年) | F43: 444.73 | G43: 886.4 | H43: 900.7 | I43: =H43/G43 -> 1.0161327 | K43: =J43/G43 -> 0 | L43: 31.1 | M43: =(H43+J43)/G43 -> 1.0161327 | N43: 444.73 | O43: 0 | P43: 0 | Q43: 0 | R43: 14.3 | S43: 0.016132671 | T43: 包裝 | U43: 抓樣不穩 | W43: 1 | X43: 焗烤起司雙饗筆尖麵 | AA43: 4 | AB43: 生管預估
D44: 8 | E44: 滷-切片高麗菜 | F44: 432.65 | G44: 282.96 | H44: 288.65 | I44: =H44/G44 -> 1.0201088 | K44: =J44/G44 -> 0 | L44: 85 | M44: =(H44+J44)/G44 -> 1.0201088 | N44: 483.65 | O44: 0.6 | P44: 0.0021204411 | Q44: 51 | R44: 5.09 | S44: 0.017988408 | T44: 包裝 | U44: 抓樣不穩 | W44: 1 | X44: 小滷青蔬 | AA44: 5 | AB44: 原物料
D45: 9 | E45: 煮家傳炸醬湯凍 | F45: 353.64144 | G45: 65.656 | H45: 82.65 | I45: =H45/G45 -> 1.2588339 | K45: =J45/G45 -> 0 | L45: 139.01 | M45: =(H45+J45)/G45 -> 1.2588339 | N45: 2362.3359 | O45: 14.45 | P45: 0.22008651 | Q45: 2008.6945 | R45: 2.544 | S45: 0.038747411 | T45: 包裝 | U45: 抓樣不穩 | W45: 1 | X45: 家傳炸醬麵
D46: 10 | E46: 煮細扁麵 | F46: 342.0576 | G46: 1221.44 | H46: 1230 | I46: =H46/G46 -> 1.0070081 | K46: =J46/G46 -> 0 | L46: 39.96 | M46: =(H46+J46)/G46 -> 1.0070081 | N46: 342.0576 | O46: 0 | P46: 0 | Q46: 0 | R46: 8.56 | S46: 0.0070081216 | T46: 包裝 | U46: 抓樣不穩 | W46: 1 | X46: 剝皮辣椒雞奶油細扁麵
B47: 45935 | C47: 日 | D47: 1 | E47: 鮮食雙色起司絲 | F47: 2214.4 | G47: 68.928 | H47: 80 | I47: =H47/G47 -> 1.1606314 | K47: =J47/G47 -> 0 | L47: 200 | M47: =(H47+J47)/G47 -> 1.1606314 | N47: 2214.4 | O47: 0 | P47: 0 | Q47: 0 | R47: 11.072 | S47: 0.16063138 | T47: 包裝 | U47: 超用 | W47: 1 | X47: 義式蕃茄起司義大利麵
D48: 2 | E48: 解凍黑胡椒燻豬腿肉(湖) | F48: 1097.424 | G48: 51.9 | H48: 55.5 | I48: =H48/G48 -> 1.0693642 | K48: =J48/G48 -> 0 | L48: 304.84 | M48: =(H48+J48)/G48 -> 1.0693642 | N48: 1097.424 | O48: 0 | P48: 0 | Q48: 0 | R48: 3.6 | S48: 0.069364162 | T48: 包裝 | U48: 超用 | W48: 1 | X48: 奶油培根義大利麵
D49: 3 | E49: 瀝水-白蘿蔔塊 | F49: 786.64991 | G49: 26.811 | H49: 36.5 | I49: =H49/G49 -> 1.3613815 | K49: =J49/G49 -> 0 | L49: 81.19 | M49: =(H49+J49)/G49 -> 1.3613815 | N49: 786.64991 | O49: 0 | P49: 0 | Q49: 0 | R49: 9.689 | S49: 0.36138152 | T49: 原物料 | U49: 原物料規格 | V49: 甜不辣條包裝4條不足重，使用蘿蔔補重 | W49: 1 | X49: 台式綜合甜不辣
D50: 4 | E50: 烤香料馬鈴薯 | F50: 707.332 | G50: 156.787 | H50: 162.3 | I50: =H50/G50 -> 1.0351624 | K50: =J50/G50 -> 0 | L50: 164 | M50: =(H50+J50)/G50 -> 1.0351624 | N50: 904.132 | O50: 1.2 | P50: 0.0076536958 | Q50: 196.8 | R50: 4.313 | S50: 0.027508658 | T50: 原物料 | U50: 原物料規格 | V50: 製成率正常，馬鈴薯為秤重物料83g以上，馬鈴薯一塊7g以上 | W50: 1 | X50: 香濃起司馬鈴薯
D51: 5 | E51: 拌韓式炸雞 | F51: 640.423 | G51: 134.52 | H51: 138 | I51: =H51/G51 -> 1.0258698 | K51: =J51/G51 -> 0 | L51: 335.3 | M51: =(H51+J51)/G51 -> 1.0258698 | N51: 1166.844 | O51: 1.57 | P51: 0.011671127 | Q51: 526.421 | R51: 1.91 | S51: 0.014198632 | T51: 研發 | U51: 研發設定 | V51: 此半成品須拆兩種半成品混拌，製成率正常，炸雞為秤重物料55g以上，炸雞一塊9g以上 | W51: 1 | X51: 韓式炸雞義大利麵
D52: 6 | E52: 義麵-韓式辣醬湯凍 | F52: 456.4812 | G52: 99.26 | H52: 107.65 | I52: =H52/G52 -> 1.0845255 | K52: =J52/G52 -> 0 | L52: 105.18 | M52: =(H52+J52)/G52 -> 1.0845255 | N52: 882.4602 | O52: 4.05 | P52: 0.040801934 | Q52: 425.979 | R52: 4.34 | S52: 0.043723554 | T52: 包裝 | U52: 超用 | W52: 1 | X52: 韓式辣醬肉丸義大利麵
D53: 7 | E53: 清洗小黃瓜絲 | F53: 336.3584 | G53: 17.01 | H53: 18.3 | I53: =H53/G53 -> 1.0758377 | J53: 2 | K53: =J53/G53 -> 0.1175779 | L53: 150.16 | M53: =(H53+J53)/G53 -> 1.1934156 | N53: 494.0264 | O53: 1.05 | P53: 0.061728395 | Q53: 157.668 | R53: 2.24 | S53: 0.13168724 | T53: 包裝 | U53: 超用 | W53: 1 | X53: 家傳炸醬麵
D54: 8 | E54: 瀝-煮蕃茄丁 | F54: 281.8465 | G54: 42.54 | H54: 46.5 | I54: =H54/G54 -> 1.0930889 | K54: =J54/G54 -> 0 | L54: 215.15 | M54: =(H54+J54)/G54 -> 1.0930889 | N54: 851.994 | O54: 2.65 | P54: 0.062294311 | Q54: 570.1475 | R54: 1.31 | S54: 0.030794546 | T54: 包裝 | U54: 超用 | W54: 1 | X54: 韓式辣醬肉丸義大利麵
D55: 9 | E55: 炒家傳炸醬肉燥 | F55: 240.096 | G55: 55.89 | H55: 70.7 | I55: =H55/G55 -> 1.2649848 | K55: =J55/G55 -> 0 | L55: 250.1 | M55: =(H55+J55)/G55 -> 1.2649848 | N55: 3703.981 | O55: 13.85 | P55: 0.24780819 | Q55: 3463.885 | R55: 0.96 | S55: 0.017176597 | T55: 包裝 | U55: 超用 | W55: 1 | X55: 家傳炸醬麵
D56: 10 | E56: 煮家傳炸醬湯凍 | F56: 196.0041 | G56: 70.47 | H56: 87.88 | I56: =H56/G56 -> 1.2470555 | K56: =J56/G56 -> 0 | L56: 139.01 | M56: =(H56+J56)/G56 -> 1.2470555 | N56: 2420.1641 | O56: 16 | P56: 0.22704697 | Q56: 2224.16 | R56: 1.41 | S56: 0.020008514 | T56: 包裝 | U56: 超用 | W56: 1 | X56: 家傳炸醬麵
B57: 45936 | C57: 一 | D57: 1 | E57: 烤香料馬鈴薯 | F57: 8041.576 | G57: 195.216 | H57: 195.2 | I57: =H57/G57 -> 0.99991804 | J57: 53 | K57: =J57/G57 -> 0.27149414 | L57: 164 | M57: =(H57+J57)/G57 -> 1.2714122 | N57: 8689.376 | O57: 3.95 | P57: 0.020233997 | Q57: 647.8 | R57: 49.034 | S57: 0.25117818 | T57: 包裝 | U57: 抓樣不穩 | W57: 1 | X57: 香濃起司馬鈴薯
D58: 2 | E58: 鮮食雙色起司絲 | F58: 4072 | G58: 94.64 | H58: 115 | I58: =H58/G58 -> 1.215131 | K58: =J58/G58 -> 0 | L58: 200 | M58: =(H58+J58)/G58 -> 1.215131 | N58: 4072 | O58: 0 | P58: 0 | Q58: 0 | R58: 20.36 | S58: 0.21513102 | T58: 包裝 | U58: 抓樣不穩 | W58: 1 | X58: 義式蕃茄起司義大利麵
D59: 3 | E59: 瀝水-白蘿蔔塊 | F59: 1573.4622 | G59: 40.77 | H59: 60.15 | I59: =H59/G59 -> 1.4753495 | K59: =J59/G59 -> 0 | L59: 81.19 | M59: =(H59+J59)/G59 -> 1.4753495 | N59: 1573.4622 | O59: 0 | P59: 0 | Q59: 0 | R59: 19.38 | S59: 0.47534952 | T59: 原物料 | U59: 原物料規格 | V59: 甜不辣條包裝4條不足重，使用蘿蔔補重 | W59: 1 | X59: 台式綜合甜不辣
D60: 4 | E60: 解凍玉子蛋絲 | F60: 1549.8528 | G60: 14.592 | H60: 19 | I60: =H60/G60 -> 1.3020833 | K60: =J60/G60 -> 0 | L60: 351.6 | M60: =(H60+J60)/G60 -> 1.3020833 | N60: 1549.8528 | O60: 0 | P60: 0 | Q60: 0 | R60: 4.408 | S60: 0.30208333 | T60: 包裝 | U60: 抓樣不穩 | W60: 1 | X60: 家傳炸醬麵
D61: 5 | E61: 拌韓式炸雞 | F61: 1438.437 | G61: 173.46 | H61: 178.83 | I61: =H61/G61 -> 1.0309581 | K61: =J61/G61 -> 0 | L61: 335.3 | M61: =(H61+J61)/G61 -> 1.0309581 | N61: 1800.561 | O61: 1.08 | P61: 0.0062262193 | Q61: 362.124 | R61: 4.29 | S61: 0.024731927 | T61: 研發 | U61: 研發設定 | V61: 此半成品須拆兩種半成品混拌，製成率正常，炸雞為秤重物料55g以上，炸雞一塊9g以上 | W61: 1 | X61: 韓式炸雞義大利麵
D62: 6 | E62: 義麵-剝皮辣椒奶醬 | F62: 874.6506 | G62: 443.955 | H62: 497.7 | I62: =H62/G62 -> 1.1210596 | K62: =J62/G62 -> 0 | L62: 80.28 | M62: =(H62+J62)/G62 -> 1.1210596 | N62: 4314.6486 | O62: 42.85 | P62: 0.096518791 | Q62: 3439.998 | R62: 10.895 | S62: 0.024540776 | T62: 包裝 | U62: 抓樣不穩 | W62: 1 | X62: 剝皮辣椒雞奶油細扁麵
D63: 7 | E63: 義麵-韓式辣醬湯凍 | F63: 604.785 | G63: 120.75 | H63: 128.95 | I63: =H63/G63 -> 1.0679089 | K63: =J63/G63 -> 0 | L63: 105.18 | M63: =(H63+J63)/G63 -> 1.0679089 | N63: 862.476 | O63: 2.45 | P63: 0.020289855 | Q63: 257.691 | R63: 5.75 | S63: 0.047619048 | T63: 包裝 | U63: 抓樣不穩 | W63: 1 | X63: 韓式辣醬肉丸義大利麵
D64: 8 | E64: 川燙青紅辣椒圓片 | F64: 578.5282 | G64: 7.124 | H64: 9 | I64: =H64/G64 -> 1.2633352 | K64: =J64/G64 -> 0 | L64: 405.7 | M64: =(H64+J64)/G64 -> 1.2633352 | N64: 761.0932 | O64: 0.45 | P64: 0.06316676 | Q64: 182.565 | R64: 1.426 | S64: 0.20016844 | T64: 包裝 | U64: 抓樣不穩 | W64: 1 | X64: 青花椒麻雞肉拌麵
D65: 9 | E65: 炒家傳炸醬肉燥 | F65: 286.6146 | G65: 83.904 | H65: 95.9 | I65: =H65/G65 -> 1.1429729 | K65: =J65/G65 -> 0 | L65: 250.1 | M65: =(H65+J65)/G65 -> 1.1429729 | N65: 3000.1996 | O65: 10.85 | P65: 0.12931445 | Q65: 2713.585 | R65: 1.146 | S65: 0.013658467 | T65: 包裝 | U65: 抓樣不穩 | W65: 1 | X65: 家傳炸醬麵
D66: 10 | E66: 6切-烤調色青花椒棒腿肉 | F66: 204.4 | G66: 10686 | H66: 10800 | I66: =H66/G66 -> 1.0106682 | K66: =J66/G66 -> 0 | L66: 2.92 | M66: =(H66+J66)/G66 -> 1.0106682 | N66: 114 | O66: 44 | P66: 0.004117537 | Q66: 128.48 | R66: 70 | S66: 0.006550627 | T66: 調理 | U66: 步留因素 | W66: 1 | X66: 青花椒麻雞肉拌麵
B67: 45937 | C67: 二 | D67: 1 | I67: =H67/G67 -> #DIV/0! | K67: =J67/G67 -> #DIV/0! | M67: =(H67+J67)/G67 -> #DIV/0! | W67: 1
D68: 2 | I68: =H68/G68 -> #DIV/0! | K68: =J68/G68 -> #DIV/0! | M68: =(H68+J68)/G68 -> #DIV/0! | W68: 1
D69: 3 | I69: =H69/G69 -> #DIV/0! | K69: =J69/G69 -> #DIV/0! | M69: =(H69+J69)/G69 -> #DIV/0! | W69: 1
D70: 4 | I70: =H70/G70 -> #DIV/0! | K70: =J70/G70 -> #DIV/0! | M70: =(H70+J70)/G70 -> #DIV/0! | W70: 1
D71: 5 | I71: =H71/G71 -> #DIV/0! | K71: =J71/G71 -> #DIV/0! | M71: =(H71+J71)/G71 -> #DIV/0! | W71: 1
D72: 6 | I72: =H72/G72 -> #DIV/0! | K72: =J72/G72 -> #DIV/0! | M72: =(H72+J72)/G72 -> #DIV/0! | W72: 1
D73: 7 | I73: =H73/G73 -> #DIV/0! | K73: =J73/G73 -> #DIV/0! | M73: =(H73+J73)/G73 -> #DIV/0! | W73: 1
D74: 8 | I74: =H74/G74 -> #DIV/0! | K74: =J74/G74 -> #DIV/0! | M74: =(H74+J74)/G74 -> #DIV/0! | W74: 1
D75: 9 | I75: =H75/G75 -> #DIV/0! | K75: =J75/G75 -> #DIV/0! | M75: =(H75+J75)/G75 -> #DIV/0! | W75: 1
D76: 10 | I76: =H76/G76 -> #DIV/0! | K76: =J76/G76 -> #DIV/0! | M76: =(H76+J76)/G76 -> #DIV/0! | W76: 1
B77: 45938 | C77: 三 | D77: 1 | I77: =H77/G77 -> #DIV/0! | K77: =J77/G77 -> #DIV/0! | M77: =(H77+J77)/G77 -> #DIV/0! | W77: 1
D78: 2 | I78: =H78/G78 -> #DIV/0! | K78: =J78/G78 -> #DIV/0! | M78: =(H78+J78)/G78 -> #DIV/0! | W78: 1
D79: 3 | I79: =H79/G79 -> #DIV/0! | K79: =J79/G79 -> #DIV/0! | M79: =(H79+J79)/G79 -> #DIV/0! | W79: 1
D80: 4 | I80: =H80/G80 -> #DIV/0! | K80: =J80/G80 -> #DIV/0! | M80: =(H80+J80)/G80 -> #DIV/0! | W80: 1
D81: 5 | I81: =H81/G81 -> #DIV/0! | K81: =J81/G81 -> #DIV/0! | M81: =(H81+J81)/G81 -> #DIV/0! | W81: 1
D82: 6 | I82: =H82/G82 -> #DIV/0! | K82: =J82/G82 -> #DIV/0! | M82: =(H82+J82)/G82 -> #DIV/0! | W82: 1
D83: 7 | I83: =H83/G83 -> #DIV/0! | K83: =J83/G83 -> #DIV/0! | M83: =(H83+J83)/G83 -> #DIV/0! | W83: 1
D84: 8 | I84: =H84/G84 -> #DIV/0! | K84: =J84/G84 -> #DIV/0! | M84: =(H84+J84)/G84 -> #DIV/0! | W84: 1
D85: 9 | I85: =H85/G85 -> #DIV/0! | K85: =J85/G85 -> #DIV/0! | M85: =(H85+J85)/G85 -> #DIV/0! | W85: 1
D86: 10 | I86: =H86/G86 -> #DIV/0! | K86: =J86/G86 -> #DIV/0! | M86: =(H86+J86)/G86 -> #DIV/0! | W86: 1
B87: 45939 | C87: 四 | D87: 1 | I87: =H87/G87 -> #DIV/0! | K87: =J87/G87 -> #DIV/0! | M87: =(H87+J87)/G87 -> #DIV/0! | W87: 1
D88: 2 | I88: =H88/G88 -> #DIV/0! | K88: =J88/G88 -> #DIV/0! | M88: =(H88+J88)/G88 -> #DIV/0! | W88: 1
D89: 3 | I89: =H89/G89 -> #DIV/0! | K89: =J89/G89 -> #DIV/0! | M89: =(H89+J89)/G89 -> #DIV/0! | W89: 1
D90: 4 | I90: =H90/G90 -> #DIV/0! | K90: =J90/G90 -> #DIV/0! | M90: =(H90+J90)/G90 -> #DIV/0! | W90: 1
D91: 5 | I91: =H91/G91 -> #DIV/0! | K91: =J91/G91 -> #DIV/0! | M91: =(H91+J91)/G91 -> #DIV/0! | W91: 1
D92: 6 | I92: =H92/G92 -> #DIV/0! | K92: =J92/G92 -> #DIV/0! | M92: =(H92+J92)/G92 -> #DIV/0! | W92: 1
D93: 7 | I93: =H93/G93 -> #DIV/0! | K93: =J93/G93 -> #DIV/0! | M93: =(H93+J93)/G93 -> #DIV/0! | W93: 1
D94: 8 | I94: =H94/G94 -> #DIV/0! | K94: =J94/G94 -> #DIV/0! | M94: =(H94+J94)/G94 -> #DIV/0! | W94: 1
D95: 9 | I95: =H95/G95 -> #DIV/0! | K95: =J95/G95 -> #DIV/0! | M95: =(H95+J95)/G95 -> #DIV/0! | W95: 1
D96: 10 | I96: =H96/G96 -> #DIV/0! | K96: =J96/G96 -> #DIV/0! | M96: =(H96+J96)/G96 -> #DIV/0! | W96: 1
B97: 45940 | C97: 五 | D97: 1 | I97: =H97/G97 -> #DIV/0! | K97: =J97/G97 -> #DIV/0! | M97: =(H97+J97)/G97 -> #DIV/0! | W97: 1
D98: 2 | I98: =H98/G98 -> #DIV/0! | K98: =J98/G98 -> #DIV/0! | M98: =(H98+J98)/G98 -> #DIV/0! | W98: 1
D99: 3 | I99: =H99/G99 -> #DIV/0! | K99: =J99/G99 -> #DIV/0! | M99: =(H99+J99)/G99 -> #DIV/0! | W99: 1
D100: 4 | I100: =H100/G100 -> #DIV/0! | K100: =J100/G100 -> #DIV/0! | M100: =(H100+J100)/G100 -> #DIV/0! | W100: 1
D101: 5 | I101: =H101/G101 -> #DIV/0! | K101: =J101/G101 -> #DIV/0! | M101: =(H101+J101)/G101 -> #DIV/0! | W101: 1
...

Sheet 填寫舉例
A2: 7 | B2: 月別 | C2: 工廠名 | D2: ・・・・・・・・
A4: （１）收支狀況 | E4: ※單位：千元 | G4: （２）ＫＰＩ達成進度 | M4: （３）業績構成比 | S4: （４）訂單數量構成比
B5: 當月 | C5: 前月 | D5: 差異 | E5: 累計 | H5: KPI | I5: 當月 | J5: 前月 | K5: 累計 | L5: ※補充 | N5: 當月 | O5: 比例 | P5: 前月 | Q5: 差異 | T5: 當月 | U5: 比例 | V5: 前月 | W5: 差異
A6: 業績金額 | B6: 500000 | C6: 510000 | D6: =B6-C6 -> -10000 | E6: =B6+C6 -> 1010000 | G6: 人時生產性1 | H6: 110 | I6: 100 | J6: 90 | L6: 個／MH | M6: 飯糰 | N6: 150000 | O6: =IFERROR(N6/$B$6,"") -> 0.3 | P6: 0.4 | Q6: =IFERROR(O6-P6,"") -> -0.1 | S6: 飯糰 | T6: 35000 | U6: =IFERROR(T6/$B$7,"") -> 0.35 | V6: 0.3 | W6: =IFERROR(U6-V6,"") -> 0.05
A7: 訂單數量 | B7: 100000 | C7: 110000 | D7: =B7-C7 -> -10000 | E7: =B7+C7 -> 210000 | G7: 人時生產性2 | H7: 0.8 | I7: 0.85 | J7: 0.81 | K7: 0.84 | L7: 達成率 | M7: 大口飯糰 | N7: 100000 | O7: =IFERROR(N7/$B$6,"") -> 0.2 | P7: 0.15 | Q7: =IFERROR(O7-P7,"") -> 0.05 | S7: 大口飯糰 | T7: 30000 | U7: =IFERROR(T7/$B$7,"") -> 0.3 | V7: 0.15 | W7: =IFERROR(U7-V7,"") -> 0.15
A8: 材料費 | B8: 250000 | C8: 260000 | D8: =B8-C8 -> -10000 | E8: =B8+C8 -> 510000 | G8: 半成品報廢 | H8: 0.0025 | I8: 0.0024 | J8: 0.0023 | K8: 0.00235 | L8: 報廢率 | M8: 便當 | N8: 160000 | O8: =IFERROR(N8/$B$6,"") -> 0.32 | P8: 0.28 | Q8: =IFERROR(O8-P8,"") -> 0.04 | S8: 便當 | T8: 20000 | U8: =IFERROR(T8/$B$7,"") -> 0.2 | V8: 0.28 | W8: =IFERROR(U8-V8,"") -> -0.08
A9: 材料費率 | B9: =B8/B6 -> 0.5 | C9: =C8/C6 -> 0.50980392 | D9: =B9-C9 -> -0.0098039216 | E9: =(B9+C9)/2 -> 0.50490196 | G9: 半成品超用 | H9: 0.006 | I9: 0.009 | J9: 0.0095 | K9: 0.0092 | L9: 超用率 | M9: 調理麵 | N9: 90000 | O9: =IFERROR(N9/$B$6,"") -> 0.18 | P9: 0.17 | Q9: =IFERROR(O9-P9,"") -> 0.01 | S9: 調理麵 | T9: 15000 | U9: =IFERROR(T9/$B$7,"") -> 0.15 | V9: 0.27 | W9: =IFERROR(U9-V9,"") -> -0.12
A10: 勞務成本 | B10: 100000 | C10: 105000 | D10: =B10-C10 -> -5000 | E10: =B10+C10 -> 205000 | G10: 固定產線 | H10: 0.95 | I10: 0.9 | J10: 0.92 | K10: 0.91 | L10: 導入率 | M10: 調理麵包 | N10: - | O10: =IFERROR(N10/$B$6,"") | P10: -% | Q10: =IFERROR(O10-P10,"") | S10: 調理麵包 | T10: - | U10: =IFERROR(T10/$B$7,"") | V10: -% | W10: =IFERROR(U10-V10,"")
A11: 勞務費率 | B11: =B10/B6 -> 0.2 | C11: =C10/C6 -> 0.20588235 | D11: =B11-C11 -> -0.0058823529 | E11: =(B11+C11)/2 -> 0.20294118 | G11: 教育訓練 | H11: 0.8 | I11: 0.85 | J11: 1 | K11: 0.92 | L11: 實施率 | M11: 袋裝調理麵包 | N11: - | O11: =IFERROR(N11/$B$6,"") | P11: -% | Q11: =IFERROR(O11-P11,"") | S11: 袋裝調理麵包 | T11: - | U11: =IFERROR(T11/$B$7,"") | V11: -% | W11: =IFERROR(U11-V11,"")
M12: 義大利麵 | N12: - | O12: =IFERROR(N12/$B$6,"") | P12: -% | Q12: =IFERROR(O12-P12,"") | S12: 義大利麵 | T12: - | U12: =IFERROR(T12/$B$7,"") | V12: -% | W12: =IFERROR(U12-V12,"")
A13: （５）品群別人時生產性 | M13: 調理包 | N13: - | O13: =IFERROR(N13/$B$6,"") | P13: -% | Q13: =IFERROR(O13-P13,"") | S13: 調理包 | T13: - | U13: =IFERROR(T13/$B$7,"") | V13: -% | W13: =IFERROR(U13-V13,"")
B14: 當月 | C14: 前月 | D14: 差異 | E14: 累計 | H14: 當月 | I14: 前月 | J14: 差異 | K14: 累計 | O14: =SUM(O6:O13) -> 1 | P14: =SUM(P6:P13) -> 1 | U14: =SUM(U6:U13) -> 1 | V14: =SUM(V6:V13) -> 1
A15: 飯糰 | B15: 600 | C15: 660 | D15: =B15-C15 -> -60 | E15: =(B15+C15)/2 -> 630 | G15: 調理麵包 | J15: =H15-I15 -> 0 | M15: （７）原因別分析
A16: 大口飯糰 | B16: 800 | C16: 780 | D16: =B16-C16 -> 20 | E16: =(B16+C16)/2 -> 790 | G16: 袋裝調理麵包 | J16: =H16-I16 -> 0 | N16: 合計 | P16: 作業原因 | R16: 規格原因
A17: 便當 | B17: 130 | C17: 111 | D17: =B17-C17 -> 19 | E17: =(B17+C17)/2 -> 120.5 | G17: 義大利麵 | J17: =H17-I17 -> 0 | N17: 金額 | O17: 比例 | P17: 金額 | Q17: 比例 | R17: 金額 | S17: 比例
A18: 調理麵 | B18: 140 | C18: 165 | D18: =B18-C18 -> -25 | E18: =(B18+C18)/2 -> 152.5 | G18: 調理包 | J18: =H18-I18 -> 0 | M18: 半成品報廢 | N18: 1200 | O18: =N18/$B$6 -> 0.0024 | P18: 900 | Q18: =IFERROR(P18/$B$6,"") -> 0.0018 | R18: 300 | S18: =IFERROR(R18/$B$6,"") -> 0.0006
M19: 半成品超用 | N19: 4500 | O19: =N19/$B$6 -> 0.009 | P19: 3500 | Q19: =IFERROR(P19/$B$6,"") -> 0.007 | R19: 1000 | S19: =IFERROR(R19/$B$6,"") -> 0.002
A20: （６）人時生產性前幾名品項
B21: 排名 | C21: 商品名 | F21: 人數 | G21: 產能 | H21: 人時生產性 | I21: 前月比 | J21: 主要原因&對策 | M21: （８）報廢原因別前幾名品項
