Workbook

Sheet 生產管理報表(週) 
A1: 長家廠生產管理報表
A3: 月別 | B3: 10 | C3: 週別 | D3: W12 | E3: 工廠 | F3: 長家廠
A4: （１）收支狀況 | E4: ※單位：千元 | G4: （２）ＫＰＩ達成進度
A5: 項目 | B5: 當週 | C5: 前週 | D5: 差異 | E5: 累計 | G5: 項目 | H5: KPI | I5: 當週 | J5: 前週 | K5: 累計 | L5: ※補充
A6: 業績金額 | B6: 15660.7 | C6: 13981.9 | D6: =B6-C6 -> 1678.8 | E6: 29642.6 | G6: 人時性(個/月均) | H6: 109.4 | I6: 106.8 | J6: 101.8 | K6: 104.5 | L6: 個／MH
A7: 訂單數量 | B7: 326372 | C7: 289645 | D7: =B7-C7 -> 36727 | E7: 616017 | G7: 人時達成率(%/月均) | H7: 0.8 | I7: 0.926 | J7: 0.883 | K7: 0.903 | L7: 達成率
A8: 材料費 | B8: 9876.45 | C8: 8823.7 | D8: =B8-C8 -> 1052.75 | E8: 18700.2 | G8: 半成品-報廢(%) | H8: 0.0025 | I8: 0.003 | J8: 0.01 | K8: 0.006 | L8: 報廢率
A9: 材料費率 | B9: =B8/B6 -> 0.63065189 | C9: 0.63017507 | D9: =B9-C9 -> 0.00047681662 | E9: =E8/E6 -> 0.63085559 | G9: 半成品-超用(%) | H9: 0.0025 | I9: 0.004 | J9: 0.004 | K9: 0.004 | L9: 超用率
A10: 勞務成本 | D10: =B10-C10 -> 0 | G10: 固定產線-導入率(%) | H10: 1 | I10: 0.429 | J10: 0.429 | K10: 0.429 | L10: 導入率
A11: 勞務費率 | D11: =B11-C11 -> 0 | G11: 教育訓練-實施率(%) | H11: 1 | I11: 0.8 | J11: 0.75 | K11: 0.777 | L11: 實施率
A13: （３）業績構成比 | G13: （４）訂單數量構成比
B14: 當週 | C14: 比例 | D14: 前週 | E14: 差異 | H14: 當週 | I14: 比例 | J14: 前週 | K14: 差異
A15: 熱食義麵(122,123,124,126) | B15: 15500 | C15: =IFERROR(B15/$B$6,"") -> 0.98973865 | D15: 0.9176 | E15: =IFERROR(C15-D15,"") -> 0.072138645 | G15: 熱食義麵(122,123,124,126) | H15: 295076 | I15: =IFERROR(H15/$B$7,"") -> 0.90410942 | J15: 0.848 | K15: =IFERROR(I15-J15,"") -> 0.056109421
A16: 季節調理麵(111,112) | C16: =IFERROR(B16/$B$6,"") -> 0 | E16: =IFERROR(C16-D16,"") -> 0 | G16: 季節調理麵(111,112) | I16: =IFERROR(H16/$B$7,"") -> 0 | K16: =IFERROR(I16-J16,"") -> 0
A17: 微波小吃(153,154,155) | B17: 1441 | C17: =IFERROR(B17/$B$6,"") -> 0.092013767 | D17: 0.0824 | E17: =IFERROR(C17-D17,"") -> 0.0096137669 | G17: 微波小吃(153,154,155) | H17: 52200 | I17: =IFERROR(H17/$B$7,"") -> 0.15994019 | J17: 0.152 | K17: =IFERROR(I17-J17,"") -> 0.0079401909
C18: =SUM(C15:C17) -> 1.0817524 | D18: =SUM(D15:D17) -> 1 | I18: =SUM(I15:I17) -> 1.0640496 | J18: =SUM(J15:J17) -> 1
A20: （５）品群別人時生產性
A21: 品群 | B21: 當週 | C21: 前週 | D21: 差異 | E21: 累計
A22: 熱食義麵(122,123,124,126) | B22: 99.2 | C22: 96.2 | D22: =B22-C22 -> 3 | E22: 97.7
A23: 季節調理麵(111,112) | D23: =B23-C23 -> 0
A24: 微波小吃(153,154,155) | B24: 111 | C24: 111.7 | D24: =B24-C24 -> -0.7 | E24: 111.3

Sheet （１）收支狀況
B2: （１）收支狀況
B3: 資料繳交日 | C3: 月份 | D3: 日期 | F3: 營業額(元) | I3: 訂單數量(個) | L3: 材料費(元) | O3: 材料費率（材料費／營業額） | R3: 勞務成本（全廠人事成本） | U3: 勞務費率（勞務成本／營業額）
F4: 日 | G4: 週累積 | H4: 月累積 | I4: 日 | J4: 週累積 | K4: 月累積 | L4: 日 | M4: 週累積 | N4: 月累積 | O4: 日 | P4: 週累積 | Q4: 月累積 | R4: 日 | S4: 週累積 | T4: 月累積 | U4: 日 | V4: 週累積 | W4: 月累積
B5: 45937 | C5: 十 | D5: 45931 | E5: 三 | F5: 2824753 | G5: =SUM(F5:F10) -> 13981868 | H5: =SUM(F5:F35) -> 29642629 | I5: 59618 | J5: =SUM(I5:I10) -> 289645 | K5: =SUM(I5:I35) -> 616017 | L5: 1783002 | M5: =SUM(L5:L10) -> 8823754 | N5: =SUM(L5:L35) -> 18700204 | O5: =L5/F5 -> 0.63120635 | P5: =M5/G5 -> 0.63108551 | Q5: =N5/H5 -> 0.63085512 | S5: =SUM(R5) -> 0 | T5: =SUM(R5:R34) -> 0 | U5: =R5/F5 -> 0 | V5: =SUM(U5) -> 0 | W5: =T5/H5 -> 0
D6: 45932 | E6: 四 | F6: 2491478.9 | I6: 51111 | L6: 1571350 | O6: =L6/F6 -> 0.63068968 | S6: =SUM(R6:R12) -> 0 | U6: =R6/F6 -> 0 | V6: =SUM(U6:U12) -> 0
D7: 45933 | E7: 五 | F7: 1927390 | I7: 39570 | L7: 1216995 | O7: =L7/F7 -> 0.63142125 | U7: =R7/F7 -> 0
D8: 45934 | E8: 六 | F8: 1927172.3 | I8: 39717 | L8: 1216147 | O8: =L8/F8 -> 0.63105256 | U8: =R8/F8 -> 0
D9: 45935 | E9: 日 | F9: 2140557.9 | I9: 44134 | L9: 1350695 | O9: =L9/F9 -> 0.63100138 | U9: =R9/F9 -> 0
D10: 45936 | E10: 一 | F10: 2670515.5 | I10: 55495 | L10: 1685565 | O10: =L10/F10 -> 0.63117589 | U10: =R10/F10 -> 0
B11: 45944 | D11: 45937 | E11: 二 | F11: 2439394 | G11: =SUM(F11:F17) -> 15660761 | I11: 51247 | J11: =SUM(I11:I17) -> 326372 | L11: 1538350 | M11: =SUM(L11:L17) -> 9876450 | O11: =L11/F11 -> 0.63062793 | P11: =M11/G11 -> 0.63064943 | U11: =R11/F11 -> 0
D12: 45938 | E12: 三 | F12: 2377431.2 | I12: 49561 | L12: 1500350 | O12: =L12/F12 -> 0.63108029 | U12: =R12/F12 -> 0
D13: 45939 | E13: 四 | F13: 1944054.1 | I13: 40503 | L13: 1226350 | O13: =L13/F13 -> 0.63082094 | S13: =SUM(R13:R19) -> 0 | U13: =R13/F13 -> 0 | V13: =SUM(U13:U19) -> #DIV/0!
D14: 45940 | E14: 五 | F14: 1880152.1 | I14: 39047 | L14: 1186350 | O14: =L14/F14 -> 0.63098618 | U14: =R14/F14 -> 0
D15: 45941 | E15: 六 | F15: 1925306.2 | I15: 40125 | L15: 1214350 | O15: =L15/F15 -> 0.63073083 | U15: =R15/F15 -> 0
D16: 45942 | E16: 日 | F16: 2526042.7 | I16: 52506 | L16: 1591350 | O16: =L16/F16 -> 0.62997748 | U16: =R16/F16 -> 0
D17: 45943 | E17: 一 | F17: 2568380.8 | I17: 53383 | L17: 1619350 | O17: =L17/F17 -> 0.63049451 | U17: =R17/F17 -> 0
B18: 45951 | D18: 45944 | E18: 二 | G18: =SUM(F18:F24) -> 0 | J18: =SUM(I18:I24) -> 0 | M18: =SUM(L18:L24) -> 0 | O18: =L18/F18 -> #DIV/0! | P18: =M18/G18 -> #DIV/0! | U18: =R18/F18 -> #DIV/0!
D19: 45945 | E19: 三 | O19: =L19/F19 -> #DIV/0! | U19: =R19/F19 -> #DIV/0!
D20: 45946 | E20: 四 | O20: =L20/F20 -> #DIV/0! | S20: =SUM(R20:R26) -> 0 | U20: =R20/F20 -> #DIV/0! | V20: =SUM(U20:U26) -> #DIV/0!
D21: 45947 | E21: 五 | O21: =L21/F21 -> #DIV/0! | U21: =R21/F21 -> #DIV/0!
D22: 45948 | E22: 六 | O22: =L22/F22 -> #DIV/0! | U22: =R22/F22 -> #DIV/0!
D23: 45949 | E23: 日 | O23: =L23/F23 -> #DIV/0! | U23: =R23/F23 -> #DIV/0!
D24: 45950 | E24: 一 | O24: =L24/F24 -> #DIV/0! | U24: =R24/F24 -> #DIV/0!
B25: 45958 | D25: 45951 | E25: 二 | G25: =SUM(F25:F31) -> 0 | J25: =SUM(I25:I31) -> 0 | M25: =SUM(L25:L31) -> 0 | O25: =L25/F25 -> #DIV/0! | P25: =M25/G25 -> #DIV/0! | U25: =R25/F25 -> #DIV/0!
D26: 45952 | E26: 三 | O26: =L26/F26 -> #DIV/0! | U26: =R26/F26 -> #DIV/0!
D27: 45953 | E27: 四 | O27: =L27/F27 -> #DIV/0! | S27: =SUM(R27:R33) -> 0 | U27: =R27/F27 -> #DIV/0! | V27: =SUM(U27:U33) -> #DIV/0!
D28: 45954 | E28: 五 | O28: =L28/F28 -> #DIV/0! | U28: =R28/F28 -> #DIV/0!
D29: 45955 | E29: 六 | O29: =L29/F29 -> #DIV/0! | U29: =R29/F29 -> #DIV/0!
D30: 45956 | E30: 日 | O30: =L30/F30 -> #DIV/0! | U30: =R30/F30 -> #DIV/0!
D31: 45957 | E31: 一 | O31: =L31/F31 -> #DIV/0! | U31: =R31/F31 -> #DIV/0!
D32: 45958 | E32: 二 | O32: =L32/F32 -> #DIV/0! | U32: =R32/F32 -> #DIV/0!
D33: 45959 | E33: 三 | O33: =L33/F33 -> #DIV/0! | U33: =R33/F33 -> #DIV/0!
D34: 45960 | E34: 四 | O34: =L34/F34 -> #DIV/0! | U34: =R34/F34 -> #DIV/0!
D35: 45961 | E35: 五 | U35: =R35/F35 -> #DIV/0!
S37: =SUM(R37:R43) -> 0 | V37: =SUM(U37:U43) -> 0

Sheet （２）ＫＰＩ達成進度
C1: 115.3
B2: （２）ＫＰＩ達成進度
B3: 資料繳交日 | C3: 月份 | D3: 日期 | F3: 人時生產性(個/人) | I3: 人時生產性達成率(%) | L3: 半成品報廢(%) | O3: 半成品超用(%) | R3: 固定產線-導入率(固定產線數/總產線數) | U3: 教育訓練-實施率(進度/計畫)
F4: 日 | G4: 週平均 | H4: 月平均 | I4: 日 | J4: 週平均 | K4: 月平均 | L4: 日 | M4: 週平均 | N4: 月平均 | O4: 日 | P4: 週平均 | Q4: 月平均 | R4: 日 | S4: 週平均 | T4: 月平均 | U4: 日 | V4: 週平均 | W4: 月平均
B5: 45937 | C5: 十 | D5: 45931 | E5: 三 | F5: 105.8 | G5: =AVERAGE(F5:F10) -> 101.83333 | H5: =AVERAGE(F5:F35) -> 104.49615 | I5: =F5/$C$1 -> 0.91760624 | J5: =AVERAGE(I5:I10) -> 0.88320324 | K5: =AVERAGE(I5:I35) -> 0.38006043 | L5: 0.00148 | M5: =AVERAGE(L5:L10) -> 0.01019 | N5: =AVERAGE(L5:L35) -> 0.0063553846 | O5: 0.0043 | P5: =AVERAGE(O5:O10) -> 0.00355 | Q5: =AVERAGE(O5:O35) -> 0.0036692308 | R5: 0.429 | S5: =AVERAGE(R5:R10) -> 0.429 | T5: =AVERAGE(R5:R35) -> 0.429 | U5: 0.75 | V5: =AVERAGE(U5:U10) -> 0.75 | W5: =AVERAGE(U5:U35) -> 0.77692308
D6: 45932 | E6: 四 | F6: 100.8 | I6: =F6/$C$1 -> 0.87424111 | L6: 0.00791 | O6: 0.0033 | R6: 0.429 | U6: 0.75
D7: 45933 | E7: 五 | F7: 99 | I7: =F7/$C$1 -> 0.85862966 | L7: 0.0086 | O7: 0.002 | R7: 0.429 | U7: 0.75
D8: 45934 | E8: 六 | F8: 105.1 | I8: =F8/$C$1 -> 0.91153513 | L8: 0.00492 | O8: 0.0047 | R8: 0.429 | U8: 0.75
D9: 45935 | E9: 日 | F9: 100.7 | I9: =F9/$C$1 -> 0.87337381 | L9: 0.0083 | O9: 0.0023 | R9: 0.429 | U9: 0.75
D10: 45936 | E10: 一 | F10: 99.6 | I10: =F10/$C$1 -> 0.86383348 | L10: 0.02993 | O10: 0.0047 | R10: 0.429 | U10: 0.75
B11: 45944 | D11: 45937 | E11: 二 | F11: 97.85 | G11: =AVERAGE(F11:F17) -> 106.77857 | I11: =F11/$C$1 -> 0.84865568 | J11: =AVERAGE(I11:I17) -> 0.92609342 | L11: 0.00486 | M11: =AVERAGE(L11:L17) -> 0.0030685714 | O11: 0.0047 | P11: =AVERAGE(O11:O17) -> 0.0037714286 | R11: 0.429 | S11: =AVERAGE(R11:R17) -> 0.429 | U11: 0.8 | V11: =AVERAGE(U11:U17) -> 0.8
D12: 45938 | E12: 三 | F12: 109.3 | I12: =F12/$C$1 -> 0.94796184 | L12: 0.00539 | O12: 0.0052 | R12: 0.429 | U12: 0.8
D13: 45939 | E13: 四 | F13: 104.55 | I13: =F13/$C$1 -> 0.90676496 | L13: 0.00234 | O13: 0.0038 | R13: 0.429 | U13: 0.8
D14: 45940 | E14: 五 | F14: 104.25 | I14: =F14/$C$1 -> 0.90416305 | L14: 0.0023 | O14: 0.0043 | R14: 0.429 | U14: 0.8
D15: 45941 | E15: 六 | F15: 111.1 | I15: =F15/$C$1 -> 0.96357329 | L15: 0.00541 | O15: 0.0014 | R15: 0.429 | U15: 0.8
D16: 45942 | E16: 日 | F16: 110.9 | I16: =F16/$C$1 -> 0.96183868 | L16: 0.00097 | O16: 0.0023 | R16: 0.429 | U16: 0.8
D17: 45943 | E17: 一 | F17: 109.5 | I17: =F17/$C$1 -> 0.94969644 | L17: 0.00021 | O17: 0.0047 | R17: 0.429 | U17: 0.8
B18: 45951 | D18: 45944 | E18: 二 | G18: =AVERAGE(F18:F24) -> #DIV/0! | I18: =F18/$C$1 -> 0 | J18: =AVERAGE(I18:I24) -> 0 | M18: =AVERAGE(L18:L24) -> #DIV/0! | P18: =AVERAGE(O18:O24) -> #DIV/0! | S18: =AVERAGE(R18:R24) -> #DIV/0! | V18: =AVERAGE(U18:U24) -> #DIV/0!
D19: 45945 | E19: 三 | I19: =F19/$C$1 -> 0
D20: 45946 | E20: 四 | I20: =F20/$C$1 -> 0
D21: 45947 | E21: 五 | I21: =F21/$C$1 -> 0
D22: 45948 | E22: 六 | I22: =F22/$C$1 -> 0
D23: 45949 | E23: 日 | I23: =F23/$C$1 -> 0
D24: 45950 | E24: 一 | I24: =F24/$C$1 -> 0
B25: 45958 | D25: 45951 | E25: 二 | G25: =AVERAGE(F25:F31) -> #DIV/0! | I25: =F25/$C$1 -> 0 | J25: =AVERAGE(I25:I31) -> 0 | M25: =AVERAGE(L25:L31) -> #DIV/0! | P25: =AVERAGE(O25:O31) -> #DIV/0! | S25: =AVERAGE(R25:R31) -> #DIV/0! | V25: =AVERAGE(U25:U31) -> #DIV/0!
D26: 45952 | E26: 三 | I26: =F26/$C$1 -> 0
D27: 45953 | E27: 四 | I27: =F27/$C$1 -> 0
D28: 45954 | E28: 五 | I28: =F28/$C$1 -> 0
D29: 45955 | E29: 六 | I29: =F29/$C$1 -> 0
D30: 45956 | E30: 日 | I30: =F30/$C$1 -> 0
D31: 45957 | E31: 一 | I31: =F31/$C$1 -> 0
D32: 45958 | E32: 二 | I32: =F32/$C$1 -> 0
D33: 45959 | E33: 三 | I33: =F33/$C$1 -> 0
D34: 45960 | E34: 四 | I34: =F34/$C$1 -> 0
D35: 45961 | E35: 五 | I35: =F35/$C$1 -> 0
I36: =F36/$C$1 -> 0
G37: =AVERAGE(F37:F43) -> #DIV/0! | I37: =F37/$C$1 -> 0 | J37: =AVERAGE(I37:I43) -> 0 | M37: =AVERAGE(L37:L43) -> #DIV/0! | P37: =AVERAGE(O37:O43) -> #DIV/0! | S37: =AVERAGE(R37:R43) -> #DIV/0! | V37: =AVERAGE(U37:U43) -> #DIV/0!
I38: =F38/$C$1 -> 0
I39: =F39/$C$1 -> 0
I40: =F40/$C$1 -> 0
I41: =F41/$C$1 -> 0
I42: =F42/$C$1 -> 0
I43: =F43/$C$1 -> 0

Sheet （３）業績構成比
B2: （3）業績構成比
B3: 資料繳交日 | C3: 月份 | D3: 日期 | F3: 營業額 | I3: 品類業績
I4: 熱食義麵 | K4: 季節調理麵 | M4: 微波小吃
F5: 日 | G5: 週累積 | H5: 月累積 | I5: 一配 | K5: 一配 | M5: 一配
I6: 業績(元) | J6: 比例(%) | K6: 業績(元) | L6: 比例(%) | M6: 業績(元) | N6: 比例(%)
B7: 45937 | C7: 十 | D7: 45931 | E7: 三 | F7: =SUM(I7,K7,M7) -> 2824753 | G7: =SUM(F7:F12) -> 13981868 | H7: =SUM(F7:F37) -> 29642629 | I7: 2501030.4 | J7: =I7/F7 -> 0.8853979 | L7: =K7/F7 -> 0 | M7: 323722.61 | N7: =M7/F7 -> 0.1146021
D8: 45932 | E8: 四 | F8: =SUM(I8,K8,M8) -> 2491478.9 | I8: 2296406.1 | J8: =I8/F8 -> 0.92170402 | L8: =K8/F8 -> 0 | M8: 195072.79 | N8: =M8/F8 -> 0.078295984
D9: 45933 | E9: 五 | F9: =SUM(I9,K9,M9) -> 1927390 | I9: 1771863.6 | J9: =I9/F9 -> 0.91930726 | L9: =K9/F9 -> 0 | M9: 155526.39 | N9: =M9/F9 -> 0.080692745
D10: 45934 | E10: 六 | F10: =SUM(I10,K10,M10) -> 1927172.3 | I10: 1766457.8 | J10: =I10/F10 -> 0.91660605 | L10: =K10/F10 -> 0 | M10: 160714.5 | N10: =M10/F10 -> 0.083393946
D11: 45935 | E11: 日 | F11: =SUM(I11,K11,M11) -> 2140557.9 | I11: 1964601 | J11: =I11/F11 -> 0.91779858 | L11: =K11/F11 -> 0 | M11: 175956.91 | N11: =M11/F11 -> 0.082201424
D12: 45936 | E12: 一 | F12: =SUM(I12,K12,M12) -> 2670515.5 | I12: 2432019.1 | J12: =I12/F12 -> 0.91069274 | L12: =K12/F12 -> 0 | M12: 238496.41 | N12: =M12/F12 -> 0.089307255
B13: 45944 | D13: 45937 | E13: 二 | F13: =SUM(I13,K13,M13) -> 2439394 | G13: =SUM(F13:F19) -> 15660761 | I13: 2191303.1 | J13: =I13/F13 -> 0.89829816 | L13: =K13/F13 -> 0 | M13: 248090.86 | N13: =M13/F13 -> 0.10170184
D14: 45938 | E14: 三 | F14: =SUM(I14,K14,M14) -> 2377431.2 | I14: 2154554.7 | J14: =I14/F14 -> 0.9062532 | L14: =K14/F14 -> 0 | M14: 222876.56 | N14: =M14/F14 -> 0.093746796
D15: 45939 | E15: 四 | F15: =SUM(I15,K15,M15) -> 1944054.1 | I15: 1757335.5 | J15: =I15/F15 -> 0.90395401 | L15: =K15/F15 -> 0 | M15: 186718.59 | N15: =M15/F15 -> 0.096045987
D16: 45940 | E16: 五 | F16: =SUM(I16,K16,M16) -> 1880152.1 | I16: 1704780.3 | J16: =I16/F16 -> 0.90672466 | L16: =K16/F16 -> 0 | M16: 175371.83 | N16: =M16/F16 -> 0.093275342
D17: 45941 | E17: 六 | F17: =SUM(I17,K17,M17) -> 1925306.2 | I17: 1740845.5 | J17: =I17/F17 -> 0.9041915 | L17: =K17/F17 -> 0 | M17: 184460.71 | N17: =M17/F17 -> 0.095808504
D18: 45942 | E18: 日 | F18: =SUM(I18,K18,M18) -> 2526042.7 | I18: 2298653.7 | J18: =I18/F18 -> 0.90998212 | L18: =K18/F18 -> 0 | M18: 227389.01 | N18: =M18/F18 -> 0.090017881
D19: 45943 | E19: 一 | F19: =SUM(I19,K19,M19) -> 2568380.8 | I19: 2338849.7 | J19: =I19/F19 -> 0.91063198 | L19: =K19/F19 -> 0 | M19: 229531.11 | N19: =M19/F19 -> 0.089368021
B20: 45951 | D20: 45944 | E20: 二 | G20: =SUM(F20:F26) -> 0 | J20: =I20/F20 -> #DIV/0! | L20: =K20/F20 -> #DIV/0! | N20: =M20/F20 -> #DIV/0!
D21: 45945 | E21: 三 | J21: =I21/F21 -> #DIV/0! | L21: =K21/F21 -> #DIV/0! | N21: =M21/F21 -> #DIV/0!
D22: 45946 | E22: 四 | J22: =I22/F22 -> #DIV/0! | L22: =K22/F22 -> #DIV/0! | N22: =M22/F22 -> #DIV/0!
D23: 45947 | E23: 五 | J23: =I23/F23 -> #DIV/0! | L23: =K23/F23 -> #DIV/0! | N23: =M23/F23 -> #DIV/0!
D24: 45948 | E24: 六 | J24: =I24/F24 -> #DIV/0! | L24: =K24/F24 -> #DIV/0! | N24: =M24/F24 -> #DIV/0!
D25: 45949 | E25: 日 | J25: =I25/F25 -> #DIV/0! | L25: =K25/F25 -> #DIV/0! | N25: =M25/F25 -> #DIV/0!
D26: 45950 | E26: 一 | J26: =I26/F26 -> #DIV/0! | L26: =K26/F26 -> #DIV/0! | N26: =M26/F26 -> #DIV/0!
B27: 45958 | D27: 45951 | E27: 二 | G27: =SUM(F27:F33) -> 0 | J27: =I27/F27 -> #DIV/0! | L27: =K27/F27 -> #DIV/0! | N27: =M27/F27 -> #DIV/0!
D28: 45952 | E28: 三 | J28: =I28/F28 -> #DIV/0! | L28: =K28/F28 -> #DIV/0! | N28: =M28/F28 -> #DIV/0!
D29: 45953 | E29: 四 | J29: =I29/F29 -> #DIV/0! | L29: =K29/F29 -> #DIV/0! | N29: =M29/F29 -> #DIV/0!
D30: 45954 | E30: 五 | J30: =I30/F30 -> #DIV/0! | L30: =K30/F30 -> #DIV/0! | N30: =M30/F30 -> #DIV/0!
D31: 45955 | E31: 六 | J31: =I31/F31 -> #DIV/0! | L31: =K31/F31 -> #DIV/0! | N31: =M31/F31 -> #DIV/0!
D32: 45956 | E32: 日 | J32: =I32/F32 -> #DIV/0! | L32: =K32/F32 -> #DIV/0! | N32: =M32/F32 -> #DIV/0!
D33: 45957 | E33: 一 | J33: =I33/F33 -> #DIV/0! | L33: =K33/F33 -> #DIV/0! | N33: =M33/F33 -> #DIV/0!
D34: 45958 | E34: 二 | J34: =I34/F34 -> #DIV/0! | L34: =K34/F34 -> #DIV/0! | N34: =M34/F34 -> #DIV/0!
D35: 45959 | E35: 三 | J35: =I35/F35 -> #DIV/0! | L35: =K35/F35 -> #DIV/0! | N35: =M35/F35 -> #DIV/0!
D36: 45960 | E36: 四 | J36: =I36/F36 -> #DIV/0! | L36: =K36/F36 -> #DIV/0! | N36: =M36/F36 -> #DIV/0!
D37: 45961 | E37: 五

Sheet （４）訂單數量構成比
B2: （4）訂單數量構成比
B3: 資料繳交日 | C3: 月份 | D3: 日期 | F3: 訂單量 | I3: 品類訂單量
I4: 熱食義麵 | K4: 季節調理麵 | M4: 微波小吃
F5: 日 | G5: 週累積 | H5: 月累積 | I5: 一配 | K5: 一配 | M5: 一配
I6: 訂單數 | J6: 比例(%) | K6: 訂單數 | L6: 比例(%) | M6: 訂單數 | N6: 比例(%)
B7: 45937 | C7: 十 | D7: 45931 | E7: 三 | F7: =SUM(I7,K7,M7) -> 59618 | G7: =SUM(F7:F12) -> 289645 | H7: =SUM(F7:F37) -> 616017 | I7: 47989 | J7: =I7/F7 -> 0.80494146 | L7: =K7/F7 -> 0 | M7: 11629 | N7: =M7/F7 -> 0.19505854
D8: 45932 | E8: 四 | F8: =SUM(I8,K8,M8) -> 51111 | I8: 44028 | J8: =I8/F8 -> 0.86141926 | L8: =K8/F8 -> 0 | M8: 7083 | N8: =M8/F8 -> 0.13858074
D9: 45933 | E9: 五 | F9: =SUM(I9,K9,M9) -> 39570 | I9: 33924 | J9: =I9/F9 -> 0.85731615 | L9: =K9/F9 -> 0 | M9: 5646 | N9: =M9/F9 -> 0.14268385
D10: 45934 | E10: 六 | F10: =SUM(I10,K10,M10) -> 39717 | I10: 33895 | J10: =I10/F10 -> 0.8534129 | L10: =K10/F10 -> 0 | M10: 5822 | N10: =M10/F10 -> 0.1465871
D11: 45935 | E11: 日 | F11: =SUM(I11,K11,M11) -> 44134 | I11: 37758 | J11: =I11/F11 -> 0.85553088 | L11: =K11/F11 -> 0 | M11: 6376 | N11: =M11/F11 -> 0.14446912
D12: 45936 | E12: 一 | F12: =SUM(I12,K12,M12) -> 55495 | I12: 46852 | J12: =I12/F12 -> 0.84425624 | L12: =K12/F12 -> 0 | M12: 8643 | N12: =M12/F12 -> 0.15574376
B13: 45944 | D13: 45937 | E13: 二 | F13: =SUM(I13,K13,M13) -> 51247 | G13: =SUM(F13:F18) -> 272989 | I13: 42281 | J13: =I13/F13 -> 0.82504342 | L13: =K13/F13 -> 0 | M13: 8966 | N13: =M13/F13 -> 0.17495658
D14: 45938 | E14: 三 | F14: =SUM(I14,K14,M14) -> 49561 | I14: 41503 | J14: =I14/F14 -> 0.83741248 | L14: =K14/F14 -> 0 | M14: 8058 | N14: =M14/F14 -> 0.16258752
D15: 45939 | E15: 四 | F15: =SUM(I15,K15,M15) -> 40503 | I15: 33748 | J15: =I15/F15 -> 0.83322223 | L15: =K15/F15 -> 0 | M15: 6755 | N15: =M15/F15 -> 0.16677777
D16: 45940 | E16: 五 | F16: =SUM(I16,K16,M16) -> 39047 | I16: 32694 | J16: =I16/F16 -> 0.83729864 | L16: =K16/F16 -> 0 | M16: 6353 | N16: =M16/F16 -> 0.16270136
D17: 45941 | E17: 六 | F17: =SUM(I17,K17,M17) -> 40125 | I17: 33450 | J17: =I17/F17 -> 0.83364486 | L17: =K17/F17 -> 0 | M17: 6675 | N17: =M17/F17 -> 0.16635514
D18: 45942 | E18: 日 | F18: =SUM(I18,K18,M18) -> 52506 | I18: 44265 | J18: =I18/F18 -> 0.84304651 | L18: =K18/F18 -> 0 | M18: 8241 | N18: =M18/F18 -> 0.15695349
D19: 45943 | E19: 一 | F19: =SUM(I19,K19,M19) -> 53383 | I19: 45063 | J19: =I19/F19 -> 0.84414514 | L19: =K19/F19 -> 0 | M19: 8320 | N19: =M19/F19 -> 0.15585486
B20: 45951 | D20: 45944 | E20: 二 | F20: =SUM(I20,K20,M20) -> 0 | G20: =SUM(F20:F25) -> 0 | J20: =I20/F20 -> #DIV/0! | L20: =K20/F20 -> #DIV/0! | N20: =M20/F20 -> #DIV/0!
D21: 45945 | E21: 三 | F21: =SUM(I21,K21,M21) -> 0 | J21: =I21/F21 -> #DIV/0! | L21: =K21/F21 -> #DIV/0! | N21: =M21/F21 -> #DIV/0!
D22: 45946 | E22: 四 | F22: =SUM(I22,K22,M22) -> 0 | J22: =I22/F22 -> #DIV/0! | L22: =K22/F22 -> #DIV/0! | N22: =M22/F22 -> #DIV/0!
D23: 45947 | E23: 五 | F23: =SUM(I23,K23,M23) -> 0 | J23: =I23/F23 -> #DIV/0! | L23: =K23/F23 -> #DIV/0! | N23: =M23/F23 -> #DIV/0!
D24: 45948 | E24: 六 | F24: =SUM(I24,K24,M24) -> 0 | J24: =I24/F24 -> #DIV/0! | L24: =K24/F24 -> #DIV/0! | N24: =M24/F24 -> #DIV/0!
D25: 45949 | E25: 日 | F25: =SUM(I25,K25,M25) -> 0 | J25: =I25/F25 -> #DIV/0! | L25: =K25/F25 -> #DIV/0! | N25: =M25/F25 -> #DIV/0!
D26: 45950 | E26: 一 | F26: =SUM(I26,K26,M26) -> 0 | J26: =I26/F26 -> #DIV/0! | L26: =K26/F26 -> #DIV/0! | N26: =M26/F26 -> #DIV/0!
B27: 45958 | D27: 45951 | E27: 二 | F27: =SUM(I27,K27,M27) -> 0 | G27: =SUM(F27:F32) -> 0 | J27: =I27/F27 -> #DIV/0! | L27: =K27/F27 -> #DIV/0! | N27: =M27/F27 -> #DIV/0!
D28: 45952 | E28: 三 | F28: =SUM(I28,K28,M28) -> 0 | J28: =I28/F28 -> #DIV/0! | L28: =K28/F28 -> #DIV/0! | N28: =M28/F28 -> #DIV/0!
D29: 45953 | E29: 四 | F29: =SUM(I29,K29,M29) -> 0 | J29: =I29/F29 -> #DIV/0! | L29: =K29/F29 -> #DIV/0! | N29: =M29/F29 -> #DIV/0!
D30: 45954 | E30: 五 | F30: =SUM(I30,K30,M30) -> 0 | J30: =I30/F30 -> #DIV/0! | L30: =K30/F30 -> #DIV/0! | N30: =M30/F30 -> #DIV/0!
D31: 45955 | E31: 六 | F31: =SUM(I31,K31,M31) -> 0 | J31: =I31/F31 -> #DIV/0! | L31: =K31/F31 -> #DIV/0! | N31: =M31/F31 -> #DIV/0!
D32: 45956 | E32: 日 | F32: =SUM(I32,K32,M32) -> 0 | J32: =I32/F32 -> #DIV/0! | L32: =K32/F32 -> #DIV/0! | N32: =M32/F32 -> #DIV/0!
D33: 45957 | E33: 一 | F33: =SUM(I33,K33,M33) -> 0 | J33: =I33/F33 -> #DIV/0! | L33: =K33/F33 -> #DIV/0! | N33: =M33/F33 -> #DIV/0!
D34: 45958 | E34: 二 | F34: =SUM(I34,K34,M34) -> 0 | J34: =I34/F34 -> #DIV/0! | L34: =K34/F34 -> #DIV/0! | N34: =M34/F34 -> #DIV/0!
D35: 45959 | E35: 三 | F35: =SUM(I35,K35,M35) -> 0 | J35: =I35/F35 -> #DIV/0! | L35: =K35/F35 -> #DIV/0! | N35: =M35/F35 -> #DIV/0!
D36: 45960 | E36: 四 | F36: =SUM(I36,K36,M36) -> 0 | J36: =I36/F36 -> #DIV/0! | L36: =K36/F36 -> #DIV/0! | N36: =M36/F36 -> #DIV/0!
D37: 45961 | E37: 五 | F37: =SUM(I37,K37,M37) -> 0

Sheet （５-1）品群別人時生產性（熱食義麵）
B1: 月平均人時性 | C1: =AVERAGE(L7,L30,L53,L73,L96,L119) -> 97.682911
B2: 產線配置圖－每週更新 | N2: 資料繳交 | O2: 日期 | U2: 45931 | Z2: 45932 | AE2: 45933 | AJ2: 45934 | AO2: 45935 | AT2: 45936
P3: 二 | U3: 三 | Z3: 四 | AE3: 五 | AJ3: 六 | AO3: 日 | AT3: 一
B4: 品群 | C4: 商品名稱 | E4: 計畫 | H4: 平均人時性 | I4: 實績 | L4: 平均人時性 | M4: 排名 | O4: 日報 | P4: 實際 | T4: 平均人時性 | U4: 實際 | Y4: 平均人時性 | Z4: 實際 | AD4: 平均人時性 | AE4: 實際 | AI4: 平均人時性 | AJ4: 實際 | AN4: 平均人時性 | AO4: 實際 | AS4: 平均人時性 | AT4: 實際 | AX4: 平均人時性
E5: 產線配置圖 | I5: 產線配置圖 | P5: 生產實績 | U5: 生產實績 | Z5: 生產實績 | AE5: 生產實績 | AJ5: 生產實績 | AO5: 生產實績 | AT5: 生產實績
E6: 人數 | F6: 產能／時 | G6: 人時性 | I6: 人數 | J6: 產能／時 | K6: 人時性 | P6: 人數 | Q6: 產能／時 | R6: 人時性 | S6: 排名 | U6: 人數 | V6: 產能／時 | W6: 人時性 | X6: 排名 | Z6: 人數 | AA6: 產能／時 | AB6: 人時性 | AC6: 排名 | AE6: 人數 | AF6: 產能／時 | AG6: 人時性 | AH6: 排名 | AJ6: 人數 | AK6: 產能／時 | AL6: 人時性 | AM6: 排名 | AO6: 人數 | AP6: 產能／時 | AQ6: 人時性 | AR6: 排名 | AT6: 人數 | AU6: 產能／時 | AV6: 人時性 | AW6: 排名
B7: 熱食義麵 | C7: 1 | D7: 義式蕃茄起司義大利麵 | E7: =VLOOKUP(D7,'10產線配置圖'!$A$2:$C$25,2,0) -> 12 | F7: =VLOOKUP(D7,'10產線配置圖'!$A$2:$C$25,3,0) -> 2000 | G7: =F7/E7 -> 166.66667 | H7: =AVERAGE(G7:G24) -> 109.54751 | I7: =AVERAGE(P7,U7,Z7,AE7,AJ7,AO7,AT7) -> 12 | J7: =AVERAGE(Q7,V7,AA7,AF7,AK7,AP7,AU7) -> 1795 | K7: =AVERAGE(W7,AB7,AG7,AL7,AQ7,AV7) -> 149.58333 | L7: =IFERROR(AVERAGE(K7:K24),"-") -> 96.176076 | M7: =RANK(K7, K$7:$K$24) -> 1 | R7: =Q7/P7 -> #DIV/0! | S7: =RANK(R7, R$7:R$24) -> #DIV/0! | T7: =AVERAGE(R7:R24) -> #DIV/0! | U7: 12 | V7: 1730 | W7: =V7/U7 -> 144.16667 | X7: =RANK(W7, W$7:W$24) -> 1 | Y7: =AVERAGE(W7:W24) -> 94.697243 | Z7: 12 | AA7: 1553 | AB7: =AA7/Z7 -> 129.41667 | AC7: =RANK(AB7, AB$7:AB$24) -> 3 | AD7: =AVERAGE(AB7:AB24) -> 93.019608 | AE7: 12 | AF7: 1948 | AG7: =AF7/AE7 -> 162.33333 | AH7: =RANK(AG7, AG$7:AG$24) -> 1 | AI7: =AVERAGE(AG7:AG24) -> 97.425233 | AJ7: 12 | AK7: 1899 | AL7: =AK7/AJ7 -> 158.25 | AM7: =RANK(AL7, AL$7:AL$24) -> 1 | AN7: =AVERAGE(AL7:AL24) -> 99.758354 | AO7: 12 | AP7: 1820 | AQ7: =AP7/AO7 -> 151.66667 | AR7: =RANK(AQ7, AQ$7:AQ$24) -> 1 | AS7: =AVERAGE(AQ7:AQ24) -> 98.443947 | AT7: 12 | AU7: 1820 | AV7: =AU7/AT7 -> 151.66667 | AW7: =RANK(AV7, AV$7:AV$24) -> 1 | AX7: =AVERAGE(AV7:AV24) -> 96.157874
C8: 2 | D8: 奶油培根義大利麵 | E8: =VLOOKUP(D8,'10產線配置圖'!$A$2:$C$25,2,0) -> 13 | F8: =VLOOKUP(D8,'10產線配置圖'!$A$2:$C$25,3,0) -> 2000 | G8: =F8/E8 -> 153.84615 | I8: =AVERAGE(P8,U8,Z8,AE8,AJ8,AO8,AT8) -> 13 | J8: =AVERAGE(Q8,V8,AA8,AF8,AK8,AP8,AU8) -> 1826.5 | K8: =AVERAGE(W8,AB8,AG8,AL8,AQ8,AV8) -> 140.5 | M8: =RANK(K8, K$7:$K$24) -> 2 | R8: =Q8/P8 -> #DIV/0! | S8: =RANK(R8, R$7:R$24) -> #DIV/0! | U8: 13 | V8: 1829 | W8: =V8/U8 -> 140.69231 | X8: =RANK(W8, W$7:W$24) -> 2 | Z8: 13 | AA8: 1785 | AB8: =AA8/Z8 -> 137.30769 | AC8: =RANK(AB8, AB$7:AB$24) -> 2 | AE8: 13 | AF8: 1911 | AG8: =AF8/AE8 -> 147 | AH8: =RANK(AG8, AG$7:AG$24) -> 2 | AJ8: 13 | AK8: 1758 | AL8: =AK8/AJ8 -> 135.23077 | AM8: =RANK(AL8, AL$7:AL$24) -> 3 | AO8: 13 | AP8: 1934 | AQ8: =AP8/AO8 -> 148.76923 | AR8: =RANK(AQ8, AQ$7:AQ$24) -> 2 | AT8: 13 | AU8: 1742 | AV8: =AU8/AT8 -> 134 | AW8: =RANK(AV8, AV$7:AV$24) -> 2
C9: 3 | D9: 熱那亞青醬義大利麵 | E9: =VLOOKUP(D9,'10產線配置圖'!$A$2:$C$25,2,0) -> 16 | F9: =VLOOKUP(D9,'10產線配置圖'!$A$2:$C$25,3,0) -> 1915 | G9: =F9/E9 -> 119.6875 | I9: =AVERAGE(P9,U9,Z9,AE9,AJ9,AO9,AT9) -> 16 | J9: =AVERAGE(Q9,V9,AA9,AF9,AK9,AP9,AU9) -> 1579.5 | K9: =AVERAGE(W9,AB9,AG9,AL9,AQ9,AV9) -> 98.71875 | M9: =RANK(K9, K$7:$K$24) -> 5 | R9: =Q9/P9 -> #DIV/0! | S9: =RANK(R9, R$7:R$24) -> #DIV/0! | U9: 16 | V9: 1557 | W9: =V9/U9 -> 97.3125 | X9: =RANK(W9, W$7:W$24) -> 5 | Z9: 16 | AA9: 1657 | AB9: =AA9/Z9 -> 103.5625 | AC9: =RANK(AB9, AB$7:AB$24) -> 4 | AE9: 16 | AF9: 1620 | AG9: =AF9/AE9 -> 101.25 | AH9: =RANK(AG9, AG$7:AG$24) -> 6 | AJ9: 16 | AK9: 1538 | AL9: =AK9/AJ9 -> 96.125 | AM9: =RANK(AL9, AL$7:AL$24) -> 5 | AO9: 16 | AP9: 1564 | AQ9: =AP9/AO9 -> 97.75 | AR9: =RANK(AQ9, AQ$7:AQ$24) -> 5 | AT9: 16 | AU9: 1541 | AV9: =AU9/AT9 -> 96.3125 | AW9: =RANK(AV9, AV$7:AV$24) -> 5
C10: 4 | D10: 焗烤起司雙饗筆尖麵 | E10: =VLOOKUP(D10,'10產線配置圖'!$A$2:$C$25,2,0) -> 18 | F10: =VLOOKUP(D10,'10產線配置圖'!$A$2:$C$25,3,0) -> 1565 | G10: =F10/E10 -> 86.944444 | I10: =AVERAGE(P10,U10,Z10,AE10,AJ10,AO10,AT10) -> 18 | J10: =AVERAGE(Q10,V10,AA10,AF10,AK10,AP10,AU10) -> 1539.5 | K10: =AVERAGE(W10,AB10,AG10,AL10,AQ10,AV10) -> 85.527778 | M10: =RANK(K10, K$7:$K$24) -> 8 | R10: =Q10/P10 -> #DIV/0! | S10: =RANK(R10, R$7:R$24) -> #DIV/0! | U10: 18 | V10: 1515 | W10: =V10/U10 -> 84.166667 | X10: =RANK(W10, W$7:W$24) -> 8 | Z10: 18 | AA10: 1545 | AB10: =AA10/Z10 -> 85.833333 | AC10: =RANK(AB10, AB$7:AB$24) -> 7 | AE10: 18 | AF10: 1561 | AG10: =AF10/AE10 -> 86.722222 | AH10: =RANK(AG10, AG$7:AG$24) -> 7 | AJ10: 18 | AK10: 1564 | AL10: =AK10/AJ10 -> 86.888889 | AM10: =RANK(AL10, AL$7:AL$24) -> 8 | AO10: 18 | AP10: 1550 | AQ10: =AP10/AO10 -> 86.111111 | AR10: =RANK(AQ10, AQ$7:AQ$24) -> 9 | AT10: 18 | AU10: 1502 | AV10: =AU10/AT10 -> 83.444444 | AW10: =RANK(AV10, AV$7:AV$24) -> 8
C11: 5 | D11: 白酒蛤蜊義大利麵 | E11: =VLOOKUP(D11,'10產線配置圖'!$A$2:$C$25,2,0) -> 13 | F11: =VLOOKUP(D11,'10產線配置圖'!$A$2:$C$25,3,0) -> 2000 | G11: =F11/E11 -> 153.84615 | I11: =AVERAGE(P11,U11,Z11,AE11,AJ11,AO11,AT11) -> 13.166667 | J11: =AVERAGE(Q11,V11,AA11,AF11,AK11,AP11,AU11) -> 1775 | K11: =AVERAGE(W11,AB11,AG11,AL11,AQ11,AV11) -> 134.9185 | M11: =RANK(K11, K$7:$K$24) -> 3 | R11: =Q11/P11 -> #DIV/0! | S11: =RANK(R11, R$7:R$24) -> #DIV/0! | U11: 13 | V11: 1684 | W11: =V11/U11 -> 129.53846 | X11: =RANK(W11, W$7:W$24) -> 3 | Z11: 13 | AA11: 1900 | AB11: =AA11/Z11 -> 146.15385 | AC11: =RANK(AB11, AB$7:AB$24) -> 1 | AE11: 13 | AF11: 1679 | AG11: =AF11/AE11 -> 129.15385 | AH11: =RANK(AG11, AG$7:AG$24) -> 3 | AJ11: 13 | AK11: 1852 | AL11: =AK11/AJ11 -> 142.46154 | AM11: =RANK(AL11, AL$7:AL$24) -> 2 | AO11: 13 | AP11: 1766 | AQ11: =AP11/AO11 -> 135.84615 | AR11: =RANK(AQ11, AQ$7:AQ$24) -> 3 | AT11: 14 | AU11: 1769 | AV11: =AU11/AT11 -> 126.35714 | AW11: =RANK(AV11, AV$7:AV$24) -> 4
C12: 6 | D12: 韓式起司炸雞義大利麵 | E12: =VLOOKUP(D12,'10產線配置圖'!$A$2:$C$25,2,0) -> 14 | F12: =VLOOKUP(D12,'10產線配置圖'!$A$2:$C$25,3,0) -> 1895 | G12: =F12/E12 -> 135.35714 | I12: =AVERAGE(P12,U12,Z12,AE12,AJ12,AO12,AT12) -> 14.166667 | J12: =AVERAGE(Q12,V12,AA12,AF12,AK12,AP12,AU12) -> 1610 | K12: =AVERAGE(W12,AB12,AG12,AL12,AQ12,AV12) -> 113.72222 | M12: =RANK(K12, K$7:$K$24) -> 4 | R12: =Q12/P12 -> #DIV/0! | S12: =RANK(R12, R$7:R$24) -> #DIV/0! | U12: 15 | V12: 1610 | W12: =V12/U12 -> 107.33333 | X12: =RANK(W12, W$7:W$24) -> 4 | Z12: 14 | AA12: 1273 | AB12: =AA12/Z12 -> 90.928571 | AC12: =RANK(AB12, AB$7:AB$24) -> 5 | AE12: 14 | AF12: 1556 | AG12: =AF12/AE12 -> 111.14286 | AH12: =RANK(AG12, AG$7:AG$24) -> 4 | AJ12: 14 | AK12: 1734 | AL12: =AK12/AJ12 -> 123.85714 | AM12: =RANK(AL12, AL$7:AL$24) -> 4 | AO12: 14 | AP12: 1661 | AQ12: =AP12/AO12 -> 118.64286 | AR12: =RANK(AQ12, AQ$7:AQ$24) -> 4 | AT12: 14 | AU12: 1826 | AV12: =AU12/AT12 -> 130.42857 | AW12: =RANK(AV12, AV$7:AV$24) -> 3
C13: 7 | D13: 拿坡里義大利麵 | E13: =VLOOKUP(D13,'10產線配置圖'!$A$2:$C$25,2,0) -> 16 | F13: =VLOOKUP(D13,'10產線配置圖'!$A$2:$C$25,3,0) -> 1429 | G13: =F13/E13 -> 89.3125 | I13: =AVERAGE(P13,U13,Z13,AE13,AJ13,AO13,AT13) -> 15 | J13: =AVERAGE(Q13,V13,AA13,AF13,AK13,AP13,AU13) -> 970.33333 | K13: =AVERAGE(W13,AB13,AG13,AL13,AQ13,AV13) -> 65.029762 | M13: =RANK(K13, K$7:$K$24) -> 14 | R13: =Q13/P13 -> #DIV/0! | S13: =RANK(R13, R$7:R$24) -> #DIV/0! | U13: 16 | V13: 1043 | W13: =V13/U13 -> 65.1875 | X13: =RANK(W13, W$7:W$24) -> 14 | Z13: 14 | AA13: 924 | AB13: =AA13/Z13 -> 66 | AC13: =RANK(AB13, AB$7:AB$24) -> 14 | AE13: 14 | AF13: 895 | AG13: =AF13/AE13 -> 63.928571 | AH13: =RANK(AG13, AG$7:AG$24) -> 13 | AJ13: 14 | AK13: 1127 | AL13: =AK13/AJ13 -> 80.5 | AM13: =RANK(AL13, AL$7:AL$24) -> 10 | AO13: 16 | AP13: 1019 | AQ13: =AP13/AO13 -> 63.6875 | AR13: =RANK(AQ13, AQ$7:AQ$24) -> 13 | AT13: 16 | AU13: 814 | AV13: =AU13/AT13 -> 50.875 | AW13: =RANK(AV13, AV$7:AV$24) -> 13
C14: 8 | D14: 黑胡椒燻豬腿義大利麵 | E14: =VLOOKUP(D14,'10產線配置圖'!$A$2:$C$25,2,0) -> 18 | F14: =VLOOKUP(D14,'10產線配置圖'!$A$2:$C$25,3,0) -> 1500 | G14: =F14/E14 -> 83.333333 | I14: =AVERAGE(P14,U14,Z14,AE14,AJ14,AO14,AT14) -> 15 | J14: =AVERAGE(Q14,V14,AA14,AF14,AK14,AP14,AU14) -> 1138 | K14: =AVERAGE(W14,AB14,AG14,AL14,AQ14,AV14) -> 76.056418 | M14: =RANK(K14, K$7:$K$24) -> 11 | R14: =Q14/P14 -> #DIV/0! | S14: =RANK(R14, R$7:R$24) -> #DIV/0! | U14: 16 | V14: 1301 | W14: =V14/U14 -> 81.3125 | X14: =RANK(W14, W$7:W$24) -> 9 | Z14: 15 | AA14: 1092 | AB14: =AA14/Z14 -> 72.8 | AC14: =RANK(AB14, AB$7:AB$24) -> 12 | AE14: 13 | AF14: 1017 | AG14: =AF14/AE14 -> 78.230769 | AH14: =RANK(AG14, AG$7:AG$24) -> 10 | AJ14: 15 | AK14: 1171 | AL14: =AK14/AJ14 -> 78.066667 | AM14: =RANK(AL14, AL$7:AL$24) -> 11 | AO14: 17 | AP14: 1156 | AQ14: =AP14/AO14 -> 68 | AR14: =RANK(AQ14, AQ$7:AQ$24) -> 11 | AT14: 14 | AU14: 1091 | AV14: =AU14/AT14 -> 77.928571 | AW14: =RANK(AV14, AV$7:AV$24) -> 10
C15: 9 | D15: 奶油蒜香雞義大利麵 | E15: =VLOOKUP(D15,'10產線配置圖'!$A$2:$C$25,2,0) -> 18 | F15: =VLOOKUP(D15,'10產線配置圖'!$A$2:$C$25,3,0) -> 1385 | G15: =F15/E15 -> 76.944444 | I15: =AVERAGE(P15,U15,Z15,AE15,AJ15,AO15,AT15) -> 17.166667 | J15: =AVERAGE(Q15,V15,AA15,AF15,AK15,AP15,AU15) -> 1192.3333 | K15: =AVERAGE(W15,AB15,AG15,AL15,AQ15,AV15) -> 69.317974 | M15: =RANK(K15, K$7:$K$24) -> 13 | R15: =Q15/P15 -> #DIV/0! | S15: =RANK(R15, R$7:R$24) -> #DIV/0! | U15: 17 | V15: 1290 | W15: =V15/U15 -> 75.882353 | X15: =RANK(W15, W$7:W$24) -> 12 | Z15: 18 | AA15: 1253 | AB15: =AA15/Z15 -> 69.611111 | AC15: =RANK(AB15, AB$7:AB$24) -> 13 | AE15: 15 | AF15: 952 | AG15: =AF15/AE15 -> 63.466667 | AH15: =RANK(AG15, AG$7:AG$24) -> 14 | AJ15: 18 | AK15: 1351 | AL15: =AK15/AJ15 -> 75.055556 | AM15: =RANK(AL15, AL$7:AL$24) -> 12 | AO15: 17 | AP15: 1123 | AQ15: =AP15/AO15 -> 66.058824 | AR15: =RANK(AQ15, AQ$7:AQ$24) -> 12 | AT15: 18 | AU15: 1185 | AV15: =AU15/AT15 -> 65.833333 | AW15: =RANK(AV15, AV$7:AV$24) -> 12
C16: 10 | D16: 青花椒麻雞肉拌麵 | E16: =VLOOKUP(D16,'10產線配置圖'!$A$2:$C$25,2,0) -> 17 | F16: =VLOOKUP(D16,'10產線配置圖'!$A$2:$C$25,3,0) -> 1565 | G16: =F16/E16 -> 92.058824 | I16: =AVERAGE(P16,U16,Z16,AE16,AJ16,AO16,AT16) -> 16.5 | J16: =AVERAGE(Q16,V16,AA16,AF16,AK16,AP16,AU16) -> 1434.6667 | K16: =AVERAGE(W16,AB16,AG16,AL16,AQ16,AV16) -> 86.907475 | M16: =RANK(K16, K$7:$K$24) -> 6 | R16: =Q16/P16 -> #DIV/0! | S16: =RANK(R16, R$7:R$24) -> #DIV/0! | U16: 16 | V16: 1373 | W16: =V16/U16 -> 85.8125 | X16: =RANK(W16, W$7:W$24) -> 7 | Z16: 17 | AA16: 1478 | AB16: =AA16/Z16 -> 86.941176 | AC16: =RANK(AB16, AB$7:AB$24) -> 6 | AE16: 16 | AF16: 1354 | AG16: =AF16/AE16 -> 84.625 | AH16: =RANK(AG16, AG$7:AG$24) -> 8 | AJ16: 16 | AK16: 1378 | AL16: =AK16/AJ16 -> 86.125 | AM16: =RANK(AL16, AL$7:AL$24) -> 9 | AO16: 17 | AP16: 1551 | AQ16: =AP16/AO16 -> 91.235294 | AR16: =RANK(AQ16, AQ$7:AQ$24) -> 6 | AT16: 17 | AU16: 1474 | AV16: =AU16/AT16 -> 86.705882 | AW16: =RANK(AV16, AV$7:AV$24) -> 6
C17: 11 | D17: 韓式辣醬肉丸義大利麵 | E17: =VLOOKUP(D17,'10產線配置圖'!$A$2:$C$25,2,0) -> 15 | F17: =VLOOKUP(D17,'10產線配置圖'!$A$2:$C$25,3,0) -> 1565 | G17: =F17/E17 -> 104.33333 | I17: =AVERAGE(P17,U17,Z17,AE17,AJ17,AO17,AT17) -> 15.166667 | J17: =AVERAGE(Q17,V17,AA17,AF17,AK17,AP17,AU17) -> 1200.5 | K17: =AVERAGE(W17,AB17,AG17,AL17,AQ17,AV17) -> 79.046767 | M17: =RANK(K17, K$7:$K$24) -> 10 | R17: =Q17/P17 -> #DIV/0! | S17: =RANK(R17, R$7:R$24) -> #DIV/0! | U17: 15 | V17: 1164 | W17: =V17/U17 -> 77.6 | X17: =RANK(W17, W$7:W$24) -> 11 | Z17: 15 | AA17: 1111 | AB17: =AA17/Z17 -> 74.066667 | AC17: =RANK(AB17, AB$7:AB$24) -> 10 | AE17: 13 | AF17: 1054 | AG17: =AF17/AE17 -> 81.076923 | AH17: =RANK(AG17, AG$7:AG$24) -> 9 | AJ17: 17 | AK17: 1478 | AL17: =AK17/AJ17 -> 86.941176 | AM17: =RANK(AL17, AL$7:AL$24) -> 7 | AO17: 16 | AP17: 1233 | AQ17: =AP17/AO17 -> 77.0625 | AR17: =RANK(AQ17, AQ$7:AQ$24) -> 10 | AT17: 15 | AU17: 1163 | AV17: =AU17/AT17 -> 77.533333 | AW17: =RANK(AV17, AV$7:AV$24) -> 11
C18: 12 | D18: 家傳炸醬麵 | E18: =VLOOKUP(D18,'10產線配置圖'!$A$2:$C$25,2,0) -> 18 | F18: =VLOOKUP(D18,'10產線配置圖'!$A$2:$C$25,3,0) -> 1636 | G18: =F18/E18 -> 90.888889 | I18: =AVERAGE(P18,U18,Z18,AE18,AJ18,AO18,AT18) -> 16 | J18: =AVERAGE(Q18,V18,AA18,AF18,AK18,AP18,AU18) -> 1220.5 | K18: =AVERAGE(W18,AB18,AG18,AL18,AQ18,AV18) -> 76.055596 | M18: =RANK(K18, K$7:$K$24) -> 12 | R18: =Q18/P18 -> #DIV/0! | S18: =RANK(R18, R$7:R$24) -> #DIV/0! | U18: 15 | V18: 1176 | W18: =V18/U18 -> 78.4 | X18: =RANK(W18, W$7:W$24) -> 10 | Z18: 18 | AA18: 1317 | AB18: =AA18/Z18 -> 73.166667 | AC18: =RANK(AB18, AB$7:AB$24) -> 11 | AE18: 15 | AF18: 1114 | AG18: =AF18/AE18 -> 74.266667 | AH18: =RANK(AG18, AG$7:AG$24) -> 12 | AJ18: 15 | AK18: 893 | AL18: =AK18/AJ18 -> 59.533333 | AM18: =RANK(AL18, AL$7:AL$24) -> 13 | AO18: 17 | AP18: 1488 | AQ18: =AP18/AO18 -> 87.529412 | AR18: =RANK(AQ18, AQ$7:AQ$24) -> 7 | AT18: 16 | AU18: 1335 | AV18: =AU18/AT18 -> 83.4375 | AW18: =RANK(AV18, AV$7:AV$24) -> 9
C19: 13 | D19: 剝皮辣椒雞奶油扁麵 | E19: =VLOOKUP(D19,'10產線配置圖'!$A$2:$C$25,2,0) -> 19 | F19: =VLOOKUP(D19,'10產線配置圖'!$A$2:$C$25,3,0) -> 1600 | G19: =F19/E19 -> 84.210526 | I19: =AVERAGE(P19,U19,Z19,AE19,AJ19,AO19,AT19) -> 17.166667 | J19: =AVERAGE(Q19,V19,AA19,AF19,AK19,AP19,AU19) -> 1447 | K19: =AVERAGE(W19,AB19,AG19,AL19,AQ19,AV19) -> 84.374183 | M19: =RANK(K19, K$7:$K$24) -> 9 | R19: =Q19/P19 -> #DIV/0! | S19: =RANK(R19, R$7:R$24) -> #DIV/0! | U19: 17 | V19: 1484 | W19: =V19/U19 -> 87.294118 | X19: =RANK(W19, W$7:W$24) -> 6 | Z19: 17 | AA19: 1400 | AB19: =AA19/Z19 -> 82.352941 | AC19: =RANK(AB19, AB$7:AB$24) -> 9 | AE19: 18 | AF19: 1365 | AG19: =AF19/AE19 -> 75.833333 | AH19: =RANK(AG19, AG$7:AG$24) -> 11 | AJ19: 17 | AK19: 1493 | AL19: =AK19/AJ19 -> 87.823529 | AM19: =RANK(AL19, AL$7:AL$24) -> 6 | AO19: 17 | AP19: 1486 | AQ19: =AP19/AO19 -> 87.411765 | AR19: =RANK(AQ19, AQ$7:AQ$24) -> 8 | AT19: 17 | AU19: 1454 | AV19: =AU19/AT19 -> 85.529412 | AW19: =RANK(AV19, AV$7:AV$24) -> 7
C20: 14 | D20: 羊乳起司培根筆尖麵 | E20: =VLOOKUP(D20,'10產線配置圖'!$A$2:$C$25,2,0) -> 17 | F20: =VLOOKUP(D20,'10產線配置圖'!$A$2:$C$25,3,0) -> 1636 | G20: =F20/E20 -> 96.235294 | I20: =AVERAGE(P20,U20,Z20,AE20,AJ20,AO20,AT20) -> 14.666667 | J20: =AVERAGE(Q20,V20,AA20,AF20,AK20,AP20,AU20) -> 1254.3333 | K20: =AVERAGE(W20,AB20,AG20,AL20,AQ20,AV20) -> 86.706303 | M20: =RANK(K20, K$7:$K$24) -> 7 | R20: =Q20/P20 -> #DIV/0! | S20: =RANK(R20, R$7:R$24) -> #DIV/0! | U20: 16 | V20: 1137 | W20: =V20/U20 -> 71.0625 | X20: =RANK(W20, W$7:W$24) -> 13 | Z20: 15 | AA20: 1262 | AB20: =AA20/Z20 -> 84.133333 | AC20: =RANK(AB20, AB$7:AB$24) -> 8 | AE20: 13 | AF20: 1364 | AG20: =AF20/AE20 -> 104.92308 | AH20: =RANK(AG20, AG$7:AG$24) -> 5
C21: 15 | R21: =Q21/P21 -> #DIV/0! | S21: =RANK(R21, R$7:R$24) -> #DIV/0!
C22: 16 | R22: =Q22/P22 -> #DIV/0! | S22: =RANK(R22, R$7:R$24) -> #DIV/0!
C23: 17 | R23: =Q23/P23 -> #DIV/0! | S23: =RANK(R23, R$7:R$24) -> #DIV/0!
C24: 18 | R24: =Q24/P24 -> #DIV/0! | S24: =RANK(R24, R$7:R$24) -> #DIV/0!
B25: 產線配置圖－每週更新 | N25: 資料繳交 | O25: 日期 | P25: 45937 | U25: 45938 | Z25: 45939 | AE25: 45940 | AJ25: 45941 | AO25: 45942 | AT25: 45943
P26: 二 | U26: 三 | Z26: 四 | AE26: 五 | AJ26: 六 | AO26: 日 | AT26: 一
B27: 品群 | C27: 商品名稱 | E27: 計畫 | H27: 平均人時性 | I27: 實績 | L27: 平均人時性 | M27: 排名 | O27: 日報 | P27: 實際 | T27: 平均人時性 | U27: 實際 | Y27: 平均人時性 | Z27: 實際 | AD27: 平均人時性 | AE27: 實際 | AI27: 平均人時性 | AJ27: 實際 | AN27: 平均人時性 | AO27: 實際 | AS27: 平均人時性 | AT27: 實際 | AX27: 平均人時性
E28: 產線配置圖 | I28: 產線配置圖 | P28: 生產實績 | U28: 生產實績 | Z28: 生產實績 | AE28: 生產實績 | AJ28: 生產實績 | AO28: 生產實績 | AT28: 生產實績
E29: 人數 | F29: 產能／時 | G29: 人時性 | I29: 人數 | J29: 產能／時 | K29: 人時性 | P29: 人數 | Q29: 產能／時 | R29: 人時性 | S29: 排名 | U29: 人數 | V29: 產能／時 | W29: 人時性 | X29: 排名 | Z29: 人數 | AA29: 產能／時 | AB29: 人時性 | AC29: 排名 | AE29: 人數 | AF29: 產能／時 | AG29: 人時性 | AH29: 排名 | AJ29: 人數 | AK29: 產能／時 | AL29: 人時性 | AM29: 排名 | AO29: 人數 | AP29: 產能／時 | AQ29: 人時性 | AR29: 排名 | AT29: 人數 | AU29: 產能／時 | AV29: 人時性 | AW29: 排名
B30: 熱食義麵 | C30: 1 | D30: 義式蕃茄起司義大利麵 | E30: =VLOOKUP(D30,'10產線配置圖'!$A$2:$C$25,2,0) -> 12 | F30: =VLOOKUP(D30,'10產線配置圖'!$A$2:$C$25,3,0) -> 2000 | G30: =F30/E30 -> 166.66667 | H30: =AVERAGE(G30:G47) -> 109.54751 | I30: =AVERAGE(P30,U30,Z30,AE30,AJ30,AO30,AT30) -> 12 | J30: =AVERAGE(Q30,V30,AA30,AF30,AK30,AP30,AU30) -> 1847.5714 | K30: =AVERAGE(R30,W30,AB30,AG30,AL30,AQ30,AV30) -> 153.96429 | L30: =IFERROR(AVERAGE(K30:K47),"-") -> 99.189747 | M30: =RANK(K30, K$30:$K$47) -> 1 | P30: 12 | Q30: 1928 | R30: =Q30/P30 -> 160.66667 | S30: =RANK(R30,$R$30:$R$47) -> 1 | T30: =AVERAGE(R30:R47) -> 102.18962 | U30: 12 | V30: 1868 | W30: =V30/U30 -> 155.66667 | X30: =RANK(W30, $W$30:$W$47) -> 1 | Y30: =AVERAGE(W30:W47) -> 100.85407 | Z30: 12 | AA30: 1932 | AB30: =AA30/Z30 -> 161 | AC30: =RANK(AB30, $AB$30:$AB$47) -> 1 | AD30: =AVERAGE(AB30:AB47) -> 101.0079 | AE30: 12 | AF30: 1998 | AG30: =AF30/AE30 -> 166.5 | AH30: =RANK(AG30, $AG$30:$AG$47) -> 1 | AI30: =AVERAGE(AG30:AG47) -> 96.752868 | AJ30: 12 | AK30: 1827 | AL30: =AK30/AJ30 -> 152.25 | AM30: =RANK(AL30, $AL$30:$AL$47) -> 1 | AN30: =AVERAGE(AL30:AL47) -> 102.56284 | AO30: 12 | AP30: 1969 | AQ30: =AP30/AO30 -> 164.08333 | AR30: =RANK(AQ30,$AQ$30:$AQ$47) -> 1 | AS30: =AVERAGE(AQ30:AQ47) -> 103.08738 | AT30: 12 | AU30: 1411 | AV30: =AU30/AT30 -> 117.58333 | AW30: =RANK(AV30, $AV$30:$AV$47) -> 4 | AX30: =AVERAGE(AV30:AV47) -> 100.55083
C31: 2 | D31: 奶油培根義大利麵 | E31: =VLOOKUP(D31,'10產線配置圖'!$A$2:$C$25,2,0) -> 13 | F31: =VLOOKUP(D31,'10產線配置圖'!$A$2:$C$25,3,0) -> 2000 | G31: =F31/E31 -> 153.84615 | I31: =AVERAGE(P31,U31,Z31,AE31,AJ31,AO31,AT31) -> 13 | J31: =AVERAGE(Q31,V31,AA31,AF31,AK31,AP31,AU31) -> 1927.1429 | K31: =AVERAGE(R31,W31,AB31,AG31,AL31,AQ31,AV31) -> 148.24176 | M31: =RANK(K31, K$30:$K$47) -> 2 | P31: 13 | Q31: 1996 | R31: =Q31/P31 -> 153.53846 | S31: =RANK(R31,$R$30:$R$47) -> 2 | U31: 13 | V31: 1963 | W31: =V31/U31 -> 151 | X31: =RANK(W31, $W$30:$W$47) -> 2 | Z31: 13 | AA31: 1951 | AB31: =AA31/Z31 -> 150.07692 | AC31: =RANK(AB31, $AB$30:$AB$47) -> 3 | AE31: 13 | AF31: 1785 | AG31: =AF31/AE31 -> 137.30769 | AH31: =RANK(AG31, $AG$30:$AG$47) -> 2 | AJ31: 13 | AK31: 1869 | AL31: =AK31/AJ31 -> 143.76923 | AM31: =RANK(AL31, $AL$30:$AL$47) -> 2 | AO31: 13 | AP31: 1984 | AQ31: =AP31/AO31 -> 152.61538 | AR31: =RANK(AQ31,$AQ$30:$AQ$47) -> 2 | AT31: 13 | AU31: 1942 | AV31: =AU31/AT31 -> 149.38462 | AW31: =RANK(AV31, $AV$30:$AV$47) -> 2
C32: 3 | D32: 熱那亞青醬義大利麵 | E32: =VLOOKUP(D32,'10產線配置圖'!$A$2:$C$25,2,0) -> 16 | F32: =VLOOKUP(D32,'10產線配置圖'!$A$2:$C$25,3,0) -> 1915 | G32: =F32/E32 -> 119.6875 | I32: =AVERAGE(P32,U32,Z32,AE32,AJ32,AO32,AT32) -> 16 | J32: =AVERAGE(Q32,V32,AA32,AF32,AK32,AP32,AU32) -> 1645 | K32: =AVERAGE(R32,W32,AB32,AG32,AL32,AQ32,AV32) -> 102.8125 | M32: =RANK(K32, K$30:$K$47) -> 5 | P32: 16 | Q32: 1627 | R32: =Q32/P32 -> 101.6875 | S32: =RANK(R32,$R$30:$R$47) -> 5 | U32: 16 | V32: 1563 | W32: =V32/U32 -> 97.6875 | X32: =RANK(W32, $W$30:$W$47) -> 5 | Z32: 16 | AA32: 1707 | AB32: =AA32/Z32 -> 106.6875 | AC32: =RANK(AB32, $AB$30:$AB$47) -> 5 | AE32: 16 | AF32: 1683 | AG32: =AF32/AE32 -> 105.1875 | AH32: =RANK(AG32, $AG$30:$AG$47) -> 5
C33: 4 | D33: 焗烤起司雙饗筆尖麵 | E33: =VLOOKUP(D33,'10產線配置圖'!$A$2:$C$25,2,0) -> 18 | F33: =VLOOKUP(D33,'10產線配置圖'!$A$2:$C$25,3,0) -> 1565 | G33: =F33/E33 -> 86.944444 | I33: =AVERAGE(P33,U33,Z33,AE33,AJ33,AO33,AT33) -> 17.857143 | J33: =AVERAGE(Q33,V33,AA33,AF33,AK33,AP33,AU33) -> 1538.5714 | K33: =AVERAGE(R33,W33,AB33,AG33,AL33,AQ33,AV33) -> 86.1662 | M33: =RANK(K33, K$30:$K$47) -> 6 | P33: 18 | Q33: 1560 | R33: =Q33/P33 -> 86.666667 | S33: =RANK(R33,$R$30:$R$47) -> 6 | U33: 18 | V33: 1504 | W33: =V33/U33 -> 83.555556 | X33: =RANK(W33, $W$30:$W$47) -> 9 | Z33: 18 | AA33: 1547 | AB33: =AA33/Z33 -> 85.944444 | AC33: =RANK(AB33, $AB$30:$AB$47) -> 8 | AE33: 17 | AF33: 1478 | AG33: =AF33/AE33 -> 86.941176 | AH33: =RANK(AG33, $AG$30:$AG$47) -> 7 | AJ33: 18 | AK33: 1563 | AL33: =AK33/AJ33 -> 86.833333 | AM33: =RANK(AL33, $AL$30:$AL$47) -> 6 | AO33: 18 | AP33: 1550 | AQ33: =AP33/AO33 -> 86.111111 | AR33: =RANK(AQ33,$AQ$30:$AQ$47) -> 5 | AT33: 18 | AU33: 1568 | AV33: =AU33/AT33 -> 87.111111 | AW33: =RANK(AV33, $AV$30:$AV$47) -> 5
C34: 5 | D34: 白酒蛤蜊義大利麵 | E34: =VLOOKUP(D34,'10產線配置圖'!$A$2:$C$25,2,0) -> 13 | F34: =VLOOKUP(D34,'10產線配置圖'!$A$2:$C$25,3,0) -> 2000 | G34: =F34/E34 -> 153.84615 | I34: =AVERAGE(P34,U34,Z34,AE34,AJ34,AO34,AT34) -> 13 | J34: =AVERAGE(Q34,V34,AA34,AF34,AK34,AP34,AU34) -> 1810.4286 | K34: =AVERAGE(R34,W34,AB34,AG34,AL34,AQ34,AV34) -> 139.26374 | M34: =RANK(K34, K$30:$K$47) -> 3 | P34: 13 | Q34: 1828 | R34: =Q34/P34 -> 140.61538 | S34: =RANK(R34,$R$30:$R$47) -> 3 | U34: 13 | V34: 1887 | W34: =V34/U34 -> 145.15385 | X34: =RANK(W34, $W$30:$W$47) -> 3 | Z34: 13 | AA34: 1955 | AB34: =AA34/Z34 -> 150.38462 | AC34: =RANK(AB34, $AB$30:$AB$47) -> 2 | AE34: 13 | AF34: 1454 | AG34: =AF34/AE34 -> 111.84615 | AH34: =RANK(AG34, $AG$30:$AG$47) -> 4 | AJ34: 13 | AK34: 1747 | AL34: =AK34/AJ34 -> 134.38462 | AM34: =RANK(AL34, $AL$30:$AL$47) -> 3 | AO34: 13 | AP34: 1853 | AQ34: =AP34/AO34 -> 142.53846 | AR34: =RANK(AQ34,$AQ$30:$AQ$47) -> 3 | AT34: 13 | AU34: 1949 | AV34: =AU34/AT34 -> 149.92308 | AW34: =RANK(AV34, $AV$30:$AV$47) -> 1
C35: 6 | D35: 韓式起司炸雞義大利麵 | E35: =VLOOKUP(D35,'10產線配置圖'!$A$2:$C$25,2,0) -> 14 | F35: =VLOOKUP(D35,'10產線配置圖'!$A$2:$C$25,3,0) -> 1895 | G35: =F35/E35 -> 135.35714 | I35: =AVERAGE(P35,U35,Z35,AE35,AJ35,AO35,AT35) -> 14 | J35: =AVERAGE(Q35,V35,AA35,AF35,AK35,AP35,AU35) -> 1745.2857 | K35: =AVERAGE(R35,W35,AB35,AG35,AL35,AQ35,AV35) -> 124.66327 | M35: =RANK(K35, K$30:$K$47) -> 4 | P35: 14 | Q35: 1686 | R35: =Q35/P35 -> 120.42857 | S35: =RANK(R35,$R$30:$R$47) -> 4 | U35: 14 | V35: 1680 | W35: =V35/U35 -> 120 | X35: =RANK(W35, $W$30:$W$47) -> 4 | Z35: 14 | AA35: 1662 | AB35: =AA35/Z35 -> 118.71429 | AC35: =RANK(AB35, $AB$30:$AB$47) -> 4 | AE35: 14 | AF35: 1712 | AG35: =AF35/AE35 -> 122.28571 | AH35: =RANK(AG35, $AG$30:$AG$47) -> 3 | AJ35: 14 | AK35: 1825 | AL35: =AK35/AJ35 -> 130.35714 | AM35: =RANK(AL35, $AL$30:$AL$47) -> 4 | AO35: 14 | AP35: 1882 | AQ35: =AP35/AO35 -> 134.42857 | AR35: =RANK(AQ35,$AQ$30:$AQ$47) -> 4 | AT35: 14 | AU35: 1770 | AV35: =AU35/AT35 -> 126.42857 | AW35: =RANK(AV35, $AV$30:$AV$47) -> 3
C36: 7 | D36: 拿坡里義大利麵 | E36: =VLOOKUP(D36,'10產線配置圖'!$A$2:$C$25,2,0) -> 16 | F36: =VLOOKUP(D36,'10產線配置圖'!$A$2:$C$25,3,0) -> 1429 | G36: =F36/E36 -> 89.3125 | I36: =AVERAGE(P36,U36,Z36,AE36,AJ36,AO36,AT36) -> 14.5 | J36: =AVERAGE(Q36,V36,AA36,AF36,AK36,AP36,AU36) -> 1030.75 | K36: =AVERAGE(R36,W36,AB36,AG36,AL36,AQ36,AV36) -> 71.292056 | M36: =RANK(K36, K$30:$K$47) -> 12 | P36: 15 | Q36: 1034 | R36: =Q36/P36 -> 68.933333 | S36: =RANK(R36,$R$30:$R$47) -> 13 | U36: 14 | V36: 1009 | W36: =V36/U36 -> 72.071429 | X36: =RANK(W36, $W$30:$W$47) -> 12 | Z36: 16 | AA36: 1098 | AB36: =AA36/Z36 -> 68.625 | AC36: =RANK(AB36, $AB$30:$AB$47) -> 13 | AE36: 13 | AF36: 982 | AG36: =AF36/AE36 -> 75.538462 | AH36: =RANK(AG36, $AG$30:$AG$47) -> 9
C37: 8 | D37: 黑胡椒燻豬腿義大利麵 | E37: =VLOOKUP(D37,'10產線配置圖'!$A$2:$C$25,2,0) -> 18 | F37: =VLOOKUP(D37,'10產線配置圖'!$A$2:$C$25,3,0) -> 1500 | G37: =F37/E37 -> 83.333333 | I37: =AVERAGE(P37,U37,Z37,AE37,AJ37,AO37,AT37) -> 14 | J37: =AVERAGE(Q37,V37,AA37,AF37,AK37,AP37,AU37) -> 1079.75 | K37: =AVERAGE(R37,W37,AB37,AG37,AL37,AQ37,AV37) -> 77.161573 | M37: =RANK(K37, K$30:$K$47) -> 9 | P37: 13 | Q37: 1124 | R37: =Q37/P37 -> 86.461538 | S37: =RANK(R37,$R$30:$R$47) -> 7 | U37: 14 | V37: 1061 | W37: =V37/U37 -> 75.785714 | X37: =RANK(W37, $W$30:$W$47) -> 10 | Z37: 16 | AA37: 1231 | AB37: =AA37/Z37 -> 76.9375 | AC37: =RANK(AB37, $AB$30:$AB$47) -> 9 | AE37: 13 | AF37: 903 | AG37: =AF37/AE37 -> 69.461538 | AH37: =RANK(AG37, $AG$30:$AG$47) -> 13
C38: 9 | D38: 奶油蒜香雞義大利麵 | E38: =VLOOKUP(D38,'10產線配置圖'!$A$2:$C$25,2,0) -> 18 | F38: =VLOOKUP(D38,'10產線配置圖'!$A$2:$C$25,3,0) -> 1385 | G38: =F38/E38 -> 76.944444 | I38: =AVERAGE(P38,U38,Z38,AE38,AJ38,AO38,AT38) -> 15.428571 | J38: =AVERAGE(Q38,V38,AA38,AF38,AK38,AP38,AU38) -> 1088 | K38: =AVERAGE(R38,W38,AB38,AG38,AL38,AQ38,AV38) -> 70.528798 | M38: =RANK(K38, K$30:$K$47) -> 13 | P38: 15 | Q38: 1158 | R38: =Q38/P38 -> 77.2 | S38: =RANK(R38,$R$30:$R$47) -> 11 | U38: 15 | V38: 1008 | W38: =V38/U38 -> 67.2 | X38: =RANK(W38, $W$30:$W$47) -> 13 | Z38: 18 | AA38: 1268 | AB38: =AA38/Z38 -> 70.444444 | AC38: =RANK(AB38, $AB$30:$AB$47) -> 12 | AE38: 14 | AF38: 986 | AG38: =AF38/AE38 -> 70.428571 | AH38: =RANK(AG38, $AG$30:$AG$47) -> 11 | AJ38: 14 | AK38: 972 | AL38: =AK38/AJ38 -> 69.428571 | AM38: =RANK(AL38, $AL$30:$AL$47) -> 10 | AO38: 16 | AP38: 1101 | AQ38: =AP38/AO38 -> 68.8125 | AR38: =RANK(AQ38,$AQ$30:$AQ$47) -> 8 | AT38: 16 | AU38: 1123 | AV38: =AU38/AT38 -> 70.1875 | AW38: =RANK(AV38, $AV$30:$AV$47) -> 10
C39: 10 | D39: 青花椒麻雞肉拌麵 | E39: =VLOOKUP(D39,'10產線配置圖'!$A$2:$C$25,2,0) -> 17 | F39: =VLOOKUP(D39,'10產線配置圖'!$A$2:$C$25,3,0) -> 1565 | G39: =F39/E39 -> 92.058824 | I39: =AVERAGE(P39,U39,Z39,AE39,AJ39,AO39,AT39) -> 15.428571 | J39: =AVERAGE(Q39,V39,AA39,AF39,AK39,AP39,AU39) -> 1291.1429 | K39: =AVERAGE(R39,W39,AB39,AG39,AL39,AQ39,AV39) -> 84.191517 | M39: =RANK(K39, K$30:$K$47) -> 7 | P39: 15 | Q39: 1290 | R39: =Q39/P39 -> 86 | S39: =RANK(R39,$R$30:$R$47) -> 8 | U39: 14 | V39: 1278 | W39: =V39/U39 -> 91.285714 | X39: =RANK(W39, $W$30:$W$47) -> 6 | Z39: 15 | AA39: 1346 | AB39: =AA39/Z39 -> 89.733333 | AC39: =RANK(AB39, $AB$30:$AB$47) -> 6 | AE39: 15 | AF39: 1329 | AG39: =AF39/AE39 -> 88.6 | AH39: =RANK(AG39, $AG$30:$AG$47) -> 6 | AJ39: 15 | AK39: 1337 | AL39: =AK39/AJ39 -> 89.133333 | AM39: =RANK(AL39, $AL$30:$AL$47) -> 5 | AO39: 17 | AP39: 1087 | AQ39: =AP39/AO39 -> 63.941176 | AR39: =RANK(AQ39,$AQ$30:$AQ$47) -> 10 | AT39: 17 | AU39: 1371 | AV39: =AU39/AT39 -> 80.647059 | AW39: =RANK(AV39, $AV$30:$AV$47) -> 6
C40: 11 | D40: 韓式辣醬肉丸義大利麵 | E40: =VLOOKUP(D40,'10產線配置圖'!$A$2:$C$25,2,0) -> 15 | F40: =VLOOKUP(D40,'10產線配置圖'!$A$2:$C$25,3,0) -> 1565 | G40: =F40/E40 -> 104.33333 | I40: =AVERAGE(P40,U40,Z40,AE40,AJ40,AO40,AT40) -> 14.571429 | J40: =AVERAGE(Q40,V40,AA40,AF40,AK40,AP40,AU40) -> 1075.1429 | K40: =AVERAGE(R40,W40,AB40,AG40,AL40,AQ40,AV40) -> 73.950915 | M40: =RANK(K40, K$30:$K$47) -> 11 | P40: 13 | Q40: 1001 | R40: =Q40/P40 -> 77 | S40: =RANK(R40,$R$30:$R$47) -> 12 | U40: 13 | V40: 963 | W40: =V40/U40 -> 74.076923 | X40: =RANK(W40, $W$30:$W$47) -> 11 | Z40: 14 | AA40: 1038 | AB40: =AA40/Z40 -> 74.142857 | AC40: =RANK(AB40, $AB$30:$AB$47) -> 10 | AE40: 14 | AF40: 1044 | AG40: =AF40/AE40 -> 74.571429 | AH40: =RANK(AG40, $AG$30:$AG$47) -> 10 | AJ40: 15 | AK40: 1105 | AL40: =AK40/AJ40 -> 73.666667 | AM40: =RANK(AL40, $AL$30:$AL$47) -> 8 | AO40: 17 | AP40: 1153 | AQ40: =AP40/AO40 -> 67.823529 | AR40: =RANK(AQ40,$AQ$30:$AQ$47) -> 9 | AT40: 16 | AU40: 1222 | AV40: =AU40/AT40 -> 76.375 | AW40: =RANK(AV40, $AV$30:$AV$47) -> 7
C41: 12 | D41: 家傳炸醬麵 | E41: =VLOOKUP(D41,'10產線配置圖'!$A$2:$C$25,2,0) -> 18 | F41: =VLOOKUP(D41,'10產線配置圖'!$A$2:$C$25,3,0) -> 1636 | G41: =F41/E41 -> 90.888889 | I41: =AVERAGE(P41,U41,Z41,AE41,AJ41,AO41,AT41) -> 15.285714 | J41: =AVERAGE(Q41,V41,AA41,AF41,AK41,AP41,AU41) -> 1175.8571 | K41: =AVERAGE(R41,W41,AB41,AG41,AL41,AQ41,AV41) -> 77.156441 | M41: =RANK(K41, K$30:$K$47) -> 10 | P41: 13 | Q41: 1097 | R41: =Q41/P41 -> 84.384615 | S41: =RANK(R41,$R$30:$R$47) -> 10 | U41: 15 | V41: 1354 | W41: =V41/U41 -> 90.266667 | X41: =RANK(W41, $W$30:$W$47) -> 7 | Z41: 17 | AA41: 1249 | AB41: =AA41/Z41 -> 73.470588 | AC41: =RANK(AB41, $AB$30:$AB$47) -> 11 | AE41: 14 | AF41: 984 | AG41: =AF41/AE41 -> 70.285714 | AH41: =RANK(AG41, $AG$30:$AG$47) -> 12 | AJ41: 16 | AK41: 1116 | AL41: =AK41/AJ41 -> 69.75 | AM41: =RANK(AL41, $AL$30:$AL$47) -> 9 | AO41: 16 | AP41: 1258 | AQ41: =AP41/AO41 -> 78.625 | AR41: =RANK(AQ41,$AQ$30:$AQ$47) -> 6 | AT41: 16 | AU41: 1173 | AV41: =AU41/AT41 -> 73.3125 | AW41: =RANK(AV41, $AV$30:$AV$47) -> 9
C42: 13 | D42: 剝皮辣椒雞奶油扁麵 | E42: =VLOOKUP(D42,'10產線配置圖'!$A$2:$C$25,2,0) -> 19 | F42: =VLOOKUP(D42,'10產線配置圖'!$A$2:$C$25,3,0) -> 1600 | G42: =F42/E42 -> 84.210526 | I42: =AVERAGE(P42,U42,Z42,AE42,AJ42,AO42,AT42) -> 17.714286 | J42: =AVERAGE(Q42,V42,AA42,AF42,AK42,AP42,AU42) -> 1414.5714 | K42: =AVERAGE(R42,W42,AB42,AG42,AL42,AQ42,AV42) -> 80.073665 | M42: =RANK(K42, K$30:$K$47) -> 8 | P42: 17 | Q42: 1443 | R42: =Q42/P42 -> 84.882353 | S42: =RANK(R42,$R$30:$R$47) -> 9 | U42: 17 | V42: 1485 | W42: =V42/U42 -> 87.352941 | X42: =RANK(W42, $W$30:$W$47) -> 8 | Z42: 17 | AA42: 1478 | AB42: =AA42/Z42 -> 86.941176 | AC42: =RANK(AB42, $AB$30:$AB$47) -> 7 | AE42: 18 | AF42: 1419 | AG42: =AF42/AE42 -> 78.833333 | AH42: =RANK(AG42, $AG$30:$AG$47) -> 8 | AJ42: 18 | AK42: 1369 | AL42: =AK42/AJ42 -> 76.055556 | AM42: =RANK(AL42, $AL$30:$AL$47) -> 7 | AO42: 19 | AP42: 1366 | AQ42: =AP42/AO42 -> 71.894737 | AR42: =RANK(AQ42,$AQ$30:$AQ$47) -> 7 | AT42: 18 | AU42: 1342 | AV42: =AU42/AT42 -> 74.555556 | AW42: =RANK(AV42, $AV$30:$AV$47) -> 8
C43: 14 | D43: 羊乳起司培根筆尖麵 | E43: =VLOOKUP(D43,'10產線配置圖'!$A$2:$C$25,2,0) -> 17 | F43: =VLOOKUP(D43,'10產線配置圖'!$A$2:$C$25,3,0) -> 1636 | G43: =F43/E43 -> 96.235294
C44: 15
C45: 16
C46: 17
C47: 18
B48: 產線配置圖－每週更新 | N48: 資料繳交 | O48: 日期 | P48: 45944 | U48: 45945 | Z48: 45946 | AE48: 45947 | AJ48: 45948 | AO48: 45949 | AT48: 45950
P49: 二 | U49: 三 | Z49: 四 | AE49: 五 | AJ49: 六 | AO49: 日 | AT49: 一
B50: 品群 | C50: 商品名稱 | E50: 計畫 | H50: 平均人時性 | I50: 實績 | L50: 平均人時性 | M50: 排名 | O50: 日報 | P50: 實際 | T50: 平均人時性 | U50: 實際 | Y50: 平均人時性 | Z50: 實際 | AD50: 平均人時性 | AE50: 實際 | AI50: 平均人時性 | AJ50: 實際 | AN50: 平均人時性 | AO50: 實際 | AS50: 平均人時性 | AT50: 實際 | AX50: 平均人時性
E51: 產線配置圖 | I51: 產線配置圖 | P51: 生產實績 | U51: 生產實績 | Z51: 生產實績 | AE51: 生產實績 | AJ51: 生產實績 | AO51: 生產實績 | AT51: 生產實績
E52: 人數 | F52: 產能／時 | G52: 人時性 | I52: 人數 | J52: 產能／時 | K52: 人時性 | P52: 人數 | Q52: 產能／時 | R52: 人時性 | S52: 排名 | U52: 人數 | V52: 產能／時 | W52: 人時性 | X52: 排名 | Z52: 人數 | AA52: 產能／時 | AB52: 人時性 | AC52: 排名 | AE52: 人數 | AF52: 產能／時 | AG52: 人時性 | AH52: 排名 | AJ52: 人數 | AK52: 產能／時 | AL52: 人時性 | AM52: 排名 | AO52: 人數 | AP52: 產能／時 | AQ52: 人時性 | AR52: 排名 | AT52: 人數 | AU52: 產能／時 | AV52: 人時性 | AW52: 排名
B53: 熱食義麵 | C53: 1 | D53: 義式蕃茄起司義大利麵 | E53: =VLOOKUP(D53,'10產線配置圖'!$A$2:$C$25,2,0) -> 12 | F53: =VLOOKUP(D53,'10產線配置圖'!$A$2:$C$25,3,0) -> 2000 | G53: =F53/E53 -> 166.66667 | H53: =AVERAGE(G53:G67) -> 109.54751 | I53: =AVERAGE(P53,U53,Z53,AE53,AJ53,AO53,AT53) -> #DIV/0! | J53: =AVERAGE(Q53,V53,AA53,AF53,AK53,AP53,AU53) -> #DIV/0! | K53: =AVERAGE(R53,W53,AB53,AG53,AL53,AQ53,AV53) -> #DIV/0! | L53: =IFERROR(AVERAGE(K53:K67),"-") -> - | M53: =RANK(K53, K$53:$K$67) -> #DIV/0! | R53: =Q53/P53 -> #DIV/0! | S53: =RANK(R53, $R$53:$R$67) -> #DIV/0! | T53: =AVERAGE(R53:R67) -> #DIV/0! | W53: =V53/U53 -> #DIV/0! | X53: =RANK(W53,$W$53:$W$67) -> #DIV/0! | Y53: =AVERAGE(W53:W67) -> #DIV/0! | AB53: =AA53/Z53 -> #DIV/0! | AC53: =RANK(AB53, $AB$53:$AB$67) -> #DIV/0! | AD53: =AVERAGE(AB53:AB67) -> #DIV/0! | AG53: =AF53/AE53 -> #DIV/0! | AH53: =RANK(AG53, $AG$53:$AG$67) -> #DIV/0! | AI53: =AVERAGE(AG53:AG67) -> #DIV/0! | AL53: =AK53/AJ53 -> #DIV/0! | AM53: =RANK(AL53,$AL$53:$AL$67) -> #DIV/0! | AN53: =AVERAGE(AL53:AL67) -> #DIV/0! | AQ53: =AP53/AO53 -> #DIV/0! | AR53: =RANK(AQ53,$AQ$53:$AQ$67) -> #DIV/0! | AS53: =AVERAGE(AQ53:AQ67) -> #DIV/0! | AV53: =AU53/AT53 -> #DIV/0! | AW53: =RANK(AV53,$AV$53:$AV$67) -> #DIV/0! | AX53: =AVERAGE(AV53:AV67) -> #DIV/0!
C54: 2 | D54: 奶油培根義大利麵 | E54: =VLOOKUP(D54,'10產線配置圖'!$A$2:$C$25,2,0) -> 13 | F54: =VLOOKUP(D54,'10產線配置圖'!$A$2:$C$25,3,0) -> 2000 | G54: =F54/E54 -> 153.84615 | I54: =AVERAGE(P54,U54,Z54,AE54,AJ54,AO54,AT54) -> #DIV/0! | J54: =AVERAGE(Q54,V54,AA54,AF54,AK54,AP54,AU54) -> #DIV/0! | K54: =AVERAGE(R54,W54,AB54,AG54,AL54,AQ54,AV54) -> #DIV/0! | M54: =RANK(K54, K$53:$K$67) -> #DIV/0! | R54: =Q54/P54 -> #DIV/0! | S54: =RANK(R54, $R$53:$R$67) -> #DIV/0! | W54: =V54/U54 -> #DIV/0! | X54: =RANK(W54,$W$53:$W$67) -> #DIV/0! | AB54: =AA54/Z54 -> #DIV/0! | AC54: =RANK(AB54, $AB$53:$AB$67) -> #DIV/0! | AG54: =AF54/AE54 -> #DIV/0! | AH54: =RANK(AG54, $AG$53:$AG$67) -> #DIV/0! | AL54: =AK54/AJ54 -> #DIV/0! | AM54: =RANK(AL54,$AL$53:$AL$67) -> #DIV/0! | AQ54: =AP54/AO54 -> #DIV/0! | AR54: =RANK(AQ54,$AQ$53:$AQ$67) -> #DIV/0! | AV54: =AU54/AT54 -> #DIV/0! | AW54: =RANK(AV54,$AV$53:$AV$67) -> #DIV/0!
C55: 3 | D55: 熱那亞青醬義大利麵 | E55: =VLOOKUP(D55,'10產線配置圖'!$A$2:$C$25,2,0) -> 16 | F55: =VLOOKUP(D55,'10產線配置圖'!$A$2:$C$25,3,0) -> 1915 | G55: =F55/E55 -> 119.6875 | I55: =AVERAGE(P55,U55,Z55,AE55,AJ55,AO55,AT55) -> #DIV/0! | J55: =AVERAGE(Q55,V55,AA55,AF55,AK55,AP55,AU55) -> #DIV/0! | K55: =AVERAGE(R55,W55,AB55,AG55,AL55,AQ55,AV55) -> #DIV/0! | M55: =RANK(K55, K$53:$K$67) -> #DIV/0! | R55: =Q55/P55 -> #DIV/0! | S55: =RANK(R55, $R$53:$R$67) -> #DIV/0! | W55: =V55/U55 -> #DIV/0! | X55: =RANK(W55,$W$53:$W$67) -> #DIV/0! | AB55: =AA55/Z55 -> #DIV/0! | AC55: =RANK(AB55, $AB$53:$AB$67) -> #DIV/0! | AG55: =AF55/AE55 -> #DIV/0! | AH55: =RANK(AG55, $AG$53:$AG$67) -> #DIV/0! | AL55: =AK55/AJ55 -> #DIV/0! | AM55: =RANK(AL55,$AL$53:$AL$67) -> #DIV/0! | AQ55: =AP55/AO55 -> #DIV/0! | AR55: =RANK(AQ55,$AQ$53:$AQ$67) -> #DIV/0! | AV55: =AU55/AT55 -> #DIV/0! | AW55: =RANK(AV55,$AV$53:$AV$67) -> #DIV/0!
C56: 4 | D56: 焗烤起司雙饗筆尖麵 | E56: =VLOOKUP(D56,'10產線配置圖'!$A$2:$C$25,2,0) -> 18 | F56: =VLOOKUP(D56,'10產線配置圖'!$A$2:$C$25,3,0) -> 1565 | G56: =F56/E56 -> 86.944444 | I56: =AVERAGE(P56,U56,Z56,AE56,AJ56,AO56,AT56) -> #DIV/0! | J56: =AVERAGE(Q56,V56,AA56,AF56,AK56,AP56,AU56) -> #DIV/0! | K56: =AVERAGE(R56,W56,AB56,AG56,AL56,AQ56,AV56) -> #DIV/0! | M56: =RANK(K56, K$53:$K$67) -> #DIV/0! | R56: =Q56/P56 -> #DIV/0! | S56: =RANK(R56, $R$53:$R$67) -> #DIV/0! | W56: =V56/U56 -> #DIV/0! | X56: =RANK(W56,$W$53:$W$67) -> #DIV/0! | AB56: =AA56/Z56 -> #DIV/0! | AC56: =RANK(AB56, $AB$53:$AB$67) -> #DIV/0! | AG56: =AF56/AE56 -> #DIV/0! | AH56: =RANK(AG56, $AG$53:$AG$67) -> #DIV/0! | AL56: =AK56/AJ56 -> #DIV/0! | AM56: =RANK(AL56,$AL$53:$AL$67) -> #DIV/0! | AQ56: =AP56/AO56 -> #DIV/0! | AR56: =RANK(AQ56,$AQ$53:$AQ$67) -> #DIV/0! | AV56: =AU56/AT56 -> #DIV/0! | AW56: =RANK(AV56,$AV$53:$AV$67) -> #DIV/0!
C57: 5 | D57: 白酒蛤蜊義大利麵 | E57: =VLOOKUP(D57,'10產線配置圖'!$A$2:$C$25,2,0) -> 13 | F57: =VLOOKUP(D57,'10產線配置圖'!$A$2:$C$25,3,0) -> 2000 | G57: =F57/E57 -> 153.84615 | I57: =AVERAGE(P57,U57,Z57,AE57,AJ57,AO57,AT57) -> #DIV/0! | J57: =AVERAGE(Q57,V57,AA57,AF57,AK57,AP57,AU57) -> #DIV/0! | K57: =AVERAGE(R57,W57,AB57,AG57,AL57,AQ57,AV57) -> #DIV/0! | M57: =RANK(K57, K$53:$K$67) -> #DIV/0! | R57: =Q57/P57 -> #DIV/0! | S57: =RANK(R57, $R$53:$R$67) -> #DIV/0! | W57: =V57/U57 -> #DIV/0! | X57: =RANK(W57,$W$53:$W$67) -> #DIV/0! | AB57: =AA57/Z57 -> #DIV/0! | AC57: =RANK(AB57, $AB$53:$AB$67) -> #DIV/0! | AG57: =AF57/AE57 -> #DIV/0! | AH57: =RANK(AG57, $AG$53:$AG$67) -> #DIV/0! | AL57: =AK57/AJ57 -> #DIV/0! | AM57: =RANK(AL57,$AL$53:$AL$67) -> #DIV/0! | AQ57: =AP57/AO57 -> #DIV/0! | AR57: =RANK(AQ57,$AQ$53:$AQ$67) -> #DIV/0! | AV57: =AU57/AT57 -> #DIV/0! | AW57: =RANK(AV57,$AV$53:$AV$67) -> #DIV/0!
C58: 6 | D58: 韓式起司炸雞義大利麵 | E58: =VLOOKUP(D58,'10產線配置圖'!$A$2:$C$25,2,0) -> 14 | F58: =VLOOKUP(D58,'10產線配置圖'!$A$2:$C$25,3,0) -> 1895 | G58: =F58/E58 -> 135.35714 | I58: =AVERAGE(P58,U58,Z58,AE58,AJ58,AO58,AT58) -> #DIV/0! | J58: =AVERAGE(Q58,V58,AA58,AF58,AK58,AP58,AU58) -> #DIV/0! | K58: =AVERAGE(R58,W58,AB58,AG58,AL58,AQ58,AV58) -> #DIV/0! | M58: =RANK(K58, K$53:$K$67) -> #DIV/0! | R58: =Q58/P58 -> #DIV/0! | S58: =RANK(R58, $R$53:$R$67) -> #DIV/0! | W58: =V58/U58 -> #DIV/0! | X58: =RANK(W58,$W$53:$W$67) -> #DIV/0! | AB58: =AA58/Z58 -> #DIV/0! | AC58: =RANK(AB58, $AB$53:$AB$67) -> #DIV/0! | AG58: =AF58/AE58 -> #DIV/0! | AH58: =RANK(AG58, $AG$53:$AG$67) -> #DIV/0! | AL58: =AK58/AJ58 -> #DIV/0! | AM58: =RANK(AL58,$AL$53:$AL$67) -> #DIV/0! | AQ58: =AP58/AO58 -> #DIV/0! | AR58: =RANK(AQ58,$AQ$53:$AQ$67) -> #DIV/0! | AV58: =AU58/AT58 -> #DIV/0! | AW58: =RANK(AV58,$AV$53:$AV$67) -> #DIV/0!
C59: 7 | D59: 拿坡里義大利麵 | E59: =VLOOKUP(D59,'10產線配置圖'!$A$2:$C$25,2,0) -> 16 | F59: =VLOOKUP(D59,'10產線配置圖'!$A$2:$C$25,3,0) -> 1429 | G59: =F59/E59 -> 89.3125
C60: 8 | D60: 黑胡椒燻豬腿義大利麵 | E60: =VLOOKUP(D60,'10產線配置圖'!$A$2:$C$25,2,0) -> 18 | F60: =VLOOKUP(D60,'10產線配置圖'!$A$2:$C$25,3,0) -> 1500 | G60: =F60/E60 -> 83.333333 | I60: =AVERAGE(P60,U60,Z60,AE60,AJ60,AO60,AT60) -> #DIV/0! | J60: =AVERAGE(Q60,V60,AA60,AF60,AK60,AP60,AU60) -> #DIV/0! | K60: =AVERAGE(R60,W60,AB60,AG60,AL60,AQ60,AV60) -> #DIV/0! | M60: =RANK(K60, K$53:$K$67) -> #DIV/0! | R60: =Q60/P60 -> #DIV/0! | S60: =RANK(R60, $R$53:$R$67) -> #DIV/0! | W60: =V60/U60 -> #DIV/0! | X60: =RANK(W60,$W$53:$W$67) -> #DIV/0! | AB60: =AA60/Z60 -> #DIV/0! | AC60: =RANK(AB60, $AB$53:$AB$67) -> #DIV/0! | AG60: =AF60/AE60 -> #DIV/0! | AH60: =RANK(AG60, $AG$53:$AG$67) -> #DIV/0! | AL60: =AK60/AJ60 -> #DIV/0! | AM60: =RANK(AL60,$AL$53:$AL$67) -> #DIV/0! | AQ60: =AP60/AO60 -> #DIV/0! | AR60: =RANK(AQ60,$AQ$53:$AQ$67) -> #DIV/0! | AV60: =AU60/AT60 -> #DIV/0! | AW60: =RANK(AV60,$AV$53:$AV$67) -> #DIV/0!
C61: 9 | D61: 奶油蒜香雞義大利麵 | E61: =VLOOKUP(D61,'10產線配置圖'!$A$2:$C$25,2,0) -> 18 | F61: =VLOOKUP(D61,'10產線配置圖'!$A$2:$C$25,3,0) -> 1385 | G61: =F61/E61 -> 76.944444 | I61: =AVERAGE(P61,U61,Z61,AE61,AJ61,AO61,AT61) -> #DIV/0! | J61: =AVERAGE(Q61,V61,AA61,AF61,AK61,AP61,AU61) -> #DIV/0! | K61: =AVERAGE(R61,W61,AB61,AG61,AL61,AQ61,AV61) -> #DIV/0! | M61: =RANK(K61, K$53:$K$67) -> #DIV/0! | R61: =Q61/P61 -> #DIV/0! | S61: =RANK(R61, $R$53:$R$67) -> #DIV/0! | W61: =V61/U61 -> #DIV/0! | X61: =RANK(W61,$W$53:$W$67) -> #DIV/0! | AB61: =AA61/Z61 -> #DIV/0! | AC61: =RANK(AB61, $AB$53:$AB$67) -> #DIV/0! | AG61: =AF61/AE61 -> #DIV/0! | AH61: =RANK(AG61, $AG$53:$AG$67) -> #DIV/0! | AL61: =AK61/AJ61 -> #DIV/0! | AM61: =RANK(AL61,$AL$53:$AL$67) -> #DIV/0! | AQ61: =AP61/AO61 -> #DIV/0! | AR61: =RANK(AQ61,$AQ$53:$AQ$67) -> #DIV/0! | AV61: =AU61/AT61 -> #DIV/0! | AW61: =RANK(AV61,$AV$53:$AV$67) -> #DIV/0!
C62: 10 | D62: 青花椒麻雞肉拌麵 | E62: =VLOOKUP(D62,'10產線配置圖'!$A$2:$C$25,2,0) -> 17 | F62: =VLOOKUP(D62,'10產線配置圖'!$A$2:$C$25,3,0) -> 1565 | G62: =F62/E62 -> 92.058824 | I62: =AVERAGE(P62,U62,Z62,AE62,AJ62,AO62,AT62) -> #DIV/0! | J62: =AVERAGE(Q62,V62,AA62,AF62,AK62,AP62,AU62) -> #DIV/0! | K62: =AVERAGE(R62,W62,AB62,AG62,AL62,AQ62,AV62) -> #DIV/0! | M62: =RANK(K62, K$53:$K$67) -> #DIV/0! | R62: =Q62/P62 -> #DIV/0! | S62: =RANK(R62, $R$53:$R$67) -> #DIV/0! | W62: =V62/U62 -> #DIV/0! | X62: =RANK(W62,$W$53:$W$67) -> #DIV/0! | AB62: =AA62/Z62 -> #DIV/0! | AC62: =RANK(AB62, $AB$53:$AB$67) -> #DIV/0! | AG62: =AF62/AE62 -> #DIV/0! | AH62: =RANK(AG62, $AG$53:$AG$67) -> #DIV/0! | AL62: =AK62/AJ62 -> #DIV/0! | AM62: =RANK(AL62,$AL$53:$AL$67) -> #DIV/0! | AQ62: =AP62/AO62 -> #DIV/0! | AR62: =RANK(AQ62,$AQ$53:$AQ$67) -> #DIV/0! | AV62: =AU62/AT62 -> #DIV/0! | AW62: =RANK(AV62,$AV$53:$AV$67) -> #DIV/0!
C63: 11 | D63: 韓式辣醬肉丸義大利麵 | E63: =VLOOKUP(D63,'10產線配置圖'!$A$2:$C$25,2,0) -> 15 | F63: =VLOOKUP(D63,'10產線配置圖'!$A$2:$C$25,3,0) -> 1565 | G63: =F63/E63 -> 104.33333 | I63: =AVERAGE(P63,U63,Z63,AE63,AJ63,AO63,AT63) -> #DIV/0! | J63: =AVERAGE(Q63,V63,AA63,AF63,AK63,AP63,AU63) -> #DIV/0! | K63: =AVERAGE(R63,W63,AB63,AG63,AL63,AQ63,AV63) -> #DIV/0! | M63: =RANK(K63, K$53:$K$67) -> #DIV/0! | R63: =Q63/P63 -> #DIV/0! | S63: =RANK(R63, $R$53:$R$67) -> #DIV/0! | W63: =V63/U63 -> #DIV/0! | X63: =RANK(W63,$W$53:$W$67) -> #DIV/0! | AB63: =AA63/Z63 -> #DIV/0! | AC63: =RANK(AB63, $AB$53:$AB$67) -> #DIV/0! | AG63: =AF63/AE63 -> #DIV/0! | AH63: =RANK(AG63, $AG$53:$AG$67) -> #DIV/0! | AL63: =AK63/AJ63 -> #DIV/0! | AM63: =RANK(AL63,$AL$53:$AL$67) -> #DIV/0! | AQ63: =AP63/AO63 -> #DIV/0! | AR63: =RANK(AQ63,$AQ$53:$AQ$67) -> #DIV/0! | AV63: =AU63/AT63 -> #DIV/0! | AW63: =RANK(AV63,$AV$53:$AV$67) -> #DIV/0!
C64: 12 | D64: 家傳炸醬麵 | E64: =VLOOKUP(D64,'10產線配置圖'!$A$2:$C$25,2,0) -> 18 | F64: =VLOOKUP(D64,'10產線配置圖'!$A$2:$C$25,3,0) -> 1636 | G64: =F64/E64 -> 90.888889 | I64: =AVERAGE(P64,U64,Z64,AE64,AJ64,AO64,AT64) -> #DIV/0! | J64: =AVERAGE(Q64,V64,AA64,AF64,AK64,AP64,AU64) -> #DIV/0! | K64: =AVERAGE(R64,W64,AB64,AG64,AL64,AQ64,AV64) -> #DIV/0! | M64: =RANK(K64, K$53:$K$67) -> #DIV/0! | R64: =Q64/P64 -> #DIV/0! | S64: =RANK(R64, $R$53:$R$67) -> #DIV/0! | W64: =V64/U64 -> #DIV/0! | X64: =RANK(W64,$W$53:$W$67) -> #DIV/0! | AB64: =AA64/Z64 -> #DIV/0! | AC64: =RANK(AB64, $AB$53:$AB$67) -> #DIV/0! | AG64: =AF64/AE64 -> #DIV/0! | AH64: =RANK(AG64, $AG$53:$AG$67) -> #DIV/0! | AL64: =AK64/AJ64 -> #DIV/0! | AM64: =RANK(AL64,$AL$53:$AL$67) -> #DIV/0! | AQ64: =AP64/AO64 -> #DIV/0! | AR64: =RANK(AQ64,$AQ$53:$AQ$67) -> #DIV/0! | AV64: =AU64/AT64 -> #DIV/0! | AW64: =RANK(AV64,$AV$53:$AV$67) -> #DIV/0!
C65: 13 | D65: 剝皮辣椒雞奶油扁麵 | E65: =VLOOKUP(D65,'10產線配置圖'!$A$2:$C$25,2,0) -> 19 | F65: =VLOOKUP(D65,'10產線配置圖'!$A$2:$C$25,3,0) -> 1600 | G65: =F65/E65 -> 84.210526 | I65: =AVERAGE(P65,U65,Z65,AE65,AJ65,AO65,AT65) -> #DIV/0! | J65: =AVERAGE(Q65,V65,AA65,AF65,AK65,AP65,AU65) -> #DIV/0! | K65: =AVERAGE(R65,W65,AB65,AG65,AL65,AQ65,AV65) -> #DIV/0! | M65: =RANK(K65, K$53:$K$67) -> #DIV/0! | R65: =Q65/P65 -> #DIV/0! | S65: =RANK(R65, $R$53:$R$67) -> #DIV/0! | W65: =V65/U65 -> #DIV/0! | X65: =RANK(W65,$W$53:$W$67) -> #DIV/0! | AB65: =AA65/Z65 -> #DIV/0! | AC65: =RANK(AB65, $AB$53:$AB$67) -> #DIV/0! | AG65: =AF65/AE65 -> #DIV/0! | AH65: =RANK(AG65, $AG$53:$AG$67) -> #DIV/0! | AL65: =AK65/AJ65 -> #DIV/0! | AM65: =RANK(AL65,$AL$53:$AL$67) -> #DIV/0! | AQ65: =AP65/AO65 -> #DIV/0! | AR65: =RANK(AQ65,$AQ$53:$AQ$67) -> #DIV/0! | AV65: =AU65/AT65 -> #DIV/0! | AW65: =RANK(AV65,$AV$53:$AV$67) -> #DIV/0!
C66: 14 | D66: 羊乳起司培根筆尖麵 | E66: =VLOOKUP(D66,'10產線配置圖'!$A$2:$C$25,2,0) -> 17 | F66: =VLOOKUP(D66,'10產線配置圖'!$A$2:$C$25,3,0) -> 1636 | G66: =F66/E66 -> 96.235294 | I66: =AVERAGE(P66,U66,Z66,AE66,AJ66,AO66,AT66) -> #DIV/0! | J66: =AVERAGE(Q66,V66,AA66,AF66,AK66,AP66,AU66) -> #DIV/0! | K66: =AVERAGE(R66,W66,AB66,AG66,AL66,AQ66,AV66) -> #DIV/0! | M66: =RANK(K66, K$53:$K$67) -> #DIV/0! | R66: =Q66/P66 -> #DIV/0! | S66: =RANK(R66, $R$53:$R$67) -> #DIV/0! | W66: =V66/U66 -> #DIV/0! | X66: =RANK(W66,$W$53:$W$67) -> #DIV/0! | AB66: =AA66/Z66 -> #DIV/0! | AC66: =RANK(AB66, $AB$53:$AB$67) -> #DIV/0! | AG66: =AF66/AE66 -> #DIV/0! | AH66: =RANK(AG66, $AG$53:$AG$67) -> #DIV/0! | AL66: =AK66/AJ66 -> #DIV/0! | AM66: =RANK(AL66,$AL$53:$AL$67) -> #DIV/0! | AQ66: =AP66/AO66 -> #DIV/0! | AR66: =RANK(AQ66,$AQ$53:$AQ$67) -> #DIV/0! | AV66: =AU66/AT66 -> #DIV/0! | AW66: =RANK(AV66,$AV$53:$AV$67) -> #DIV/0!
C67: 15 | I67: =AVERAGE(P67,U67,Z67,AE67,AJ67,AO67,AT67) -> #DIV/0! | J67: =AVERAGE(Q67,V67,AA67,AF67,AK67,AP67,AU67) -> #DIV/0! | K67: =AVERAGE(R67,W67,AB67,AG67,AL67,AQ67,AV67) -> #DIV/0! | M67: =RANK(K67, K$53:$K$67) -> #DIV/0! | R67: =Q67/P67 -> #DIV/0! | S67: =RANK(R67, $R$53:$R$67) -> #DIV/0! | W67: =V67/U67 -> #DIV/0! | X67: =RANK(W67,$W$53:$W$67) -> #DIV/0! | AB67: =AA67/Z67 -> #DIV/0! | AC67: =RANK(AB67, $AB$53:$AB$67) -> #DIV/0! | AG67: =AF67/AE67 -> #DIV/0! | AH67: =RANK(AG67, $AG$53:$AG$67) -> #DIV/0! | AL67: =AK67/AJ67 -> #DIV/0! | AM67: =RANK(AL67,$AL$53:$AL$67) -> #DIV/0! | AQ67: =AP67/AO67 -> #DIV/0! | AR67: =RANK(AQ67,$AQ$53:$AQ$67) -> #DIV/0! | AV67: =AU67/AT67 -> #DIV/0! | AW67: =RANK(AV67,$AV$53:$AV$67) -> #DIV/0!
B68: 產線配置圖－每週更新 | N68: 資料繳交 | O68: 日期 | P68: 45951 | U68: 45952 | Z68: 45953 | AE68: 45954 | AJ68: 45955 | AO68: 45956 | AT68: 45957
P69: 二 | U69: 三 | Z69: 四 | AE69: 五 | AJ69: 六 | AO69: 日 | AT69: 一
B70: 品群 | C70: 商品名稱 | E70: 計畫 | H70: 平均人時性 | I70: 實績 | L70: 平均人時性 | M70: 排名 | O70: 日報 | P70: 實際 | T70: 平均人時性 | U70: 實際 | Y70: 平均人時性 | Z70: 實際 | AD70: 平均人時性 | AE70: 實際 | AI70: 平均人時性 | AJ70: 實際 | AN70: 平均人時性 | AO70: 實際 | AS70: 平均人時性 | AT70: 實際 | AX70: 平均人時性
E71: 產線配置圖 | I71: 產線配置圖 | P71: 生產實績 | U71: 生產實績 | Z71: 生產實績 | AE71: 生產實績 | AJ71: 生產實績 | AO71: 生產實績 | AT71: 生產實績
E72: 人數 | F72: 產能／時 | G72: 人時性 | I72: 人數 | J72: 產能／時 | K72: 人時性 | P72: 人數 | Q72: 產能／時 | R72: 人時性 | S72: 排名 | U72: 人數 | V72: 產能／時 | W72: 人時性 | X72: 排名 | Z72: 人數 | AA72: 產能／時 | AB72: 人時性 | AC72: 排名 | AE72: 人數 | AF72: 產能／時 | AG72: 人時性 | AH72: 排名 | AJ72: 人數 | AK72: 產能／時 | AL72: 人時性 | AM72: 排名 | AO72: 人數 | AP72: 產能／時 | AQ72: 人時性 | AR72: 排名 | AT72: 人數 | AU72: 產能／時 | AV72: 人時性 | AW72: 排名
B73: 熱食義麵 | C73: 1 | D73: 義式蕃茄起司義大利麵 | E73: =VLOOKUP(D73,'10產線配置圖'!$A$2:$C$25,2,0) -> 12 | F73: =VLOOKUP(D73,'10產線配置圖'!$A$2:$C$25,3,0) -> 2000 | G73: =F73/E73 -> 166.66667 | H73: =AVERAGE(G73:G87) -> 109.54751 | I73: =AVERAGE(P73,U73,Z73,AE73,AJ73,AO73,AT73) -> #DIV/0! | J73: =AVERAGE(Q73,V73,AA73,AF73,AK73,AP73,AU73) -> #DIV/0! | K73: =AVERAGE(R73,W73,AB73,AG73,AL73,AQ73,AV73) -> #DIV/0! | L73: =IFERROR(AVERAGE(K73:K90),"-") -> - | M73: =RANK(K73, $K$73:$K$90) -> #DIV/0! | R73: =Q73/P73 -> #DIV/0! | S73: =RANK(R73, $R$73:$R$90) -> #DIV/0! | T73: =AVERAGE(R73:R90) -> #DIV/0! | W73: =V73/U73 -> #DIV/0! | X73: =RANK(W73, $W$73:$W$90) -> #DIV/0! | Y73: =AVERAGE(W73:W90) -> #DIV/0! | AB73: =AA73/Z73 -> #DIV/0! | AC73: =RANK(AB73, $AB$73:$AB$90) -> #DIV/0! | AD73: =AVERAGE(AB73:AB90) -> #DIV/0! | AG73: =AF73/AE73 -> #DIV/0! | AH73: =RANK(AG73, $AG$73:$AG$90) -> #DIV/0! | AI73: =AVERAGE(AG73:AG90) -> #DIV/0! | AL73: =AK73/AJ73 -> #DIV/0! | AM73: =RANK(AL73, $AL$73:$AL$90) -> #DIV/0! | AN73: =AVERAGE(AL73:AL90) -> #DIV/0! | AQ73: =AP73/AO73 -> #DIV/0! | AR73: =RANK(AQ73, $AQ$73:$AQ$90) -> #DIV/0! | AS73: =AVERAGE(AQ73:AQ90) -> #DIV/0! | AV73: =AU73/AT73 -> #DIV/0! | AW73: =RANK(AV73, $AV$73:$AV$90) -> #DIV/0! | AX73: =AVERAGE(AV73:AV90) -> #DIV/0!
C74: 2 | D74: 奶油培根義大利麵 | E74: =VLOOKUP(D74,'10產線配置圖'!$A$2:$C$25,2,0) -> 13 | F74: =VLOOKUP(D74,'10產線配置圖'!$A$2:$C$25,3,0) -> 2000 | G74: =F74/E74 -> 153.84615 | I74: =AVERAGE(P74,U74,Z74,AE74,AJ74,AO74,AT74) -> #DIV/0! | J74: =AVERAGE(Q74,V74,AA74,AF74,AK74,AP74,AU74) -> #DIV/0! | K74: =AVERAGE(R74,W74,AB74,AG74,AL74,AQ74,AV74) -> #DIV/0! | M74: =RANK(K74, $K$73:$K$90) -> #DIV/0! | R74: =Q74/P74 -> #DIV/0! | S74: =RANK(R74, $R$73:$R$90) -> #DIV/0! | W74: =V74/U74 -> #DIV/0! | X74: =RANK(W74, $W$73:$W$90) -> #DIV/0! | AB74: =AA74/Z74 -> #DIV/0! | AC74: =RANK(AB74, $AB$73:$AB$90) -> #DIV/0! | AG74: =AF74/AE74 -> #DIV/0! | AH74: =RANK(AG74, $AG$73:$AG$90) -> #DIV/0! | AL74: =AK74/AJ74 -> #DIV/0! | AM74: =RANK(AL74, $AL$73:$AL$90) -> #DIV/0! | AQ74: =AP74/AO74 -> #DIV/0! | AR74: =RANK(AQ74, $AQ$73:$AQ$90) -> #DIV/0! | AV74: =AU74/AT74 -> #DIV/0! | AW74: =RANK(AV74, $AV$73:$AV$90) -> #DIV/0!
C75: 3 | D75: 熱那亞青醬義大利麵 | E75: =VLOOKUP(D75,'10產線配置圖'!$A$2:$C$25,2,0) -> 16 | F75: =VLOOKUP(D75,'10產線配置圖'!$A$2:$C$25,3,0) -> 1915 | G75: =F75/E75 -> 119.6875 | I75: =AVERAGE(P75,U75,Z75,AE75,AJ75,AO75,AT75) -> #DIV/0! | J75: =AVERAGE(Q75,V75,AA75,AF75,AK75,AP75,AU75) -> #DIV/0! | K75: =AVERAGE(R75,W75,AB75,AG75,AL75,AQ75,AV75) -> #DIV/0! | M75: =RANK(K75, $K$73:$K$90) -> #DIV/0! | R75: =Q75/P75 -> #DIV/0! | S75: =RANK(R75, $R$73:$R$90) -> #DIV/0! | W75: =V75/U75 -> #DIV/0! | X75: =RANK(W75, $W$73:$W$90) -> #DIV/0! | AB75: =AA75/Z75 -> #DIV/0! | AC75: =RANK(AB75, $AB$73:$AB$90) -> #DIV/0! | AG75: =AF75/AE75 -> #DIV/0! | AH75: =RANK(AG75, $AG$73:$AG$90) -> #DIV/0! | AL75: =AK75/AJ75 -> #DIV/0! | AM75: =RANK(AL75, $AL$73:$AL$90) -> #DIV/0! | AQ75: =AP75/AO75 -> #DIV/0! | AR75: =RANK(AQ75, $AQ$73:$AQ$90) -> #DIV/0! | AV75: =AU75/AT75 -> #DIV/0! | AW75: =RANK(AV75, $AV$73:$AV$90) -> #DIV/0!
C76: 4 | D76: 焗烤起司雙饗筆尖麵 | E76: =VLOOKUP(D76,'10產線配置圖'!$A$2:$C$25,2,0) -> 18 | F76: =VLOOKUP(D76,'10產線配置圖'!$A$2:$C$25,3,0) -> 1565 | G76: =F76/E76 -> 86.944444 | I76: =AVERAGE(P76,U76,Z76,AE76,AJ76,AO76,AT76) -> #DIV/0! | J76: =AVERAGE(Q76,V76,AA76,AF76,AK76,AP76,AU76) -> #DIV/0! | K76: =AVERAGE(R76,W76,AB76,AG76,AL76,AQ76,AV76) -> #DIV/0! | M76: =RANK(K76, $K$73:$K$90) -> #DIV/0! | R76: =Q76/P76 -> #DIV/0! | S76: =RANK(R76, $R$73:$R$90) -> #DIV/0! | W76: =V76/U76 -> #DIV/0! | X76: =RANK(W76, $W$73:$W$90) -> #DIV/0! | AB76: =AA76/Z76 -> #DIV/0! | AC76: =RANK(AB76, $AB$73:$AB$90) -> #DIV/0! | AG76: =AF76/AE76 -> #DIV/0! | AH76: =RANK(AG76, $AG$73:$AG$90) -> #DIV/0! | AL76: =AK76/AJ76 -> #DIV/0! | AM76: =RANK(AL76, $AL$73:$AL$90) -> #DIV/0! | AQ76: =AP76/AO76 -> #DIV/0! | AR76: =RANK(AQ76, $AQ$73:$AQ$90) -> #DIV/0! | AV76: =AU76/AT76 -> #DIV/0! | AW76: =RANK(AV76, $AV$73:$AV$90) -> #DIV/0!
C77: 5 | D77: 白酒蛤蜊義大利麵 | E77: =VLOOKUP(D77,'10產線配置圖'!$A$2:$C$25,2,0) -> 13 | F77: =VLOOKUP(D77,'10產線配置圖'!$A$2:$C$25,3,0) -> 2000 | G77: =F77/E77 -> 153.84615 | I77: =AVERAGE(P77,U77,Z77,AE77,AJ77,AO77,AT77) -> #DIV/0! | J77: =AVERAGE(Q77,V77,AA77,AF77,AK77,AP77,AU77) -> #DIV/0! | K77: =AVERAGE(R77,W77,AB77,AG77,AL77,AQ77,AV77) -> #DIV/0! | M77: =RANK(K77, $K$73:$K$90) -> #DIV/0! | R77: =Q77/P77 -> #DIV/0! | S77: =RANK(R77, $R$73:$R$90) -> #DIV/0! | W77: =V77/U77 -> #DIV/0! | X77: =RANK(W77, $W$73:$W$90) -> #DIV/0! | AB77: =AA77/Z77 -> #DIV/0! | AC77: =RANK(AB77, $AB$73:$AB$90) -> #DIV/0! | AG77: =AF77/AE77 -> #DIV/0! | AH77: =RANK(AG77, $AG$73:$AG$90) -> #DIV/0! | AL77: =AK77/AJ77 -> #DIV/0! | AM77: =RANK(AL77, $AL$73:$AL$90) -> #DIV/0! | AQ77: =AP77/AO77 -> #DIV/0! | AR77: =RANK(AQ77, $AQ$73:$AQ$90) -> #DIV/0! | AV77: =AU77/AT77 -> #DIV/0! | AW77: =RANK(AV77, $AV$73:$AV$90) -> #DIV/0!
C78: 6 | D78: 韓式起司炸雞義大利麵 | E78: =VLOOKUP(D78,'10產線配置圖'!$A$2:$C$25,2,0) -> 14 | F78: =VLOOKUP(D78,'10產線配置圖'!$A$2:$C$25,3,0) -> 1895 | G78: =F78/E78 -> 135.35714 | I78: =AVERAGE(P78,U78,Z78,AE78,AJ78,AO78,AT78) -> #DIV/0! | J78: =AVERAGE(Q78,V78,AA78,AF78,AK78,AP78,AU78) -> #DIV/0! | K78: =AVERAGE(R78,W78,AB78,AG78,AL78,AQ78,AV78) -> #DIV/0! | M78: =RANK(K78, $K$73:$K$90) -> #DIV/0! | R78: =Q78/P78 -> #DIV/0! | S78: =RANK(R78, $R$73:$R$90) -> #DIV/0! | W78: =V78/U78 -> #DIV/0! | X78: =RANK(W78, $W$73:$W$90) -> #DIV/0! | AB78: =AA78/Z78 -> #DIV/0! | AC78: =RANK(AB78, $AB$73:$AB$90) -> #DIV/0! | AG78: =AF78/AE78 -> #DIV/0! | AH78: =RANK(AG78, $AG$73:$AG$90) -> #DIV/0! | AL78: =AK78/AJ78 -> #DIV/0! | AM78: =RANK(AL78, $AL$73:$AL$90) -> #DIV/0! | AQ78: =AP78/AO78 -> #DIV/0! | AR78: =RANK(AQ78, $AQ$73:$AQ$90) -> #DIV/0! | AV78: =AU78/AT78 -> #DIV/0! | AW78: =RANK(AV78, $AV$73:$AV$90) -> #DIV/0!
C79: 7 | D79: 拿坡里義大利麵 | E79: =VLOOKUP(D79,'10產線配置圖'!$A$2:$C$25,2,0) -> 16 | F79: =VLOOKUP(D79,'10產線配置圖'!$A$2:$C$25,3,0) -> 1429 | G79: =F79/E79 -> 89.3125
C80: 8 | D80: 黑胡椒燻豬腿義大利麵 | E80: =VLOOKUP(D80,'10產線配置圖'!$A$2:$C$25,2,0) -> 18 | F80: =VLOOKUP(D80,'10產線配置圖'!$A$2:$C$25,3,0) -> 1500 | G80: =F80/E80 -> 83.333333 | I80: =AVERAGE(P80,U80,Z80,AE80,AJ80,AO80,AT80) -> #DIV/0! | J80: =AVERAGE(Q80,V80,AA80,AF80,AK80,AP80,AU80) -> #DIV/0! | K80: =AVERAGE(R80,W80,AB80,AG80,AL80,AQ80,AV80) -> #DIV/0! | M80: =RANK(K80, $K$73:$K$90) -> #DIV/0! | R80: =Q80/P80 -> #DIV/0! | S80: =RANK(R80, $R$73:$R$90) -> #DIV/0! | W80: =V80/U80 -> #DIV/0! | X80: =RANK(W80, $W$73:$W$90) -> #DIV/0! | AB80: =AA80/Z80 -> #DIV/0! | AC80: =RANK(AB80, $AB$73:$AB$90) -> #DIV/0! | AG80: =AF80/AE80 -> #DIV/0! | AH80: =RANK(AG80, $AG$73:$AG$90) -> #DIV/0! | AL80: =AK80/AJ80 -> #DIV/0! | AM80: =RANK(AL80, $AL$73:$AL$90) -> #DIV/0! | AQ80: =AP80/AO80 -> #DIV/0! | AR80: =RANK(AQ80, $AQ$73:$AQ$90) -> #DIV/0! | AV80: =AU80/AT80 -> #DIV/0! | AW80: =RANK(AV80, $AV$73:$AV$90) -> #DIV/0!
C81: 9 | D81: 奶油蒜香雞義大利麵 | E81: =VLOOKUP(D81,'10產線配置圖'!$A$2:$C$25,2,0) -> 18 | F81: =VLOOKUP(D81,'10產線配置圖'!$A$2:$C$25,3,0) -> 1385 | G81: =F81/E81 -> 76.944444 | I81: =AVERAGE(P81,U81,Z81,AE81,AJ81,AO81,AT81) -> #DIV/0! | J81: =AVERAGE(Q81,V81,AA81,AF81,AK81,AP81,AU81) -> #DIV/0! | K81: =AVERAGE(R81,W81,AB81,AG81,AL81,AQ81,AV81) -> #DIV/0! | M81: =RANK(K81, $K$73:$K$90) -> #DIV/0! | R81: =Q81/P81 -> #DIV/0! | S81: =RANK(R81, $R$73:$R$90) -> #DIV/0! | W81: =V81/U81 -> #DIV/0! | X81: =RANK(W81, $W$73:$W$90) -> #DIV/0! | AB81: =AA81/Z81 -> #DIV/0! | AC81: =RANK(AB81, $AB$73:$AB$90) -> #DIV/0! | AG81: =AF81/AE81 -> #DIV/0! | AH81: =RANK(AG81, $AG$73:$AG$90) -> #DIV/0! | AL81: =AK81/AJ81 -> #DIV/0! | AM81: =RANK(AL81, $AL$73:$AL$90) -> #DIV/0! | AQ81: =AP81/AO81 -> #DIV/0! | AR81: =RANK(AQ81, $AQ$73:$AQ$90) -> #DIV/0! | AV81: =AU81/AT81 -> #DIV/0! | AW81: =RANK(AV81, $AV$73:$AV$90) -> #DIV/0!
C82: 10 | D82: 青花椒麻雞肉拌麵 | E82: =VLOOKUP(D82,'10產線配置圖'!$A$2:$C$25,2,0) -> 17 | F82: =VLOOKUP(D82,'10產線配置圖'!$A$2:$C$25,3,0) -> 1565 | G82: =F82/E82 -> 92.058824 | I82: =AVERAGE(P82,U82,Z82,AE82,AJ82,AO82,AT82) -> #DIV/0! | J82: =AVERAGE(Q82,V82,AA82,AF82,AK82,AP82,AU82) -> #DIV/0! | K82: =AVERAGE(R82,W82,AB82,AG82,AL82,AQ82,AV82) -> #DIV/0! | M82: =RANK(K82, $K$73:$K$90) -> #DIV/0! | R82: =Q82/P82 -> #DIV/0! | S82: =RANK(R82, $R$73:$R$90) -> #DIV/0! | W82: =V82/U82 -> #DIV/0! | X82: =RANK(W82, $W$73:$W$90) -> #DIV/0! | AB82: =AA82/Z82 -> #DIV/0! | AC82: =RANK(AB82, $AB$73:$AB$90) -> #DIV/0! | AG82: =AF82/AE82 -> #DIV/0! | AH82: =RANK(AG82, $AG$73:$AG$90) -> #DIV/0! | AL82: =AK82/AJ82 -> #DIV/0! | AM82: =RANK(AL82, $AL$73:$AL$90) -> #DIV/0! | AQ82: =AP82/AO82 -> #DIV/0! | AR82: =RANK(AQ82, $AQ$73:$AQ$90) -> #DIV/0! | AV82: =AU82/AT82 -> #DIV/0! | AW82: =RANK(AV82, $AV$73:$AV$90) -> #DIV/0!
C83: 11 | D83: 韓式辣醬肉丸義大利麵 | E83: =VLOOKUP(D83,'10產線配置圖'!$A$2:$C$25,2,0) -> 15 | F83: =VLOOKUP(D83,'10產線配置圖'!$A$2:$C$25,3,0) -> 1565 | G83: =F83/E83 -> 104.33333 | I83: =AVERAGE(P83,U83,Z83,AE83,AJ83,AO83,AT83) -> #DIV/0! | J83: =AVERAGE(Q83,V83,AA83,AF83,AK83,AP83,AU83) -> #DIV/0! | K83: =AVERAGE(R83,W83,AB83,AG83,AL83,AQ83,AV83) -> #DIV/0! | M83: =RANK(K83, $K$73:$K$90) -> #DIV/0! | R83: =Q83/P83 -> #DIV/0! | S83: =RANK(R83, $R$73:$R$90) -> #DIV/0! | W83: =V83/U83 -> #DIV/0! | X83: =RANK(W83, $W$73:$W$90) -> #DIV/0! | AB83: =AA83/Z83 -> #DIV/0! | AC83: =RANK(AB83, $AB$73:$AB$90) -> #DIV/0! | AG83: =AF83/AE83 -> #DIV/0! | AH83: =RANK(AG83, $AG$73:$AG$90) -> #DIV/0! | AL83: =AK83/AJ83 -> #DIV/0! | AM83: =RANK(AL83, $AL$73:$AL$90) -> #DIV/0! | AQ83: =AP83/AO83 -> #DIV/0! | AR83: =RANK(AQ83, $AQ$73:$AQ$90) -> #DIV/0! | AV83: =AU83/AT83 -> #DIV/0! | AW83: =RANK(AV83, $AV$73:$AV$90) -> #DIV/0!
C84: 12 | D84: 家傳炸醬麵 | E84: =VLOOKUP(D84,'10產線配置圖'!$A$2:$C$25,2,0) -> 18 | F84: =VLOOKUP(D84,'10產線配置圖'!$A$2:$C$25,3,0) -> 1636 | G84: =F84/E84 -> 90.888889 | I84: =AVERAGE(P84,U84,Z84,AE84,AJ84,AO84,AT84) -> #DIV/0! | J84: =AVERAGE(Q84,V84,AA84,AF84,AK84,AP84,AU84) -> #DIV/0! | K84: =AVERAGE(R84,W84,AB84,AG84,AL84,AQ84,AV84) -> #DIV/0! | M84: =RANK(K84, $K$73:$K$90) -> #DIV/0! | R84: =Q84/P84 -> #DIV/0! | S84: =RANK(R84, $R$73:$R$90) -> #DIV/0! | W84: =V84/U84 -> #DIV/0! | X84: =RANK(W84, $W$73:$W$90) -> #DIV/0! | AB84: =AA84/Z84 -> #DIV/0! | AC84: =RANK(AB84, $AB$73:$AB$90) -> #DIV/0! | AG84: =AF84/AE84 -> #DIV/0! | AH84: =RANK(AG84, $AG$73:$AG$90) -> #DIV/0! | AL84: =AK84/AJ84 -> #DIV/0! | AM84: =RANK(AL84, $AL$73:$AL$90) -> #DIV/0! | AQ84: =AP84/AO84 -> #DIV/0! | AR84: =RANK(AQ84, $AQ$73:$AQ$90) -> #DIV/0! | AV84: =AU84/AT84 -> #DIV/0! | AW84: =RANK(AV84, $AV$73:$AV$90) -> #DIV/0!
C85: 13 | D85: 剝皮辣椒雞奶油扁麵 | E85: =VLOOKUP(D85,'10產線配置圖'!$A$2:$C$25,2,0) -> 19 | F85: =VLOOKUP(D85,'10產線配置圖'!$A$2:$C$25,3,0) -> 1600 | G85: =F85/E85 -> 84.210526 | I85: =AVERAGE(P85,U85,Z85,AE85,AJ85,AO85,AT85) -> #DIV/0! | J85: =AVERAGE(Q85,V85,AA85,AF85,AK85,AP85,AU85) -> #DIV/0! | K85: =AVERAGE(R85,W85,AB85,AG85,AL85,AQ85,AV85) -> #DIV/0! | M85: =RANK(K85, $K$73:$K$90) -> #DIV/0! | R85: =Q85/P85 -> #DIV/0! | S85: =RANK(R85, $R$73:$R$90) -> #DIV/0! | W85: =V85/U85 -> #DIV/0! | X85: =RANK(W85, $W$73:$W$90) -> #DIV/0! | AB85: =AA85/Z85 -> #DIV/0! | AC85: =RANK(AB85, $AB$73:$AB$90) -> #DIV/0! | AG85: =AF85/AE85 -> #DIV/0! | AH85: =RANK(AG85, $AG$73:$AG$90) -> #DIV/0! | AL85: =AK85/AJ85 -> #DIV/0! | AM85: =RANK(AL85, $AL$73:$AL$90) -> #DIV/0! | AQ85: =AP85/AO85 -> #DIV/0! | AR85: =RANK(AQ85, $AQ$73:$AQ$90) -> #DIV/0! | AV85: =AU85/AT85 -> #DIV/0! | AW85: =RANK(AV85, $AV$73:$AV$90) -> #DIV/0!
C86: 14 | D86: 羊乳起司培根筆尖麵 | E86: =VLOOKUP(D86,'10產線配置圖'!$A$2:$C$25,2,0) -> 17 | F86: =VLOOKUP(D86,'10產線配置圖'!$A$2:$C$25,3,0) -> 1636 | G86: =F86/E86 -> 96.235294 | I86: =AVERAGE(P86,U86,Z86,AE86,AJ86,AO86,AT86) -> #DIV/0! | J86: =AVERAGE(Q86,V86,AA86,AF86,AK86,AP86,AU86) -> #DIV/0! | K86: =AVERAGE(R86,W86,AB86,AG86,AL86,AQ86,AV86) -> #DIV/0! | M86: =RANK(K86, $K$73:$K$90) -> #DIV/0! | R86: =Q86/P86 -> #DIV/0! | S86: =RANK(R86, $R$73:$R$90) -> #DIV/0! | W86: =V86/U86 -> #DIV/0! | X86: =RANK(W86, $W$73:$W$90) -> #DIV/0! | AB86: =AA86/Z86 -> #DIV/0! | AC86: =RANK(AB86, $AB$73:$AB$90) -> #DIV/0! | AG86: =AF86/AE86 -> #DIV/0! | AH86: =RANK(AG86, $AG$73:$AG$90) -> #DIV/0! | AL86: =AK86/AJ86 -> #DIV/0! | AM86: =RANK(AL86, $AL$73:$AL$90) -> #DIV/0! | AQ86: =AP86/AO86 -> #DIV/0! | AR86: =RANK(AQ86, $AQ$73:$AQ$90) -> #DIV/0! | AV86: =AU86/AT86 -> #DIV/0! | AW86: =RANK(AV86, $AV$73:$AV$90) -> #DIV/0!
C87: 15 | I87: =AVERAGE(P87,U87,Z87,AE87,AJ87,AO87,AT87) -> #DIV/0! | J87: =AVERAGE(Q87,V87,AA87,AF87,AK87,AP87,AU87) -> #DIV/0! | K87: =AVERAGE(R87,W87,AB87,AG87,AL87,AQ87,AV87) -> #DIV/0! | M87: =RANK(K87, $K$73:$K$90) -> #DIV/0! | R87: =Q87/P87 -> #DIV/0! | S87: =RANK(R87, $R$73:$R$90) -> #DIV/0! | W87: =V87/U87 -> #DIV/0! | X87: =RANK(W87, $W$73:$W$90) -> #DIV/0! | AB87: =AA87/Z87 -> #DIV/0! | AC87: =RANK(AB87, $AB$73:$AB$90) -> #DIV/0! | AG87: =AF87/AE87 -> #DIV/0! | AH87: =RANK(AG87, $AG$73:$AG$90) -> #DIV/0! | AL87: =AK87/AJ87 -> #DIV/0! | AM87: =RANK(AL87, $AL$73:$AL$90) -> #DIV/0! | AQ87: =AP87/AO87 -> #DIV/0! | AR87: =RANK(AQ87, $AQ$73:$AQ$90) -> #DIV/0! | AV87: =AU87/AT87 -> #DIV/0! | AW87: =RANK(AV87, $AV$73:$AV$90) -> #DIV/0!
C88: 16 | I88: =AVERAGE(P88,U88,Z88,AE88,AJ88,AO88,AT88) -> #DIV/0! | J88: =AVERAGE(Q88,V88,AA88,AF88,AK88,AP88,AU88) -> #DIV/0! | K88: =AVERAGE(R88,W88,AB88,AG88,AL88,AQ88,AV88) -> #DIV/0! | M88: =RANK(K88, $K$73:$K$90) -> #DIV/0! | R88: =Q88/P88 -> #DIV/0! | S88: =RANK(R88, $R$73:$R$90) -> #DIV/0! | W88: =V88/U88 -> #DIV/0! | X88: =RANK(W88, $W$73:$W$90) -> #DIV/0! | AB88: =AA88/Z88 -> #DIV/0! | AC88: =RANK(AB88, $AB$73:$AB$90) -> #DIV/0! | AG88: =AF88/AE88 -> #DIV/0! | AH88: =RANK(AG88, $AG$73:$AG$90) -> #DIV/0! | AL88: =AK88/AJ88 -> #DIV/0! | AM88: =RANK(AL88, $AL$73:$AL$90) -> #DIV/0! | AQ88: =AP88/AO88 -> #DIV/0! | AR88: =RANK(AQ88, $AQ$73:$AQ$90) -> #DIV/0! | AV88: =AU88/AT88 -> #DIV/0! | AW88: =RANK(AV88, $AV$73:$AV$90) -> #DIV/0!
C89: 17 | I89: =AVERAGE(P89,U89,Z89,AE89,AJ89,AO89,AT89) -> #DIV/0! | J89: =AVERAGE(Q89,V89,AA89,AF89,AK89,AP89,AU89) -> #DIV/0! | K89: =AVERAGE(R89,W89,AB89,AG89,AL89,AQ89,AV89) -> #DIV/0! | M89: =RANK(K89, $K$73:$K$90) -> #DIV/0! | R89: =Q89/P89 -> #DIV/0! | S89: =RANK(R89, $R$73:$R$90) -> #DIV/0! | W89: =V89/U89 -> #DIV/0! | X89: =RANK(W89, $W$73:$W$90) -> #DIV/0! | AB89: =AA89/Z89 -> #DIV/0! | AC89: =RANK(AB89, $AB$73:$AB$90) -> #DIV/0! | AG89: =AF89/AE89 -> #DIV/0! | AH89: =RANK(AG89, $AG$73:$AG$90) -> #DIV/0! | AL89: =AK89/AJ89 -> #DIV/0! | AM89: =RANK(AL89, $AL$73:$AL$90) -> #DIV/0! | AQ89: =AP89/AO89 -> #DIV/0! | AR89: =RANK(AQ89, $AQ$73:$AQ$90) -> #DIV/0! | AV89: =AU89/AT89 -> #DIV/0! | AW89: =RANK(AV89, $AV$73:$AV$90) -> #DIV/0!
C90: 18
B91: 產線配置圖－每週更新 | N91: 資料繳交 | O91: 日期 | P91: 45958 | U91: 45959 | Z91: 45960 | AE91: 45961
P92: 二 | U92: 三 | Z92: 四 | AE92: 五 | AJ92: 六 | AO92: 日 | AT92: 一
B93: 品群 | C93: 商品名稱 | E93: 計畫 | H93: 平均人時性 | I93: 實績 | L93: 平均人時性 | M93: 排名 | O93: 日報 | P93: 實際 | T93: 平均人時性 | U93: 實際 | Y93: 平均人時性 | Z93: 實際 | AD93: 平均人時性 | AE93: 實際 | AI93: 平均人時性 | AJ93: 實際 | AN93: 平均人時性 | AO93: 實際 | AS93: 平均人時性 | AT93: 實際 | AX93: 平均人時性
E94: 產線配置圖 | I94: 產線配置圖 | P94: 生產實績 | U94: 生產實績 | Z94: 生產實績 | AE94: 生產實績 | AJ94: 生產實績 | AO94: 生產實績 | AT94: 生產實績
E95: 人數 | F95: 產能／時 | G95: 人時性 | I95: 人數 | J95: 產能／時 | K95: 人時性 | P95: 人數 | Q95: 產能／時 | R95: 人時性 | S95: 排名 | U95: 人數 | V95: 產能／時 | W95: 人時性 | X95: 排名 | Z95: 人數 | AA95: 產能／時 | AB95: 人時性 | AC95: 排名 | AE95: 人數 | AF95: 產能／時 | AG95: 人時性 | AH95: 排名 | AJ95: 人數 | AK95: 產能／時 | AL95: 人時性 | AM95: 排名 | AO95: 人數 | AP95: 產能／時 | AQ95: 人時性 | AR95: 排名 | AT95: 人數 | AU95: 產能／時 | AV95: 人時性 | AW95: 排名
B96: 熱食義麵 | C96: 1 | D96: 義式蕃茄起司義大利麵 | E96: =VLOOKUP(D96,'10產線配置圖'!$A$2:$C$25,2,0) -> 12 | F96: =VLOOKUP(D96,'10產線配置圖'!$A$2:$C$25,3,0) -> 2000 | G96: =F96/E96 -> 166.66667 | H96: =AVERAGE(G96:G110) -> 108.66003 | I96: =AVERAGE(P96,U96,Z96,AE96,AJ96,AO96,AT96) -> #DIV/0! | J96: =AVERAGE(Q96,V96,AA96,AF96,AK96,AP96,AU96) -> #DIV/0! | K96: =AVERAGE(R96,W96,AB96,AG96,AL96,AQ96,AV96) -> #DIV/0! | L96: =IFERROR(AVERAGE(K96:K113),"-") -> - | M96: =RANK(K96, K$96:$K$113) -> #DIV/0! | R96: =Q96/P96 -> #DIV/0! | S96: =RANK(R96,$R$96:$R$113) -> #DIV/0! | T96: =AVERAGE(R96:R113) -> #DIV/0! | W96: =V96/U96 -> #DIV/0! | X96: =RANK(W96,$W$96:$W$113) -> #DIV/0! | Y96: =AVERAGE(W96:W113) -> #DIV/0! | AB96: =AA96/Z96 -> #DIV/0! | AC96: =RANK(AB96, $AB$96:$AB$113) -> #DIV/0! | AD96: =AVERAGE(AB96:AB113) -> #DIV/0! | AG96: =AF96/AE96 -> #DIV/0! | AH96: =RANK(AG96,$AG$96:$AG$113) -> #DIV/0! | AI96: =AVERAGE(AG96:AG113) -> #DIV/0! | AL96: =AK96/AJ96 -> #DIV/0! | AM96: =RANK(AL96,$AL$96:$AL$113) -> #DIV/0! | AN96: =AVERAGE(AL96:AL113) -> #DIV/0! | AQ96: =AP96/AO96 -> #DIV/0! | AR96: =RANK(AQ96,$AQ$96:$AQ$113) -> #DIV/0! | AS96: =AVERAGE(AQ96:AQ113) -> #DIV/0! | AV96: =AU96/AT96 -> #DIV/0! | AW96: =RANK(AV96,$AV$96:$AV$113) -> #DIV/0! | AX96: =AVERAGE(AV96:AV113) -> #DIV/0!
C97: 2 | D97: 奶油培根義大利麵 | E97: =VLOOKUP(D97,'10產線配置圖'!$A$2:$C$25,2,0) -> 13 | F97: =VLOOKUP(D97,'10產線配置圖'!$A$2:$C$25,3,0) -> 2000 | G97: =F97/E97 -> 153.84615 | I97: =AVERAGE(P97,U97,Z97,AE97,AJ97,AO97,AT97) -> #DIV/0! | J97: =AVERAGE(Q97,V97,AA97,AF97,AK97,AP97,AU97) -> #DIV/0! | K97: =AVERAGE(R97,W97,AB97,AG97,AL97,AQ97,AV97) -> #DIV/0! | M97: =RANK(K97, K$96:$K$113) -> #DIV/0! | R97: =Q97/P97 -> #DIV/0! | S97: =RANK(R97,$R$96:$R$113) -> #DIV/0! | W97: =V97/U97 -> #DIV/0! | X97: =RANK(W97,$W$96:$W$113) -> #DIV/0! | AB97: =AA97/Z97 -> #DIV/0! | AC97: =RANK(AB97, $AB$96:$AB$113) -> #DIV/0! | AG97: =AF97/AE97 -> #DIV/0! | AH97: =RANK(AG97,$AG$96:$AG$113) -> #DIV/0! | AL97: =AK97/AJ97 -> #DIV/0! | AM97: =RANK(AL97,$AL$96:$AL$113) -> #DIV/0! | AQ97: =AP97/AO97 -> #DIV/0! | AR97: =RANK(AQ97,$AQ$96:$AQ$113) -> #DIV/0! | AV97: =AU97/AT97 -> #DIV/0! | AW97: =RANK(AV97,$AV$96:$AV$113) -> #DIV/0!
C98: 3 | D98: 熱那亞青醬義大利麵 | E98: =VLOOKUP(D98,'10產線配置圖'!$A$2:$C$25,2,0) -> 16 | F98: =VLOOKUP(D98,'10產線配置圖'!$A$2:$C$25,3,0) -> 1915 | G98: =F98/E98 -> 119.6875 | I98: =AVERAGE(P98,U98,Z98,AE98,AJ98,AO98,AT98) -> #DIV/0! | J98: =AVERAGE(Q98,V98,AA98,AF98,AK98,AP98,AU98) -> #DIV/0! | K98: =AVERAGE(R98,W98,AB98,AG98,AL98,AQ98,AV98) -> #DIV/0! | M98: =RANK(K98, K$96:$K$113) -> #DIV/0! | R98: =Q98/P98 -> #DIV/0! | S98: =RANK(R98,$R$96:$R$113) -> #DIV/0! | W98: =V98/U98 -> #DIV/0! | X98: =RANK(W98,$W$96:$W$113) -> #DIV/0! | AB98: =AA98/Z98 -> #DIV/0! | AC98: =RANK(AB98, $AB$96:$AB$113) -> #DIV/0! | AG98: =AF98/AE98 -> #DIV/0! | AH98: =RANK(AG98,$AG$96:$AG$113) -> #DIV/0! | AL98: =AK98/AJ98 -> #DIV/0! | AM98: =RANK(AL98,$AL$96:$AL$113) -> #DIV/0! | AQ98: =AP98/AO98 -> #DIV/0! | AR98: =RANK(AQ98,$AQ$96:$AQ$113) -> #DIV/0! | AV98: =AU98/AT98 -> #DIV/0! | AW98: =RANK(AV98,$AV$96:$AV$113) -> #DIV/0!
A99: 18 | C99: 4 | D99: 焗烤起司雙饗筆尖麵 | E99: =VLOOKUP(D99,'10產線配置圖'!$A$2:$C$25,2,0) -> 18 | F99: =VLOOKUP(D99,'10產線配置圖'!$A$2:$C$25,3,0) -> 1565 | G99: =F99/E99 -> 86.944444 | I99: =AVERAGE(P99,U99,Z99,AE99,AJ99,AO99,AT99) -> #DIV/0! | J99: =AVERAGE(Q99,V99,AA99,AF99,AK99,AP99,AU99) -> #DIV/0! | K99: =AVERAGE(R99,W99,AB99,AG99,AL99,AQ99,AV99) -> #DIV/0! | M99: =RANK(K99, K$96:$K$113) -> #DIV/0! | R99: =Q99/P99 -> #DIV/0! | S99: =RANK(R99,$R$96:$R$113) -> #DIV/0! | W99: =V99/U99 -> #DIV/0! | X99: =RANK(W99,$W$96:$W$113) -> #DIV/0! | AB99: =AA99/Z99 -> #DIV/0! | AC99: =RANK(AB99, $AB$96:$AB$113) -> #DIV/0! | AG99: =AF99/AE99 -> #DIV/0! | AH99: =RANK(AG99,$AG$96:$AG$113) -> #DIV/0! | AL99: =AK99/AJ99 -> #DIV/0! | AM99: =RANK(AL99,$AL$96:$AL$113) -> #DIV/0! | AQ99: =AP99/AO99 -> #DIV/0! | AR99: =RANK(AQ99,$AQ$96:$AQ$113) -> #DIV/0! | AV99: =AU99/AT99 -> #DIV/0! | AW99: =RANK(AV99,$AV$96:$AV$113) -> #DIV/0!
C100: 5 | D100: 白酒蛤蜊義大利麵 | E100: =VLOOKUP(D100,'10產線配置圖'!$A$2:$C$25,2,0) -> 13 | F100: =VLOOKUP(D100,'10產線配置圖'!$A$2:$C$25,3,0) -> 2000 | G100: =F100/E100 -> 153.84615 | I100: =AVERAGE(P100,U100,Z100,AE100,AJ100,AO100,AT100) -> #DIV/0! | J100: =AVERAGE(Q100,V100,AA100,AF100,AK100,AP100,AU100) -> #DIV/0! | K100: =AVERAGE(R100,W100,AB100,AG100,AL100,AQ100,AV100) -> #DIV/0! | M100: =RANK(K100, K$96:$K$113) -> #DIV/0! | R100: =Q100/P100 -> #DIV/0! | S100: =RANK(R100,$R$96:$R$113) -> #DIV/0! | W100: =V100/U100 -> #DIV/0! | X100: =RANK(W100,$W$96:$W$113) -> #DIV/0! | AB100: =AA100/Z100 -> #DIV/0! | AC100: =RANK(AB100, $AB$96:$AB$113) -> #DIV/0! | AG100: =AF100/AE100 -> #DIV/0! | AH100: =RANK(AG100,$AG$96:$AG$113) -> #DIV/0! | AL100: =AK100/AJ100 -> #DIV/0! | AM100: =RANK(AL100,$AL$96:$AL$113) -> #DIV/0! | AQ100: =AP100/AO100 -> #DIV/0! | AR100: =RANK(AQ100,$AQ$96:$AQ$113) -> #DIV/0! | AV100: =AU100/AT100 -> #DIV/0! | AW100: =RANK(AV100,$AV$96:$AV$113) -> #DIV/0!
...

Sheet （５-2）品群別人時生產性(季節調理麵) 
B1: 月平均人時性 | C1: =AVERAGE(L7,L27,L47,L67,L87) -> #DIV/0!
B2: 產線配置圖－每週更新 | N2: 資料繳交 | O2: 日期 | AE2: 45870 | AJ2: 45871 | AO2: 45872 | AT2: 45873
P3: 二 | U3: 三 | Z3: 四 | AE3: 五 | AJ3: 六 | AO3: 日 | AT3: 一
B4: 品群 | C4: 商品名稱 | E4: 計畫 | H4: 平均人時性 | I4: 實績 | L4: 平均人時性 | M4: 排名 | O4: 日報 | P4: 實際 | T4: 平均人時性 | U4: 實際 | Y4: 平均人時性 | Z4: 實際 | AD4: 平均人時性 | AE4: 實際 | AI4: 平均人時性 | AJ4: 實際 | AN4: 平均人時性 | AO4: 實際 | AS4: 平均人時性 | AT4: 實際 | AX4: 平均人時性
E5: 產線配置圖 | I5: 產線配置圖 | P5: 生產實績 | U5: 生產實績 | Z5: 生產實績 | AE5: 生產實績 | AJ5: 生產實績 | AO5: 生產實績 | AT5: 生產實績
E6: 人數 | F6: 產能／時 | G6: 人時性 | I6: 人數 | J6: 產能／時 | K6: 人時性 | P6: 人數 | Q6: 產能／時 | R6: 人時性 | S6: 排名 | U6: 人數 | V6: 產能／時 | W6: 人時性 | X6: 排名 | Z6: 人數 | AA6: 產能／時 | AB6: 人時性 | AC6: 排名 | AE6: 人數 | AF6: 產能／時 | AG6: 人時性 | AH6: 排名 | AJ6: 人數 | AK6: 產能／時 | AL6: 人時性 | AM6: 排名 | AO6: 人數 | AP6: 產能／時 | AQ6: 人時性 | AR6: 排名 | AT6: 人數 | AU6: 產能／時 | AV6: 人時性 | AW6: 排名
B7: 熱食調理麵 | C7: 1 | H7: =AVERAGE(G7:G21) -> #DIV/0! | I7: =AVERAGE(P7,U7,Z7,AE7,AJ7,AO7,AT7) -> #DIV/0! | J7: =AVERAGE(Q7,V7,AA7,AF7,AK7,AP7,AU7) -> #DIV/0! | K7: =AVERAGE(R7,W7,AB7,AG7,AL7,AQ7,AV7) -> #DIV/0! | L7: =AVERAGE(K7:K21) -> #DIV/0! | M7: =RANK(K7, K$7:$K$21) -> #DIV/0! | S7: =RANK(R7, R$7:R$21) -> #N/A | T7: =AVERAGE(R7:R21) -> #DIV/0! | X7: =RANK(W7, W$7:W$21) -> #N/A | Y7: =AVERAGE(W7:W21) -> #DIV/0! | AC7: =RANK(AB7, AB$7:AB$21) -> #N/A | AD7: =AVERAGE(AB7:AB21) -> #DIV/0! | AH7: =RANK(AG7, AG$7:AG$21) -> #N/A | AI7: =AVERAGE(AG7:AG21) -> #DIV/0! | AM7: =RANK(AL7, AL$7:AL$21) -> #N/A | AN7: =AVERAGE(AL7:AL21) -> #DIV/0! | AR7: =RANK(AQ7, AQ$7:AQ$21) -> #N/A | AS7: =AVERAGE(AQ7:AQ21) -> #DIV/0! | AW7: =RANK(AV7, AV$7:AV$21) -> #N/A | AX7: =AVERAGE(AV7:AV21) -> #DIV/0!
C8: 2 | I8: =AVERAGE(P8,U8,Z8,AE8,AJ8,AO8,AT8) -> #DIV/0! | J8: =AVERAGE(Q8,V8,AA8,AF8,AK8,AP8,AU8) -> #DIV/0! | K8: =AVERAGE(R8,W8,AB8,AG8,AL8,AQ8,AV8) -> #DIV/0! | M8: =RANK(K8, K$7:$K$21) -> #DIV/0! | S8: =RANK(R8, R$7:R$21) -> #N/A | X8: =RANK(W8, W$7:W$21) -> #N/A | AC8: =RANK(AB8, AB$7:AB$21) -> #N/A | AH8: =RANK(AG8, AG$7:AG$21) -> #N/A | AM8: =RANK(AL8, AL$7:AL$21) -> #N/A | AR8: =RANK(AQ8, AQ$7:AQ$21) -> #N/A | AW8: =RANK(AV8, AV$7:AV$21) -> #N/A
C9: 3 | I9: =AVERAGE(P9,U9,Z9,AE9,AJ9,AO9,AT9) -> #DIV/0! | J9: =AVERAGE(Q9,V9,AA9,AF9,AK9,AP9,AU9) -> #DIV/0! | K9: =AVERAGE(R9,W9,AB9,AG9,AL9,AQ9,AV9) -> #DIV/0! | M9: =RANK(K9, K$7:$K$21) -> #DIV/0! | S9: =RANK(R9, R$7:R$21) -> #N/A | X9: =RANK(W9, W$7:W$21) -> #N/A | AC9: =RANK(AB9, AB$7:AB$21) -> #N/A | AH9: =RANK(AG9, AG$7:AG$21) -> #N/A | AM9: =RANK(AL9, AL$7:AL$21) -> #N/A | AR9: =RANK(AQ9, AQ$7:AQ$21) -> #N/A | AW9: =RANK(AV9, AV$7:AV$21) -> #N/A
C10: 4 | I10: =AVERAGE(P10,U10,Z10,AE10,AJ10,AO10,AT10) -> #DIV/0! | J10: =AVERAGE(Q10,V10,AA10,AF10,AK10,AP10,AU10) -> #DIV/0! | K10: =AVERAGE(R10,W10,AB10,AG10,AL10,AQ10,AV10) -> #DIV/0! | M10: =RANK(K10, K$7:$K$21) -> #DIV/0! | S10: =RANK(R10, R$7:R$21) -> #N/A | X10: =RANK(W10, W$7:W$21) -> #N/A | AC10: =RANK(AB10, AB$7:AB$21) -> #N/A | AH10: =RANK(AG10, AG$7:AG$21) -> #N/A | AM10: =RANK(AL10, AL$7:AL$21) -> #N/A | AR10: =RANK(AQ10, AQ$7:AQ$21) -> #N/A | AW10: =RANK(AV10, AV$7:AV$21) -> #N/A
C11: 5 | I11: =AVERAGE(P11,U11,Z11,AE11,AJ11,AO11,AT11) -> #DIV/0! | J11: =AVERAGE(Q11,V11,AA11,AF11,AK11,AP11,AU11) -> #DIV/0! | K11: =AVERAGE(R11,W11,AB11,AG11,AL11,AQ11,AV11) -> #DIV/0! | M11: =RANK(K11, K$7:$K$21) -> #DIV/0! | S11: =RANK(R11, R$7:R$21) -> #N/A | X11: =RANK(W11, W$7:W$21) -> #N/A | AC11: =RANK(AB11, AB$7:AB$21) -> #N/A | AH11: =RANK(AG11, AG$7:AG$21) -> #N/A | AM11: =RANK(AL11, AL$7:AL$21) -> #N/A | AR11: =RANK(AQ11, AQ$7:AQ$21) -> #N/A | AW11: =RANK(AV11, AV$7:AV$21) -> #N/A
C12: 6 | I12: =AVERAGE(P12,U12,Z12,AE12,AJ12,AO12,AT12) -> #DIV/0! | J12: =AVERAGE(Q12,V12,AA12,AF12,AK12,AP12,AU12) -> #DIV/0! | K12: =AVERAGE(R12,W12,AB12,AG12,AL12,AQ12,AV12) -> #DIV/0! | M12: =RANK(K12, K$7:$K$21) -> #DIV/0! | S12: =RANK(R12, R$7:R$21) -> #N/A | X12: =RANK(W12, W$7:W$21) -> #N/A | AC12: =RANK(AB12, AB$7:AB$21) -> #N/A | AH12: =RANK(AG12, AG$7:AG$21) -> #N/A | AM12: =RANK(AL12, AL$7:AL$21) -> #N/A | AR12: =RANK(AQ12, AQ$7:AQ$21) -> #N/A | AW12: =RANK(AV12, AV$7:AV$21) -> #N/A
C13: 7 | I13: =AVERAGE(P13,U13,Z13,AE13,AJ13,AO13,AT13) -> #DIV/0! | J13: =AVERAGE(Q13,V13,AA13,AF13,AK13,AP13,AU13) -> #DIV/0! | K13: =AVERAGE(R13,W13,AB13,AG13,AL13,AQ13,AV13) -> #DIV/0! | M13: =RANK(K13, K$7:$K$21) -> #DIV/0! | S13: =RANK(R13, R$7:R$21) -> #N/A | X13: =RANK(W13, W$7:W$21) -> #N/A | AC13: =RANK(AB13, AB$7:AB$21) -> #N/A | AH13: =RANK(AG13, AG$7:AG$21) -> #N/A | AM13: =RANK(AL13, AL$7:AL$21) -> #N/A | AR13: =RANK(AQ13, AQ$7:AQ$21) -> #N/A | AW13: =RANK(AV13, AV$7:AV$21) -> #N/A
C14: 8 | I14: =AVERAGE(P14,U14,Z14,AE14,AJ14,AO14,AT14) -> #DIV/0! | J14: =AVERAGE(Q14,V14,AA14,AF14,AK14,AP14,AU14) -> #DIV/0! | K14: =AVERAGE(R14,W14,AB14,AG14,AL14,AQ14,AV14) -> #DIV/0! | M14: =RANK(K14, K$7:$K$21) -> #DIV/0! | S14: =RANK(R14, R$7:R$21) -> #N/A | X14: =RANK(W14, W$7:W$21) -> #N/A | AC14: =RANK(AB14, AB$7:AB$21) -> #N/A | AH14: =RANK(AG14, AG$7:AG$21) -> #N/A | AM14: =RANK(AL14, AL$7:AL$21) -> #N/A | AR14: =RANK(AQ14, AQ$7:AQ$21) -> #N/A | AW14: =RANK(AV14, AV$7:AV$21) -> #N/A
C15: 9 | I15: =AVERAGE(P15,U15,Z15,AE15,AJ15,AO15,AT15) -> #DIV/0! | J15: =AVERAGE(Q15,V15,AA15,AF15,AK15,AP15,AU15) -> #DIV/0! | K15: =AVERAGE(R15,W15,AB15,AG15,AL15,AQ15,AV15) -> #DIV/0! | M15: =RANK(K15, K$7:$K$21) -> #DIV/0! | S15: =RANK(R15, R$7:R$21) -> #N/A | X15: =RANK(W15, W$7:W$21) -> #N/A | AC15: =RANK(AB15, AB$7:AB$21) -> #N/A | AH15: =RANK(AG15, AG$7:AG$21) -> #N/A | AM15: =RANK(AL15, AL$7:AL$21) -> #N/A | AR15: =RANK(AQ15, AQ$7:AQ$21) -> #N/A | AW15: =RANK(AV15, AV$7:AV$21) -> #N/A
C16: 10 | I16: =AVERAGE(P16,U16,Z16,AE16,AJ16,AO16,AT16) -> #DIV/0! | J16: =AVERAGE(Q16,V16,AA16,AF16,AK16,AP16,AU16) -> #DIV/0! | K16: =AVERAGE(R16,W16,AB16,AG16,AL16,AQ16,AV16) -> #DIV/0! | M16: =RANK(K16, K$7:$K$21) -> #DIV/0! | S16: =RANK(R16, R$7:R$21) -> #N/A | X16: =RANK(W16, W$7:W$21) -> #N/A | AC16: =RANK(AB16, AB$7:AB$21) -> #N/A | AH16: =RANK(AG16, AG$7:AG$21) -> #N/A | AM16: =RANK(AL16, AL$7:AL$21) -> #N/A | AR16: =RANK(AQ16, AQ$7:AQ$21) -> #N/A | AW16: =RANK(AV16, AV$7:AV$21) -> #N/A
C17: 11 | M17: =RANK(K17, K$7:$K$21) -> #DIV/0! | S17: =RANK(R17, R$7:R$21) -> #N/A | X17: =RANK(W17, W$7:W$21) -> #N/A | AC17: =RANK(AB17, AB$7:AB$21) -> #N/A | AH17: =RANK(AG17, AG$7:AG$21) -> #N/A | AM17: =RANK(AL17, AL$7:AL$21) -> #N/A | AR17: =RANK(AQ17, AQ$7:AQ$21) -> #N/A | AW17: =RANK(AV17, AV$7:AV$21) -> #N/A
C18: 12 | M18: =RANK(K18, K$7:$K$21) -> #DIV/0! | S18: =RANK(R18, R$7:R$21) -> #N/A | X18: =RANK(W18, W$7:W$21) -> #N/A | AC18: =RANK(AB18, AB$7:AB$21) -> #N/A | AH18: =RANK(AG18, AG$7:AG$21) -> #N/A | AM18: =RANK(AL18, AL$7:AL$21) -> #N/A | AR18: =RANK(AQ18, AQ$7:AQ$21) -> #N/A | AW18: =RANK(AV18, AV$7:AV$21) -> #N/A
C19: 13 | M19: =RANK(K19, K$7:$K$21) -> #DIV/0! | S19: =RANK(R19, R$7:R$21) -> #N/A | X19: =RANK(W19, W$7:W$21) -> #N/A | AC19: =RANK(AB19, AB$7:AB$21) -> #N/A | AH19: =RANK(AG19, AG$7:AG$21) -> #N/A | AM19: =RANK(AL19, AL$7:AL$21) -> #N/A | AR19: =RANK(AQ19, AQ$7:AQ$21) -> #N/A | AW19: =RANK(AV19, AV$7:AV$21) -> #N/A
C20: 14 | M20: =RANK(K20, K$7:$K$21) -> #DIV/0! | S20: =RANK(R20, R$7:R$21) -> #N/A | X20: =RANK(W20, W$7:W$21) -> #N/A | AC20: =RANK(AB20, AB$7:AB$21) -> #N/A | AH20: =RANK(AG20, AG$7:AG$21) -> #N/A | AM20: =RANK(AL20, AL$7:AL$21) -> #N/A | AR20: =RANK(AQ20, AQ$7:AQ$21) -> #N/A | AW20: =RANK(AV20, AV$7:AV$21) -> #N/A
C21: 15 | M21: =RANK(K21, K$7:$K$21) -> #DIV/0! | S21: =RANK(R21, R$7:R$21) -> #N/A | X21: =RANK(W21, W$7:W$21) -> #N/A | AC21: =RANK(AB21, AB$7:AB$21) -> #N/A | AH21: =RANK(AG21, AG$7:AG$21) -> #N/A | AM21: =RANK(AL21, AL$7:AL$21) -> #N/A | AR21: =RANK(AQ21, AQ$7:AQ$21) -> #N/A | AW21: =RANK(AV21, AV$7:AV$21) -> #N/A
B22: 產線配置圖－每週更新 | N22: 資料繳交 | O22: 日期 | P22: 45874 | U22: 45875 | Z22: 45876 | AE22: 45877 | AJ22: 45878 | AO22: 45879 | AT22: 45880
P23: 二 | U23: 三 | Z23: 四 | AE23: 五 | AJ23: 六 | AO23: 日 | AT23: 一
B24: 品群 | C24: 商品名稱 | E24: 計畫 | H24: 平均人時性 | I24: 實績 | L24: 平均人時性 | M24: 排名 | O24: 日報 | P24: 實際 | T24: 平均人時性 | U24: 實際 | Y24: 平均人時性 | Z24: 實際 | AD24: 平均人時性 | AE24: 實際 | AI24: 平均人時性 | AJ24: 實際 | AN24: 平均人時性 | AO24: 實際 | AS24: 平均人時性 | AT24: 實際 | AX24: 平均人時性
E25: 產線配置圖 | I25: 產線配置圖 | P25: 生產實績 | U25: 生產實績 | Z25: 生產實績 | AE25: 生產實績 | AJ25: 生產實績 | AO25: 生產實績 | AT25: 生產實績
E26: 人數 | F26: 產能／時 | G26: 人時性 | I26: 人數 | J26: 產能／時 | K26: 人時性 | P26: 人數 | Q26: 產能／時 | R26: 人時性 | S26: 排名 | U26: 人數 | V26: 產能／時 | W26: 人時性 | X26: 排名 | Z26: 人數 | AA26: 產能／時 | AB26: 人時性 | AC26: 排名 | AE26: 人數 | AF26: 產能／時 | AG26: 人時性 | AH26: 排名 | AJ26: 人數 | AK26: 產能／時 | AL26: 人時性 | AM26: 排名 | AO26: 人數 | AP26: 產能／時 | AQ26: 人時性 | AR26: 排名 | AT26: 人數 | AU26: 產能／時 | AV26: 人時性 | AW26: 排名
B27: 季節調理麵 | C27: 1 | H27: =AVERAGE(G27:G41) -> #DIV/0! | I27: =AVERAGE(P27,U27,Z27,AE27,AJ27,AO27,AT27) -> #DIV/0! | J27: =AVERAGE(Q27,V27,AA27,AF27,AK27,AP27,AU27) -> #DIV/0! | K27: =AVERAGE(R27,W27,AB27,AG27,AL27,AQ27,AV27) -> #DIV/0! | L27: =AVERAGE(K27:K41) -> #DIV/0! | M27: =RANK(K27, K$27:$K$41) -> #DIV/0! | T27: =AVERAGE(R27:R41) -> #DIV/0! | Y27: =AVERAGE(W27:W41) -> #DIV/0! | AD27: =AVERAGE(AB27:AB41) -> #DIV/0! | AI27: =AVERAGE(AG27:AG41) -> #DIV/0! | AN27: =AVERAGE(AL27:AL41) -> #DIV/0! | AS27: =AVERAGE(AQ27:AQ41) -> #DIV/0! | AX27: =AVERAGE(AV27:AV41) -> #DIV/0!
C28: 2 | I28: =AVERAGE(P28,U28,Z28,AE28,AJ28,AO28,AT28) -> #DIV/0! | J28: =AVERAGE(Q28,V28,AA28,AF28,AK28,AP28,AU28) -> #DIV/0! | K28: =AVERAGE(R28,W28,AB28,AG28,AL28,AQ28,AV28) -> #DIV/0! | M28: =RANK(K28, K$27:$K$41) -> #DIV/0!
C29: 3 | I29: =AVERAGE(P29,U29,Z29,AE29,AJ29,AO29,AT29) -> #DIV/0! | J29: =AVERAGE(Q29,V29,AA29,AF29,AK29,AP29,AU29) -> #DIV/0! | K29: =AVERAGE(R29,W29,AB29,AG29,AL29,AQ29,AV29) -> #DIV/0! | M29: =RANK(K29, K$27:$K$41) -> #DIV/0!
C30: 4 | I30: =AVERAGE(P30,U30,Z30,AE30,AJ30,AO30,AT30) -> #DIV/0! | J30: =AVERAGE(Q30,V30,AA30,AF30,AK30,AP30,AU30) -> #DIV/0! | K30: =AVERAGE(R30,W30,AB30,AG30,AL30,AQ30,AV30) -> #DIV/0! | M30: =RANK(K30, K$27:$K$41) -> #DIV/0!
C31: 5 | I31: =AVERAGE(P31,U31,Z31,AE31,AJ31,AO31,AT31) -> #DIV/0! | J31: =AVERAGE(Q31,V31,AA31,AF31,AK31,AP31,AU31) -> #DIV/0! | K31: =AVERAGE(R31,W31,AB31,AG31,AL31,AQ31,AV31) -> #DIV/0! | M31: =RANK(K31, K$27:$K$41) -> #DIV/0!
C32: 6 | I32: =AVERAGE(P32,U32,Z32,AE32,AJ32,AO32,AT32) -> #DIV/0! | J32: =AVERAGE(Q32,V32,AA32,AF32,AK32,AP32,AU32) -> #DIV/0! | K32: =AVERAGE(R32,W32,AB32,AG32,AL32,AQ32,AV32) -> #DIV/0! | M32: =RANK(K32, K$27:$K$41) -> #DIV/0!
C33: 7 | I33: =AVERAGE(P33,U33,Z33,AE33,AJ33,AO33,AT33) -> #DIV/0! | J33: =AVERAGE(Q33,V33,AA33,AF33,AK33,AP33,AU33) -> #DIV/0! | K33: =AVERAGE(R33,W33,AB33,AG33,AL33,AQ33,AV33) -> #DIV/0! | M33: =RANK(K33, K$27:$K$41) -> #DIV/0!
C34: 8 | I34: =AVERAGE(P34,U34,Z34,AE34,AJ34,AO34,AT34) -> #DIV/0! | J34: =AVERAGE(Q34,V34,AA34,AF34,AK34,AP34,AU34) -> #DIV/0! | K34: =AVERAGE(R34,W34,AB34,AG34,AL34,AQ34,AV34) -> #DIV/0! | M34: =RANK(K34, K$27:$K$41) -> #DIV/0!
C35: 9 | I35: =AVERAGE(P35,U35,Z35,AE35,AJ35,AO35,AT35) -> #DIV/0! | J35: =AVERAGE(Q35,V35,AA35,AF35,AK35,AP35,AU35) -> #DIV/0! | K35: =AVERAGE(R35,W35,AB35,AG35,AL35,AQ35,AV35) -> #DIV/0! | M35: =RANK(K35, K$27:$K$41) -> #DIV/0!
C36: 10 | I36: =AVERAGE(P36,U36,Z36,AE36,AJ36,AO36,AT36) -> #DIV/0! | J36: =AVERAGE(Q36,V36,AA36,AF36,AK36,AP36,AU36) -> #DIV/0! | K36: =AVERAGE(R36,W36,AB36,AG36,AL36,AQ36,AV36) -> #DIV/0! | M36: =RANK(K36, K$27:$K$41) -> #DIV/0!
C37: 11 | M37: =RANK(K37, K$27:$K$41) -> #DIV/0!
C38: 12 | M38: =RANK(K38, K$27:$K$41) -> #DIV/0!
C39: 13 | M39: =RANK(K39, K$27:$K$41) -> #DIV/0!
C40: 14 | M40: =RANK(K40, K$27:$K$41) -> #DIV/0!
C41: 15 | M41: =RANK(K41, K$27:$K$41) -> #DIV/0!
B42: 產線配置圖－每週更新 | N42: 資料繳交 | O42: 日期 | P42: 45881 | U42: 45882 | Z42: 45883 | AE42: 45884 | AJ42: 45885 | AO42: 45886 | AT42: 45887
P43: 二 | U43: 三 | Z43: 四 | AE43: 五 | AJ43: 六 | AO43: 日 | AT43: 一
B44: 品群 | C44: 商品名稱 | E44: 計畫 | H44: 平均人時性 | I44: 實績 | L44: 平均人時性 | M44: 排名 | O44: 日報 | P44: 實際 | T44: 平均人時性 | U44: 實際 | Y44: 平均人時性 | Z44: 實際 | AD44: 平均人時性 | AE44: 實際 | AI44: 平均人時性 | AJ44: 實際 | AN44: 平均人時性 | AO44: 實際 | AS44: 平均人時性 | AT44: 實際 | AX44: 平均人時性
E45: 產線配置圖 | I45: 產線配置圖 | P45: 生產實績 | U45: 生產實績 | Z45: 生產實績 | AE45: 生產實績 | AJ45: 生產實績 | AO45: 生產實績 | AT45: 生產實績
E46: 人數 | F46: 產能／時 | G46: 人時性 | I46: 人數 | J46: 產能／時 | K46: 人時性 | P46: 人數 | Q46: 產能／時 | R46: 人時性 | S46: 排名 | U46: 人數 | V46: 產能／時 | W46: 人時性 | X46: 排名 | Z46: 人數 | AA46: 產能／時 | AB46: 人時性 | AC46: 排名 | AE46: 人數 | AF46: 產能／時 | AG46: 人時性 | AH46: 排名 | AJ46: 人數 | AK46: 產能／時 | AL46: 人時性 | AM46: 排名 | AO46: 人數 | AP46: 產能／時 | AQ46: 人時性 | AR46: 排名 | AT46: 人數 | AU46: 產能／時 | AV46: 人時性 | AW46: 排名
B47: 季節調理麵 | C47: 1 | H47: =AVERAGE(G47:G61) -> #DIV/0! | I47: =AVERAGE(P47,U47,Z47,AE47,AJ47,AO47,AT47) -> #DIV/0! | J47: =AVERAGE(Q47,V47,AA47,AF47,AK47,AP47,AU47) -> #DIV/0! | K47: =AVERAGE(R47,W47,AB47,AG47,AL47,AQ47,AV47) -> #DIV/0! | L47: =AVERAGE(K47:K61) -> #DIV/0! | M47: =RANK(K47, K$47:$K$61) -> #DIV/0! | T47: =AVERAGE(R47:R61) -> #DIV/0! | Y47: =AVERAGE(W47:W61) -> #DIV/0! | AD47: =AVERAGE(AB47:AB61) -> #DIV/0! | AI47: =AVERAGE(AG47:AG61) -> #DIV/0! | AN47: =AVERAGE(AL47:AL61) -> #DIV/0! | AS47: =AVERAGE(AQ47:AQ61) -> #DIV/0! | AX47: =AVERAGE(AV47:AV61) -> #DIV/0!
C48: 2 | I48: =AVERAGE(P48,U48,Z48,AE48,AJ48,AO48,AT48) -> #DIV/0! | J48: =AVERAGE(Q48,V48,AA48,AF48,AK48,AP48,AU48) -> #DIV/0! | K48: =AVERAGE(R48,W48,AB48,AG48,AL48,AQ48,AV48) -> #DIV/0! | M48: =RANK(K48, K$47:$K$61) -> #DIV/0!
C49: 3 | I49: =AVERAGE(P49,U49,Z49,AE49,AJ49,AO49,AT49) -> #DIV/0! | J49: =AVERAGE(Q49,V49,AA49,AF49,AK49,AP49,AU49) -> #DIV/0! | K49: =AVERAGE(R49,W49,AB49,AG49,AL49,AQ49,AV49) -> #DIV/0! | M49: =RANK(K49, K$47:$K$61) -> #DIV/0!
C50: 4 | I50: =AVERAGE(P50,U50,Z50,AE50,AJ50,AO50,AT50) -> #DIV/0! | J50: =AVERAGE(Q50,V50,AA50,AF50,AK50,AP50,AU50) -> #DIV/0! | K50: =AVERAGE(R50,W50,AB50,AG50,AL50,AQ50,AV50) -> #DIV/0! | M50: =RANK(K50, K$47:$K$61) -> #DIV/0!
C51: 5 | I51: =AVERAGE(P51,U51,Z51,AE51,AJ51,AO51,AT51) -> #DIV/0! | J51: =AVERAGE(Q51,V51,AA51,AF51,AK51,AP51,AU51) -> #DIV/0! | K51: =AVERAGE(R51,W51,AB51,AG51,AL51,AQ51,AV51) -> #DIV/0! | M51: =RANK(K51, K$47:$K$61) -> #DIV/0!
C52: 6 | I52: =AVERAGE(P52,U52,Z52,AE52,AJ52,AO52,AT52) -> #DIV/0! | J52: =AVERAGE(Q52,V52,AA52,AF52,AK52,AP52,AU52) -> #DIV/0! | K52: =AVERAGE(R52,W52,AB52,AG52,AL52,AQ52,AV52) -> #DIV/0! | M52: =RANK(K52, K$47:$K$61) -> #DIV/0!
C53: 7 | I53: =AVERAGE(P53,U53,Z53,AE53,AJ53,AO53,AT53) -> #DIV/0! | J53: =AVERAGE(Q53,V53,AA53,AF53,AK53,AP53,AU53) -> #DIV/0! | K53: =AVERAGE(R53,W53,AB53,AG53,AL53,AQ53,AV53) -> #DIV/0! | M53: =RANK(K53, K$47:$K$61) -> #DIV/0!
C54: 8 | I54: =AVERAGE(P54,U54,Z54,AE54,AJ54,AO54,AT54) -> #DIV/0! | J54: =AVERAGE(Q54,V54,AA54,AF54,AK54,AP54,AU54) -> #DIV/0! | K54: =AVERAGE(R54,W54,AB54,AG54,AL54,AQ54,AV54) -> #DIV/0! | M54: =RANK(K54, K$47:$K$61) -> #DIV/0!
C55: 9 | I55: =AVERAGE(P55,U55,Z55,AE55,AJ55,AO55,AT55) -> #DIV/0! | J55: =AVERAGE(Q55,V55,AA55,AF55,AK55,AP55,AU55) -> #DIV/0! | K55: =AVERAGE(R55,W55,AB55,AG55,AL55,AQ55,AV55) -> #DIV/0! | M55: =RANK(K55, K$47:$K$61) -> #DIV/0!
C56: 10 | I56: =AVERAGE(P56,U56,Z56,AE56,AJ56,AO56,AT56) -> #DIV/0! | J56: =AVERAGE(Q56,V56,AA56,AF56,AK56,AP56,AU56) -> #DIV/0! | K56: =AVERAGE(R56,W56,AB56,AG56,AL56,AQ56,AV56) -> #DIV/0! | M56: =RANK(K56, K$47:$K$61) -> #DIV/0!
C57: 11 | M57: =RANK(K57, K$47:$K$61) -> #DIV/0!
C58: 12 | M58: =RANK(K58, K$47:$K$61) -> #DIV/0!
C59: 13 | M59: =RANK(K59, K$47:$K$61) -> #DIV/0!
C60: 14 | M60: =RANK(K60, K$47:$K$61) -> #DIV/0!
C61: 15 | M61: =RANK(K61, K$47:$K$61) -> #DIV/0!
B62: 產線配置圖－每週更新 | N62: 資料繳交 | O62: 日期 | P62: 45888 | U62: 45889 | Z62: 45890 | AE62: 45891 | AJ62: 45892 | AO62: 45893 | AT62: 45894
P63: 二 | U63: 三 | Z63: 四 | AE63: 五 | AJ63: 六 | AO63: 日 | AT63: 一
B64: 品群 | C64: 商品名稱 | E64: 計畫 | H64: 平均人時性 | I64: 實績 | L64: 平均人時性 | M64: 排名 | O64: 日報 | P64: 實際 | T64: 平均人時性 | U64: 實際 | Y64: 平均人時性 | Z64: 實際 | AD64: 平均人時性 | AE64: 實際 | AI64: 平均人時性 | AJ64: 實際 | AN64: 平均人時性 | AO64: 實際 | AS64: 平均人時性 | AT64: 實際 | AX64: 平均人時性
E65: 產線配置圖 | I65: 產線配置圖 | P65: 生產實績 | U65: 生產實績 | Z65: 生產實績 | AE65: 生產實績 | AJ65: 生產實績 | AO65: 生產實績 | AT65: 生產實績
E66: 人數 | F66: 產能／時 | G66: 人時性 | I66: 人數 | J66: 產能／時 | K66: 人時性 | P66: 人數 | Q66: 產能／時 | R66: 人時性 | S66: 排名 | U66: 人數 | V66: 產能／時 | W66: 人時性 | X66: 排名 | Z66: 人數 | AA66: 產能／時 | AB66: 人時性 | AC66: 排名 | AE66: 人數 | AF66: 產能／時 | AG66: 人時性 | AH66: 排名 | AJ66: 人數 | AK66: 產能／時 | AL66: 人時性 | AM66: 排名 | AO66: 人數 | AP66: 產能／時 | AQ66: 人時性 | AR66: 排名 | AT66: 人數 | AU66: 產能／時 | AV66: 人時性 | AW66: 排名
B67: 季節調理麵 | C67: 1 | H67: =AVERAGE(G67:G81) -> #DIV/0! | I67: =AVERAGE(P67,U67,Z67,AE67,AJ67,AO67,AT67) -> #DIV/0! | J67: =AVERAGE(Q67,V67,AA67,AF67,AK67,AP67,AU67) -> #DIV/0! | K67: =AVERAGE(R67,W67,AB67,AG67,AL67,AQ67,AV67) -> #DIV/0! | L67: =AVERAGE(K67:K81) -> #DIV/0! | M67: =RANK(K67, K$67:$K$81) -> #DIV/0! | T67: =AVERAGE(R67:R81) -> #DIV/0! | Y67: =AVERAGE(W67:W81) -> #DIV/0! | AD67: =AVERAGE(AB67:AB81) -> #DIV/0! | AI67: =AVERAGE(AG67:AG81) -> #DIV/0! | AN67: =AVERAGE(AL67:AL81) -> #DIV/0! | AS67: =AVERAGE(AQ67:AQ81) -> #DIV/0! | AX67: =AVERAGE(AV67:AV81) -> #DIV/0!
C68: 2 | I68: =AVERAGE(P68,U68,Z68,AE68,AJ68,AO68,AT68) -> #DIV/0! | J68: =AVERAGE(Q68,V68,AA68,AF68,AK68,AP68,AU68) -> #DIV/0! | K68: =AVERAGE(R68,W68,AB68,AG68,AL68,AQ68,AV68) -> #DIV/0! | M68: =RANK(K68, K$67:$K$81) -> #DIV/0!
C69: 3 | I69: =AVERAGE(P69,U69,Z69,AE69,AJ69,AO69,AT69) -> #DIV/0! | J69: =AVERAGE(Q69,V69,AA69,AF69,AK69,AP69,AU69) -> #DIV/0! | K69: =AVERAGE(R69,W69,AB69,AG69,AL69,AQ69,AV69) -> #DIV/0! | M69: =RANK(K69, K$67:$K$81) -> #DIV/0!
C70: 4 | I70: =AVERAGE(P70,U70,Z70,AE70,AJ70,AO70,AT70) -> #DIV/0! | J70: =AVERAGE(Q70,V70,AA70,AF70,AK70,AP70,AU70) -> #DIV/0! | K70: =AVERAGE(R70,W70,AB70,AG70,AL70,AQ70,AV70) -> #DIV/0! | M70: =RANK(K70, K$67:$K$81) -> #DIV/0!
C71: 5 | I71: =AVERAGE(P71,U71,Z71,AE71,AJ71,AO71,AT71) -> #DIV/0! | J71: =AVERAGE(Q71,V71,AA71,AF71,AK71,AP71,AU71) -> #DIV/0! | K71: =AVERAGE(R71,W71,AB71,AG71,AL71,AQ71,AV71) -> #DIV/0! | M71: =RANK(K71, K$67:$K$81) -> #DIV/0!
C72: 6 | I72: =AVERAGE(P72,U72,Z72,AE72,AJ72,AO72,AT72) -> #DIV/0! | J72: =AVERAGE(Q72,V72,AA72,AF72,AK72,AP72,AU72) -> #DIV/0! | K72: =AVERAGE(R72,W72,AB72,AG72,AL72,AQ72,AV72) -> #DIV/0! | M72: =RANK(K72, K$67:$K$81) -> #DIV/0!
C73: 7 | I73: =AVERAGE(P73,U73,Z73,AE73,AJ73,AO73,AT73) -> #DIV/0! | J73: =AVERAGE(Q73,V73,AA73,AF73,AK73,AP73,AU73) -> #DIV/0! | K73: =AVERAGE(R73,W73,AB73,AG73,AL73,AQ73,AV73) -> #DIV/0! | M73: =RANK(K73, K$67:$K$81) -> #DIV/0!
C74: 8 | I74: =AVERAGE(P74,U74,Z74,AE74,AJ74,AO74,AT74) -> #DIV/0! | J74: =AVERAGE(Q74,V74,AA74,AF74,AK74,AP74,AU74) -> #DIV/0! | K74: =AVERAGE(R74,W74,AB74,AG74,AL74,AQ74,AV74) -> #DIV/0! | M74: =RANK(K74, K$67:$K$81) -> #DIV/0!
C75: 9 | I75: =AVERAGE(P75,U75,Z75,AE75,AJ75,AO75,AT75) -> #DIV/0! | J75: =AVERAGE(Q75,V75,AA75,AF75,AK75,AP75,AU75) -> #DIV/0! | K75: =AVERAGE(R75,W75,AB75,AG75,AL75,AQ75,AV75) -> #DIV/0! | M75: =RANK(K75, K$67:$K$81) -> #DIV/0!
C76: 10 | I76: =AVERAGE(P76,U76,Z76,AE76,AJ76,AO76,AT76) -> #DIV/0! | J76: =AVERAGE(Q76,V76,AA76,AF76,AK76,AP76,AU76) -> #DIV/0! | K76: =AVERAGE(R76,W76,AB76,AG76,AL76,AQ76,AV76) -> #DIV/0! | M76: =RANK(K76, K$67:$K$81) -> #DIV/0!
C77: 11 | I77: =AVERAGE(P77,U77,Z77,AE77,AJ77,AO77,AT77) -> #DIV/0! | J77: =AVERAGE(Q77,V77,AA77,AF77,AK77,AP77,AU77) -> #DIV/0! | K77: =AVERAGE(R77,W77,AB77,AG77,AL77,AQ77,AV77) -> #DIV/0! | M77: =RANK(K77, K$67:$K$81) -> #DIV/0!
C78: 12 | I78: =AVERAGE(P78,U78,Z78,AE78,AJ78,AO78,AT78) -> #DIV/0! | J78: =AVERAGE(Q78,V78,AA78,AF78,AK78,AP78,AU78) -> #DIV/0! | K78: =AVERAGE(R78,W78,AB78,AG78,AL78,AQ78,AV78) -> #DIV/0! | M78: =RANK(K78, K$67:$K$81) -> #DIV/0!
C79: 13 | I79: =AVERAGE(P79,U79,Z79,AE79,AJ79,AO79,AT79) -> #DIV/0! | J79: =AVERAGE(Q79,V79,AA79,AF79,AK79,AP79,AU79) -> #DIV/0! | K79: =AVERAGE(R79,W79,AB79,AG79,AL79,AQ79,AV79) -> #DIV/0! | M79: =RANK(K79, K$67:$K$81) -> #DIV/0!
C80: 14 | I80: =AVERAGE(P80,U80,Z80,AE80,AJ80,AO80,AT80) -> #DIV/0! | J80: =AVERAGE(Q80,V80,AA80,AF80,AK80,AP80,AU80) -> #DIV/0! | K80: =AVERAGE(R80,W80,AB80,AG80,AL80,AQ80,AV80) -> #DIV/0! | M80: =RANK(K80, K$67:$K$81) -> #DIV/0!
C81: 15 | M81: =RANK(K81, K$67:$K$81) -> #DIV/0!
B82: 產線配置圖－每週更新 | N82: 資料繳交 | O82: 日期 | P82: 45895 | U82: 45896 | Z82: 45897 | AE82: 45898 | AJ82: 45899 | AO82: 45900
P83: 二 | U83: 三 | Z83: 四 | AE83: 五 | AJ83: 六 | AO83: 日 | AT83: 一
B84: 品群 | C84: 商品名稱 | E84: 計畫 | H84: 平均人時性 | I84: 實績 | L84: 平均人時性 | M84: 排名 | O84: 日報 | P84: 實際 | T84: 平均人時性 | U84: 實際 | Y84: 平均人時性 | Z84: 實際 | AD84: 平均人時性 | AE84: 實際 | AI84: 平均人時性 | AJ84: 實際 | AN84: 平均人時性 | AO84: 實際 | AS84: 平均人時性 | AT84: 實際 | AX84: 平均人時性
E85: 產線配置圖 | I85: 產線配置圖 | P85: 生產實績 | U85: 生產實績 | Z85: 生產實績 | AE85: 生產實績 | AJ85: 生產實績 | AO85: 生產實績 | AT85: 生產實績
E86: 人數 | F86: 產能／時 | G86: 人時性 | I86: 人數 | J86: 產能／時 | K86: 人時性 | P86: 人數 | Q86: 產能／時 | R86: 人時性 | S86: 排名 | U86: 人數 | V86: 產能／時 | W86: 人時性 | X86: 排名 | Z86: 人數 | AA86: 產能／時 | AB86: 人時性 | AC86: 排名 | AE86: 人數 | AF86: 產能／時 | AG86: 人時性 | AH86: 排名 | AJ86: 人數 | AK86: 產能／時 | AL86: 人時性 | AM86: 排名 | AO86: 人數 | AP86: 產能／時 | AQ86: 人時性 | AR86: 排名 | AT86: 人數 | AU86: 產能／時 | AV86: 人時性 | AW86: 排名
B87: 季節調理麵 | C87: 1 | H87: =AVERAGE(G87:G101) -> #DIV/0! | I87: =AVERAGE(P87,U87,Z87,AE87,AJ87,AO87,AT87) -> #DIV/0! | J87: =AVERAGE(Q87,V87,AA87,AF87,AK87,AP87,AU87) -> #DIV/0! | K87: =AVERAGE(R87,W87,AB87,AG87,AL87,AQ87,AV87) -> #DIV/0! | L87: =AVERAGE(K87:K101) -> #DIV/0! | M87: =RANK(K87, K$87:$K$101) -> #DIV/0! | T87: =AVERAGE(R87:R101) -> #DIV/0! | Y87: =AVERAGE(W87:W101) -> #DIV/0! | AD87: =AVERAGE(AB87:AB101) -> #DIV/0! | AI87: =AVERAGE(AG87:AG101) -> #DIV/0! | AN87: =AVERAGE(AL87:AL101) -> #DIV/0! | AS87: =AVERAGE(AQ87:AQ101) -> #DIV/0! | AX87: =AVERAGE(AV87:AV101) -> #DIV/0!
C88: 2 | I88: =AVERAGE(P88,U88,Z88,AE88,AJ88,AO88,AT88) -> #DIV/0! | J88: =AVERAGE(Q88,V88,AA88,AF88,AK88,AP88,AU88) -> #DIV/0! | K88: =AVERAGE(R88,W88,AB88,AG88,AL88,AQ88,AV88) -> #DIV/0! | M88: =RANK(K88, K$87:$K$101) -> #DIV/0!
C89: 3 | I89: =AVERAGE(P89,U89,Z89,AE89,AJ89,AO89,AT89) -> #DIV/0! | J89: =AVERAGE(Q89,V89,AA89,AF89,AK89,AP89,AU89) -> #DIV/0! | K89: =AVERAGE(R89,W89,AB89,AG89,AL89,AQ89,AV89) -> #DIV/0! | M89: =RANK(K89, K$87:$K$101) -> #DIV/0!
C90: 4 | I90: =AVERAGE(P90,U90,Z90,AE90,AJ90,AO90,AT90) -> #DIV/0! | J90: =AVERAGE(Q90,V90,AA90,AF90,AK90,AP90,AU90) -> #DIV/0! | K90: =AVERAGE(R90,W90,AB90,AG90,AL90,AQ90,AV90) -> #DIV/0! | M90: =RANK(K90, K$87:$K$101) -> #DIV/0!
C91: 5 | I91: =AVERAGE(P91,U91,Z91,AE91,AJ91,AO91,AT91) -> #DIV/0! | J91: =AVERAGE(Q91,V91,AA91,AF91,AK91,AP91,AU91) -> #DIV/0! | K91: =AVERAGE(R91,W91,AB91,AG91,AL91,AQ91,AV91) -> #DIV/0! | M91: =RANK(K91, K$87:$K$101) -> #DIV/0!
C92: 6 | I92: =AVERAGE(P92,U92,Z92,AE92,AJ92,AO92,AT92) -> #DIV/0! | J92: =AVERAGE(Q92,V92,AA92,AF92,AK92,AP92,AU92) -> #DIV/0! | K92: =AVERAGE(R92,W92,AB92,AG92,AL92,AQ92,AV92) -> #DIV/0! | M92: =RANK(K92, K$87:$K$101) -> #DIV/0!
C93: 7 | I93: =AVERAGE(P93,U93,Z93,AE93,AJ93,AO93,AT93) -> #DIV/0! | J93: =AVERAGE(Q93,V93,AA93,AF93,AK93,AP93,AU93) -> #DIV/0! | K93: =AVERAGE(R93,W93,AB93,AG93,AL93,AQ93,AV93) -> #DIV/0! | M93: =RANK(K93, K$87:$K$101) -> #DIV/0!
C94: 8 | I94: =AVERAGE(P94,U94,Z94,AE94,AJ94,AO94,AT94) -> #DIV/0! | J94: =AVERAGE(Q94,V94,AA94,AF94,AK94,AP94,AU94) -> #DIV/0! | K94: =AVERAGE(R94,W94,AB94,AG94,AL94,AQ94,AV94) -> #DIV/0! | M94: =RANK(K94, K$87:$K$101) -> #DIV/0!
C95: 9 | I95: =AVERAGE(P95,U95,Z95,AE95,AJ95,AO95,AT95) -> #DIV/0! | J95: =AVERAGE(Q95,V95,AA95,AF95,AK95,AP95,AU95) -> #DIV/0! | K95: =AVERAGE(R95,W95,AB95,AG95,AL95,AQ95,AV95) -> #DIV/0! | M95: =RANK(K95, K$87:$K$101) -> #DIV/0!
C96: 10 | I96: =AVERAGE(P96,U96,Z96,AE96,AJ96,AO96,AT96) -> #DIV/0! | J96: =AVERAGE(Q96,V96,AA96,AF96,AK96,AP96,AU96) -> #DIV/0! | K96: =AVERAGE(R96,W96,AB96,AG96,AL96,AQ96,AV96) -> #DIV/0! | M96: =RANK(K96, K$87:$K$101) -> #DIV/0!
C97: 11 | M97: =RANK(K97, K$87:$K$101) -> #DIV/0!
C98: 12 | M98: =RANK(K98, K$87:$K$101) -> #DIV/0!
C99: 13 | M99: =RANK(K99, K$87:$K$101) -> #DIV/0!
C100: 14 | M100: =RANK(K100, K$87:$K$101) -> #DIV/0!
...

Sheet （５-3）品群別人時生產性(微波小吃)
B1: 月平均人時性 | C1: 111.7
B2: 產線配置圖－每週更新 | N2: 資料繳交 | O2: 日期 | U2: 45931 | Z2: 45932 | AE2: 45933 | AJ2: 45934 | AO2: 45935 | AT2: 45936
P3: 二 | U3: 三 | Z3: 四 | AE3: 五 | AJ3: 六 | AO3: 日 | AT3: 一
B4: 品群 | C4: 商品名稱 | E4: 計畫 | H4: 平均人時性 | I4: 實績 | L4: 平均人時性 | M4: 排名 | O4: 日報 | P4: 實際 | T4: 平均人時性 | U4: 實際 | Y4: 平均人時性 | Z4: 實際 | AD4: 平均人時性 | AE4: 實際 | AI4: 平均人時性 | AJ4: 實際 | AN4: 平均人時性 | AO4: 實際 | AS4: 平均人時性 | AT4: 實際 | AX4: 平均人時性
E5: 產線配置圖 | I5: 產線配置圖 | P5: 生產實績 | U5: 生產實績 | Z5: 生產實績 | AE5: 生產實績 | AJ5: 生產實績 | AO5: 生產實績 | AT5: 生產實績
E6: 人數 | F6: 產能／時 | G6: 人時性 | I6: 人數 | J6: 產能／時 | K6: 人時性 | P6: 人數 | Q6: 產能／時 | R6: 人時性 | S6: 排名 | U6: 人數 | V6: 產能／時 | W6: 人時性 | X6: 排名 | Z6: 人數 | AA6: 產能／時 | AB6: 人時性 | AC6: 排名 | AE6: 人數 | AF6: 產能／時 | AG6: 人時性 | AH6: 排名 | AJ6: 人數 | AK6: 產能／時 | AL6: 人時性 | AM6: 排名 | AO6: 人數 | AP6: 產能／時 | AQ6: 人時性 | AR6: 排名 | AT6: 人數 | AU6: 產能／時 | AV6: 人時性 | AW6: 排名
B7: 微波小吃 | C7: 1 | D7: 小滷青蔬 | E7: =VLOOKUP(D7,'10產線配置圖'!$A$2:$C$25,2,0) -> 13 | F7: =VLOOKUP(D7,'10產線配置圖'!$A$2:$C$25,3,0) -> 1565 | G7: =F7/E7 -> 120.38462 | H7: =AVERAGE(G7:G21) -> 127.07265 | I7: =AVERAGE(P7,U7,Z7,AE7,AJ7,AO7,AT7) -> 13 | J7: =AVERAGE(Q7,V7,AA7,AF7,AK7,AP7,AU7) -> 1473.8333 | K7: =AVERAGE(W7,AB7,AG7,AL7,AQ7,AV7) -> 113.37179 | L7: =IFERROR(AVERAGE(K7:K21),"-") -> 111.71652 | M7: =RANK(K7, K$7:$K$21) -> 1 | R7: =Q7/P7 -> #DIV/0! | S7: =RANK(R7, R$7:R$21) -> #DIV/0! | T7: =AVERAGE(R7:R21) -> #DIV/0! | U7: 13 | V7: 1427 | W7: =V7/U7 -> 109.76923 | X7: =RANK(W7, W$7:W$21) -> 3 | Y7: =AVERAGE(W7:W21) -> 118.97863 | Z7: 13 | AA7: 1507 | AB7: =AA7/Z7 -> 115.92308 | AC7: =RANK(AB7, AB$7:AB$21) -> 2 | AD7: =AVERAGE(AB7:AB21) -> 116.52991 | AE7: 13 | AF7: 1506 | AG7: =AF7/AE7 -> 115.84615 | AH7: =RANK(AG7, AG$7:AG$21) -> 1 | AI7: =AVERAGE(AG7:AG21) -> 104.2265 | AJ7: 13 | AK7: 1367 | AL7: =AK7/AJ7 -> 105.15385 | AM7: =RANK(AL7, AL$7:AL$21) -> 3 | AN7: =AVERAGE(AL7:AL21) -> 115.57906 | AO7: 13 | AP7: 1564 | AQ7: =AP7/AO7 -> 120.30769 | AR7: =RANK(AQ7, AQ$7:AQ$21) -> 1 | AS7: =AVERAGE(AQ7:AQ21) -> 113.96368 | AT7: 13 | AU7: 1472 | AV7: =AU7/AT7 -> 113.23077 | AW7: =RANK(AV7, AV$7:AV$21) -> 2 | AX7: =AVERAGE(AV7:AV21) -> 101.02137
C8: 2 | D8: 起司馬鈴薯 | E8: =VLOOKUP(D8,'10產線配置圖'!$A$2:$C$25,2,0) -> 12 | F8: =VLOOKUP(D8,'10產線配置圖'!$A$2:$C$25,3,0) -> 1565 | G8: =F8/E8 -> 130.41667 | I8: =AVERAGE(P8,U8,Z8,AE8,AJ8,AO8,AT8) -> 12 | J8: =AVERAGE(Q8,V8,AA8,AF8,AK8,AP8,AU8) -> 1304.3333 | K8: =AVERAGE(W8,AB8,AG8,AL8,AQ8,AV8) -> 108.69444 | M8: =RANK(K8, K$7:$K$21) -> 3 | R8: =Q8/P8 -> #DIV/0! | S8: =RANK(R8, R$7:R$21) -> #DIV/0! | U8: 12 | V8: 1472 | W8: =V8/U8 -> 122.66667 | X8: =RANK(W8, W$7:W$21) -> 2 | Z8: 12 | AA8: 1516 | AB8: =AA8/Z8 -> 126.33333 | AC8: =RANK(AB8, AB$7:AB$21) -> 1 | AE8: 12 | AF8: 1181 | AG8: =AF8/AE8 -> 98.416667 | AH8: =RANK(AG8, AG$7:AG$21) -> 2 | AJ8: 12 | AK8: 1527 | AL8: =AK8/AJ8 -> 127.25 | AM8: =RANK(AL8, AL$7:AL$21) -> 1 | AO8: 12 | AP8: 1273 | AQ8: =AP8/AO8 -> 106.08333 | AR8: =RANK(AQ8, AQ$7:AQ$21) -> 3 | AT8: 12 | AU8: 857 | AV8: =AU8/AT8 -> 71.416667 | AW8: =RANK(AV8, AV$7:AV$21) -> 3
C9: 3 | D9: 台式綜合甜不辣 | E9: =VLOOKUP(D9,'10產線配置圖'!$A$2:$C$25,2,0) -> 12 | F9: =VLOOKUP(D9,'10產線配置圖'!$A$2:$C$25,3,0) -> 1565 | G9: =F9/E9 -> 130.41667 | I9: =AVERAGE(P9,U9,Z9,AE9,AJ9,AO9,AT9) -> 12 | J9: =AVERAGE(Q9,V9,AA9,AF9,AK9,AP9,AU9) -> 1357 | K9: =AVERAGE(W9,AB9,AG9,AL9,AQ9,AV9) -> 113.08333 | M9: =RANK(K9, K$7:$K$21) -> 2 | R9: =Q9/P9 -> #DIV/0! | S9: =RANK(R9, R$7:R$21) -> #DIV/0! | U9: 12 | V9: 1494 | W9: =V9/U9 -> 124.5 | X9: =RANK(W9, W$7:W$21) -> 1 | Z9: 12 | AA9: 1288 | AB9: =AA9/Z9 -> 107.33333 | AC9: =RANK(AB9, AB$7:AB$21) -> 3 | AE9: 12 | AF9: 1181 | AG9: =AF9/AE9 -> 98.416667 | AH9: =RANK(AG9, AG$7:AG$21) -> 2 | AJ9: 12 | AK9: 1372 | AL9: =AK9/AJ9 -> 114.33333 | AM9: =RANK(AL9, AL$7:AL$21) -> 2 | AO9: 12 | AP9: 1386 | AQ9: =AP9/AO9 -> 115.5 | AR9: =RANK(AQ9, AQ$7:AQ$21) -> 2 | AT9: 12 | AU9: 1421 | AV9: =AU9/AT9 -> 118.41667 | AW9: =RANK(AV9, AV$7:AV$21) -> 1
C10: 4 | R10: =Q10/P10 -> #DIV/0! | S10: =RANK(R10, R$7:R$21) -> #DIV/0!
C11: 5 | R11: =Q11/P11 -> #DIV/0! | S11: =RANK(R11, R$7:R$21) -> #DIV/0!
C12: 6 | R12: =Q12/P12 -> #DIV/0! | S12: =RANK(R12, R$7:R$21) -> #DIV/0!
C13: 7 | R13: =Q13/P13 -> #DIV/0! | S13: =RANK(R13, R$7:R$21) -> #DIV/0!
C14: 8
C15: 9
C16: 10
C17: 11
C18: 12
C19: 13
C20: 14
C21: 15
B22: 產線配置圖－每週更新 | N22: 資料繳交 | O22: 日期 | P22: 45937 | U22: 45938 | Z22: 45939 | AE22: 45940 | AJ22: 45941 | AO22: 45942 | AT22: 45943
P23: 二 | U23: 三 | Z23: 四 | AE23: 五 | AJ23: 六 | AO23: 日 | AT23: 一
B24: 品群 | C24: 商品名稱 | E24: 計畫 | H24: 平均人時性 | I24: 實績 | L24: 平均人時性 | M24: 排名 | O24: 日報 | P24: 實際 | T24: 平均人時性 | U24: 實際 | Y24: 平均人時性 | Z24: 實際 | AD24: 平均人時性 | AE24: 實際 | AI24: 平均人時性 | AJ24: 實際 | AN24: 平均人時性 | AO24: 實際 | AS24: 平均人時性 | AT24: 實際 | AX24: 平均人時性
E25: 產線配置圖 | I25: 產線配置圖 | P25: 生產實績 | U25: 生產實績 | Z25: 生產實績 | AE25: 生產實績 | AJ25: 生產實績 | AO25: 生產實績 | AT25: 生產實績
E26: 人數 | F26: 產能／時 | G26: 人時性 | I26: 人數 | J26: 產能／時 | K26: 人時性 | P26: 人數 | Q26: 產能／時 | R26: 人時性 | S26: 排名 | U26: 人數 | V26: 產能／時 | W26: 人時性 | X26: 排名 | Z26: 人數 | AA26: 產能／時 | AB26: 人時性 | AC26: 排名 | AE26: 人數 | AF26: 產能／時 | AG26: 人時性 | AH26: 排名 | AJ26: 人數 | AK26: 產能／時 | AL26: 人時性 | AM26: 排名 | AO26: 人數 | AP26: 產能／時 | AQ26: 人時性 | AR26: 排名 | AT26: 人數 | AU26: 產能／時 | AV26: 人時性 | AW26: 排名
B27: 微波小吃 | C27: 1 | D27: 小滷青蔬 | E27: =VLOOKUP(D27,'10產線配置圖'!$A$2:$C$25,2,0) -> 13 | F27: =VLOOKUP(D27,'10產線配置圖'!$A$2:$C$25,3,0) -> 1565 | G27: =F27/E27 -> 120.38462 | H27: =AVERAGE(G27:G41) -> 127.07265 | I27: =AVERAGE(P27,U27,Z27,AE27,AJ27,AO27,AT27) -> 13 | J27: =AVERAGE(Q27,V27,AA27,AF27,AK27,AP27,AU27) -> 1455.5714 | K27: =AVERAGE(R27,W27,AB27,AG27,AL27,AQ27,AV27) -> 111.96703 | L27: =IFERROR(AVERAGE(K27:K41),"-") -> 110.97314 | M27: =RANK(K27, K$27:$K$41) -> 1 | P27: 13 | Q27: 1214 | R27: =Q27/P27 -> 93.384615 | S27: =RANK(R27, $R$27:$R$41) -> 2 | T27: =AVERAGE(R27:R41) -> 93.044872 | U27: 13 | V27: 1387 | W27: =V27/U27 -> 106.69231 | X27: =RANK(W27, $W$27:$W$41) -> 3 | Y27: =AVERAGE(W27:W41) -> 116.84188 | Z27: 13 | AA27: 1557 | AB27: =AA27/Z27 -> 119.76923 | AC27: =RANK(AB27, $AB$27:$AB$29) -> 1 | AD27: =AVERAGE(AB27:AB41) -> 105.45085 | AE27: 13 | AF27: 1380 | AG27: =AF27/AE27 -> 106.15385 | AH27: =RANK(AG27, $AG$27:$AG$29) -> 3 | AI27: =AVERAGE(AG27:AG41) -> 110.44017 | AJ27: 13 | AK27: 1549 | AL27: =AK27/AJ27 -> 119.15385 | AM27: =RANK(AL27, $AL$27:$AL$29) -> 2 | AN27: =AVERAGE(AL27:AL41) -> 117.5235 | AO27: 13 | AP27: 1547 | AQ27: =AP27/AO27 -> 119 | AR27: =RANK(AQ27, $AQ$27:$AQ$41) -> 1 | AS27: =AVERAGE(AQ27:AQ41) -> 115.27778 | AT27: 13 | AU27: 1555 | AV27: =AU27/AT27 -> 119.61538 | AW27: =RANK(AV27, $AV$27:$AV$41) -> 2 | AX27: =AVERAGE(AV27:AV41) -> 118.23291
C28: 2 | D28: 起司馬鈴薯 | E28: =VLOOKUP(D28,'10產線配置圖'!$A$2:$C$25,2,0) -> 12 | F28: =VLOOKUP(D28,'10產線配置圖'!$A$2:$C$25,3,0) -> 1565 | G28: =F28/E28 -> 130.41667 | I28: =AVERAGE(P28,U28,Z28,AE28,AJ28,AO28,AT28) -> 12 | J28: =AVERAGE(Q28,V28,AA28,AF28,AK28,AP28,AU28) -> 1330.8571 | K28: =AVERAGE(R28,W28,AB28,AG28,AL28,AQ28,AV28) -> 110.90476 | M28: =RANK(K28, K$27:$K$41) -> 2 | P28: 12 | Q28: 1095 | R28: =Q28/P28 -> 91.25 | S28: =RANK(R28, $R$27:$R$41) -> 3 | U28: 12 | V28: 1397 | W28: =V28/U28 -> 116.41667 | X28: =RANK(W28, $W$27:$W$41) -> 2 | Z28: 12 | AA28: 1348 | AB28: =AA28/Z28 -> 112.33333 | AC28: =RANK(AB28, $AB$27:$AB$29) -> 2 | AE28: 12 | AF28: 1313 | AG28: =AF28/AE28 -> 109.41667 | AH28: =RANK(AG28, $AG$27:$AG$29) -> 2 | AJ28: 12 | AK28: 1305 | AL28: =AK28/AJ28 -> 108.75 | AM28: =RANK(AL28, $AL$27:$AL$29) -> 3 | AO28: 12 | AP28: 1364 | AQ28: =AP28/AO28 -> 113.66667 | AR28: =RANK(AQ28, $AQ$27:$AQ$41) -> 2 | AT28: 12 | AU28: 1494 | AV28: =AU28/AT28 -> 124.5 | AW28: =RANK(AV28, $AV$27:$AV$41) -> 1
C29: 3 | D29: 台式綜合甜不辣 | E29: =VLOOKUP(D29,'10產線配置圖'!$A$2:$C$25,2,0) -> 12 | F29: =VLOOKUP(D29,'10產線配置圖'!$A$2:$C$25,3,0) -> 1565 | G29: =F29/E29 -> 130.41667 | I29: =AVERAGE(P29,U29,Z29,AE29,AJ29,AO29,AT29) -> 12 | J29: =AVERAGE(Q29,V29,AA29,AF29,AK29,AP29,AU29) -> 1320.5714 | K29: =AVERAGE(R29,W29,AB29,AG29,AL29,AQ29,AV29) -> 110.04762 | M29: =RANK(K29, K$27:$K$41) -> 3 | P29: 12 | Q29: 1134 | R29: =Q29/P29 -> 94.5 | S29: =RANK(R29, $R$27:$R$41) -> 1 | U29: 12 | V29: 1529 | W29: =V29/U29 -> 127.41667 | X29: =RANK(W29, $W$27:$W$41) -> 1 | Z29: 12 | AA29: 1011 | AB29: =AA29/Z29 -> 84.25 | AC29: =RANK(AB29, $AB$27:$AB$29) -> 3 | AE29: 12 | AF29: 1389 | AG29: =AF29/AE29 -> 115.75 | AH29: =RANK(AG29, $AG$27:$AG$29) -> 1 | AJ29: 12 | AK29: 1496 | AL29: =AK29/AJ29 -> 124.66667 | AM29: =RANK(AL29, $AL$27:$AL$29) -> 1 | AO29: 12 | AP29: 1358 | AQ29: =AP29/AO29 -> 113.16667 | AR29: =RANK(AQ29, $AQ$27:$AQ$41) -> 3 | AT29: 12 | AU29: 1327 | AV29: =AU29/AT29 -> 110.58333 | AW29: =RANK(AV29, $AV$27:$AV$41) -> 3
C30: 4
C31: 5
C32: 6
C33: 7
C34: 8
C35: 9
C36: 10
C37: 11
C38: 12
C39: 13
C40: 14
C41: 15
B42: 產線配置圖－每週更新 | N42: 資料繳交 | O42: 日期 | P42: 45944 | U42: 45945 | Z42: 45946 | AE42: 45947 | AJ42: 45948 | AO42: 45949 | AT42: 45950
P43: 二 | U43: 三 | Z43: 四 | AE43: 五 | AJ43: 六 | AO43: 日 | AT43: 一
B44: 品群 | C44: 商品名稱 | E44: 計畫 | H44: 平均人時性 | I44: 實績 | L44: 平均人時性 | M44: 排名 | O44: 日報 | P44: 實際 | T44: 平均人時性 | U44: 實際 | Y44: 平均人時性 | Z44: 實際 | AD44: 平均人時性 | AE44: 實際 | AI44: 平均人時性 | AJ44: 實際 | AN44: 平均人時性 | AO44: 實際 | AS44: 平均人時性 | AT44: 實際 | AX44: 平均人時性
E45: 產線配置圖 | I45: 產線配置圖 | P45: 生產實績 | U45: 生產實績 | Z45: 生產實績 | AE45: 生產實績 | AJ45: 生產實績 | AO45: 生產實績 | AT45: 生產實績
E46: 人數 | F46: 產能／時 | G46: 人時性 | I46: 人數 | J46: 產能／時 | K46: 人時性 | P46: 人數 | Q46: 產能／時 | R46: 人時性 | S46: 排名 | U46: 人數 | V46: 產能／時 | W46: 人時性 | X46: 排名 | Z46: 人數 | AA46: 產能／時 | AB46: 人時性 | AC46: 排名 | AE46: 人數 | AF46: 產能／時 | AG46: 人時性 | AH46: 排名 | AJ46: 人數 | AK46: 產能／時 | AL46: 人時性 | AM46: 排名 | AO46: 人數 | AP46: 產能／時 | AQ46: 人時性 | AR46: 排名 | AT46: 人數 | AU46: 產能／時 | AV46: 人時性 | AW46: 排名
B47: 微波小吃 | C47: 1 | D47: 小滷青蔬 | E47: =VLOOKUP(D47,'10產線配置圖'!$A$2:$C$25,2,0) -> 13 | F47: =VLOOKUP(D47,'10產線配置圖'!$A$2:$C$25,3,0) -> 1565 | G47: =F47/E47 -> 120.38462 | H47: =AVERAGE(G47:G61) -> 127.07265 | I47: =AVERAGE(P47,U47,Z47,AE47,AJ47,AO47,AT47) -> #DIV/0! | J47: =AVERAGE(Q47,V47,AA47,AF47,AK47,AP47,AU47) -> #DIV/0! | K47: =AVERAGE(R47,W47,AB47,AG47,AL47,AQ47,AV47) -> #DIV/0! | L47: =IFERROR(AVERAGE(K47:K61),"-") -> - | M47: =RANK(K47, K$47:$K$61) -> #DIV/0! | R47: =Q47/P47 -> #DIV/0! | S47: =RANK(R47, $R$47:$R$49) -> #DIV/0! | T47: =AVERAGE(R47:R61) -> #DIV/0! | W47: =V47/U47 -> #DIV/0! | X47: =RANK(W47, $W$47:$W$49) -> #DIV/0! | Y47: =AVERAGE(W47:W61) -> #DIV/0! | AB47: =AA47/Z47 -> #DIV/0! | AC47: =RANK(AB47, $AB$47:$AB$49) -> #DIV/0! | AD47: =AVERAGE(AB47:AB61) -> #DIV/0! | AG47: =AF47/AE47 -> #DIV/0! | AH47: =RANK(AG47,$AG$47:$AG$49) -> #DIV/0! | AI47: =AVERAGE(AG47:AG61) -> #DIV/0! | AL47: =AK47/AJ47 -> #DIV/0! | AM47: =RANK(AL47, $AL$47:$AL$49) -> #DIV/0! | AN47: =AVERAGE(AL47:AL61) -> #DIV/0! | AQ47: =AP47/AO47 -> #DIV/0! | AR47: =RANK(AQ47,$AQ$47:$AQ$49) -> #DIV/0! | AS47: =AVERAGE(AQ47:AQ61) -> #DIV/0! | AV47: =AU47/AT47 -> #DIV/0! | AW47: =RANK(AV47,$AV$47:$AV$49) -> #DIV/0! | AX47: =AVERAGE(AV47:AV61) -> #DIV/0!
C48: 2 | D48: 起司馬鈴薯 | E48: =VLOOKUP(D48,'10產線配置圖'!$A$2:$C$25,2,0) -> 12 | F48: =VLOOKUP(D48,'10產線配置圖'!$A$2:$C$25,3,0) -> 1565 | G48: =F48/E48 -> 130.41667 | I48: =AVERAGE(P48,U48,Z48,AE48,AJ48,AO48,AT48) -> #DIV/0! | J48: =AVERAGE(Q48,V48,AA48,AF48,AK48,AP48,AU48) -> #DIV/0! | K48: =AVERAGE(R48,W48,AB48,AG48,AL48,AQ48,AV48) -> #DIV/0! | M48: =RANK(K48, K$47:$K$61) -> #DIV/0! | R48: =Q48/P48 -> #DIV/0! | S48: =RANK(R48, $R$47:$R$49) -> #DIV/0! | W48: =V48/U48 -> #DIV/0! | X48: =RANK(W48, $W$47:$W$49) -> #DIV/0! | AB48: =AA48/Z48 -> #DIV/0! | AC48: =RANK(AB48, $AB$47:$AB$49) -> #DIV/0! | AG48: =AF48/AE48 -> #DIV/0! | AH48: =RANK(AG48,$AG$47:$AG$49) -> #DIV/0! | AL48: =AK48/AJ48 -> #DIV/0! | AM48: =RANK(AL48, $AL$47:$AL$49) -> #DIV/0! | AQ48: =AP48/AO48 -> #DIV/0! | AR48: =RANK(AQ48,$AQ$47:$AQ$49) -> #DIV/0! | AV48: =AU48/AT48 -> #DIV/0! | AW48: =RANK(AV48,$AV$47:$AV$49) -> #DIV/0!
C49: 3 | D49: 台式綜合甜不辣 | E49: =VLOOKUP(D49,'10產線配置圖'!$A$2:$C$25,2,0) -> 12 | F49: =VLOOKUP(D49,'10產線配置圖'!$A$2:$C$25,3,0) -> 1565 | G49: =F49/E49 -> 130.41667 | I49: =AVERAGE(P49,U49,Z49,AE49,AJ49,AO49,AT49) -> #DIV/0! | J49: =AVERAGE(Q49,V49,AA49,AF49,AK49,AP49,AU49) -> #DIV/0! | K49: =AVERAGE(R49,W49,AB49,AG49,AL49,AQ49,AV49) -> #DIV/0! | M49: =RANK(K49, K$47:$K$61) -> #DIV/0! | R49: =Q49/P49 -> #DIV/0! | S49: =RANK(R49, $R$47:$R$49) -> #DIV/0! | W49: =V49/U49 -> #DIV/0! | X49: =RANK(W49, $W$47:$W$49) -> #DIV/0! | AB49: =AA49/Z49 -> #DIV/0! | AC49: =RANK(AB49, $AB$47:$AB$49) -> #DIV/0! | AG49: =AF49/AE49 -> #DIV/0! | AH49: =RANK(AG49,$AG$47:$AG$49) -> #DIV/0! | AL49: =AK49/AJ49 -> #DIV/0! | AM49: =RANK(AL49, $AL$47:$AL$49) -> #DIV/0! | AQ49: =AP49/AO49 -> #DIV/0! | AR49: =RANK(AQ49,$AQ$47:$AQ$49) -> #DIV/0! | AV49: =AU49/AT49 -> #DIV/0! | AW49: =RANK(AV49,$AV$47:$AV$49) -> #DIV/0!
C50: 4
C51: 5
C52: 6
C53: 7
C54: 8
C55: 9
C56: 10
C57: 11
C58: 12
C59: 13
C60: 14
C61: 15
B62: 產線配置圖－每週更新 | N62: 資料繳交 | O62: 日期 | P62: 45951 | U62: 45952 | Z62: 45953 | AE62: 45954 | AJ62: 45955 | AO62: 45956 | AT62: 45957
P63: 二 | U63: 三 | Z63: 四 | AE63: 五 | AJ63: 六 | AO63: 日 | AT63: 一
B64: 品群 | C64: 商品名稱 | E64: 計畫 | H64: 平均人時性 | I64: 實績 | L64: 平均人時性 | M64: 排名 | O64: 日報 | P64: 實際 | T64: 平均人時性 | U64: 實際 | Y64: 平均人時性 | Z64: 實際 | AD64: 平均人時性 | AE64: 實際 | AI64: 平均人時性 | AJ64: 實際 | AN64: 平均人時性 | AO64: 實際 | AS64: 平均人時性 | AT64: 實際 | AX64: 平均人時性
E65: 產線配置圖 | I65: 產線配置圖 | P65: 生產實績 | U65: 生產實績 | Z65: 生產實績 | AE65: 生產實績 | AJ65: 生產實績 | AO65: 生產實績 | AT65: 生產實績
E66: 人數 | F66: 產能／時 | G66: 人時性 | I66: 人數 | J66: 產能／時 | K66: 人時性 | P66: 人數 | Q66: 產能／時 | R66: 人時性 | S66: 排名 | U66: 人數 | V66: 產能／時 | W66: 人時性 | X66: 排名 | Z66: 人數 | AA66: 產能／時 | AB66: 人時性 | AC66: 排名 | AE66: 人數 | AF66: 產能／時 | AG66: 人時性 | AH66: 排名 | AJ66: 人數 | AK66: 產能／時 | AL66: 人時性 | AM66: 排名 | AO66: 人數 | AP66: 產能／時 | AQ66: 人時性 | AR66: 排名 | AT66: 人數 | AU66: 產能／時 | AV66: 人時性 | AW66: 排名
B67: 微波小吃 | C67: 1 | D67: 小滷青蔬 | E67: =VLOOKUP(D67,'10產線配置圖'!$A$2:$C$25,2,0) -> 13 | F67: =VLOOKUP(D67,'10產線配置圖'!$A$2:$C$25,3,0) -> 1565 | G67: =F67/E67 -> 120.38462 | H67: =AVERAGE(G67:G81) -> 127.07265 | I67: =AVERAGE(P67,U67,Z66,AE67,AJ67,AO67,AT67) -> #DIV/0! | J67: =AVERAGE(Q67,V67,AA67,AF67,AK67,AP67,AU67) -> #DIV/0! | K67: =AVERAGE(R67,W67,AB67,AG67,AL67,AQ67,AV67) -> #DIV/0! | L67: =IFERROR(AVERAGE(K67:K81),"-") -> - | M67: =RANK(K67, K$67:$K$81) -> #DIV/0! | R67: =Q67/P67 -> #DIV/0! | S67: =RANK(R67,$R$67:$R$81) -> #DIV/0! | T67: =AVERAGE(R67:R81) -> #DIV/0! | W67: =V67/U67 -> #DIV/0! | X67: =RANK(W67,$W$67:$W$81) -> #DIV/0! | Y67: =AVERAGE(W67:W81) -> #DIV/0! | AB67: =AA67/Z67 -> #DIV/0! | AC67: =RANK(AB67, $AB$67:$AB$69) -> #DIV/0! | AD67: =AVERAGE(AB67:AB81) -> #DIV/0! | AG67: =AF67/AE67 -> #DIV/0! | AH67: =RANK(AG67, $AG$67:$AG$69) -> #DIV/0! | AI67: =AVERAGE(AG67:AG81) -> #DIV/0! | AL67: =AK67/AJ67 -> #DIV/0! | AM67: =RANK(AL67, $AL$67:$AL$69) -> #DIV/0! | AN67: =AVERAGE(AL67:AL81) -> #DIV/0! | AQ67: =AP67/AO67 -> #DIV/0! | AR67: =RANK(AQ67, $AQ$67:$AQ$69) -> #DIV/0! | AS67: =AVERAGE(AQ67:AQ81) -> #DIV/0! | AV67: =AU67/AT67 -> #DIV/0! | AW67: =RANK(AV67, $AV$67:$AV$69) -> #DIV/0! | AX67: =AVERAGE(AV67:AV81) -> #DIV/0!
C68: 2 | D68: 起司馬鈴薯 | E68: =VLOOKUP(D68,'10產線配置圖'!$A$2:$C$25,2,0) -> 12 | F68: =VLOOKUP(D68,'10產線配置圖'!$A$2:$C$25,3,0) -> 1565 | G68: =F68/E68 -> 130.41667 | I68: =AVERAGE(P68,U68,Z67,AE68,AJ68,AO68,AT68) -> #DIV/0! | J68: =AVERAGE(Q68,V68,AA68,AF68,AK68,AP68,AU68) -> #DIV/0! | K68: =AVERAGE(R68,W68,AB68,AG68,AL68,AQ68,AV68) -> #DIV/0! | M68: =RANK(K68, K$67:$K$81) -> #DIV/0! | R68: =Q68/P68 -> #DIV/0! | S68: =RANK(R68,$R$67:$R$81) -> #DIV/0! | W68: =V68/U68 -> #DIV/0! | X68: =RANK(W68,$W$67:$W$81) -> #DIV/0! | AB68: =AA68/Z68 -> #DIV/0! | AC68: =RANK(AB68, $AB$67:$AB$69) -> #DIV/0! | AG68: =AF68/AE68 -> #DIV/0! | AH68: =RANK(AG68, $AG$67:$AG$69) -> #DIV/0! | AL68: =AK68/AJ68 -> #DIV/0! | AM68: =RANK(AL68, $AL$67:$AL$69) -> #DIV/0! | AQ68: =AP68/AO68 -> #DIV/0! | AR68: =RANK(AQ68, $AQ$67:$AQ$69) -> #DIV/0! | AV68: =AU68/AT68 -> #DIV/0! | AW68: =RANK(AV68, $AV$67:$AV$69) -> #DIV/0!
C69: 3 | D69: 台式綜合甜不辣 | E69: =VLOOKUP(D69,'10產線配置圖'!$A$2:$C$25,2,0) -> 12 | F69: =VLOOKUP(D69,'10產線配置圖'!$A$2:$C$25,3,0) -> 1565 | G69: =F69/E69 -> 130.41667 | I69: =AVERAGE(P69,U69,Z69,AE69,AJ69,AO69,AT69) -> #DIV/0! | J69: =AVERAGE(Q69,V69,AA69,AF69,AK69,AP69,AU69) -> #DIV/0! | K69: =AVERAGE(R69,W69,AB69,AG69,AL69,AQ69,AV69) -> #DIV/0! | M69: =RANK(K69, K$67:$K$81) -> #DIV/0! | R69: =Q69/P69 -> #DIV/0! | S69: =RANK(R69,$R$67:$R$81) -> #DIV/0! | W69: =V69/U69 -> #DIV/0! | X69: =RANK(W69,$W$67:$W$81) -> #DIV/0! | AB69: =AA69/Z69 -> #DIV/0! | AC69: =RANK(AB69, $AB$67:$AB$69) -> #DIV/0! | AG69: =AF69/AE69 -> #DIV/0! | AH69: =RANK(AG69, $AG$67:$AG$69) -> #DIV/0! | AL69: =AK69/AJ69 -> #DIV/0! | AM69: =RANK(AL69, $AL$67:$AL$69) -> #DIV/0! | AQ69: =AP69/AO69 -> #DIV/0! | AR69: =RANK(AQ69, $AQ$67:$AQ$69) -> #DIV/0! | AV69: =AU69/AT69 -> #DIV/0! | AW69: =RANK(AV69, $AV$67:$AV$69) -> #DIV/0!
C70: 4
C71: 5
C72: 6
C73: 7
C74: 8
C75: 9
C76: 10
C77: 11
C78: 12
C79: 13
C80: 14
C81: 15
B82: 產線配置圖－每週更新 | N82: 資料繳交 | O82: 日期 | P82: 45958 | U82: 45959 | Z82: 45960 | AE82: 45961
P83: 二 | U83: 三 | Z83: 四 | AE83: 五 | AJ83: 六 | AO83: 日 | AT83: 一
B84: 品群 | C84: 商品名稱 | E84: 計畫 | H84: 平均人時性 | I84: 實績 | L84: 平均人時性 | M84: 排名 | O84: 日報 | P84: 實際 | T84: 平均人時性 | U84: 實際 | Y84: 平均人時性 | Z84: 實際 | AD84: 平均人時性 | AE84: 實際 | AI84: 平均人時性 | AJ84: 實際 | AN84: 平均人時性 | AO84: 實際 | AS84: 平均人時性 | AT84: 實際 | AX84: 平均人時性
E85: 產線配置圖 | I85: 產線配置圖 | P85: 生產實績 | U85: 生產實績 | Z85: 生產實績 | AE85: 生產實績 | AJ85: 生產實績 | AO85: 生產實績 | AT85: 生產實績
E86: 人數 | F86: 產能／時 | G86: 人時性 | I86: 人數 | J86: 產能／時 | K86: 人時性 | P86: 人數 | Q86: 產能／時 | R86: 人時性 | S86: 排名 | U86: 人數 | V86: 產能／時 | W86: 人時性 | X86: 排名 | Z86: 人數 | AA86: 產能／時 | AB86: 人時性 | AC86: 排名 | AE86: 人數 | AF86: 產能／時 | AG86: 人時性 | AH86: 排名 | AJ86: 人數 | AK86: 產能／時 | AL86: 人時性 | AM86: 排名 | AO86: 人數 | AP86: 產能／時 | AQ86: 人時性 | AR86: 排名 | AT86: 人數 | AU86: 產能／時 | AV86: 人時性 | AW86: 排名
B87: 微波小吃 | C87: 1 | D87: 小滷青蔬 | E87: =VLOOKUP(D87,'10產線配置圖'!$A$2:$C$25,2,0) -> 13 | F87: =VLOOKUP(D87,'10產線配置圖'!$A$2:$C$25,3,0) -> 1565 | G87: =F87/E87 -> 120.38462 | H87: =AVERAGE(G87:G101) -> 127.07265 | I87: =AVERAGE(P87,U87,Z87,AE87,AJ87,AO87,AT87) -> #DIV/0! | J87: =AVERAGE(Q87,V87,AA87,AF87,AK87,AP87,AU87) -> #DIV/0! | K87: =AVERAGE(R87,W87,AB87,AG87,AL87,AQ87,AV87) -> #DIV/0! | L87: =IFERROR(AVERAGE(K87:K101),"-") -> - | M87: =RANK(K87, K$87:$K$101) -> #DIV/0! | R87: =Q87/P87 -> #DIV/0! | S87: =RANK(R87,$R$87:$R$101) -> #DIV/0! | T87: =AVERAGE(R87:R101) -> #DIV/0! | W87: =V87/U87 -> #DIV/0! | X87: =RANK(W87,$W$87:$W$90) -> #DIV/0! | Y87: =AVERAGE(W87:W101) -> #DIV/0! | AB87: =AA87/Z87 -> #DIV/0! | AC87: =RANK(AB87,$AB$87:$AB$101) -> #DIV/0! | AD87: =AVERAGE(AB87:AB101) -> #DIV/0! | AG87: =AF87/AE87 -> #DIV/0! | AH87: =RANK(AG87,$AG$87:$AG$101) -> #DIV/0! | AI87: =AVERAGE(AG87:AG101) -> #DIV/0! | AL87: =AK87/AJ87 -> #DIV/0! | AM87: =RANK(AL87,$AL$87:$AL$90) -> #DIV/0! | AN87: =AVERAGE(AL87:AL101) -> #DIV/0! | AQ87: =AP87/AO87 -> #DIV/0! | AR87: =RANK(AQ87,$AQ$87:$AQ$101) -> #DIV/0! | AS87: =AVERAGE(AQ87:AQ101) -> #DIV/0! | AV87: =AU87/AT87 -> #DIV/0! | AW87: =RANK(AV87,$AV$87:$AV$101) -> #DIV/0! | AX87: =AVERAGE(AV87:AV101) -> #DIV/0!
C88: 2 | D88: 起司馬鈴薯 | E88: =VLOOKUP(D88,'10產線配置圖'!$A$2:$C$25,2,0) -> 12 | F88: =VLOOKUP(D88,'10產線配置圖'!$A$2:$C$25,3,0) -> 1565 | G88: =F88/E88 -> 130.41667 | I88: =AVERAGE(P88,U88,Z88,AE88,AJ88,AO88,AT88) -> #DIV/0! | J88: =AVERAGE(Q88,V88,AA88,AF88,AK88,AP88,AU88) -> #DIV/0! | K88: =AVERAGE(R88,W88,AB88,AG88,AL88,AQ88,AV88) -> #DIV/0! | M88: =RANK(K88, K$87:$K$101) -> #DIV/0! | R88: =Q88/P88 -> #DIV/0! | S88: =RANK(R88,$R$87:$R$101) -> #DIV/0! | W88: =V88/U88 -> #DIV/0! | X88: =RANK(W88,$W$87:$W$90) -> #DIV/0! | AB88: =AA88/Z88 -> #DIV/0! | AC88: =RANK(AB88,$AB$87:$AB$101) -> #DIV/0! | AG88: =AF88/AE88 -> #DIV/0! | AH88: =RANK(AG88,$AG$87:$AG$101) -> #DIV/0! | AL88: =AK88/AJ88 -> #DIV/0! | AM88: =RANK(AL88,$AL$87:$AL$90) -> #DIV/0! | AQ88: =AP88/AO88 -> #DIV/0! | AR88: =RANK(AQ88,$AQ$87:$AQ$101) -> #DIV/0! | AV88: =AU88/AT88 -> #DIV/0! | AW88: =RANK(AV88,$AV$87:$AV$101) -> #DIV/0!
C89: 3 | D89: 台式綜合甜不辣 | E89: =VLOOKUP(D89,'10產線配置圖'!$A$2:$C$25,2,0) -> 12 | F89: =VLOOKUP(D89,'10產線配置圖'!$A$2:$C$25,3,0) -> 1565 | G89: =F89/E89 -> 130.41667 | I89: =AVERAGE(P89,U89,Z89,AE89,AJ89,AO89,AT89) -> #DIV/0! | J89: =AVERAGE(Q89,V89,AA89,AF89,AK89,AP89,AU89) -> #DIV/0! | K89: =AVERAGE(R89,W89,AB89,AG89,AL89,AQ89,AV89) -> #DIV/0! | M89: =RANK(K89, K$87:$K$101) -> #DIV/0! | R89: =Q89/P89 -> #DIV/0! | S89: =RANK(R89,$R$87:$R$101) -> #DIV/0! | W89: =V89/U89 -> #DIV/0! | X89: =RANK(W89,$W$87:$W$90) -> #DIV/0! | AB89: =AA89/Z89 -> #DIV/0! | AC89: =RANK(AB89,$AB$87:$AB$101) -> #DIV/0! | AG89: =AF89/AE89 -> #DIV/0! | AH89: =RANK(AG89,$AG$87:$AG$101) -> #DIV/0! | AL89: =AK89/AJ89 -> #DIV/0! | AM89: =RANK(AL89,$AL$87:$AL$90) -> #DIV/0! | AQ89: =AP89/AO89 -> #DIV/0! | AR89: =RANK(AQ89,$AQ$87:$AQ$101) -> #DIV/0! | AV89: =AU89/AT89 -> #DIV/0! | AW89: =RANK(AV89,$AV$87:$AV$101) -> #DIV/0!
C90: 4
C91: 5
C92: 6
C93: 7
C94: 8
C95: 9
C96: 10
C97: 11
C98: 12
C99: 13
C100: 14
...

Sheet 生產管理報表 6-1(週)
A1: 生產管理報表
A3: （６）人時生產性前幾名品項
A5: 品群 | B5: 1 | C5: 2 | D5: 3
B6: 熱食義麵 | C6: 季節調理麵 | D6: 微波小吃
A7: 品群 | C7: 排名 | D7: 商品名 | G7: 人數 | H7: 產能 | I7: 人時生產性 | J7: 前月比 | K7: 主要原因&對策
A8: 1 | B8: 熱食義麵 | C8: 1 | D8: 義式蕃茄起司義大利麵 | G8: 12 | H8: 1928 | I8: 160.66667 | J8: 1.0740947
C9: 2 | D9: 奶油培根義大利麵 | G9: 13 | H9: 1996 | I9: 153.53846 | J9: 1.0928004
C10: 3 | D10: 白酒蛤蜊義大利麵 | G10: 13 | H10: 1828 | I10: 140.61538 | J10: 1.0422247
C11: 4 | D11: 韓式起司炸雞義大利麵 | G11: 14 | H11: 1686 | I11: 120.42857 | J11: 1.0589713
C12: 5 | D12: 熱那亞青醬義大利麵 | G12: 16 | H12: 1627 | I12: 101.6875 | J12: 1.0300728
C13: ▼1 | D13: 拿坡里義大利麵 | G13: 15 | H13: 1034 | I13: 68.9 | J13: 0.994
C14: ▼2 | D14: 韓式辣醬肉丸義大利麵 | G14: 13 | H14: 1001 | I14: 77 | J14: 0.974
C15: ▼3 | D15: 奶油蒜香雞義大利麵 | G15: 15 | H15: 1158 | I15: 77.2 | J15: 1.114
C16: ▼4 | D16: 家傳炸醬麵 | G16: 13 | H16: 1097 | I16: 84.4 | J16: 1.11
C17: ▼5 | D17: 剝皮辣椒雞奶油扁麵 | G17: 17 | H17: 1443 | I17: 84.9 | J17: 1.006
A18: 品群 | C18: 排名 | D18: 商品名 | G18: 人數 | H18: 產能 | I18: 人時生產性 | J18: 前月比 | K18: 主要原因&對策
A19: 2 | B19: 季節調理麵 | C19: 1
C20: 2
C21: 3
C22: 4
C23: 5
C24: ▼1
C25: ▼2
C26: ▼3
C27: ▼4
C28: ▼5
A29: 品群 | C29: 排名 | D29: 商品名 | G29: 人數 | H29: 產能 | I29: 人時生產性 | J29: 前月比 | K29: 主要原因&對策
A30: 3 | B30: 微波小吃 | C30: 1 | D30: 小滷青蔬 | G30: 13 | H30: 1456 | I30: 112 | J30: 0.993
C31: 2 | D31: 起司馬鈴薯 | G31: 12 | H31: 1331 | I31: 110.9 | J31: 0.982
C32: 3 | D32: 台式綜合甜不辣 | G32: 12 | H32: 1321 | I32: 110 | J32: 1.001
C33: 4
C34: 5
C35: ▼1
C36: ▼2
C37: ▼3
C38: ▼4
C39: ▼5

Sheet 生產管理報表 7-1(週)
A1: 生產管理報表
A3: （７）原因別分析
A5: 業績金額 | B5: 15660761
A6: 項目 | B6: 合計 | E6: 項目 | F6: 1 | H6: 2 | J6: 3 | L6: 4
F7: 展開量高於１０5％ | H7: 調理多產 | J7: 製程不穩 | L7: 取樣不穩
B8: 金額 | C8: 比例 | F8: 金額 | G8: 比例 | H8: 金額 | I8: 比例 | J8: 金額 | K8: 比例 | L8: 金額 | M8: 比例
A9: 報廢 | B9: 47024 | C9: =B9/$B$5 -> 0.0030026638 | E9: 報廢 | H9: 66 | I9: =H9/B9 -> 0.0014035386 | L9: 656 | M9: =L9/B9 -> 0.013950323
A10: 超用 | B10: 59967 | C10: =B10/$B$5 -> 0.0038291243 | E10: 超用 | L10: 35138 | M10: =L10/B10 -> 0.58595561
E11: 項目 | F11: 5 | H11: 6 | J11: 7 | L11: 8
F12: 原物料規格 | H12: 研發設定 | J12: 其他原因 | L12: 步留不足
F13: 金額 | G13: 比例 | H13: 金額 | I13: 比例 | J13: 金額 | K13: 比例 | L13: 金額 | M13: 比例
E14: 報廢 | F14: 900 | G14: =F14/B9 -> 0.019139163 | H14: 291.71 | I14: =H14/B9 -> 0.006203428 | J14: 34149 | K14: =J14/B9 -> 0.72620364
E15: 超用 | F15: 19807 | G15: =F15/B10 -> 0.33029833 | H15: 1559 | I15: =H15/B10 -> 0.025997632

Sheet 生產管理報表 8-1(週報廢)
A1: 生產管理報表
A3: （８）報廢原因別前幾名品項
A5: 類型 | B5: 1 | D5: 2 | F5: 3 | H5: 4 | J5: 5 | L5: 6 | N5: 7 | P5: 8
B6: 展開量高於１０5％ | D6: 調理多產 | F6: 製程不穩 | H6: 取樣不穩 | J6: 原物料規格 | L6: 研發設定 | N6: 其他原因 | P6: 步留因素
A8: 類型 | C8: 排名 | D8: 商品名 | G8: 半成品名 | J8: 單價 | K8: 報廢率 | L8: 數量 | M8: 金額 | N8: 前週比 | O8: 主要原因&對策
A9: 1 | B9: 展開量高於１０5％ | C9: 1 | M9: =L9*J9 -> 0
C10: 2 | M10: =L10*J10 -> 0
C11: 3 | M11: =L11*J11 -> 0
C12: 4 | M12: =L12*J12 -> 0
C13: 5 | M13: =L13*J13 -> 0
J14: 前幾名合計比例 | K14: =M14/#REF! -> #REF! | L14: 前幾名合計金額 | M14: =SUM(M9:M13) -> 0
A16: 類型 | C16: 排名 | D16: 商品名 | G16: 半成品名 | J16: 單價 | K16: 報廢率 | L16: 數量 | M16: 金額 | N16: 前週比 | O16: 主要原因&對策
A17: 2 | B17: 調理多產 | C17: 1 | D17: 家傳炸醬麵 | G17: 清洗小黃瓜絲 | J17: 150.2 | K17: 0.021 | L17: 0.44 | M17: =J17*L17 -> 66.088 | O17: 下架物料
C18: 2
C19: 3
C20: 4
C21: 5
J22: 前幾名合計比例 | K22: =M22/#REF! -> #REF! | L22: 前幾名合計金額 | M22: =SUM(M17:M21) -> 66.088
A24: 類型 | C24: 排名 | D24: 商品名 | G24: 半成品名 | J24: 單價 | K24: 報廢率 | L24: 數量 | M24: 金額 | N24: 前月比 | O24: 主要原因&對策
A25: 3 | B25: 製程不穩 | C25: 1 | M25: =L25*J25 -> 0
C26: 2 | M26: =L26*J26 -> 0
C27: 3 | M27: =L27*J27 -> 0
C28: 4 | M28: =L28*J28 -> 0
C29: 5 | M29: =L29*J29 -> 0
J30: 前幾名合計比例 | K30: =M30/#REF! -> #REF! | L30: 前幾名合計金額 | M30: =SUM(M25:M29) -> 0

Sheet 生產管理報表 8-2(週報廢)
A1: 生產管理報表
A3: （８）報廢原因別前幾名品項
A5: 類型 | B5: 1 | D5: 2 | F5: 3 | H5: 4 | J5: 5 | L5: 6 | N5: 7 | P5: 8
B6: 展開量高於１０5％ | D6: 調理多產 | F6: 製程不穩 | H6: 取樣不穩 | J6: 原物料規格 | L6: 研發設定 | N6: 其他原因 | P6: 步留因素
A8: 類型 | C8: 排名 | D8: 商品名 | G8: 半成品名 | J8: 單價 | K8: 報廢率 | L8: 數量 | M8: 金額 | N8: 前週比 | O8: 主要原因&對策
A9: 4 | B9: 取樣不穩 | C9: 1 | D9: 小滷青蔬 | G9: 滷-切片高麗菜 | J9: 85 | K9: 0.01 | L9: 4.2 | M9: =L9*J9 -> 357
C10: 2 | D10: 剝皮辣椒雞奶油細扁麵 | G10: 油炒辣椒糯米椒 | J10: 209.6 | K10: 0.065 | L10: 1.35 | M10: =L10*J10 -> 282.96
C11: 3 | M11: =L11*J11 -> 0
C12: 4 | M12: =L12*J12 -> 0
C13: 5 | M13: =L13*J13 -> 0
J14: 前幾名合計比例 | K14: =M14/#REF! -> #REF! | L14: 前幾名合計金額 | M14: 0
A16: 類型 | C16: 排名 | D16: 商品名 | G16: 半成品名 | J16: 單價 | K16: 報廢率 | L16: 數量 | M16: 金額 | N16: 前週比 | O16: 主要原因&對策
A17: 5 | B17: 原物料規格 | C17: 1 | D17: 台式綜合甜不辣 | G17: 川燙-甜不辣條 | J17: 146.2 | K17: 0.056 | L17: 3.75 | M17: =L17*J17 -> 548.25 | O17: 組裝4條，每包300支以上
C18: 2 | D18: 香濃起司馬鈴薯 | G18: 烤香料馬鈴薯 | J18: 164 | K18: 0.008 | L18: 1.45 | M18: =L18*J18 -> 237.8
C19: 3 | D19: 煮辣味肉丸子 | G19: 韓式辣醬肉丸義大利麵 | J19: 5.3 | K19: 0.002 | L19: 10 | M19: =L19*J19 -> 53
C20: 4 | D20: 台式綜合甜不辣 | G20: 川燙-切甜不辣片 | J20: 2 | K20: 0.008 | L20: 24 | M20: =L20*J20 -> 48
C21: 5 | D21: 台式綜合甜不辣 | G21: 川燙-三角油豆腐 | J21: 4.3 | K21: 0.002 | L21: 3 | M21: =L21*J21 -> 12.9
J22: 前幾名合計比例 | K22: =M22/#REF! -> #REF! | L22: 前幾名合計金額 | M22: 0
A24: 類型 | C24: 排名 | D24: 商品名 | G24: 半成品名 | J24: 單價 | K24: 報廢率 | L24: 數量 | M24: 金額 | N24: 前月比 | O24: 主要原因&對策
A25: 6 | B25: 研發設定 | C25: 1 | D25: 韓式炸雞義大利麵 | G25: 拌韓式炸雞 | J25: 335.3 | K25: 0.0055 | L25: 0.87 | M25: =L25*J25 -> 291.711 | N25: 0.204
C26: 2
C27: 3
C28: 4
C29: 5
J30: 前幾名合計比例 | K30: =M30/#REF! -> #REF! | L30: 前幾名合計金額 | M30: 0
A32: 類型 | C32: 排名 | D32: 商品名 | G32: 半成品名 | J32: 單價 | K32: 報廢率 | L32: 數量 | M32: 金額 | N32: 前月比 | O32: 主要原因&對策
A33: 7 | B33: 製程不穩 | C33: 1 | M33: 0
C34: 2 | M34: 0
C35: 3 | M35: 0
C36: 4 | M36: 0
C37: 5 | M37: 0
J38: 前幾名合計比例 | K38: =M38/#REF! -> #REF! | L38: 前幾名合計金額 | M38: 0

Sheet 生產管理報表 8-3(週超用)
A1: 生產管理報表
A3: （８）超用原因別前幾名品項
A5: 類型 | B5: 1 | D5: 2 | F5: 3 | H5: 4 | J5: 5 | L5: 6 | N5: 7 | P5: 8
B6: 展開量高於１０5％ | D6: 調理多產 | F6: 製程不穩 | H6: 取樣不穩 | J6: 原物料規格 | L6: 研發設定 | N6: 其他原因 | P6: 步留因素
A8: 類型 | C8: 排名 | D8: 商品名 | G8: 半成品名 | J8: 單價 | K8: 超用率 | L8: 數量 | M8: 金額 | N8: 前週比 | O8: 主要原因&對策
A9: 1 | B9: 展開量高於１０5％ | C9: 1 | M9: =L9*J9 -> 0
C10: 2 | M10: =L10*J10 -> 0
C11: 3 | M11: =L11*J11 -> 0
C12: 4 | M12: =L12*J12 -> 0
C13: 5 | M13: =L13*J13 -> 0
J14: 前幾名合計比例 | K14: =M14/#REF! -> #REF! | L14: 前幾名合計金額 | M14: =SUM(M9:M13) -> 0
A16: 類型 | C16: 排名 | D16: 商品名 | G16: 半成品名 | J16: 單價 | K16: 超用率 | L16: 數量 | M16: 金額 | N16: 前週比 | O16: 主要原因&對策
A17: 2 | B17: 調理多產 | C17: 1
C18: 2
C19: 3
C20: 4
C21: 5
J22: 前幾名合計比例 | K22: =M22/#REF! -> #REF! | L22: 前幾名合計金額 | M22: =SUM(M17:M21) -> 0
A24: 類型 | C24: 排名 | D24: 商品名 | G24: 半成品名 | J24: 單價 | K24: 超用率 | L24: 數量 | M24: 金額 | N24: 前月比 | O24: 主要原因&對策
A25: 3 | B25: 製程不穩 | C25: 1 | M25: =L25*J25 -> 0
C26: 2 | M26: =L26*J26 -> 0
C27: 3 | M27: =L27*J27 -> 0
C28: 4 | M28: =L28*J28 -> 0
C29: 5 | M29: =L29*J29 -> 0
J30: 前幾名合計比例 | K30: =M30/#REF! -> #REF! | L30: 前幾名合計金額 | M30: =SUM(M25:M29) -> 0

Sheet 生產管理報表 8-4(週超用)
A1: 生產管理報表
A3: （８）超用原因別前幾名品項
A5: 類型 | B5: 1 | D5: 2 | F5: 3 | H5: 4 | J5: 5 | L5: 6 | N5: 7 | P5: 8
B6: 展開量高於１０5％ | D6: 調理多產 | F6: 製程不穩 | H6: 取樣不穩 | J6: 原物料規格 | L6: 研發設定 | N6: 其他原因 | P6: 步留因素
A8: 類型 | C8: 排名 | D8: 商品名 | G8: 半成品名 | J8: 單價 | K8: 超用率 | L8: 數量 | M8: 金額 | N8: 前週比 | O8: 主要原因&對策
A9: 4 | B9: 取樣不穩 | C9: 1 | D9: 小滷青蔬 | G9: 滷-切片高麗菜 | J9: 85 | K9: 0.065 | L9: 105.1 | M9: =L9*J9 -> 8933.5 | O9: 加強稽核及教育訓練
C10: 2 | D10: 香濃起司馬鈴薯 | G10: 鮮食雙色起司絲 | J10: 206 | K10: 0.321 | L10: 16.5 | M10: =L10*J10 -> 3399 | O10: 加強稽核及教育訓練
C11: 3 | D11: 家傳炸醬麵 | G11: 炒家傳炸醬肉燥 | J11: 250.1 | K11: 0.055 | L11: 12.6 | M11: =L11*J11 -> 3151.26 | O11: 加強稽核及教育訓練
C12: 4 | D12: 奶油蒜香雞義大利麵 | G12: 混蒜酥洋香菜(114年) | J12: 922.7 | K12: 0.197 | L12: 2.6 | M12: =L12*J12 -> 2399.02 | O12: 加強稽核及教育訓練
C13: 5 | D13: 家傳炸醬麵 | G13: 煮家傳炸醬湯凍 | J13: 139 | K13: 0.034 | L13: 11.8 | M13: =L13*J13 -> 1640.2 | O13: 加強稽核及教育訓練
J14: 前幾名合計比例 | K14: =M14/#REF! -> #REF! | L14: 前幾名合計金額 | M14: 0
A16: 類型 | C16: 排名 | D16: 商品名 | G16: 半成品名 | J16: 單價 | K16: 超用率 | L16: 數量 | M16: 金額 | N16: 前週比 | O16: 主要原因&對策
A17: 5 | B17: 原物料規格 | C17: 1 | D17: 香濃起司馬鈴薯 | G17: 烤香料馬鈴薯 | J17: 164 | K17: 0.07 | L17: 86.7 | M17: =L17*J17 -> 14218.8 | O17: 反應廠商調整規格
C18: 2 | D18: 台式綜合甜不辣 | G18: 瀝水-白蘿蔔塊 | J18: 81.2 | K18: 0.34 | L18: 68.6 | M18: =L18*J18 -> 5570.32
C19: 3 | M19: =L19*J19 -> 0
C20: 4 | M20: =L20*J20 -> 0
C21: 5 | M21: =L21*J21 -> 0
J22: 前幾名合計比例 | K22: =M22/#REF! -> #REF! | L22: 前幾名合計金額 | M22: 0
A24: 類型 | C24: 排名 | D24: 商品名 | G24: 半成品名 | J24: 單價 | K24: 超用率 | L24: 數量 | M24: 金額 | N24: 前月比 | O24: 主要原因&對策
A25: 6 | B25: 研發設定 | C25: 1 | D25: 韓式炸雞義大利麵 | G25: 拌韓式炸雞 | J25: 335.3 | K25: 0.029 | L25: 4.7 | M25: =L25*J25 -> 1575.91 | N25: 0.533
C26: 2
C27: 3
C28: 4
C29: 5
J30: 前幾名合計比例 | K30: =M30/#REF! -> #REF! | L30: 前幾名合計金額 | M30: 0
A32: 類型 | C32: 排名 | D32: 商品名 | G32: 半成品名 | J32: 單價 | K32: 超用率 | L32: 數量 | M32: 金額 | N32: 前月比 | O32: 主要原因&對策
A33: 7 | B33: 製程不穩 | C33: 1 | M33: 0
C34: 2 | M34: 0
C35: 3 | M35: 0
C36: 4 | M36: 0
C37: 5 | M37: 0
J38: 前幾名合計比例 | K38: =M38/#REF! -> #REF! | L38: 前幾名合計金額 | M38: 0

Sheet 生產管理報表 9(週)
A1: 生產管理報表
A3: （9）步留因素
A5: 類型 | B5: 1 | D5: 2 | F5: 3 | H5: 4 | J5: 5 | L5: 6 | N5: 7 | P5: 8
B6: 展開量高於１０5％ | D6: 調理多產 | F6: 製程不穩 | H6: 取樣不穩 | J6: 原物料規格 | L6: 研發設定 | N6: 其他原因 | P6: 步留因素
A8: 類型 | B8: No. | C8: 商品名 | F8: 半成品名 | I8: 單價 | J8: 規格 | K8: 實績 | L8: 差異 | M8: 主要原因&對策
A9: 作業原因 | B9: 1 | L9: =K9-J9 -> 0
B10: 2 | L10: =K10-J10 -> 0
B11: 3 | L11: =K11-J11 -> 0
B12: 4 | L12: =K12-J12 -> 0
B13: 5 | L13: =K13-J13 -> 0
A15: 類型 | B15: No. | C15: 商品名 | F15: 半成品名 | I15: 單價 | J15: 規格 | K15: 實績 | L15: 差異 | M15: 主要原因&對策
A16: 原料原因 | B16: 1 | L16: =K16-J16 -> 0
B17: 2 | L17: =K17-J17 -> 0
B18: 3 | L18: =K18-J18 -> 0
B19: 4 | L19: =K19-J19 -> 0
B20: 5 | L20: =K20-J20 -> 0

Sheet 報廢－原因別分析 (週)
B2: 報廢前二十名紀錄表
B3: 週別 | D3: 明細展開 | G3: 生產資訊 | T3: 類別 | U3: 分析原因 | V3: 原因說明 | W3: 後續對策 | X3: 次數 | Y3: 備註-商品名稱 | AA3: 分析原因（件）
D4: 排序 | E4: 半成品 | G4: 生產端 | O4: 組合端
E5: 名稱 | F5: 報廢金額 | G5: 產出量 | O5: 報廢 | Q5: 超用
G6: 訂單需求 (kg) | H6: 實際產出 (kg) | I6: 實際產出占比 | J6: 補單 (kg) | K6: 補單占比 | L6: 單價 (元) | M6: 實際生產 (對比訂單需求) | N6: 差異 (元) | O6: kg | P6: 占比 | Q6: kg | R6: 占比 | S6: 金額 (元) | AA6: 總件數 | AB6: 展開量高於１０5％ | AC6: 調理多產 | AD6: 製程不穩 | AE6: 取樣不穩 | AF6: 原物料規格 | AG6: 研發設定 | AH6: 其他原因 | AI6: 步留因素
B7: 1007-1013 | D7: 1 | E7: 炒家傳炸醬肉燥 | F7: 10679.27 | G7: 400.706 | H7: 457.65 | I7: =H7/G7 -> 1.1421092 | K7: =J7/G7 -> 0 | L7: 250.1 | M7: =(H7+J7)/G7 -> 1.1421092 | N7: 14241.694 | O7: 42.7 | P7: =O7/G7 -> 0.10656192 | Q7: =((H7+J7)-G7)-O7 -> 14.244 | R7: =Q7/G7 -> 0.035547259 | S7: 3562.4244 | X7: 1 | Y7: 煙花女義大利麵 | Z7: 週前二十 | AA7: =SUM(X7:X26) -> 20 | AB7: =SUMIF($U$7:$U$26,TRIM(AB6),$X$7:$X$26) -> 0 | AC7: =SUMIF($U$7:$U$26,TRIM(AC6),$X$7:$X$26) -> 0 | AD7: =SUMIF($U$7:$U$9710,TRIM(AD6),$X$7:$X$26) -> 0 | AE7: =SUMIF($U$7:$U$9710,TRIM(AE6),$X$7:$X$26) -> 0 | AF7: =SUMIF($U$7:$U$9710,TRIM(AF6),$X$7:$X$26) -> 0 | AG7: =SUMIF($U$7:$U$9710,TRIM(AG6),$X$7:$X$26) -> 0 | AH7: =SUMIF($U$7:$U$9710,TRIM(AH6),$X$7:$X$26) -> 0 | AI7: =SUMIF($U$7:$U$9710,TRIM(AI6),$X$7:$X$26) -> 0
D8: 2 | E8: 煮家傳炸醬湯凍 | F8: 7432.8647 | G8: 505.238 | H8: 574.25 | I8: =H8/G8 -> 1.1365931 | K8: =J8/G8 -> 0 | L8: 139.01 | M8: =(H8+J8)/G8 -> 1.1365931 | N8: 9593.3581 | O8: 53.47 | P8: =O8/G8 -> 0.10583131 | Q8: =((H8+J8)-G8)-O8 -> 15.542 | R8: =Q8/G8 -> 0.03076174 | S8: 2160.4934 | X8: 1 | Y8: 羊乳起司培根筆尖麵 | AB8: =SUMIF($U$7:$U$26,TRIM(AB6),$F$7:$F$26) -> 0 | AC8: =SUMIF($U$7:$U$26,TRIM(AC6),$F$7:$F$26) -> 0 | AD8: =SUMIF($U$7:$U$176,TRIM(AD6),$F$7:$F$26) -> 0 | AE8: =SUMIF($U$7:$U$176,TRIM(AE6),$F$7:$F$26) -> 0 | AF8: =SUMIF($U$7:$U$176,TRIM(AF6),$F$7:$F$26) -> 0 | AG8: =SUMIF($U$7:$U$176,TRIM(AG6),$F$7:$F$26) -> 0 | AH8: =SUMIF($U$7:$U$176,TRIM(AH6),$F$7:$F$26) -> 0 | AI8: =SUMIF($U$7:$U$176,TRIM(AI6),$F$7:$F$26) -> 0
D9: 3 | E9: 油炒剝皮辣椒段 | F9: 5230.4875 | G9: 387.453 | H9: 393.307 | I9: =H9/G9 -> 1.0151089 | K9: =J9/G9 -> 0 | L9: 925.75 | M9: =(H9+J9)/G9 -> 1.0151089 | N9: 5419.3405 | O9: 5.65 | P9: =O9/G9 -> 0.014582414 | Q9: =((H9+J9)-G9)-O9 -> 0.204 | R9: =Q9/G9 -> 0.00052651547 | S9: 188.853 | X9: 1 | Y9: 家傳炸醬麵
D10: 4 | E10: 義麵-韓式辣醬湯凍 | F10: 3728.631 | G10: 715.89 | H10: 772.14 | I10: =H10/G10 -> 1.0785735 | K10: =J10/G10 -> 0 | L10: 105.18 | M10: =(H10+J10)/G10 -> 1.0785735 | N10: 5916.375 | O10: 35.45 | P10: =O10/G10 -> 0.049518781 | Q10: =((H10+J10)-G10)-O10 -> 20.8 | R10: =Q10/G10 -> 0.029054743 | S10: 2187.744 | X10: 1 | Y10: 韓式辣醬肉丸義大利麵
D11: 5 | E11: 義麵-蒜辣黑胡椒湯凍 | F11: 3397.95 | G11: 412.275 | H11: 459.225 | I11: =H11/G11 -> 1.1138803 | K11: =J11/G11 -> 0 | L11: 81 | M11: =(H11+J11)/G11 -> 1.1138803 | N11: 3802.95 | O11: 41.95 | P11: =O11/G11 -> 0.10175247 | Q11: =((H11+J11)-G11)-O11 -> 5 | R11: =Q11/G11 -> 0.012127827 | S11: 405 | X11: 1 | Y11: 韓式炸雞義大利麵
D12: 6 | E12: 瀝-煮蕃茄丁 | F12: 1409.2325 | G12: 306.81 | H12: 323.16 | I12: =H12/G12 -> 1.0532903 | K12: =J12/G12 -> 0 | L12: 215.15 | M12: =(H12+J12)/G12 -> 1.0532903 | N12: 3517.7025 | O12: 6.55 | P12: =O12/G12 -> 0.021348717 | Q12: =((H12+J12)-G12)-O12 -> 9.8 | R12: =Q12/G12 -> 0.031941593 | S12: 2108.47 | X12: 1 | Y12: 家傳炸醬麵
D13: 7 | E13: 炒芝麻海苔酥 | F13: 1234.944 | G13: 26.5902 | H13: 29.1532 | I13: =H13/G13 -> 1.0963889 | K13: =J13/G13 -> 0 | L13: 1029.12 | M13: =(H13+J13)/G13 -> 1.0963889 | N13: 2637.6346 | O13: 1.2 | P13: =O13/G13 -> 0.045129409 | Q13: =((H13+J13)-G13)-O13 -> 1.363 | R13: =Q13/G13 -> 0.051259487 | S13: 1402.6906 | X13: 1 | Y13: 奶油蒜香雞義大利麵 | AB13: 1 | AC13: 展開量高於１０5％
D14: 8 | E14: 滷-切片高麗菜 | F14: 1109.25 | G14: 2541.78 | H14: 2584.69 | I14: =H14/G14 -> 1.0168819 | J14: 75.3 | K14: =J14/G14 -> 0.029624909 | L14: 85 | M14: =(H14+J14)/G14 -> 1.0465068 | N14: 10047.85 | O14: 13.05 | P14: =O14/G14 -> 0.0051341973 | Q14: =((H14+J14)-G14)-O14 -> 105.16 | R14: =Q14/G14 -> 0.041372581 | S14: 8938.6 | X14: 1 | Y14: 小滷青蔬 | AB14: 2 | AC14: 調理多產
D15: 9 | E15: 川燙-切甜不辣片 | F15: 844 | G15: 20354 | H15: 20816 | I15: =H15/G15 -> 1.0226982 | K15: =J15/G15 -> 0 | L15: 2 | M15: =(H15+J15)/G15 -> 1.0226982 | N15: 924 | O15: 422 | P15: =O15/G15 -> 0.020733025 | Q15: =((H15+J15)-G15)-O15 -> 40 | R15: =Q15/G15 -> 0.0019652157 | S15: 80 | X15: 1 | Y15: 義式蕃茄起司義大利麵 | AB15: 3 | AC15: 製程不穩
D16: 10 | E16: 川燙-三角油豆腐 | F16: 815.1 | G16: 10177 | H16: 10412 | I16: =H16/G16 -> 1.0230913 | K16: =J16/G16 -> 0 | L16: 4.29 | M16: =(H16+J16)/G16 -> 1.0230913 | N16: 1008.15 | O16: 190 | P16: =O16/G16 -> 0.018669549 | Q16: =((H16+J16)-G16)-O16 -> 45 | R16: =Q16/G16 -> 0.0044217353 | S16: 193.05 | X16: 1 | Y16: 奶油培根義大利麵 | AB16: 4 | AC16: 取樣不穩
D17: 11 | E17: 清洗胡蘿蔔絲 | F17: 791.2095 | G17: 121.954 | H17: 130.85 | I17: =H17/G17 -> 1.0729455 | K17: =J17/G17 -> 0 | L17: 66.21 | M17: =(H17+J17)/G17 -> 1.0729455 | N17: 641.97216 | O17: 11.95 | P17: =O17/G17 -> 0.097987766 | Q17: =((H17+J17)-G17)-O17 -> -3.054 | R17: =Q17/G17 -> -0.025042229 | S17: -202.20534 | X17: 1 | Y17: 奶油蒜香雞義大利麵 | AB17: 5 | AC17: 原物料規格
D18: 12 | E18: 川燙-切段油菜 | F18: 664.44 | G18: 564.84 | H18: 571.18 | I18: =H18/G18 -> 1.0112244 | K18: =J18/G18 -> 0 | L18: 147 | M18: =(H18+J18)/G18 -> 1.0112244 | N18: 931.98 | O18: 4.52 | P18: =O18/G18 -> 0.0080022661 | Q18: =((H18+J18)-G18)-O18 -> 1.82 | R18: =Q18/G18 -> 0.0032221514 | S18: 267.54 | X18: 1 | Y18: 奶油蒜香雞義大利麵 | AB18: 6 | AC18: 研發設定
D19: 13 | E19: 清洗小黃瓜絲 | F19: 588.6272 | G19: 121.954 | H19: 127.35 | I19: =H19/G19 -> 1.0442462 | K19: =J19/G19 -> 0 | L19: 150.16 | M19: =(H19+J19)/G19 -> 1.0442462 | N19: 908.76832 | O19: 3.92 | P19: =O19/G19 -> 0.032143267 | Q19: =((H19+J19)-G19)-O19 -> 1.476 | R19: =Q19/G19 -> 0.012102924 | S19: 221.63616 | X19: 1 | Y19: 焗烤起司雙饗筆尖麵 | AB19: 7 | AC19: 其他原因
D20: 14 | E20: 川燙油菜 | F20: 587.0644 | G20: 298.785 | H20: 303.015 | I20: =H20/G20 -> 1.0141573 | K20: =J20/G20 -> 0 | L20: 155.72 | M20: =(H20+J20)/G20 -> 1.0141573 | N20: 658.6956 | O20: 3.77 | P20: =O20/G20 -> 0.012617769 | Q20: =((H20+J20)-G20)-O20 -> 0.46 | R20: =Q20/G20 -> 0.0015395686 | S20: 71.6312 | X20: 1 | Y20: 黑胡椒燻火腿義大利麵 | AB20: 8 | AC20: 步留因素
D21: 15 | E21: 川燙-甜不辣條 | F21: 548.1 | G21: 488.496 | H21: 480.114 | I21: =H21/G21 -> 0.98284121 | K21: =J21/G21 -> 0 | L21: 146.16 | M21: =(H21+J21)/G21 -> 0.98284121 | N21: 0 | O21: 3.75 | P21: =O21/G21 -> 0.0076766238 | Q21: =((H21+J21)-G21)-O21 -> -12.132 | R21: =Q21/G21 -> -0.024835413 | S21: -1773.2131 | X21: 1 | Y21: 熱那亞青醬義大利麵
D22: 16 | E22: 調理包-味噌醬 | F22: 500.227 | G22: 468.142 | H22: 483.848 | I22: =H22/G22 -> 1.0335496 | K22: =J22/G22 -> 0 | L22: 54.97 | M22: =(H22+J22)/G22 -> 1.0335496 | N22: 863.35882 | O22: 9.1 | P22: =O22/G22 -> 0.019438546 | Q22: =((H22+J22)-G22)-O22 -> 6.606 | R22: =Q22/G22 -> 0.014111103 | S22: 363.13182 | X22: 1 | Y22: 焗烤起司雙饗筆尖麵
D23: 17 | E23: 川燙青紅辣椒圓片 | F23: 304.275 | G23: 39.838 | H23: 40.462 | I23: =H23/G23 -> 1.0156634 | K23: =J23/G23 -> 0 | L23: 405.7 | M23: =(H23+J23)/G23 -> 1.0156634 | N23: 253.1568 | O23: 0.75 | P23: =O23/G23 -> 0.018826246 | Q23: =((H23+J23)-G23)-O23 -> -0.126 | R23: =Q23/G23 -> -0.0031628094 | S23: -51.1182 | X23: 1 | Y23: 小滷青蔬 | AB23: 1 | AC23: 調理
D24: 18 | E24: 拌韓式炸雞 | F24: 291.711 | G24: 1100.4 | H24: 1105.92 | I24: =H24/G24 -> 1.0050164 | K24: =J24/G24 -> 0 | L24: 335.3 | M24: =(H24+J24)/G24 -> 1.0050164 | N24: 1850.856 | O24: 0.87 | P24: =O24/G24 -> 0.00079062159 | Q24: =((H24+J24)-G24)-O24 -> 4.65 | R24: =Q24/G24 -> 0.0042257361 | S24: 1559.145 | X24: 1 | Y24: 黑胡椒燻火腿義大利麵 | AB24: 2 | AC24: 包裝
D25: 19 | E25: 油炒辣椒糯米椒 | F25: 282.906 | G25: 176.115 | H25: 174.035 | I25: =H25/G25 -> 0.98818954 | J25: 3.5 | K25: =J25/G25 -> 0.019873378 | L25: 209.56 | M25: =(H25+J25)/G25 -> 1.0080629 | N25: 297.5752 | O25: 1.35 | P25: =O25/G25 -> 0.0076654459 | Q25: =((H25+J25)-G25)-O25 -> 0.07 | R25: =Q25/G25 -> 0.00039746756 | S25: 14.6692 | X25: 1 | Y25: 焗奶油扇貝筆尖麵 | AB25: 3 | AC25: 研發
D26: 20 | E26: 烤香料馬鈴薯 | F26: 237.8 | G26: 1214.041 | H26: 1308.9 | I26: =H26/G26 -> 1.0781349 | K26: =J26/G26 -> 0 | L26: 164 | M26: =(H26+J26)/G26 -> 1.0781349 | N26: 15556.876 | O26: 1.45 | P26: =O26/G26 -> 0.0011943583 | Q26: =((H26+J26)-G26)-O26 -> 93.409 | R26: =Q26/G26 -> 0.076940565 | S26: 15319.076 | X26: 1 | Y26: 白酒蛤蜊義大利麵 | AB26: 4 | AC26: 生管預估
AB27: 5 | AC27: 原物料
Z112: 占比
Z113: 金額

Sheet 超用－原因別分析 (週) 
B2: 超用前二十名紀錄表
B3: 週別 | D3: 明細展開 | G3: 生產資訊 | T3: 類別 | U3: 分析原因 | V3: 原因說明 | W3: 後續對策 | X3: 次數 | Y3: 備註-商品名稱 | AA3: 分析原因（件）
D4: 排序 | E4: 半成品 | G4: 生產端 | O4: 組合端
E5: 名稱 | F5: 超用金額 | G5: 產出量 | O5: 超用 | Q5: 報廢
G6: 訂單需求 (kg) | H6: 實際產出 (kg) | I6: 實際產出占比 | J6: 補單 (kg) | K6: 補單占比 | L6: 單價 (元) | M6: 實際生產 (對比訂單需求) | N6: 差異 (元) | O6: kg | P6: 占比 | Q6: kg | R6: 占比 | S6: 金額 (元) | AA6: 總件數 | AB6: 展開量高於１０5％ | AC6: 調理多產 | AD6: 製程不穩 | AE6: 取樣不穩 | AF6: 原物料規格 | AG6: 研發設定 | AH6: 其他原因 | AI6: 步留因素
B7: 1007-1013 | D7: 1 | E7: 烤香料馬鈴薯 | F7: 15319.076 | G7: 1214.041 | H7: 1308.9 | I7: =H7/G7 -> 1.0781349 | K7: =J7/G7 -> 0 | L7: 164 | M7: =(H7+J7)/G7 -> 1.0781349 | N7: 15556.876 | O7: 1.45 | P7: =O7/G7 -> 0.0011943583 | Q7: =((H7+J7)-G7)-O7 -> 93.409 | R7: =Q7/G7 -> 0.076940565 | S7: 237.8 | X7: 1 | Z7: 週前二十 | AA7: =SUM(X7:X26) -> 20 | AB7: =SUMIF($U$7:$U$26,TRIM(AB6),$X$7:$X$26) -> 0 | AC7: =SUMIF($U$7:$U$26,TRIM(AC6),$X$7:$X$26) -> 0 | AD7: =SUMIF($U$7:$U$9710,TRIM(AD6),$X$7:$X$26) -> 0 | AE7: =SUMIF($U$7:$U$9710,TRIM(AE6),$X$7:$X$26) -> 0 | AF7: =SUMIF($U$7:$U$9710,TRIM(AF6),$X$7:$X$26) -> 0 | AG7: =SUMIF($U$7:$U$9710,TRIM(AG6),$X$7:$X$26) -> 0 | AH7: =SUMIF($U$7:$U$9710,TRIM(AH6),$X$7:$X$26) -> 0 | AI7: =SUMIF($U$7:$U$9710,TRIM(AI6),$X$7:$X$26) -> 0
D8: 2 | E8: 滷-切片高麗菜 | F8: 8938.6 | G8: 2541.78 | H8: 2584.69 | I8: =H8/G8 -> 1.0168819 | J8: 75.3 | K8: =J8/G8 -> 0.029624909 | L8: 85 | M8: =(H8+J8)/G8 -> 1.0465068 | N8: 10047.85 | O8: 13.05 | P8: =O8/G8 -> 0.0051341973 | Q8: =((H8+J8)-G8)-O8 -> 105.16 | R8: =Q8/G8 -> 0.041372581 | S8: 1109.25 | X8: 1 | AB8: =SUMIF($U$7:$U$26,TRIM(AB6),$F$7:$F$26) -> 0 | AC8: =SUMIF($U$7:$U$26,TRIM(AC6),$F$7:$F$26) -> 0 | AD8: =SUMIF($U$7:$U$176,TRIM(AD6),$F$7:$F$26) -> 0 | AE8: =SUMIF($U$7:$U$176,TRIM(AE6),$F$7:$F$26) -> 0 | AF8: =SUMIF($U$7:$U$176,TRIM(AF6),$F$7:$F$26) -> 0 | AG8: =SUMIF($U$7:$U$176,TRIM(AG6),$F$7:$F$26) -> 0 | AH8: =SUMIF($U$7:$U$176,TRIM(AH6),$F$7:$F$26) -> 0 | AI8: =SUMIF($U$7:$U$176,TRIM(AI6),$F$7:$F$26) -> 0
D9: 3 | E9: 瀝水-白蘿蔔塊 | F9: 5711.4729 | G9: 274.779 | H9: 345.126 | I9: =H9/G9 -> 1.256013 | K9: =J9/G9 -> 0 | L9: 81.19 | M9: =(H9+J9)/G9 -> 1.256013 | N9: 6118.9655 | O9: 0 | P9: =O9/G9 -> 0 | Q9: =((H9+J9)-G9)-O9 -> 70.347 | R9: =Q9/G9 -> 0.25601301 | S9: 0 | X9: 1
D10: 4 | E10: 混拌浪花麵 | F10: 3683.5924 | G10: 3724.853 | H10: 3724.929 | I10: =H10/G10 -> 1.0000204 | J10: 68 | K10: =J10/G10 -> 0.018255754 | L10: 54.11 | M10: =(H10+J10)/G10 -> 1.0182762 | N10: 3683.5924 | O10: 0 | P10: =O10/G10 -> 0 | Q10: =((H10+J10)-G10)-O10 -> 68.076 | R10: =Q10/G10 -> 0.018276157 | S10: 0 | X10: 1
D11: 5 | E11: 炒家傳炸醬肉燥 | F11: 3562.4244 | G11: 400.706 | H11: 457.65 | I11: =H11/G11 -> 1.1421092 | K11: =J11/G11 -> 0 | L11: 250.1 | M11: =(H11+J11)/G11 -> 1.1421092 | N11: 14241.694 | O11: 42.7 | P11: =O11/G11 -> 0.10656192 | Q11: =((H11+J11)-G11)-O11 -> 14.244 | R11: =Q11/G11 -> 0.035547259 | S11: 10679.27 | X11: 1
D12: 6 | E12: 混蒜酥洋香菜(114年) | F12: 2388.0252 | G12: 72.968 | H12: 73.006 | I12: =H12/G12 -> 1.0005208 | J12: 2.55 | K12: =J12/G12 -> 0.034946826 | L12: 922.73 | M12: =(H12+J12)/G12 -> 1.0354676 | N12: 2388.0252 | O12: 0 | P12: =O12/G12 -> 0 | Q12: =((H12+J12)-G12)-O12 -> 2.588 | R12: =Q12/G12 -> 0.035467602 | S12: 0 | X12: 1
D13: 7 | E13: 義麵-韓式辣醬湯凍 | F13: 2187.744 | G13: 715.89 | H13: 772.14 | I13: =H13/G13 -> 1.0785735 | K13: =J13/G13 -> 0 | L13: 105.18 | M13: =(H13+J13)/G13 -> 1.0785735 | N13: 5916.375 | O13: 35.45 | P13: =O13/G13 -> 0.049518781 | Q13: =((H13+J13)-G13)-O13 -> 20.8 | R13: =Q13/G13 -> 0.029054743 | S13: 3728.631 | X13: 1 | AB13: 1 | AC13: 展開量高於１０5％
D14: 8 | E14: 煮家傳炸醬湯凍 | F14: 2160.4934 | G14: 505.238 | H14: 574.25 | I14: =H14/G14 -> 1.1365931 | K14: =J14/G14 -> 0 | L14: 139.01 | M14: =(H14+J14)/G14 -> 1.1365931 | N14: 9593.3581 | O14: 53.47 | P14: =O14/G14 -> 0.10583131 | Q14: =((H14+J14)-G14)-O14 -> 15.542 | R14: =Q14/G14 -> 0.03076174 | S14: 7432.8647 | X14: 1 | AB14: 2 | AC14: 調理多產
D15: 9 | E15: 瀝-煮蕃茄丁 | F15: 2108.47 | G15: 306.81 | H15: 323.16 | I15: =H15/G15 -> 1.0532903 | K15: =J15/G15 -> 0 | L15: 215.15 | M15: =(H15+J15)/G15 -> 1.0532903 | N15: 3517.7025 | O15: 6.55 | P15: =O15/G15 -> 0.021348717 | Q15: =((H15+J15)-G15)-O15 -> 9.8 | R15: =Q15/G15 -> 0.031941593 | S15: 1409.2325 | X15: 1 | AB15: 3 | AC15: 製程不穩
D16: 10 | E16: 拌韓式炸雞 | F16: 1559.145 | G16: 1100.4 | H16: 1105.92 | I16: =H16/G16 -> 1.0050164 | K16: =J16/G16 -> 0 | L16: 335.3 | M16: =(H16+J16)/G16 -> 1.0050164 | N16: 1850.856 | O16: 0.87 | P16: =O16/G16 -> 0.00079062159 | Q16: =((H16+J16)-G16)-O16 -> 4.65 | R16: =Q16/G16 -> 0.0042257361 | S16: 291.711 | X16: 1 | AB16: 4 | AC16: 取樣不穩
D17: 11 | E17: 義麵-海鮮湯凍(113年) | F17: 1463.0105 | G17: 1778.2 | H17: 1777.594 | I17: =H17/G17 -> 0.99965921 | J17: 11.01 | K17: =J17/G17 -> 0.0061916545 | L17: 140.62 | M17: =(H17+J17)/G17 -> 1.0058509 | N17: 1463.0105 | O17: 0 | P17: =O17/G17 -> 0 | Q17: =((H17+J17)-G17)-O17 -> 10.404 | R17: =Q17/G17 -> 0.0058508604 | S17: 0 | X17: 1 | AB17: 5 | AC17: 原物料規格
D18: 12 | E18: 炒芝麻海苔酥 | F18: 1402.6906 | G18: 26.5902 | H18: 29.1532 | I18: =H18/G18 -> 1.0963889 | K18: =J18/G18 -> 0 | L18: 1029.12 | M18: =(H18+J18)/G18 -> 1.0963889 | N18: 2637.6346 | O18: 1.2 | P18: =O18/G18 -> 0.045129409 | Q18: =((H18+J18)-G18)-O18 -> 1.363 | R18: =Q18/G18 -> 0.051259487 | S18: 1234.944 | X18: 1 | AB18: 6 | AC18: 研發設定
D19: 13 | E19: 帕瑪森乾酪粉(500g) | F19: 1279.76 | G19: 20.604 | H19: 24.368 | I19: =H19/G19 -> 1.182683 | K19: =J19/G19 -> 0 | L19: 340 | M19: =(H19+J19)/G19 -> 1.182683 | N19: 1279.76 | O19: 0 | P19: =O19/G19 -> 0 | Q19: =((H19+J19)-G19)-O19 -> 3.764 | R19: =Q19/G19 -> 0.18268297 | S19: 0 | X19: 1 | AB19: 7 | AC19: 其他原因
D20: 14 | E20: 解凍玉子蛋絲 | F20: 1164.4992 | G20: 69.688 | H20: 73 | I20: =H20/G20 -> 1.0475261 | K20: =J20/G20 -> 0 | L20: 351.6 | M20: =(H20+J20)/G20 -> 1.0475261 | N20: 1445.7792 | O20: 0 | P20: =O20/G20 -> 0 | Q20: =((H20+J20)-G20)-O20 -> 3.312 | R20: =Q20/G20 -> 0.047526116 | S20: 0 | X20: 1 | AB20: 8 | AC20: 步留因素
D21: 15 | E21: 拌-蕃茄醬麵 | F21: 989.67568 | G21: 2541.16 | H21: 2542.56 | I21: =H21/G21 -> 1.0005509 | J21: 15.6 | K21: =J21/G21 -> 0.0061389287 | L21: 58.216216 | M21: =(H21+J21)/G21 -> 1.0066899 | N21: 989.67568 | O21: 0 | P21: =O21/G21 -> 0 | Q21: =((H21+J21)-G21)-O21 -> 17 | R21: =Q21/G21 -> 0.0066898582 | S21: 0 | X21: 1
D22: 16 | E22: 鮮食雙色起司絲 | F22: 888 | G22: 578.4 | H22: 582.84 | I22: =H22/G22 -> 1.0076763 | K22: =J22/G22 -> 0 | L22: 200 | M22: =(H22+J22)/G22 -> 1.0076763 | N22: 1051.2 | O22: 0 | P22: =O22/G22 -> 0 | Q22: =((H22+J22)-G22)-O22 -> 4.44 | R22: =Q22/G22 -> 0.0076763485 | S22: 0 | X22: 1
D23: 17 | E23: 義麵-蒜辣黑胡椒湯凍 | F23: 405 | G23: 412.275 | H23: 459.225 | I23: =H23/G23 -> 1.1138803 | K23: =J23/G23 -> 0 | L23: 81 | M23: =(H23+J23)/G23 -> 1.1138803 | N23: 3802.95 | O23: 41.95 | P23: =O23/G23 -> 0.10175247 | Q23: =((H23+J23)-G23)-O23 -> 5 | R23: =Q23/G23 -> 0.012127827 | S23: 3397.95 | X23: 1 | AB23: 1 | AC23: 調理
D24: 18 | E24: 調理包-味噌醬 | F24: 363.13182 | G24: 468.142 | H24: 483.848 | I24: =H24/G24 -> 1.0335496 | K24: =J24/G24 -> 0 | L24: 54.97 | M24: =(H24+J24)/G24 -> 1.0335496 | N24: 863.35882 | O24: 9.1 | P24: =O24/G24 -> 0.019438546 | Q24: =((H24+J24)-G24)-O24 -> 6.606 | R24: =Q24/G24 -> 0.014111103 | S24: 500.227 | X24: 1 | AB24: 2 | AC24: 包裝
D25: 19 | E25: 細切海苔 (2mm*5cm) | F25: 350.336 | G25: 3.668 | H25: 4.0488 | I25: =H25/G25 -> 1.1038168 | K25: =J25/G25 -> 0 | L25: 920 | M25: =(H25+J25)/G25 -> 1.1038168 | N25: 425.592 | O25: 0 | P25: =O25/G25 -> 0 | Q25: =((H25+J25)-G25)-O25 -> 0.3808 | R25: =Q25/G25 -> 0.10381679 | S25: 0 | X25: 1 | AB25: 3 | AC25: 研發
D26: 20 | E26: 川燙-切段油菜 | F26: 267.54 | G26: 564.84 | H26: 571.18 | I26: =H26/G26 -> 1.0112244 | K26: =J26/G26 -> 0 | L26: 147 | M26: =(H26+J26)/G26 -> 1.0112244 | N26: 931.98 | O26: 4.52 | P26: =O26/G26 -> 0.0080022661 | Q26: =((H26+J26)-G26)-O26 -> 1.82 | R26: =Q26/G26 -> 0.0032221514 | S26: 664.44 | X26: 1 | AB26: 4 | AC26: 生管預估
AB27: 5 | AC27: 原物料
Z112: 占比
Z113: 金額

Sheet 日別報廢率總表 
A1: 長家廠半成品管理日別總表
A2: 日期 | B2: 營業額 | C2: 報廢額 | D2: 報廢率 KPI 0.25% | E2: 超用額 | F2: 超用率 | G2: 廢棄前10名 | I2: 超用前10名 | K2: 共用類廢棄 | M2: 週累積
G3: 金額總計 | H3: 構成比 | I3: 金額總計 | J3: 構成比 | K3: 金額總計 | L3: 構成比 KPI 15% | M3: 營業額 | N3: 週報廢 | O3: 週超用
A4: 45930 | B4: 3164412 | C4: 20449 | D4: =C4/B4 -> 0.00646218 | E4: 70411 | F4: =E4/B4 -> 0.022250895 | G4: 5698 | H4: =G4/C4 -> 0.27864443 | I4: 5783 | J4: =I4/E4 -> 0.082132053 | K4: 0 | L4: =K4/C4 -> 0
A5: =A4+1 -> 45931 | B5: 2824753 | C5: 4185 | D5: =C5/B5 -> 0.0014815455 | E5: 12125 | F5: =E5/B5 -> 0.0042924107 | G5: 3918 | H5: =G5/C5 -> 0.93620072 | I5: 13876 | J5: =I5/E5 -> 1.1444124 | K5: 0 | L5: =K5/C5 -> 0
A6: =A5+1 -> 45932 | B6: 2491478.9 | C6: 19707 | D6: =C6/B6 -> 0.0079097601 | E6: 8161 | F6: =E6/B6 -> 0.0032755646 | G6: 17965 | H6: =G6/C6 -> 0.91160501 | I6: 15202 | J6: =I6/E6 -> 1.8627619 | K6: 0 | L6: =K6/C6 -> 0
A7: =A6+1 -> 45933 | B7: 1927390 | C7: 16585 | D7: =C7/B7 -> 0.0086049009 | E7: 3790 | F7: =E7/B7 -> 0.0019663898 | G7: 16585 | H7: =G7/C7 -> 1 | I7: 11671 | J7: =I7/E7 -> 3.0794195 | K7: 0 | L7: =K7/C7 -> 0
A8: =A7+1 -> 45934 | B8: 1927172.3 | C8: 9482 | D8: =C8/B8 -> 0.0049201621 | E8: 9102 | F8: =E8/B8 -> 0.004722982 | G8: 9482 | H8: =G8/C8 -> 1 | I8: 14859 | J8: =I8/E8 -> 1.6324984 | K8: 0 | L8: =K8/C8 -> 0
A9: =A8+1 -> 45935 | B9: 2140557.9 | C9: 12804 | D9: =C9/B9 -> 0.0059816181 | E9: 12293 | F9: =E9/B9 -> 0.0057428953 | G9: 16508 | H9: =G9/C9 -> 1.2892846 | I9: 6957 | J9: =I9/E9 -> 0.56593183 | K9: 0 | L9: =K9/C9 -> 0
A10: =A9+1 -> 45936 | B10: 2670515.5 | C10: 79940 | D10: =C10/B10 -> 0.029934295 | E10: 12673 | F10: =E10/B10 -> 0.0047455257 | G10: 72821 | H10: =G10/C10 -> 0.91094571 | I10: 19224 | J10: =I10/E10 -> 1.5169257 | K10: 0 | L10: =K10/C10 -> 0
A11: =A10+1 -> 45937 | B11: 2439394 | C11: 11847 | D11: =C11/B11 -> 0.004856534 | E11: 11350 | F11: =E11/B11 -> 0.0046527949 | G11: 11606 | H11: =G11/C11 -> 0.9796573 | I11: 10074 | J11: =I11/E11 -> 0.88757709 | K11: 0 | L11: =K11/C11 -> 0
A12: =A11+1 -> 45938 | B12: 2377431.2 | C12: 12804 | D12: =C12/B12 -> 0.0053856447 | E12: 12293 | F12: =E12/B12 -> 0.0051707069 | G12: 12264 | H12: =G12/C12 -> 0.95782568 | I12: 10810 | J12: =I12/E12 -> 0.87936224 | K12: 0 | L12: =K12/C12 -> 0
A13: =A12+1 -> 45939 | B13: 1944054.1 | C13: 4635 | D13: =C13/B13 -> 0.002384193 | E13: 7609 | F13: =E13/B13 -> 0.0039139858 | G13: 4635 | H13: =G13/C13 -> 1 | I13: 7418 | J13: =I13/E13 -> 0.97489815 | K13: 0 | L13: =K13/C13 -> 0
A14: =A13+1 -> 45940 | B14: 1880152.1 | C14: 4324 | D14: =C14/B14 -> 0.0022998139 | E14: 8095 | F14: =E14/B14 -> 0.0043055027 | G14: 4324 | H14: =G14/C14 -> 1 | I14: 7586 | J14: =I14/E14 -> 0.93712168 | K14: 0 | L14: =K14/C14 -> 0
A15: =A14+1 -> 45941 | B15: 1925306.2 | C15: 10421 | D15: =C15/B15 -> 0.0054126454 | E15: 2695 | F15: =E15/B15 -> 0.0013997773 | G15: 242 | H15: =G15/C15 -> 0.02322234 | I15: 2689 | J15: =I15/E15 -> 0.99777365 | K15: 0 | L15: =K15/C15 -> 0
A16: =A15+1 -> 45942 | B16: 2526042.7 | C16: 2456 | D16: =C16/B16 -> 0.00097227177 | E16: 5816 | F16: =E16/B16 -> 0.0023024156 | G16: 2456 | H16: =G16/C16 -> 1 | I16: 5816 | J16: =I16/E16 -> 1 | K16: 0 | L16: =K16/C16 -> 0
A17: =A16+1 -> 45943 | B17: 2568380.8 | C17: 537 | D17: =C17/B17 -> 0.00020908114 | E17: 12109 | F17: =E17/B17 -> 0.0047146435 | G17: 537 | H17: =G17/C17 -> 1 | I17: 12109 | J17: =I17/E17 -> 1 | K17: 0 | L17: =K17/C17 -> 0
A18: =A17+1 -> 45944 | D18: =C18/B18 -> #DIV/0! | F18: =E18/B18 -> #DIV/0! | H18: =G18/C18 -> #DIV/0! | J18: =I18/E18 -> #DIV/0! | L18: =K18/C18 -> #DIV/0!
A19: =A18+1 -> 45945 | D19: =C19/B19 -> #DIV/0! | F19: =E19/B19 -> #DIV/0! | H19: =G19/C19 -> #DIV/0! | J19: =I19/E19 -> #DIV/0! | L19: =K19/C19 -> #DIV/0!
A20: =A19+1 -> 45946 | D20: =C20/B20 -> #DIV/0! | F20: =E20/B20 -> #DIV/0! | H20: =G20/C20 -> #DIV/0! | J20: =I20/E20 -> #DIV/0! | L20: =K20/C20 -> #DIV/0!
A21: =A20+1 -> 45947 | D21: =C21/B21 -> #DIV/0! | F21: =E21/B21 -> #DIV/0! | H21: =G21/C21 -> #DIV/0! | J21: =I21/E21 -> #DIV/0! | L21: =K21/C21 -> #DIV/0!
A22: =A21+1 -> 45948 | D22: =C22/B22 -> #DIV/0! | F22: =E22/B22 -> #DIV/0! | H22: =G22/C22 -> #DIV/0! | J22: =I22/E22 -> #DIV/0! | L22: =K22/C22 -> #DIV/0!
A23: =A22+1 -> 45949 | D23: =C23/B23 -> #DIV/0! | F23: =E23/B23 -> #DIV/0! | H23: =G23/C23 -> #DIV/0! | J23: =I23/E23 -> #DIV/0! | L23: =K23/C23 -> #DIV/0!
A24: =A23+1 -> 45950 | D24: =C24/B24 -> #DIV/0! | F24: =E24/B24 -> #DIV/0! | H24: =G24/C24 -> #DIV/0! | J24: =I24/E24 -> #DIV/0! | L24: =K24/C24 -> #DIV/0!
A25: =A24+1 -> 45951 | D25: =C25/B25 -> #DIV/0! | F25: =E25/B25 -> #DIV/0! | H25: =G25/C25 -> #DIV/0! | J25: =I25/E25 -> #DIV/0! | L25: =K25/C25 -> #DIV/0!
A26: =A25+1 -> 45952 | D26: =C26/B26 -> #DIV/0! | F26: =E26/B26 -> #DIV/0! | H26: =G26/C26 -> #DIV/0! | J26: =I26/E26 -> #DIV/0! | L26: =K26/C26 -> #DIV/0!
A27: =A26+1 -> 45953 | D27: =C27/B27 -> #DIV/0! | F27: =E27/B27 -> #DIV/0! | H27: =G27/C27 -> #DIV/0! | J27: =I27/E27 -> #DIV/0! | L27: =K27/C27 -> #DIV/0!
A28: =A27+1 -> 45954 | D28: =C28/B28 -> #DIV/0! | F28: =E28/B28 -> #DIV/0! | H28: =G28/C28 -> #DIV/0! | J28: =I28/E28 -> #DIV/0! | L28: =K28/C28 -> #DIV/0!
A29: =A28+1 -> 45955 | D29: =C29/B29 -> #DIV/0! | F29: =E29/B29 -> #DIV/0! | H29: =G29/C29 -> #DIV/0! | J29: =I29/E29 -> #DIV/0! | L29: =K29/C29 -> #DIV/0!
... A34: =A33+1 -> 45960 | D34: =C34/B34 -> #DIV/0! | F34: =E34/B34 -> #DIV/0! | H34: =G34/C34 -> #DIV/0! | J34: =I34/E34 -> #DIV/0! | L34: =K34/C34 -> #DIV/0!
A35: 平均 | B35: =AVERAGE(B4:B34) -> 2343360 | C35: =AVERAGE(C4:C34) -> 15012.571 | D35: =C35/B35 -> 0.0064064297 | E35: =AVERAGE(E4:E34) -> 13465.857 | F35: =E35/B35 -> 0.0057463885 | G35: =AVERAGE(G4:G34) -> 12788.643 | H35: =G35/C35 -> 0.85186225 | I35: =AVERAGE(I4:I34) -> 10291 | J35: =I35/E35 -> 0.76422911 | K35: =AVERAGE(K4:K34) -> 0 | L35: =K35/C35 -> 0
A36: 合計 | B36: =SUM(B4:B34) -> 32807041 | C36: =SUM(C4:C34) -> 210176 | D36: =C36/B36 -> 0.0064064297 | E36: =SUM(E4:E34) -> 188522 | F36: =E36/B36 -> 0.0057463885 | G36: =SUM(G4:G34) -> 179041 | H36: =G36/C36 -> 0.85186225 | I36: =SUM(I4:I34) -> 144074 | J36: =I36/E36 -> 0.76422911 | K36: =SUM(K4:K34) -> 0 | L36: =K36/C36 -> 0

Sheet 填寫舉例
A2: 7 | B2: 月別 | C2: 工廠名 | D2: ・・・・・・・・
A4: （１）收支狀況 | E4: ※單位：千元 | G4: （２）ＫＰＩ達成進度 | M4: （３）業績構成比 | S4: （４）訂單數量構成比
B5: 當月 | C5: 前月 | D5: 差異 | E5: 累計 | H5: KPI | I5: 當月 | J5: 前月 | K5: 累計 | L5: ※補充 | N5: 當月 | O5: 比例 | P5: 前月 | Q5: 差異 | T5: 當月 | U5: 比例 | V5: 前月 | W5: 差異
A6: 業績金額 | B6: 500000 | C6: 510000 | D6: =B6-C6 -> -10000 | E6: =B6+C6 -> 1010000 | G6: 人時生產性1 | H6: 110 | I6: 100 | J6: 90 | L6: 個／MH | M6: 飯糰 | N6: 150000 | O6: =IFERROR(N6/$B$6,"") -> 0.3 | P6: 0.4 | Q6: =IFERROR(O6-P6,"") -> -0.1 | S6: 飯糰 | T6: 35000 | U6: =IFERROR(T6/$B$7,"") -> 0.35 | V6: 0.3 | W6: =IFERROR(U6-V6,"") -> 0.05
A7: 訂單數量 | B7: 100000 | C7: 110000 | D7: =B7-C7 -> -10000 | E7: =B7+C7 -> 210000 | G7: 人時生產性2 | H7: 0.8 | I7: 0.85 | J7: 0.81 | K7: 0.84 | L7: 達成率 | M7: 大口飯糰 | N7: 100000 | O7: =IFERROR(N7/$B$6,"") -> 0.2 | P7: 0.15 | Q7: =IFERROR(O7-P7,"") -> 0.05 | S7: 大口飯糰 | T7: 30000 | U7: =IFERROR(T7/$B$7,"") -> 0.3 | V7: 0.15 | W7: =IFERROR(U7-V7,"") -> 0.15
A8: 材料費 | B8: 250000 | C8: 260000 | D8: =B8-C8 -> -10000 | E8: =B8+C8 -> 510000 | G8: 半成品報廢 | H8: 0.0025 | I8: 0.0024 | J8: 0.0023 | K8: 0.00235 | L8: 報廢率 | M8: 便當 | N8: 160000 | O8: =IFERROR(N8/$B$6,"") -> 0.32 | P8: 0.28 | Q8: =IFERROR(O8-P8,"") -> 0.04 | S8: 便當 | T8: 20000 | U8: =IFERROR(T8/$B$7,"") -> 0.2 | V8: 0.28 | W8: =IFERROR(U8-V8,"") -> -0.08
A9: 材料費率 | B9: =B8/B6 -> 0.5 | C9: =C8/C6 -> 0.50980392 | D9: =B9-C9 -> -0.0098039216 | E9: =(B9+C9)/2 -> 0.50490196 | G9: 半成品超用 | H9: 0.006 | I9: 0.009 | J9: 0.0095 | K9: 0.0092 | L9: 超用率 | M9: 調理麵 | N9: 90000 | O9: =IFERROR(N9/$B$6,"") -> 0.18 | P9: 0.17 | Q9: =IFERROR(O9-P9,"") -> 0.01 | S9: 調理麵 | T9: 15000 | U9: =IFERROR(T9/$B$7,"") -> 0.15 | V9: 0.27 | W9: =IFERROR(U9-V9,"") -> -0.12
A10: 勞務成本 | B10: 100000 | C10: 105000 | D10: =B10-C10 -> -5000 | E10: =B10+C10 -> 205000 | G10: 固定產線 | H10: 0.95 | I10: 0.9 | J10: 0.92 | K10: 0.91 | L10: 導入率 | M10: 調理麵包 | N10: - | O10: =IFERROR(N10/$B$6,"") | P10: -% | Q10: =IFERROR(O10-P10,"") | S10: 調理麵包 | T10: - | U10: =IFERROR(T10/$B$7,"") | V10: -% | W10: =IFERROR(U10-V10,"")
A11: 勞務費率 | B11: =B10/B6 -> 0.2 | C11: =C10/C6 -> 0.20588235 | D11: =B11-C11 -> -0.0058823529 | E11: =(B11+C11)/2 -> 0.20294118 | G11: 教育訓練 | H11: 0.8 | I11: 0.85 | J11: 1 | K11: 0.92 | L11: 實施率 | M11: 袋裝調理麵包 | N11: - | O11: =IFERROR(N11/$B$6,"") | P11: -% | Q11: =IFERROR(O11-P11,"") | S11: 袋裝調理麵包 | T11: - | U11: =IFERROR(T11/$B$7,"") | V11: -% | W11: =IFERROR(U11-V11,"")
M12: 義大利麵 | N12: - | O12: =IFERROR(N12/$B$6,"") | P12: -% | Q12: =IFERROR(O12-P12,"") | S12: 義大利麵 | T12: - | U12: =IFERROR(T12/$B$7,"") | V12: -% | W12: =IFERROR(U12-V12,"")
A13: （５）品群別人時生產性 | M13: 調理包 | N13: - | O13: =IFERROR(N13/$B$6,"") | P13: -% | Q13: =IFERROR(O13-P13,"") | S13: 調理包 | T13: - | U13: =IFERROR(T13/$B$7,"") | V13: -% | W13: =IFERROR(U13-V13,"")
B14: 當月 | C14: 前月 | D14: 差異 | E14: 累計 | H14: 當月 | I14: 前月 | J14: 差異 | K14: 累計 | O14: =SUM(O6:O13) -> 1 | P14: =SUM(P6:P13) -> 1 | U14: =SUM(U6:U13) -> 1 | V14: =SUM(V6:V13) -> 1
A15: 飯糰 | B15: 600 | C15: 660 | D15: =B15-C15 -> -60 | E15: =(B15+C15)/2 -> 630 | G15: 調理麵包 | J15: =H15-I15 -> 0 | M15: （７）原因別分析
A16: 大口飯糰 | B16: 800 | C16: 780 | D16: =B16-C16 -> 20 | E16: =(B16+C16)/2 -> 790 | G16: 袋裝調理麵包 | J16: =H16-I16 -> 0 | N16: 合計 | P16: 作業原因 | R16: 規格原因
A17: 便當 | B17: 130 | C17: 111 | D17: =B17-C17 -> 19 | E17: =(B17+C17)/2 -> 120.5 | G17: 義大利麵 | J17: =H17-I17 -> 0 | N17: 金額 | O17: 比例 | P17: 金額 | Q17: 比例 | R17: 金額 | S17: 比例
A18: 調理麵 | B18: 140 | C18: 165 | D18: =B18-C18 -> -25 | E18: =(B18+C18)/2 -> 152.5 | G18: 調理包 | J18: =H18-I18 -> 0 | M18: 半成品報廢 | N18: 1200 | O18: =N18/$B$6 -> 0.0024 | P18: 900 | Q18: =IFERROR(P18/$B$6,"") -> 0.0018 | R18: 300 | S18: =IFERROR(R18/$B$6,"") -> 0.0006
M19: 半成品超用 | N19: 4500 | O19: =N19/$B$6 -> 0.009 | P19: 3500 | Q19: =IFERROR(P19/$B$6,"") -> 0.007 | R19: 1000 | S19: =IFERROR(R19/$B$6,"") -> 0.002
A20: （６）人時生產性前幾名品項
B21: 排名 | C21: 商品名 | F21: 人數 | G21: 產能 | H21: 人時生產性 | I21: 前月比 | J21: 主要原因&對策 | M21: （８）報廢原因別前幾名品項
A22: 飯糰 | B22: 1 | C22: 手巻明太子 | F22: 3 | G22: 3000 | H22: 1000 | I22: 10 | J22: 減少暫時停止生產,人時UP | M22: 半成品報廢 | N22: 排名 | O22: 商品名 | R22: 半成品名 | U22: 單價 | V22: 報廢率 | W22: 數量 | X22: 金額 | Y22: 前月比 | Z22: 主要原因&對策
B23: 2 | M23: 作業原因 | N23: 1 | O23: 明太子海苔便當 | R23: 油炸白身魚 | U23: 10 | V23: 0.15 | W23: 10 | X23: =W23*U23 -> 100 | Y23: 80 | Z23: 油調過多報廢。變更條件。
B24: 3 | N24: 2 | X24: =W24*U24 -> 0
B25: 4 | N25: 3 | X25: =W25*U25 -> 0
B26: 5 | N26: 4 | X26: =W26*U26 -> 0
B27: ▼1 | C27: 手巻卵黄雞絞肉 | F27: 4 | G27: 2800 | H27: 700 | I27: 6/30新商品 | J27: 因組裝2食材,人員增加,產速減少 | N27: 5 | X27: =W27*U27 -> 0
B28: ▼2 | U28: 前幾名合計比例 | V28: =X28/N18 -> 0.083333333 | W28: 前幾名合計金額 | X28: =SUM(X23:X27) -> 100
B29: ▼3 | M29: 規格原因 | N29: 1 | O29: 海老炒飯 | R29: 川燙蝦子拌醬 | U29: 5.55 | V29: 0.21 | W29: 50 | X29: =W29*U29 -> 277.5 | Y29: 35 | Z29: 蝦子入數不足
B30: ▼4 | N30: 2 | X30: =W30*U30 -> 0
B31: ▼5 | N31: 3 | X31: =W31*U31 -> 0
N32: 4 | X32: =W32*U32 -> 0
B33: 排名 | C33: 商品名 | F33: 人數 | G33: 產能 | H33: 人時生產性 | I33: 前月比 | J33: 主要原因&對策 | N33: 5 | X33: =W33*U33 -> 0
A34: 大口飯糰 | B34: 1 | C34: 直巻明太子美奶茲 | F34: 3 | G34: 2500 | H34: 833.33 | I34: 20 | J34: 透由調整速度提升。 | U34: 前幾名合計比例 | V34: =X34/N18 -> 0.23125 | W34: 前幾名合計金額 | X34: =SUM(X29:X33) -> 277.5
B35: 2
B36: 3 | M36: 半成品超用 | N36: 排名 | O36: 商品名 | R36: 半成品名 | U36: 單價 | V36: 報廢率 | W36: 數量 | X36: 金額 | Y36: 前月比 | Z36: 主要原因&對策
B37: 4 | M37: 作業原因 | N37: 1 | O37: 特製醬汁炙燒牛五花便當 | R37: 牛五花醬汁 | U37: 25 | V37: 0.25 | W37: 10 | X37: =W37*U37 -> 250 | Y37: 150 | Z37: 難度有差異。調理指導。
B38: 5 | N38: 2 | X38: =W38*U38 -> 0
B39: ▼1 | C39: 大口飯糰燒肉美奶滋 | F39: 7 | G39: 2200 | H39: 314.29 | I39: -15 | J39: 因摺疊增員。實施教育訓練。 | N39: 3 | X39: =W39*U39 -> 0
B40: ▼2 | N40: 4 | X40: =W40*U40 -> 0
B41: ▼3 | N41: 5 | X41: =W41*U41 -> 0
B42: ▼4 | U42: 前幾名合計比例 | V42: =X42/N19 -> 0.055555556 | W42: 前幾名合計金額 | X42: =SUM(X37:X41) -> 250
B43: ▼5 | M43: 規格原因 | N43: 1 | O43: 特製醬汁炙燒牛五花便當 | R43: 牛五花燒成 | U43: 30 | V43: 0.1 | W43: 20 | X43: =W43*U43 -> 600 | Y43: 400 | Z43: 因原料變更。
N44: 2 | X44: =W44*U44 -> 0
B45: 排名 | C45: 商品名 | F45: 人數 | G45: 產能 | H45: 人時生產性 | I45: 前月比 | J45: 主要原因&對策 | N45: 3 | X45: =W45*U45 -> 0
A46: 便當 | B46: 1 | C46: 明太子海苔便當 | F46: 15 | G46: 1200 | H46: 80 | I46: 5 | J46: 指導鋪開炒柴魚片 | N46: 4 | X46: =W46*U46 -> 0
B47: 2 | N47: 5 | X47: =W47*U47 -> 0
B48: 3 | U48: 前幾名合計比例 | V48: =X48/N19 -> 0.13333333 | W48: 前幾名合計金額 | X48: =SUM(X43:X47) -> 600
B49: 4
B50: 5 | M50: （９）歩留
B51: ▼1 | C51: 特製醬汁炙燒牛五花便當 | F51: 18 | G51: 800 | H51: 44.44 | I51: -15 | J51: 肉狀態不良，已連動開發 | N51: No. | O51: 商品名 | R51: 半成品名 | U51: 單價 | V51: 規格 | W51: 實績 | X51: 差異 | Y51: 主要原因&對策
B52: ▼2 | M52: 作業原因 | N52: 1 | O52: 特製醬汁炙燒牛五花便當 | R52: 牛五花燒成 | U52: 30 | V52: 0.62 | W52: 0.58 | X52: =W52-V52 -> -0.04 | Y52: 燒成過多，調整調理條件。
B53: ▼3 | N53: 2 | X53: =W53-V53 -> 0
B54: ▼4 | M54: 規格原因 | N54: 1 | O54: 大口飯糰三種起司午餐肉 | R54: ３種起司燒成 | U54: 20 | V54: 0.9 | W54: 0.82 | X54: =W54-V54 -> -0.08 | Y54: 與燒成範本不同。
B55: ▼5 | N55: 2 | X55: =W55-V55 -> 0

Sheet 鮮食品群番
B2: 鮮食品群番
B3: 06 | C3: 飯糰 | E3: 10 | F3: 三明治
B4: 061 | C4: 飯糰一配 | E4: 106 | F4: 三明治４度Ｃ
B5: 063 | C5: 飯糰二配 | E5: 107 | F5: 調理麵包４度Ｃ
B6: 065 | C6: 飯糰４度Ｃ | E6: 11 | F6: 季節調理麵
B7: 07 | C7: 壽司、手卷 | E7: 111 | F7: 涼麵
B8: 071 | C8: 壽司一配 | E8: 112 | F8: 熱湯麵
B9: 072 | C9: 手卷一配 | E9: 12 | F9: 熱食義麵
B10: 075 | C10: 壽司二配 | E10: 122 | F10: 熱食麵
B11: 076 | C11: 手卷２配 | E11: 123 | F11: 熱湯麵
B12: 077 | C12: ４℃壽司手卷 | E12: 124 | F12: 義大利麵
B13: 08 | C13: 便當 | E13: 126 | F13: 冷凍調理麵
B14: 083 | C14: 便當４℃ | E14: 14 | F14: 沙拉
... B19: 094 | C19: 粥品 | E19: 155 | F19: 特色小吃
B20: 095 | C20: 其他飯類

Sheet 10產線配置圖
A1: 品項 | B1: 人數 | C1: 產能
A2: 白酒蛤蜊義大利麵 | B2: 13 | C2: 2000 | D2: ET-600
A3: 白酒蛤蜊義大利麵-手 | B3: 15 | C3: 1565 | D3: ET-55
A4: 熱那亞青醬義大利麵 | B4: 16 | C4: 1915
A5: 義式蕃茄起司義大利麵 | B5: 12 | C5: 2000
A6: 焗烤起司雙饗筆尖麵 | B6: 18 | C6: 1565
A7: 奶油培根義大利麵 | B7: 13 | C7: 2000
A8: 韓式起司炸雞義大利麵 | B8: 14 | C8: 1895
A9: 韓式辣醬肉丸義大利麵 | B9: 15 | C9: 1565
A10: 剝皮辣椒雞奶油扁麵 | B10: 19 | C10: 1600
A11: 拿坡里義大利麵 | B11: 16 | C11: 1429
A12: 家傳炸醬麵 | B12: 18 | C12: 1636
A13: 家傳炸醬麵-降速生產 | B13: 16 | C13: 1440
A14: 黑胡椒燻豬腿義大利麵 | B14: 18 | C14: 1500
A15: 黑胡椒燻豬腿義大利麵-降速生產 | B15: 13 | C15: 1385
... A22: 起司馬鈴薯 | B22: 12 | C22: 1565
A23: 台式綜合甜不辣 | B23: 12 | C23: 1565 | E23: 更新日期09/02
