Workbook

Sheet 生產管理報表(月)
A1: 長家廠生產管理報表
A3: 月別 | B3: 1 | C3: 工廠 | D3: 長家
A4: （１）收支狀況 | E4: ※單位：千元 | G4: （２）ＫＰＩ達成進度
A5: 項目 | B5: 當月 | C5: 前月 | D5: 差異 | E5: 累計 | G5: 項目 | H5: KPI | I5: 當月 | J5: 前月 | K5: 累計 | L5: ※補充
A6: 業績金額 | B6: 73906 | C6: 73077 | D6: =B6-C6 -> 829 | G6: 人時性(個/月均) | H6: 112.8 | I6: 99.6 | J6: 100.9 | L6: 個／MH
A7: 訂單數量 | B7: 1572945 | C7: 1537451 | D7: =B7-C7 -> 35494 | G7: 人時達成率(%/月均) | H7: 0.8 | I7: =I6/H6 -> 0.88297872 | J7: 0.8945 | L7: 達成率
A8: 材料費 | B8: 46645.866 | C8: 46135 | D8: =B8-C8 -> 510.866 | G8: 半成品-報廢(%) | H8: 0.0025 | I8: 0.0034 | J8: 0.0039 | L8: 報廢率
A9: 材料費率 | B9: =B8/B6 -> 0.63115127 | C9: 0.6313 | D9: =B9-C9 -> -0.00014872676 | G9: 半成品-超用(%) | H9: 0.0025 | I9: 0.0023 | J9: 0.0025 | L9: 超用率
A10: 勞務成本 | B10: =B6*B11 -> 9755.592 | C10: =C6*C11 -> 9573.087 | D10: =B10-C10 -> 182.505 | G10: 固定產線-導入率(%) | H10: 1 | I10: 0.286 | J10: 0.407 | L10: 導入率
A11: 勞務費率 | B11: 0.132 | C11: 0.131 | D11: =B11-C11 -> 0.001 | G11: 教育訓練-實施率(%) | H11: 1 | I11: 0.903 | J11: 0.85 | L11: 實施率
A13: （３）業績構成比 | G13: （４）訂單數量構成比
B14: 當月 | C14: 比例 | D14: 前月 | E14: 差異 | H14: 當月 | I14: 比例 | J14: 前月 | K14: 差異
A15: 熱食義麵(122,123,124,126) | B15: 67377.8 | C15: =IFERROR(B15/$B$6,"") -> 0.91166888 | D15: 0.9174 | E15: =IFERROR(C15-D15,"") -> -0.0057311233 | G15: 熱食義麵(122,123,124,126) | H15: 1336654 | I15: =IFERROR(H15/$B$7,"") -> 0.84977796 | J15: 0.8577 | K15: =IFERROR(I15-J15,"") -> -0.0079220357
A16: 季節調理麵(111,112) | C16: =IFERROR(B16/$B$6,"") -> 0 | D16: 0 | E16: =IFERROR(C16-D16,"") -> 0 | G16: 季節調理麵(111,112) | I16: =IFERROR(H16/$B$7,"") -> 0 | J16: 0 | K16: =IFERROR(I16-J16,"") -> 0
A17: 微波小吃(153,154,155) | B17: 6528.1 | C17: =IFERROR(B17/$B$6,"") -> 0.08832977 | D17: 0.0826 | E17: =IFERROR(C17-D17,"") -> 0.0057297702 | G17: 微波小吃(153,154,155) | H17: 236291 | I17: =IFERROR(H17/$B$7,"") -> 0.15022204 | J17: 0.1423 | K17: =IFERROR(I17-J17,"") -> 0.0079220357
C18: =SUM(C15:C17) -> 0.99999865 | D18: =SUM(D15:D17) -> 1 | I18: =SUM(I15:I17) -> 1 | J18: =SUM(J15:J17) -> 1
A20: （５）品群別人時生產性
A21: 品群 | B21: 當月 | C21: 前月 | D21: 差異 | E21: 累計
A22: 熱食義麵(122,123,124,126) | B22: 98.7 | C22: 98.3 | D22: =B22-C22 -> 0.4
A23: 季節調理麵(111,112) | D23: =B23-C23 -> 0
A24: 微波小吃(153,154,155) | B24: 104.2 | C24: 110.1 | D24: =B24-C24 -> -5.9

Sheet （１）收支狀況
B2: （１）收支狀況
B3: 資料繳交日 | C3: 月份 | D3: 日期 | F3: 營業額(元) | I3: 訂單數量(個) | L3: 材料費(元) | O3: 材料費率（材料費／營業額） | R3: 勞務成本（全廠人事成本） | U3: 勞務費率（勞務成本／營業額）
F4: 日 | G4: 週累積 | H4: 月累積 | I4: 日 | J4: 週累積 | K4: 月累積 | L4: 日 | M4: 週累積 | N4: 月累積 | O4: 日 | P4: 週累積 | Q4: 月累積 | R4: 日 | S4: 週累積 | T4: 月累積 | U4: 日 | V4: 週累積 | W4: 月累積
C5: 一 | D5: 46023 | E5: 四 | F5: 2226674.2 | H5: =SUM(F5:F35) -> 73906002 | I5: 46936 | K5: =SUM(I5:I35) -> 1572945 | L5: 1406826 | N5: =SUM(L5:L35) -> 46645866 | O5: =L5/F5 -> 0.63180594 | Q5: =N5/H5 -> 0.63115125 | T5: 0 | U5: =R5/F5 -> 0 | W5: =T5/H5 -> 0
D6: 46024 | E6: 五 | F6: 1942096.7 | I6: 40942 | L6: 1226646 | O6: =L6/F6 -> 0.63160912 | U6: =R6/F6 -> 0 | V6: =S6/M6 -> #DIV/0!
D7: 46025 | E7: 六 | F7: 2189422.6 | I7: 46190 | L7: 1380846 | O7: =L7/F7 -> 0.63068957 | U7: =R7/F7 -> 0
D8: 46026 | E8: 日 | F8: 2542916.1 | I8: 53732 | L8: 1606646 | O8: =L8/F8 -> 0.63181243 | U8: =R8/F8 -> 0
D9: 46027 | E9: 一 | F9: 2525170.7 | I9: 53395 | L9: 1593646 | O9: =L9/F9 -> 0.63110428 | U9: =R9/F9 -> 0
B10: 46036 | D10: 46028 | E10: 二 | F10: 2404271.4 | G10: =SUM(F10:F16) -> 16024792 | I10: 50902 | J10: =SUM(I10:I16) -> 340021 | L10: 1518646 | M10: =SUM(L10:L16) -> 10118922 | O10: =L10/F10 -> 0.63164499 | P10: =M10/G10 -> 0.6314542 | S10: =SUM(R10:R16) -> 0 | U10: =R10/F10 -> 0
D11: 46029 | E11: 三 | F11: 2398862.3 | I11: 50807 | L11: 1518646 | O11: =L11/F11 -> 0.63306927 | U11: =R11/F11 -> 0
D12: 46030 | E12: 四 | F12: 2212516.4 | I12: 46922 | L12: 1395846 | O12: =L12/F12 -> 0.63088619 | U12: =R12/F12 -> 0
D13: 46031 | E13: 五 | F13: 1901554.6 | I13: 40461 | L13: 1199646 | O13: =L13/F13 -> 0.63087643 | U13: =R13/F13 -> 0 | V13: =S13/M13 -> #DIV/0!
D14: 46032 | E14: 六 | F14: 2097914.6 | I14: 44509 | L14: 1323846 | O14: =L14/F14 -> 0.63102949 | U14: =R14/F14 -> 0
D15: 46033 | E15: 日 | F15: 2521908.2 | I15: 53689 | L15: 1591646 | O15: =L15/F15 -> 0.63112765 | U15: =R15/F15 -> 0
D16: 46034 | E16: 一 | F16: 2487764.2 | I16: 52731 | L16: 1570646 | O16: =L16/F16 -> 0.63134842 | U16: =R16/F16 -> 0
B17: 46043 | D17: 46035 | E17: 二 | F17: 2453924.5 | G17: =SUM(F17:F23) -> 15713578 | I17: 52361 | J17: =SUM(I17:I23) -> 333826 | L17: 1548646 | M17: =SUM(L17:L23) -> 9915482 | O17: =L17/F17 -> 0.63108951 | P17: =M17/G17 -> 0.63101364 | S17: =SUM(R17:R23) -> 0 | U17: =R17/F17 -> 0
D18: 46036 | E18: 三 | F18: 2232406.1 | I18: 47532 | L18: 1408826 | O18: =L18/F18 -> 0.63107962 | U18: =R18/F18 -> 0
D19: 46037 | E19: 四 | F19: 2042060.4 | I19: 43661 | L19: 1287846 | O19: =L19/F19 -> 0.63066009 | U19: =R19/F19 -> 0
D20: 46038 | E20: 五 | F20: 1901136.5 | I20: 40479 | L20: 1200646 | O20: =L20/F20 -> 0.63154118 | U20: =R20/F20 -> 0 | V20: =S20/M20 -> #DIV/0!
D21: 46039 | E21: 六 | F21: 2122148.1 | I21: 45067 | L21: 1338826 | O21: =L21/F21 -> 0.63088244 | U21: =R21/F21 -> 0
D22: 46040 | E22: 日 | F22: 2467886.5 | I22: 52042 | L22: 1558646 | O22: =L22/F22 -> 0.63157119 | U22: =R22/F22 -> 0
D23: 46041 | E23: 一 | F23: 2494015.7 | I23: 52684 | L23: 1572046 | O23: =L23/F23 -> 0.63032723 | U23: =R23/F23 -> 0
B24: 46050 | D24: 46042 | E24: 二 | F24: 2998261.9 | G24: =SUM(F24:F30) -> 18269389 | I24: 65681 | J24: =SUM(I24:I30) -> 392919 | L24: 1890646 | M24: =SUM(L24:L30) -> 11520322 | O24: =L24/F24 -> 0.63058067 | P24: =M24/G24 -> 0.6305806 | S24: =SUM(R24:R30) -> 0 | U24: =R24/F24 -> 0
D25: 46043 | E25: 三 | F25: 2518253.1 | I25: 54921 | L25: 1587446 | O25: =L25/F25 -> 0.63037588 | U25: =R25/F25 -> 0
D26: 46044 | E26: 四 | F26: 2624434.2 | I26: 56062 | L26: 1654646 | O26: =L26/F26 -> 0.63047724 | U26: =R26/F26 -> 0
D27: 46045 | E27: 五 | F27: 2037145.7 | I27: 43620 | L27: 1283846 | O27: =L27/F27 -> 0.63021807 | U27: =R27/F27 -> 0 | V27: =S27/M27 -> #DIV/0!
D28: 46046 | E28: 六 | F28: 2368780.8 | I28: 50213 | L28: 1493646 | O28: =L28/F28 -> 0.63055475 | U28: =R28/F28 -> 0
D29: 46047 | E29: 日 | F29: 2961303.2 | I29: 63573 | L29: 1868446 | O29: =L29/F29 -> 0.63095397 | U29: =R29/F29 -> 0
D30: 46048 | E30: 一 | F30: 2761209.8 | I30: 58849 | L30: 1741646 | O30: =L30/F30 -> 0.63075469 | U30: =R30/F30 -> 0
B31: 46057 | D31: 46049 | E31: 二 | F31: 2551423.9 | G31: =SUM(F31:F37) -> 12471964 | I31: 54594 | J31: =SUM(I31:I37) -> 264984 | L31: 1612446 | M31: =SUM(L31:L37) -> 7876530 | O31: =L31/F31 -> 0.63197888 | P31: =M31/G31 -> 0.63153888 | S31: =SUM(R31:R37) -> 0 | U31: =R31/F31 -> 0
D32: 46050 | E32: 三 | F32: 2542380.2 | I32: 54168 | L32: 1607046 | O32: =L32/F32 -> 0.63210293 | U32: =R32/F32 -> 0
D33: 46051 | E33: 四 | F33: 2589823.7 | I33: 54574 | L33: 1634446 | O33: =L33/F33 -> 0.63110318 | U33: =R33/F33 -> 0
D34: 46052 | E34: 五 | F34: 2295961.3 | I34: 49058 | L34: 1449646 | O34: =L34/F34 -> 0.63138957 | U34: =R34/F34 -> 0
D35: 46053 | E35: 六 | F35: 2492374.6 | I35: 52590 | L35: 1572946 | O35: =L35/F35 -> 0.63110337 | U35: =R35/F35 -> 0
D36: 46054 | E36: 日 | O36: =L36/F36 -> #DIV/0!
D37: 46055 | E37: 一 | O37: =L37/F37 -> #DIV/0! | V37: =SUM(U37:U43) -> 0
O38: =L38/F38 -> #DIV/0!
O39: =L39/F39 -> #DIV/0!
O40: =L40/F40 -> #DIV/0!

Sheet （２）ＫＰＩ達成進度
C1: 112.8
B2: （２）ＫＰＩ達成進度
B3: 資料繳交日 | C3: 月份 | D3: 日期 | F3: 人時生產性(個/人) | I3: 人時生產性達成率(%) | L3: 半成品報廢(%) | O3: 半成品超用(%) | R3: 固定產線-導入率(固定產線數/總產線數) | U3: 教育訓練-實施率(進度/計畫)
F4: 日 | G4: 週平均 | H4: 月平均 | I4: 日 | J4: 週平均 | K4: 月平均 | L4: 日 | M4: 週平均 | N4: 月平均 | O4: 日 | P4: 週平均 | Q4: 月平均 | R4: 日 | S4: 週平均 | T4: 月平均 | U4: 日 | V4: 週平均 | W4: 月平均
C5: 一 | D5: 46023 | E5: 四 | F5: 95.4 | H5: =AVERAGE(F5:F35) -> 99.593548 | I5: =F5/$C$1 -> 0.84574468 | K5: =AVERAGE(I5:I35) -> 0.88292153 | L5: 0.0034163058 | N5: =AVERAGE(L5:L35) -> 0.0033669673 | O5: 0.0016109227 | Q5: =AVERAGE(O5:O35) -> 0.0022864484 | R5: 0.2857 | T5: =AVERAGE(R5:R35) -> 0.2857 | U5: 0.833 | W5: =AVERAGE(U5:U35) -> 0.9031871
D6: 46024 | E6: 五 | F6: 92 | I6: =F6/$C$1 -> 0.81560284 | L6: 0.0058905408 | O6: 0.0025616644 | R6: 0.2857 | U6: 0.833
D7: 46025 | E7: 六 | F7: 94.6 | I7: =F7/$C$1 -> 0.83865248 | L7: 0.0023755121 | O7: 0.0021275016 | R7: 0.2857 | U7: 0.833
D8: 46026 | E8: 日 | F8: 95.4 | I8: =F8/$C$1 -> 0.84574468 | L8: 0.0025753897 | O8: 0.00086868773 | R8: 0.2857 | U8: 0.833
D9: 46027 | E9: 一 | F9: 102.1 | I9: =F9/$C$1 -> 0.90514184 | L9: 0.00042531779 | O9: 0.00096191518 | R9: 0.2857 | U9: 0.833
B10: 46036 | D10: 46028 | E10: 二 | F10: 101.2 | G10: =AVERAGE(F10:F16) -> 96.6 | I10: =F10/$C$1 -> 0.89716312 | J10: =AVERAGE(I10:I16) -> 0.85638298 | L10: 0.0018350674 | M10: =AVERAGE(L10:L16) -> 0.004586451 | O10: 0.0011783195 | P10: =AVERAGE(O10:O16) -> 0.0023241943 | R10: 0.2857 | S10: =AVERAGE(R10:R16) -> 0.2857 | U10: 0.833 | V10: =AVERAGE(U10:U16) -> 0.88705714
D11: 46029 | E11: 三 | F11: 94.7 | I11: =F11/$C$1 -> 0.83953901 | L11: 0.0018512943 | O11: 0.0035766955 | R11: 0.2857 | U11: 0.833
D12: 46030 | E12: 四 | F12: 92.1 | I12: =F12/$C$1 -> 0.81648936 | L12: 0.0022426953 | O12: 0.0014752433 | R12: 0.2857 | U12: 0.833
D13: 46031 | E13: 五 | F13: 91.1 | I13: =F13/$C$1 -> 0.80762411 | L13: 0.009134631 | O13: 0.0039683319 | R13: 0.2857 | U13: 0.9276
D14: 46032 | E14: 六 | F14: 98.3 | I14: =F14/$C$1 -> 0.8714539 | L14: 0.0069359352 | O14: 0.0016449668 | R14: 0.2857 | U14: 0.9276
D15: 46033 | E15: 日 | F15: 101.3 | I15: =F15/$C$1 -> 0.89804965 | L15: 0.0076386603 | O15: 0.0016297183 | R15: 0.2857 | U15: 0.9276
D16: 46034 | E16: 一 | F16: 97.5 | I16: =F16/$C$1 -> 0.8643617 | L16: 0.0024668736 | O16: 0.0027960849 | R16: 0.2857 | U16: 0.9276
B17: 46043 | D17: 46035 | E17: 二 | F17: 100.5 | G17: =AVERAGE(F17:F23) -> 101.62857 | I17: =F17/$C$1 -> 0.89095745 | J17: =AVERAGE(I17:I23) -> 0.90096251 | L17: 0.0018810685 | M17: =AVERAGE(L17:L23) -> 0.0035858674 | O17: 0.00073922406 | P17: =AVERAGE(O17:O23) -> 0.0023320924 | R17: 0.2857 | S17: =AVERAGE(R17:R23) -> 0.2857 | U17: 0.9276 | V17: =AVERAGE(U17:U23) -> 0.9276
D18: 46036 | E18: 三 | F18: 98.8 | I18: =F18/$C$1 -> 0.87588652 | L18: 0.0047415208 | O18: 0.0027844396 | R18: 0.2857 | U18: 0.9276
D19: 46037 | E19: 四 | F19: 98.9 | I19: =F19/$C$1 -> 0.87677305 | L19: 0.01125285 | O19: 0.0044112309 | R19: 0.2857 | U19: 0.9276
D20: 46038 | E20: 五 | F20: 102.2 | I20: =F20/$C$1 -> 0.90602837 | L20: 0.0011430005 | O20: 0.0017678899 | R20: 0.2857 | U20: 0.9276
D21: 46039 | E21: 六 | F21: 102.4 | I21: =F21/$C$1 -> 0.90780142 | L21: 0.0022236902 | O21: 0.0038965234 | R21: 0.2857 | U21: 0.9276
D22: 46040 | E22: 日 | F22: 103.3 | I22: =F22/$C$1 -> 0.91578014 | L22: 0.002000092 | O22: 0.0011495667 | R22: 0.2857 | U22: 0.9276
D23: 46041 | E23: 一 | F23: 105.3 | I23: =F23/$C$1 -> 0.93351064 | L23: 0.0018588496 | O23: 0.001575772 | R23: 0.2857 | U23: 0.9276
B24: 46050 | D24: 46042 | E24: 二 | F24: 94.8 | G24: =AVERAGE(F24:F30) -> 100.8 | I24: =F24/$C$1 -> 0.84042553 | J24: =AVERAGE(I24:I30) -> 0.89361702 | L24: 0.0029823945 | M24: =AVERAGE(L24:L30) -> 0.0027983954 | O24: 0.0015842512 | P24: =AVERAGE(O24:O30) -> 0.0019335476 | R24: 0.2857 | S24: =AVERAGE(R24:R30) -> 0.2857 | U24: 0.9276 | V24: =AVERAGE(U24:U30) -> 0.9276
D25: 46043 | E25: 三 | F25: 99.4 | I25: =F25/$C$1 -> 0.88120567 | L25: 0.0041588354 | O25: 0.0013501423 | R25: 0.2857 | U25: 0.9276
D26: 46044 | E26: 四 | F26: 98.7 | I26: =F26/$C$1 -> 0.875 | L26: 0.0020301519 | O26: 0.0016060605 | R26: 0.2857 | U26: 0.9276
D27: 46045 | E27: 五 | F27: 98.2 | I27: =F27/$C$1 -> 0.87056738 | L27: 0.0021230686 | O27: 0.0004913738 | R27: 0.2857 | U27: 0.9276
D28: 46046 | E28: 六 | F28: 106 | I28: =F28/$C$1 -> 0.93971631 | L28: 0.0039940377 | O28: 0.0044145072 | R28: 0.2857 | U28: 0.9276
D29: 46047 | E29: 日 | F29: 102.1 | I29: =F29/$C$1 -> 0.90514184 | L29: 0.0024539872 | O29: 0.0028676564 | R29: 0.2857 | U29: 0.9276
D30: 46048 | E30: 一 | F30: 106.4 | I30: =F30/$C$1 -> 0.94326241 | L30: 0.0018462922 | O30: 0.0012208417 | R30: 0.2857 | U30: 0.9276
B31: 46057 | D31: 46049 | E31: 二 | F31: 102.3 | G31: =AVERAGE(F31:F37) -> 102.94 | I31: =F31/$C$1 -> 0.90691489 | J31: =AVERAGE(I31:I37) -> 0.65184904 | L31: 0.0023383022 | M31: =AVERAGE(L31:L37) -> 0.0025795846 | O31: 0.0010327567 | P31: =AVERAGE(O31:O37) -> 0.0033240737 | R31: 0.2857 | S31: =AVERAGE(R31:R37) -> 0.2857 | U31: 0.9276 | V31: =AVERAGE(U31:U37) -> 0.9276
D32: 46050 | E32: 三 | F32: 104.2 | I32: =F32/$C$1 -> 0.92375887 | L32: 0.0022872267 | O32: 0.0029554981 | R32: 0.2857 | U32: 0.9276
D33: 46051 | E33: 四 | F33: 102.8 | I33: =F33/$C$1 -> 0.91134752 | L33: 0.0033894199 | O33: 0.0033376789 | R33: 0.2857 | U33: 0.9276
D34: 46052 | E34: 五 | F34: 100.8 | I34: =F34/$C$1 -> 0.89361702 | L34: 0.002383751 | O34: 0.0027962144 | R34: 0.2857 | U34: 0.9276
D35: 46053 | E35: 六 | F35: 104.6 | I35: =F35/$C$1 -> 0.92730496 | L35: 0.002499223 | O35: 0.0064982206 | R35: 0.2857 | U35: 0.9276
D36: 46054 | E36: 日 | I36: =F36/$C$1 -> 0
D37: 46055 | E37: 一 | I37: =F37/$C$1 -> 0

Sheet （３）業績構成比
B2: （3）業績構成比
B3: 資料繳交日 | C3: 月份 | D3: 日期 | F3: 營業額 | I3: 品類業績
I4: 熱食義麵 | K4: 季節調理麵 | M4: 微波小吃
F5: 日 | G5: 週累積 | H5: 月累積 | I5: 一配 | K5: 一配 | M5: 一配
I6: 業績(元) | J6: 比例(%) | K6: 業績(元) | L6: 比例(%) | M6: 業績(元) | N6: 比例(%)
C7: 一 | D7: 46023 | E7: 四 | F7: =I7+M7 -> 2226674.2 | H7: =SUM(F7:F37) -> 73906002 | I7: 2051241.4 | J7: =I7/F7 -> 0.92121306 | L7: =K7/F7 -> 0 | M7: 175432.84 | N7: =M7/F7 -> 0.078786936
D8: 46024 | E8: 五 | F8: =I8+M8 -> 1942096.7 | I8: 1798121.2 | J8: =I8/F8 -> 0.92586595 | L8: =K8/F8 -> 0 | M8: 143975.5 | N8: =M8/F8 -> 0.074134052
D9: 46025 | E9: 六 | F9: =I9+M9 -> 2189422.6 | I9: 2020696.8 | J9: =I9/F9 -> 0.92293593 | L9: =K9/F9 -> 0 | M9: 168725.82 | N9: =M9/F9 -> 0.077064071
D10: 46026 | E10: 日 | F10: =I10+M10 -> 2542916.1 | I10: 2352461.2 | J10: =I10/F10 -> 0.92510375 | L10: =K10/F10 -> 0 | M10: 190454.89 | N10: =M10/F10 -> 0.074896254
D11: 46027 | E11: 一 | F11: =I11+M11 -> 2525170.7 | I11: 2327172 | J11: =I11/F11 -> 0.92158997 | L11: =K11/F11 -> 0 | M11: 197998.7 | N11: =M11/F11 -> 0.078410027
B12: 46036 | D12: 46028 | E12: 二 | F12: =I12+M12 -> 2404271.4 | G12: =SUM(F12:F18) -> 16024792 | I12: 2213659.4 | J12: =I12/F12 -> 0.92071944 | L12: =K12/F12 -> 0 | M12: 190611.99 | N12: =M12/F12 -> 0.079280562
D13: 46029 | E13: 三 | F13: =I13+M13 -> 2398862.3 | I13: 2202216.9 | J13: =I13/F13 -> 0.91802554 | L13: =K13/F13 -> 0 | M13: 196645.44 | N13: =M13/F13 -> 0.08197446
D14: 46030 | E14: 四 | F14: =I14+M14 -> 2212516.4 | I14: 2027834.5 | J14: =I14/F14 -> 0.91652858 | L14: =K14/F14 -> 0 | M14: 184681.88 | N14: =M14/F14 -> 0.083471419
D15: 46031 | E15: 五 | F15: =I15+M15 -> 1901554.6 | I15: 1744086.2 | J15: =I15/F15 -> 0.91718963 | L15: =K15/F15 -> 0 | M15: 157468.44 | N15: =M15/F15 -> 0.082810368
D16: 46032 | E16: 六 | F16: =I16+M16 -> 2097914.6 | I16: 1923722.2 | J16: =I16/F16 -> 0.91696877 | L16: =K16/F16 -> 0 | M16: 174192.43 | N16: =M16/F16 -> 0.083031229
D17: 46033 | E17: 日 | F17: =I17+M17 -> 2521908.2 | I17: 2315859.6 | J17: =I17/F17 -> 0.91829655 | L17: =K17/F17 -> 0 | M17: 206048.6 | N17: =M17/F17 -> 0.08170345
D18: 46034 | E18: 一 | F18: =I18+M18 -> 2487764.2 | I18: 2287407.7 | J18: =I18/F18 -> 0.9194632 | L18: =K18/F18 -> 0 | M18: 200356.56 | N18: =M18/F18 -> 0.080536796
B19: 46043 | D19: 46035 | E19: 二 | F19: =I19+M19 -> 2453924.5 | G19: =SUM(F19:F25) -> 15713578 | I19: 2255797.2 | J19: =I19/F19 -> 0.91926105 | L19: =K19/F19 -> 0 | M19: 198127.29 | N19: =M19/F19 -> 0.080738952
D20: 46036 | E20: 三 | F20: =I20+M20 -> 2232406.1 | I20: 2047648.1 | J20: =I20/F20 -> 0.91723818 | L20: =K20/F20 -> 0 | M20: 184758 | N20: =M20/F20 -> 0.082761824
D21: 46037 | E21: 四 | F21: =I21+M21 -> 2042060.4 | I21: 1859636.4 | J21: =I21/F21 -> 0.91066671 | L21: =K21/F21 -> 0 | M21: 182423.98 | N21: =M21/F21 -> 0.089333293
D22: 46038 | E22: 五 | F22: =I22+M22 -> 1901136.5 | I22: 1755348.3 | J22: =I22/F22 -> 0.92331522 | L22: =K22/F22 -> 0 | M22: 145788.23 | N22: =M22/F22 -> 0.076684777
D23: 46039 | E23: 六 | F23: =I23+M23 -> 2122148.1 | I23: 1958563.6 | J23: =I23/F23 -> 0.92291558 | L23: =K23/F23 -> 0 | M23: 163584.56 | N23: =M23/F23 -> 0.07708442
D24: 46040 | E24: 日 | F24: =I24+M24 -> 2467886.5 | I24: 2309290.4 | J24: =I24/F24 -> 0.93573608 | L24: =K24/F24 -> 0 | M24: 158596.05 | N24: =M24/F24 -> 0.064263917
D25: 46041 | E25: 一 | F25: =I25+M25 -> 2494015.7 | I25: 2317836.2 | J25: =I25/F25 -> 0.92935912 | L25: =K25/F25 -> 0 | M25: 176179.46 | N25: =M25/F25 -> 0.070640879
B26: 46050 | D26: 46042 | E26: 二 | F26: =I26+M26 -> 2998261.9 | G26: =SUM(F26:F32) -> 18269389 | I26: 2571737.2 | J26: =I26/F26 -> 0.85774269 | L26: =K26/F26 -> 0 | M26: 426524.69 | N26: =M26/F26 -> 0.14225731
D27: 46043 | E27: 三 | F27: =I27+M27 -> 2518253.1 | I27: 2204016.4 | J27: =I27/F27 -> 0.87521642 | L27: =K27/F27 -> 0 | M27: 314236.63 | N27: =M27/F27 -> 0.12478358
D28: 46044 | E28: 四 | F28: =I28+M28 -> 2624434.2 | I28: 2334346.2 | J28: =I28/F28 -> 0.88946647 | L28: =K28/F28 -> 0 | M28: 290087.96 | N28: =M28/F28 -> 0.11053353
D29: 46045 | E29: 五 | F29: =I29+M29 -> 2037145.7 | I29: 1848792.6 | J29: =I29/F29 -> 0.90754072 | L29: =K29/F29 -> 0 | M29: 188353.03 | N29: =M29/F29 -> 0.092459285
D30: 46046 | E30: 六 | F30: =I30+M30 -> 2368780.8 | I30: 2149544.8 | J30: =I30/F30 -> 0.90744774 | L30: =K30/F30 -> 0 | M30: 219236.01 | N30: =M30/F30 -> 0.092552256
D31: 46047 | E31: 日 | F31: =I31+M31 -> 2961303.2 | I31: 2644189.6 | J31: =I31/F31 -> 0.89291419 | L31: =K31/F31 -> 0 | M31: 317113.56 | N31: =M31/F31 -> 0.10708581
D32: 46048 | E32: 一 | F32: =I32+M32 -> 2761209.8 | I32: 2501915.3 | J32: =I32/F32 -> 0.90609388 | L32: =K32/F32 -> 0 | M32: 259294.49 | N32: =M32/F32 -> 0.093906118
B33: 46057 | D33: 46049 | E33: 二 | F33: =I33+M33 -> 2551423.9 | G33: =SUM(F33:F39) -> 12471964 | I33: 2314194.8 | J33: =I33/F33 -> 0.90702091 | L33: =K33/F33 -> 0 | M33: 237229.07 | N33: =M33/F33 -> 0.09297909
D34: 46050 | E34: 三 | F34: =I34+M34 -> 2542380.2 | I34: 2309341.5 | J34: =I34/F34 -> 0.90833834 | L34: =K34/F34 -> 0 | M34: 233038.8 | N34: =M34/F34 -> 0.091661662
D35: 46051 | E35: 四 | F35: =I35+M35 -> 2589823.7 | I35: 2365683.5 | J35: =I35/F35 -> 0.91345348 | L35: =K35/F35 -> 0 | M35: 224140.22 | N35: =M35/F35 -> 0.086546515
D36: 46052 | E36: 五 | F36: =I36+M36 -> 2295961.3 | I36: 2074512.9 | J36: =I36/F36 -> 0.90354873 | L36: =K36/F36 -> 0 | M36: 221448.39 | N36: =M36/F36 -> 0.096451274
D37: 46053 | E37: 六 | F37: =I37+M37 -> 2492374.6 | I37: 2290975.7 | J37: =I37/F37 -> 0.91919397 | L37: =K37/F37 -> 0 | M37: 201398.89 | N37: =M37/F37 -> 0.080806028
D38: 46054 | E38: 日 | F38: =I38+M38 -> 0 | J38: =I38/F38 -> #DIV/0! | N38: =M38/F38 -> #DIV/0!
D39: 46055 | E39: 一 | F39: =I39+M39 -> 0 | J39: =I39/F39 -> #DIV/0! | N39: =M39/F39 -> #DIV/0!

Sheet （４）訂單數量構成比
B2: （4）訂單數量構成比
B3: 資料繳交日 | C3: 月份 | D3: 日期 | F3: 訂單量 | I3: 品類訂單量
I4: 熱食義麵 | K4: 季節調理麵 | M4: 微波小吃
F5: 日 | G5: 週累積 | H5: 月累積 | I5: 一配 | K5: 一配 | M5: 一配
I6: 訂單數 | J6: 比例(%) | K6: 訂單數 | L6: 比例(%) | M6: 訂單數 | N6: 比例(%)
C7: 一 | D7: 46023 | E7: 四 | F7: =SUM(I7,K7,M7) -> 46936 | H7: =SUM(F7:F37) -> 1572945 | I7: 40568 | J7: =I7/F7 -> 0.86432589 | L7: =K7/F7 -> 0 | M7: 6368 | N7: =M7/F7 -> 0.13567411
D8: 46024 | E8: 五 | F8: =SUM(I8,K8,M8) -> 40942 | I8: 35709 | J8: =I8/F8 -> 0.87218504 | L8: =K8/F8 -> 0 | M8: 5233 | N8: =M8/F8 -> 0.12781496
D9: 46025 | E9: 六 | F9: =SUM(I9,K9,M9) -> 46190 | I9: 40068 | J9: =I9/F9 -> 0.86746049 | L9: =K9/F9 -> 0 | M9: 6122 | N9: =M9/F9 -> 0.13253951
D10: 46026 | E10: 日 | F10: =SUM(I10,K10,M10) -> 53732 | I10: 46794 | J10: =I10/F10 -> 0.87087769 | L10: =K10/F10 -> 0 | M10: 6938 | N10: =M10/F10 -> 0.12912231
D11: 46027 | E11: 一 | F11: =SUM(I11,K11,M11) -> 53395 | I11: 46199 | J11: =I11/F11 -> 0.86523083 | L11: =K11/F11 -> 0 | M11: 7196 | N11: =M11/F11 -> 0.13476917
B12: 46036 | D12: 46028 | E12: 二 | F12: =SUM(I12,K12,M12) -> 50902 | G12: =SUM(F12:F18) -> 340021 | I12: 43968 | J12: =I12/F12 -> 0.86377745 | L12: =K12/F12 -> 0 | M12: 6934 | N12: =M12/F12 -> 0.13622255
D13: 46029 | E13: 三 | F13: =SUM(I13,K13,M13) -> 50807 | I13: 43657 | J13: =I13/F13 -> 0.85927136 | L13: =K13/F13 -> 0 | M13: 7150 | N13: =M13/F13 -> 0.14072864
D14: 46030 | E14: 四 | F14: =SUM(I14,K14,M14) -> 46922 | I14: 40206 | J14: =I14/F14 -> 0.85686885 | L14: =K14/F14 -> 0 | M14: 6716 | N14: =M14/F14 -> 0.14313115
D15: 46031 | E15: 五 | F15: =SUM(I15,K15,M15) -> 40461 | I15: 34721 | J15: =I15/F15 -> 0.85813499 | L15: =K15/F15 -> 0 | M15: 5740 | N15: =M15/F15 -> 0.14186501
D16: 46032 | E16: 六 | F16: =SUM(I16,K16,M16) -> 44509 | I16: 38173 | J16: =I16/F16 -> 0.85764677 | L16: =K16/F16 -> 0 | M16: 6336 | N16: =M16/F16 -> 0.14235323
D17: 46033 | E17: 日 | F17: =SUM(I17,K17,M17) -> 53689 | I17: 46167 | J17: =I17/F17 -> 0.85989681 | L17: =K17/F17 -> 0 | M17: 7522 | N17: =M17/F17 -> 0.14010319
D18: 46034 | E18: 一 | F18: =SUM(I18,K18,M18) -> 52731 | I18: 45437 | J18: =I18/F18 -> 0.8616753 | L18: =K18/F18 -> 0 | M18: 7294 | N18: =M18/F18 -> 0.1383247
B19: 46043 | D19: 46035 | E19: 二 | F19: =SUM(I19,K19,M19) -> 52361 | G19: =SUM(F19:F25) -> 333826 | I19: 45139 | J19: =I19/F19 -> 0.86207292 | L19: =K19/F19 -> 0 | M19: 7222 | N19: =M19/F19 -> 0.13792708
D20: 46036 | E20: 三 | F20: =SUM(I20,K20,M20) -> 47532 | I20: 40806 | J20: =I20/F20 -> 0.85849533 | L20: =K20/F20 -> 0 | M20: 6726 | N20: =M20/F20 -> 0.14150467
D21: 46037 | E21: 四 | F21: =SUM(I21,K21,M21) -> 43661 | I21: 37017 | J21: =I21/F21 -> 0.84782758 | L21: =K21/F21 -> 0 | M21: 6644 | N21: =M21/F21 -> 0.15217242
D22: 46038 | E22: 五 | F22: =SUM(I22,K22,M22) -> 40479 | I22: 35165 | J22: =I22/F22 -> 0.86872205 | L22: =K22/F22 -> 0 | M22: 5314 | N22: =M22/F22 -> 0.13127795
D23: 46039 | E23: 六 | F23: =SUM(I23,K23,M23) -> 45067 | I23: 39118 | J23: =I23/F23 -> 0.86799654 | L23: =K23/F23 -> 0 | M23: 5949 | N23: =M23/F23 -> 0.13200346
D24: 46040 | E24: 日 | F24: =SUM(I24,K24,M24) -> 52042 | I24: 46266 | J24: =I24/F24 -> 0.88901272 | L24: =K24/F24 -> 0 | M24: 5776 | N24: =M24/F24 -> 0.11098728
D25: 46041 | E25: 一 | F25: =SUM(I25,K25,M25) -> 52684 | I25: 46277 | J25: =I25/F25 -> 0.87838813 | L25: =K25/F25 -> 0 | M25: 6407 | N25: =M25/F25 -> 0.12161187
B26: 46050 | D26: 46042 | E26: 二 | F26: =SUM(I26,K26,M26) -> 65681 | G26: =SUM(F26:F32) -> 392919 | I26: 50410 | J26: =I26/F26 -> 0.76749745 | L26: =K26/F26 -> 0 | M26: 15271 | N26: =M26/F26 -> 0.23250255
D27: 46043 | E27: 三 | F27: =SUM(I27,K27,M27) -> 54921 | I27: 43626 | J27: =I27/F27 -> 0.79434096 | L27: =K27/F27 -> 0 | M27: 11295 | N27: =M27/F27 -> 0.20565904
D28: 46044 | E28: 四 | F28: =SUM(I28,K28,M28) -> 56062 | I28: 45641 | J28: =I28/F28 -> 0.81411651 | L28: =K28/F28 -> 0 | M28: 10421 | N28: =M28/F28 -> 0.18588349
D29: 46045 | E29: 五 | F29: =SUM(I29,K29,M29) -> 43620 | I29: 36825 | J29: =I29/F29 -> 0.84422283 | L29: =K29/F29 -> 0 | M29: 6795 | N29: =M29/F29 -> 0.15577717
D30: 46046 | E30: 六 | F30: =SUM(I30,K30,M30) -> 50213 | I30: 42319 | J30: =I30/F30 -> 0.84278972 | L30: =K30/F30 -> 0 | M30: 7894 | N30: =M30/F30 -> 0.15721028
D31: 46047 | E31: 日 | F31: =SUM(I31,K31,M31) -> 63573 | I31: 52169 | J31: =I31/F31 -> 0.82061567 | L31: =K31/F31 -> 0 | M31: 11404 | N31: =M31/F31 -> 0.17938433
D32: 46048 | E32: 一 | F32: =SUM(I32,K32,M32) -> 58849 | I32: 49500 | J32: =I32/F32 -> 0.84113579 | L32: =K32/F32 -> 0 | M32: 9349 | N32: =M32/F32 -> 0.15886421
B33: 46057 | D33: 46049 | E33: 二 | F33: =SUM(I33,K33,M33) -> 54594 | G33: =SUM(F33:F39) -> 264984 | I33: 46035 | J33: =I33/F33 -> 0.84322453 | L33: =K33/F33 -> 0 | M33: 8559 | N33: =M33/F33 -> 0.15677547
D34: 46050 | E34: 三 | F34: =SUM(I34,K34,M34) -> 54168 | I34: 45768 | J34: =I34/F34 -> 0.84492689 | L34: =K34/F34 -> 0 | M34: 8400 | N34: =M34/F34 -> 0.15507311
D35: 46051 | E35: 四 | F35: =SUM(I35,K35,M35) -> 54574 | I35: 46495 | J35: =I35/F35 -> 0.85196247 | L35: =K35/F35 -> 0 | M35: 8079 | N35: =M35/F35 -> 0.14803753
D36: 46052 | E36: 五 | F36: =SUM(I36,K36,M36) -> 49058 | I36: 41087 | J36: =I36/F36 -> 0.83751886 | L36: =K36/F36 -> 0 | M36: 7971 | N36: =M36/F36 -> 0.16248114
D37: 46053 | E37: 六 | F37: =SUM(I37,K37,M37) -> 52590 | I37: 45324 | J37: =I37/F37 -> 0.86183685 | L37: =K37/F37 -> 0 | M37: 7266 | N37: =M37/F37 -> 0.13816315
D38: 46054 | E38: 日 | F38: =SUM(I38,K38,M38) -> 0 | J38: =I38/F38 -> #DIV/0! | N38: =M38/F38 -> #DIV/0!
D39: 46055 | E39: 一 | F39: =SUM(I39,K39,M39) -> 0 | J39: =I39/F39 -> #DIV/0! | N39: =M39/F39 -> #DIV/0!

Sheet （５-1）品群別人時生產性（熱食義麵）
B1: 月平均人時性 | C1: =AVERAGE(L7,L30,L53,L76,L99,L122) -> 98.714281
B2: 產線配置圖－每週更新 | N2: 資料繳交 | O2: 日期 | Z2: 46023 | AE2: 46024 | AJ2: 46025 | AO2: 46026 | AT2: 46027
P3: 二 | U3: 三 | Z3: 四 | AE3: 五 | AJ3: 六 | AO3: 日 | AT3: 一
B4: 品群 | C4: 商品名稱 | E4: 計畫 | H4: 平均人時性 | I4: 實績 | L4: 平均人時性 | M4: 排名 | O4: 日報 | P4: 實際 | T4: 平均人時性 | U4: 實際 | Y4: 平均人時性 | Z4: 實際 | AD4: 平均人時性 | AE4: 實際 | AI4: 平均人時性 | AJ4: 實際 | AN4: 平均人時性 | AO4: 實際 | AS4: 平均人時性 | AT4: 實際 | AX4: 平均人時性
E5: 產線配置圖 | I5: 產線配置圖 | P5: 生產實績 | U5: 生產實績 | Z5: 生產實績 | AE5: 生產實績 | AJ5: 生產實績 | AO5: 生產實績 | AT5: 生產實績
E6: 人數 | F6: 產能／時 | G6: 人時性 | I6: 人數 | J6: 產能／時 | K6: 人時性 | P6: 人數 | Q6: 產能／時 | R6: 人時性 | S6: 排名 | U6: 人數 | V6: 產能／時 | W6: 人時性 | X6: 排名 | Z6: 人數 | AA6: 產能／時 | AB6: 人時性 | AC6: 排名 | AE6: 人數 | AF6: 產能／時 | AG6: 人時性 | AH6: 排名 | AJ6: 人數 | AK6: 產能／時 | AL6: 人時性 | AM6: 排名 | AO6: 人數 | AP6: 產能／時 | AQ6: 人時性 | AR6: 排名 | AT6: 人數 | AU6: 產能／時 | AV6: 人時性 | AW6: 排名
B7: 熱食義麵 | C7: 1 | D7: 義式蕃茄起司義大利麵 | E7: =VLOOKUP(D7,'12產線配置圖 (2)'!$A$2:$C$25,2,0) -> 12 | F7: =VLOOKUP(D7,'12產線配置圖 (2)'!$A$2:$C$25,3,0) -> 2000 | G7: =F7/E7 -> 166.66667 | H7: =AVERAGE(G7:G24) -> 108.17676 | I7: =AVERAGE(P7,U7,Z7,AE7,AJ7,AO7,AT7) -> 12 | J7: =AVERAGE(Q7,V7,AA7,AF7,AK7,AP7,AU7) -> 1764.4 | K7: =AVERAGE(AB7,AG7,AL7,AQ7,AV7) -> 147.03333 | L7: =IFERROR(AVERAGE(K7:K24),"-") -> 94.972233 | M7: =RANK(K7,$K$7:$K$22) -> 1 | R7: =Q7/P7 -> #DIV/0! | S7: =RANK(R7,R$7:R$22) -> #DIV/0! | T7: =AVERAGE(R7:R24) -> #DIV/0! | W7: =V7/U7 -> #DIV/0! | X7: =RANK(W7,W$7:W$22) -> #DIV/0! | Y7: =AVERAGE(W7:W24) -> #DIV/0! | Z7: 12 | AA7: 1577 | AB7: =AA7/Z7 -> 131.41667 | AC7: =RANK(AB7,AB$7:AB$22) -> 3 | AD7: =AVERAGE(AB7:AB24) -> 95.058132 | AE7: 12 | AF7: 1604 | AG7: =AF7/AE7 -> 133.66667 | AH7: =RANK(AG7,AG$7:AG$22) -> 3 | AI7: =AVERAGE(AG7:AG24) -> 91.564589 | AJ7: 12 | AK7: 1881 | AL7: =AK7/AJ7 -> 156.75 | AM7: =RANK(AL7,AL$7:AL$22) -> 1 | AN7: =AVERAGE(AL7:AL24) -> 95.613343 | AO7: 12 | AP7: 1873 | AQ7: =AP7/AO7 -> 156.08333 | AR7: =RANK(AQ7,AQ$7:AQ$22) -> 1 | AS7: =AVERAGE(AQ7:AQ24) -> 92.271357 | AT7: 12 | AU7: 1887 | AV7: =AU7/AT7 -> 157.25 | AW7: =RANK(AV7,AV$7:AV$22) -> 1 | AX7: =AVERAGE(AV7:AV24) -> 100.35374
C8: 2 | D8: 奶油培根義大利麵 | E8: =VLOOKUP(D8,'12產線配置圖 (2)'!$A$2:$C$25,2,0) -> 14 | F8: =VLOOKUP(D8,'12產線配置圖 (2)'!$A$2:$C$25,3,0) -> 2000 | G8: =F8/E8 -> 142.85714 | I8: =AVERAGE(P8,U8,Z8,AE8,AJ8,AO8,AT8) -> 13 | J8: =AVERAGE(Q8,V8,AA8,AF8,AK8,AP8,AU8) -> 1766.2 | K8: =AVERAGE(AB8,AG8,AL8,AQ8,AV8) -> 135.86154 | M8: =RANK(K8,$K$7:$K$22) -> 3 | R8: =Q8/P8 -> #DIV/0! | S8: =RANK(R8,R$7:R$22) -> #DIV/0! | W8: =V8/U8 -> #DIV/0! | X8: =RANK(W8,W$7:W$22) -> #DIV/0! | Z8: 13 | AA8: 1592 | AB8: =AA8/Z8 -> 122.46154 | AC8: =RANK(AB8,AB$7:AB$22) -> 4 | AE8: 13 | AF8: 1786 | AG8: =AF8/AE8 -> 137.38462 | AH8: =RANK(AG8,AG$7:AG$22) -> 2 | AJ8: 13 | AK8: 1813 | AL8: =AK8/AJ8 -> 139.46154 | AM8: =RANK(AL8,AL$7:AL$22) -> 4 | AO8: 13 | AP8: 1852 | AQ8: =AP8/AO8 -> 142.46154 | AR8: =RANK(AQ8,AQ$7:AQ$22) -> 3 | AT8: 13 | AU8: 1788 | AV8: =AU8/AT8 -> 137.53846 | AW8: =RANK(AV8,AV$7:AV$22) -> 4
C9: 3 | D9: 青醬蛤蜊義大利麵 | E9: =VLOOKUP(D9,'12產線配置圖 (2)'!$A$2:$C$25,2,0) -> 13 | F9: =VLOOKUP(D9,'12產線配置圖 (2)'!$A$2:$C$25,3,0) -> 2000 | G9: =F9/E9 -> 153.84615 | I9: =AVERAGE(P9,U9,Z9,AE9,AJ9,AO9,AT9) -> 13 | J9: =AVERAGE(Q9,V9,AA9,AF9,AK9,AP9,AU9) -> 1841 | K9: =AVERAGE(AB9,AG9,AL9,AQ9,AV9) -> 141.61538 | M9: =RANK(K9,$K$7:$K$22) -> 2 | R9: =Q9/P9 -> #DIV/0! | S9: =RANK(R9,R$7:R$22) -> #DIV/0! | W9: =V9/U9 -> #DIV/0! | X9: =RANK(W9,W$7:W$22) -> #DIV/0! | Z9: 13 | AA9: 1991 | AB9: =AA9/Z9 -> 153.15385 | AC9: =RANK(AB9,AB$7:AB$22) -> 1 | AE9: 13 | AF9: 1485 | AG9: =AF9/AE9 -> 114.23077 | AH9: =RANK(AG9,AG$7:AG$22) -> 4 | AJ9: 13 | AK9: 1983 | AL9: =AK9/AJ9 -> 152.53846 | AM9: =RANK(AL9,AL$7:AL$22) -> 3 | AO9: 13 | AP9: 1860 | AQ9: =AP9/AO9 -> 143.07692 | AR9: =RANK(AQ9,AQ$7:AQ$22) -> 2 | AT9: 13 | AU9: 1886 | AV9: =AU9/AT9 -> 145.07692 | AW9: =RANK(AV9,AV$7:AV$22) -> 3
C10: 4 | D10: 焗烤起司雙饗筆尖麵 | E10: =VLOOKUP(D10,'12產線配置圖 (2)'!$A$2:$C$25,2,0) -> 18 | F10: =VLOOKUP(D10,'12產線配置圖 (2)'!$A$2:$C$25,3,0) -> 1600 | G10: =F10/E10 -> 88.888889 | I10: =AVERAGE(P10,U10,Z10,AE10,AJ10,AO10,AT10) -> 17.2 | J10: =AVERAGE(Q10,V10,AA10,AF10,AK10,AP10,AU10) -> 1449.4 | K10: =AVERAGE(AB10,AG10,AL10,AQ10,AV10) -> 84.187663 | M10: =RANK(K10,$K$7:$K$22) -> 9 | R10: =Q10/P10 -> #DIV/0! | S10: =RANK(R10,R$7:R$22) -> #DIV/0! | W10: =V10/U10 -> #DIV/0! | X10: =RANK(W10,W$7:W$22) -> #DIV/0! | Z10: 17 | AA10: 1403 | AB10: =AA10/Z10 -> 82.529412 | AC10: =RANK(AB10,AB$7:AB$22) -> 9 | AE10: 16 | AF10: 1329 | AG10: =AF10/AE10 -> 83.0625 | AH10: =RANK(AG10,AG$7:AG$22) -> 9 | AJ10: 17 | AK10: 1381 | AL10: =AK10/AJ10 -> 81.235294 | AM10: =RANK(AL10,AL$7:AL$22) -> 8 | AO10: 18 | AP10: 1556 | AQ10: =AP10/AO10 -> 86.444444 | AR10: =RANK(AQ10,AQ$7:AQ$22) -> 8 | AT10: 18 | AU10: 1578 | AV10: =AU10/AT10 -> 87.666667 | AW10: =RANK(AV10,AV$7:AV$22) -> 8
C11: 5 | D11: 白酒蛤蜊義大利麵 | E11: =VLOOKUP(D11,'12產線配置圖 (2)'!$A$2:$C$25,2,0) -> 13 | F11: =VLOOKUP(D11,'12產線配置圖 (2)'!$A$2:$C$25,3,0) -> 2105 | G11: =F11/E11 -> 161.92308 | I11: =AVERAGE(P11,U11,Z11,AE11,AJ11,AO11,AT11) -> 13.6 | J11: =AVERAGE(Q11,V11,AA11,AF11,AK11,AP11,AU11) -> 1782.6 | K11: =AVERAGE(AB11,AG11,AL11,AQ11,AV11) -> 130.40549 | M11: =RANK(K11,$K$7:$K$22) -> 4 | R11: =Q11/P11 -> #DIV/0! | S11: =RANK(R11,R$7:R$22) -> #DIV/0! | W11: =V11/U11 -> #DIV/0! | X11: =RANK(W11,W$7:W$22) -> #DIV/0! | Z11: 14 | AA11: 1937 | AB11: =AA11/Z11 -> 138.35714 | AC11: =RANK(AB11,AB$7:AB$22) -> 2 | AE11: 14 | AF11: 2008 | AG11: =AF11/AE11 -> 143.42857 | AH11: =RANK(AG11,AG$7:AG$22) -> 1 | AJ11: 14 | AK11: 2168 | AL11: =AK11/AJ11 -> 154.85714 | AM11: =RANK(AL11,AL$7:AL$22) -> 2 | AO11: 13 | AP11: 838 | AQ11: =AP11/AO11 -> 64.461538 | AR11: =RANK(AQ11,AQ$7:AQ$22) -> 15 | AT11: 13 | AU11: 1962 | AV11: =AU11/AT11 -> 150.92308 | AW11: =RANK(AV11,AV$7:AV$22) -> 2
C12: 6 | D12: 韓式起司炸雞義大利麵 | E12: =VLOOKUP(D12,'12產線配置圖 (2)'!$A$2:$C$25,2,0) -> 17 | F12: =VLOOKUP(D12,'12產線配置圖 (2)'!$A$2:$C$25,3,0) -> 2000 | G12: =F12/E12 -> 117.64706 | I12: =AVERAGE(P12,U12,Z12,AE12,AJ12,AO12,AT12) -> 16.6 | J12: =AVERAGE(Q12,V12,AA12,AF12,AK12,AP12,AU12) -> 1661.8 | K12: =AVERAGE(AB12,AG12,AL12,AQ12,AV12) -> 99.825098 | M12: =RANK(K12,$K$7:$K$22) -> 5 | R12: =Q12/P12 -> #DIV/0! | S12: =RANK(R12,R$7:R$22) -> #DIV/0! | W12: =V12/U12 -> #DIV/0! | X12: =RANK(W12,W$7:W$22) -> #DIV/0! | Z12: 17 | AA12: 1868 | AB12: =AA12/Z12 -> 109.88235 | AC12: =RANK(AB12,AB$7:AB$22) -> 5 | AE12: 15 | AF12: 1321 | AG12: =AF12/AE12 -> 88.066667 | AH12: =RANK(AG12,AG$7:AG$22) -> 5 | AJ12: 17 | AK12: 1715 | AL12: =AK12/AJ12 -> 100.88235 | AM12: =RANK(AL12,AL$7:AL$22) -> 5 | AO12: 17 | AP12: 1540 | AQ12: =AP12/AO12 -> 90.588235 | AR12: =RANK(AQ12,AQ$7:AQ$22) -> 6 | AT12: 17 | AU12: 1865 | AV12: =AU12/AT12 -> 109.70588 | AW12: =RANK(AV12,AV$7:AV$22) -> 5
C13: 7 | D13: 焗烤明太子筆尖麵 | E13: =VLOOKUP(D13,'12產線配置圖 (2)'!$A$2:$C$25,2,0) -> 16 | F13: =VLOOKUP(D13,'12產線配置圖 (2)'!$A$2:$C$25,3,0) -> 1385 | G13: =F13/E13 -> 86.5625 | I13: =AVERAGE(P13,U12,Z13,AE13,AJ13,AO13,AT13) -> 14.4 | J13: =AVERAGE(Q13,V13,AA13,AF13,AK13,AP13,AU13) -> 1144.2 | K13: =AVERAGE(AB13,AG13,AL13,AQ13,AV13) -> 79.510476 | M13: =RANK(K13,$K$7:$K$22) -> 10 | R13: =Q13/P13 -> #DIV/0! | S13: =RANK(R13,R$7:R$22) -> #DIV/0! | W13: =V13/U12 -> #DIV/0! | X13: =RANK(W13,W$7:W$22) -> #DIV/0! | Z13: 14 | AA13: 1150 | AB13: =AA13/Z13 -> 82.142857 | AC13: =RANK(AB13,AB$7:AB$22) -> 10 | AE13: 15 | AF13: 1122 | AG13: =AF13/AE13 -> 74.8 | AH13: =RANK(AG13,AG$7:AG$22) -> 13 | AJ13: 14 | AK13: 1084 | AL13: =AK13/AJ13 -> 77.428571 | AM13: =RANK(AL13,AL$7:AL$22) -> 10 | AO13: 14 | AP13: 1158 | AQ13: =AP13/AO13 -> 82.714286 | AR13: =RANK(AQ13,AQ$7:AQ$22) -> 9 | AT13: 15 | AU13: 1207 | AV13: =AU13/AT13 -> 80.466667 | AW13: =RANK(AV13,AV$7:AV$22) -> 12
C14: 8 | D14: 奶油蒜香雞義大利麵 | E14: =VLOOKUP(D14,'12產線配置圖 (2)'!$A$2:$C$25,2,0) -> 17 | F14: =VLOOKUP(D14,'12產線配置圖 (2)'!$A$2:$C$25,3,0) -> 1385 | G14: =F14/E14 -> 81.470588 | I14: =AVERAGE(P14,U14,Z14,AE14,AJ14,AO14,AT14) -> 16.4 | J14: =AVERAGE(Q14,V14,AA14,AF14,AK14,AP14,AU14) -> 1180 | K14: =AVERAGE(AB14,AG14,AL14,AQ14,AV14) -> 71.844444 | M14: =RANK(K14,$K$7:$K$22) -> 14 | R14: =Q14/P14 -> #DIV/0! | S14: =RANK(R14,R$7:R$22) -> #DIV/0! | W14: =V14/U14 -> #DIV/0! | X14: =RANK(W14,W$7:W$22) -> #DIV/0! | Z14: 18 | AA14: 1360 | AB14: =AA14/Z14 -> 75.555556 | AC14: =RANK(AB14,AB$7:AB$22) -> 13 | AE14: 15 | AF14: 973 | AG14: =AF14/AE14 -> 64.866667 | AH14: =RANK(AG14,AG$7:AG$22) -> 15 | AJ14: 15 | AK14: 1127 | AL14: =AK14/AJ14 -> 75.133333 | AM14: =RANK(AL14,AL$7:AL$22) -> 11 | AO14: 18 | AP14: 1272 | AQ14: =AP14/AO14 -> 70.666667 | AR14: =RANK(AQ14,AQ$7:AQ$22) -> 12 | AT14: 16 | AU14: 1168 | AV14: =AU14/AT14 -> 73 | AW14: =RANK(AV14,AV$7:AV$22) -> 15
C15: 9 | D15: 青花椒麻雞肉拌麵 | E15: =VLOOKUP(D15,'12產線配置圖 (2)'!$A$2:$C$25,2,0) -> 17 | F15: =VLOOKUP(D15,'12產線配置圖 (2)'!$A$2:$C$25,3,0) -> 1565 | G15: =F15/E15 -> 92.058824 | I15: =AVERAGE(P15,U15,Z15,AE15,AJ15,AO15,AT15) -> 16.6 | J15: =AVERAGE(Q15,V15,AA15,AF15,AK15,AP15,AU15) -> 1441.8 | K15: =AVERAGE(AB15,AG15,AL15,AQ15,AV15) -> 86.788235 | M15: =RANK(K15,$K$7:$K$22) -> 7 | R15: =Q15/P15 -> #DIV/0! | S15: =RANK(R15,R$7:R$22) -> #DIV/0! | W15: =V15/U15 -> #DIV/0! | X15: =RANK(W15,W$7:W$22) -> #DIV/0! | Z15: 17 | AA15: 1421 | AB15: =AA15/Z15 -> 83.588235 | AC15: =RANK(AB15,AB$7:AB$22) -> 8 | AE15: 16 | AF15: 1386 | AG15: =AF15/AE15 -> 86.625 | AH15: =RANK(AG15,AG$7:AG$22) -> 7 | AJ15: 16 | AK15: 1302 | AL15: =AK15/AJ15 -> 81.375 | AM15: =RANK(AL15,AL$7:AL$22) -> 7 | AO15: 17 | AP15: 1536 | AQ15: =AP15/AO15 -> 90.352941 | AR15: =RANK(AQ15,AQ$7:AQ$22) -> 7 | AT15: 17 | AU15: 1564 | AV15: =AU15/AT15 -> 92 | AW15: =RANK(AV15,AV$7:AV$22) -> 7
C16: 10 | D16: 剝皮辣椒雞奶油扁麵 | E16: =VLOOKUP(D16,'12產線配置圖 (2)'!$A$2:$C$25,2,0) -> 18 | F16: =VLOOKUP(D16,'12產線配置圖 (2)'!$A$2:$C$25,3,0) -> 1565 | G16: =F16/E16 -> 86.944444 | I16: =AVERAGE(P16,U16,Z16,AE16,AJ16,AO16,AT16) -> 17.6 | J16: =AVERAGE(Q16,V16,AA16,AF16,AK16,AP16,AU16) -> 1337.8 | K16: =AVERAGE(AB16,AG16,AL16,AQ16,AV16) -> 75.815364 | M16: =RANK(K16,$K$7:$K$22) -> 12 | R16: =Q16/P16 -> #DIV/0! | S16: =RANK(R16,R$7:R$22) -> #DIV/0! | W16: =V16/U16 -> #DIV/0! | X16: =RANK(W16,W$7:W$22) -> #DIV/0! | Z16: 17 | AA16: 1200 | AB16: =AA16/Z16 -> 70.588235 | AC16: =RANK(AB16,AB$7:AB$22) -> 14 | AE16: 17 | AF16: 1381 | AG16: =AF16/AE16 -> 81.235294 | AH16: =RANK(AG16,AG$7:AG$22) -> 10 | AJ16: 16 | AK16: 1119 | AL16: =AK16/AJ16 -> 69.9375 | AM16: =RANK(AL16,AL$7:AL$22) -> 13 | AO16: 19 | AP16: 1424 | AQ16: =AP16/AO16 -> 74.947368 | AR16: =RANK(AQ16,AQ$7:AQ$22) -> 11 | AT16: 19 | AU16: 1565 | AV16: =AU16/AT16 -> 82.368421 | AW16: =RANK(AV16,AV$7:AV$22) -> 11
C17: 11 | D17: 濃拿坡里義大利麵 | E17: =VLOOKUP(D17,'12產線配置圖 (2)'!$A$2:$C$25,2,0) -> 16 | F17: =VLOOKUP(D17,'12產線配置圖 (2)'!$A$2:$C$25,3,0) -> 1406 | G17: =F17/E17 -> 87.875 | I17: =AVERAGE(P17,U17,Z17,AE17,AJ17,AO17,AT17) -> 14.4 | J17: =AVERAGE(Q17,V17,AA17,AF17,AK17,AP17,AU17) -> 936.4 | K17: =AVERAGE(AB17,AG17,AL17,AQ17,AV17) -> 65.12381 | M17: =RANK(K17,$K$7:$K$22) -> 16 | R17: =Q17/P17 -> #DIV/0! | S17: =RANK(R17,R$7:R$22) -> #DIV/0! | W17: =V17/U17 -> #DIV/0! | X17: =RANK(W17,W$7:W$22) -> #DIV/0! | Z17: 14 | AA17: 839 | AB17: =AA17/Z17 -> 59.928571 | AC17: =RANK(AB17,AB$7:AB$22) -> 16 | AE17: 14 | AF17: 958 | AG17: =AF17/AE17 -> 68.428571 | AH17: =RANK(AG17,AG$7:AG$22) -> 14 | AJ17: 14 | AK17: 1035 | AL17: =AK17/AJ17 -> 73.928571 | AM17: =RANK(AL17,AL$7:AL$22) -> 12 | AO17: 15 | AP17: 942 | AQ17: =AP17/AO17 -> 62.8 | AR17: =RANK(AQ17,AQ$7:AQ$22) -> 16 | AT17: 15 | AU17: 908 | AV17: =AU17/AT17 -> 60.533333 | AW17: =RANK(AV17,AV$7:AV$22) -> 16
C18: 12 | D18: 奶油起司蝦仁通心粉 | E18: =VLOOKUP(D18,'12產線配置圖 (2)'!$A$2:$C$25,2,0) -> 14 | F18: =VLOOKUP(D18,'12產線配置圖 (2)'!$A$2:$C$25,3,0) -> 1440 | G18: =F18/E18 -> 102.85714 | I18: =AVERAGE(P18,U18,Z18,AE18,AJ18,AO18,AT18) -> 14.8 | J18: =AVERAGE(Q18,V18,AA18,AF18,AK18,AP18,AU18) -> 1396.2 | K18: =AVERAGE(AB18,AG18,AL18,AQ18,AV18) -> 94.248571 | M18: =RANK(K18,$K$7:$K$22) -> 6 | R18: =Q18/P18 -> #DIV/0! | S18: =RANK(R18,R$7:R$22) -> #DIV/0! | W18: =V18/U18 -> #DIV/0! | X18: =RANK(W18,W$7:W$22) -> #DIV/0! | Z18: 15 | AA18: 1490 | AB18: =AA18/Z18 -> 99.333333 | AC18: =RANK(AB18,AB$7:AB$22) -> 6 | AE18: 14 | AF18: 1227 | AG18: =AF18/AE18 -> 87.642857 | AH18: =RANK(AG18,AG$7:AG$22) -> 6 | AJ18: 15 | AK18: 1353 | AL18: =AK18/AJ18 -> 90.2 | AM18: =RANK(AL18,AL$7:AL$22) -> 6 | AO18: 15 | AP18: 1414 | AQ18: =AP18/AO18 -> 94.266667 | AR18: =RANK(AQ18,AQ$7:AQ$22) -> 4 | AT18: 15 | AU18: 1497 | AV18: =AU18/AT18 -> 99.8 | AW18: =RANK(AV18,AV$7:AV$22) -> 6
C19: 13 | D19: 惡魔乳酪生義大利麵 | E19: =VLOOKUP(D19,'12產線配置圖 (2)'!$A$2:$C$25,2,0) -> 17 | F19: =VLOOKUP(D19,'12產線配置圖 (2)'!$A$2:$C$25,3,0) -> 1500 | G19: =F19/E19 -> 88.235294 | I19: =AVERAGE(P19,U19,Z19,AE19,AJ19,AO19,AT19) -> 14.4 | J19: =AVERAGE(Q19,V19,AA19,AF19,AK19,AP19,AU19) -> 1241.6 | K19: =AVERAGE(AB19,AG19,AL19,AQ19,AV19) -> 86.111429 | M19: =RANK(K19,$K$7:$K$22) -> 8 | R19: =Q19/P19 -> #DIV/0! | S19: =RANK(R19,R$7:R$22) -> #DIV/0! | W19: =V19/U19 -> #DIV/0! | X19: =RANK(W19,W$7:W$22) -> #DIV/0! | Z19: 14 | AA19: 1202 | AB19: =AA19/Z19 -> 85.857143 | AC19: =RANK(AB19,AB$7:AB$22) -> 7 | AE19: 14 | AF19: 1210 | AG19: =AF19/AE19 -> 86.428571 | AH19: =RANK(AG19,AG$7:AG$22) -> 8 | AJ19: 14 | AK19: 1093 | AL19: =AK19/AJ19 -> 78.071429 | AM19: =RANK(AL19,AL$7:AL$22) -> 9 | AO19: 15 | AP19: 1408 | AQ19: =AP19/AO19 -> 93.866667 | AR19: =RANK(AQ19,AQ$7:AQ$22) -> 5 | AT19: 15 | AU19: 1295 | AV19: =AU19/AT19 -> 86.333333 | AW19: =RANK(AV19,AV$7:AV$22) -> 10
C20: 14 | D20: 沙茶豬肉炒麵 | E20: =VLOOKUP(D20,'12產線配置圖 (2)'!$A$2:$C$25,2,0) -> 17 | F20: =VLOOKUP(D20,'12產線配置圖 (2)'!$A$2:$C$25,3,0) -> 1440 | G20: =F20/E20 -> 84.705882 | I20: =AVERAGE(P20,U20,Z20,AE20,AJ20,AO20,AT20) -> 15.4 | J20: =AVERAGE(Q20,V20,AA20,AF20,AK20,AP20,AU20) -> 1130.6 | K20: =AVERAGE(AB20,AG20,AL20,AQ20,AV20) -> 73.460635 | M20: =RANK(K20,$K$7:$K$22) -> 13 | R20: =Q20/P20 -> #DIV/0! | S20: =RANK(R20,R$7:R$22) -> #DIV/0! | W20: =V20/U20 -> #DIV/0! | X20: =RANK(W20,W$7:W$22) -> #DIV/0! | Z20: 15 | AA20: 1137 | AB20: =AA20/Z20 -> 75.8 | AC20: =RANK(AB20,AB$7:AB$22) -> 12 | AE20: 15 | AF20: 1135 | AG20: =AF20/AE20 -> 75.666667 | AH20: =RANK(AG20,AG$7:AG$22) -> 12 | AJ20: 14 | AK20: 955 | AL20: =AK20/AJ20 -> 68.214286 | AM20: =RANK(AL20,AL$7:AL$22) -> 14 | AO20: 18 | AP20: 1270 | AQ20: =AP20/AO20 -> 70.555556 | AR20: =RANK(AQ20,AQ$7:AQ$22) -> 14 | AT20: 15 | AU20: 1156 | AV20: =AU20/AT20 -> 77.066667 | AW20: =RANK(AV20,AV$7:AV$22) -> 14
C21: 15 | D21: 府城鹽水意麵 | E21: =VLOOKUP(D21,'12產線配置圖 (2)'!$A$2:$C$25,2,0) -> 19 | F21: =VLOOKUP(D21,'12產線配置圖 (2)'!$A$2:$C$25,3,0) -> 1440 | G21: =F21/E21 -> 75.789474 | I21: =AVERAGE(P21,U21,Z21,AE21,AJ21,AO21,AT21) -> 16.4 | J21: =AVERAGE(Q21,V21,AA21,AF21,AK21,AP21,AU21) -> 1150.6 | K21: =AVERAGE(AB21,AG21,AL21,AQ21,AV21) -> 69.986879 | M21: =RANK(K21,$K$7:$K$22) -> 15 | R21: =Q21/P21 -> #DIV/0! | S21: =RANK(R21,R$7:R$22) -> #DIV/0! | W21: =V21/U21 -> #DIV/0! | X21: =RANK(W21,W$7:W$22) -> #DIV/0! | Z21: 16 | AA21: 1121 | AB21: =AA21/Z21 -> 70.0625 | AC21: =RANK(AB21,AB$7:AB$22) -> 15 | AE21: 16 | AF21: 1016 | AG21: =AF21/AE21 -> 63.5 | AH21: =RANK(AG21,AG$7:AG$22) -> 16 | AJ21: 15 | AK21: 997 | AL21: =AK21/AJ21 -> 66.466667 | AM21: =RANK(AL21,AL$7:AL$22) -> 15 | AO21: 18 | AP21: 1271 | AQ21: =AP21/AO21 -> 70.611111 | AR21: =RANK(AQ21,AQ$7:AQ$22) -> 13 | AT21: 17 | AU21: 1348 | AV21: =AU21/AT21 -> 79.294118 | AW21: =RANK(AV21,AV$7:AV$22) -> 13
C22: 16 | D22: 焗烤起司肉醬筆尖麵 | E22: =VLOOKUP(D22,'12產線配置圖 (2)'!$A$2:$C$25,2,0) -> 10 | F22: =VLOOKUP(D22,'12產線配置圖 (2)'!$A$2:$C$25,3,0) -> 1125 | G22: =F22/E22 -> 112.5 | I22: =AVERAGE(P22,U22,Z22,AE22,AJ22,AO22,AT22) -> 10.8 | J22: =AVERAGE(Q22,V22,AA22,AF22,AK22,AP22,AU22) -> 834.8 | K22: =AVERAGE(AB22,AG22,AL22,AQ22,AV22) -> 77.737374 | M22: =RANK(K22,$K$7:$K$22) -> 11 | R22: =Q22/P22 -> #DIV/0! | S22: =RANK(R22,R$7:R$22) -> #DIV/0! | W22: =V22/U22 -> #DIV/0! | X22: =RANK(W22,W$7:W$22) -> #DIV/0! | Z22: 11 | AA22: 883 | AB22: =AA22/Z22 -> 80.272727 | AC22: =RANK(AB22,AB$7:AB$22) -> 11 | AE22: 11 | AF22: 836 | AG22: =AF22/AE22 -> 76 | AH22: =RANK(AG22,AG$7:AG$22) -> 11 | AJ22: 12 | AK22: 760 | AL22: =AK22/AJ22 -> 63.333333 | AM22: =RANK(AL22,AL$7:AL$22) -> 16 | AO22: 9 | AP22: 742 | AQ22: =AP22/AO22 -> 82.444444 | AR22: =RANK(AQ22,AQ$7:AQ$22) -> 10 | AT22: 11 | AU22: 953 | AV22: =AU22/AT22 -> 86.636364 | AW22: =RANK(AV22,AV$7:AV$22) -> 9
C23: 17
C24: 18
B25: 產線配置圖－每週更新 | N25: 資料繳交 | O25: 日期 | P25: 46028 | U25: 46029 | Z25: 46030 | AE25: 46031 | AJ25: 46032 | AO25: 46033 | AT25: 46034
P26: 二 | U26: 三 | Z26: 四 | AE26: 五 | AJ26: 六 | AO26: 日 | AT26: 一
B27: 品群 | C27: 商品名稱 | E27: 計畫 | H27: 平均人時性 | I27: 實績 | L27: 平均人時性 | M27: 排名 | O27: 日報 | P27: 實際 | T27: 平均人時性 | U27: 實際 | Y27: 平均人時性 | Z27: 實際 | AD27: 平均人時性 | AE27: 實際 | AI27: 平均人時性 | AJ27: 實際 | AN27: 平均人時性 | AO27: 實際 | AS27: 平均人時性 | AT27: 實際 | AX27: 平均人時性
E28: 產線配置圖 | I28: 產線配置圖 | P28: 生產實績 | U28: 生產實績 | Z28: 生產實績 | AE28: 生產實績 | AJ28: 生產實績 | AO28: 生產實績 | AT28: 生產實績
E29: 人數 | F29: 產能／時 | G29: 人時性 | I29: 人數 | J29: 產能／時 | K29: 人時性 | P29: 人數 | Q29: 產能／時 | R29: 人時性 | S29: 排名 | U29: 人數 | V29: 產能／時 | W29: 人時性 | X29: 排名 | Z29: 人數 | AA29: 產能／時 | AB29: 人時性 | AC29: 排名 | AE29: 人數 | AF29: 產能／時 | AG29: 人時性 | AH29: 排名 | AJ29: 人數 | AK29: 產能／時 | AL29: 人時性 | AM29: 排名 | AO29: 人數 | AP29: 產能／時 | AQ29: 人時性 | AR29: 排名 | AT29: 人數 | AU29: 產能／時 | AV29: 人時性 | AW29: 排名
B30: 熱食義麵 | C30: 1 | D30: 義式蕃茄起司義大利麵 | E30: =VLOOKUP(D30,'12產線配置圖 (2)'!$A$2:$C$25,2,0) -> 12 | F30: =VLOOKUP(D30,'12產線配置圖 (2)'!$A$2:$C$25,3,0) -> 2000 | G30: =F30/E30 -> 166.66667 | H30: =AVERAGE(G30:G47) -> 108.17676 | I30: =AVERAGE(P30,U30,Z30,AE30,AJ30,AO30,AT30) -> 12 | J30: =AVERAGE(Q30,V30,AA30,AF30,AK30,AP30,AU30) -> 1787 | K30: =AVERAGE(R30,W30,AB30,AG30,AL30,AQ30,AV30) -> 148.91667 | L30: =IFERROR(AVERAGE(K30:K47),"-") -> 96.533083 | M30: =RANK(K30, K$30:$K$47) -> 1 | P30: 12 | Q30: 1843 | R30: =Q30/P30 -> 153.58333 | S30: =RANK(R30,$R$30:$R$47) -> 1 | T30: =AVERAGE(R30:R47) -> 99.172443 | U30: 12 | V30: 1808 | W30: =V30/U30 -> 150.66667 | X30: =RANK(W30, $W$30:$W$47) -> 1 | Y30: =AVERAGE(W30:W47) -> 96.140258 | Z30: 12 | AA30: 1707 | AB30: =AA30/Z30 -> 142.25 | AC30: =RANK(AB30, $AB$30:$AB$47) -> 1 | AD30: =AVERAGE(AB30:AB47) -> 90.651539 | AE30: 12 | AF30: 1439 | AG30: =AF30/AE30 -> 119.91667 | AH30: =RANK(AG30, $AG$30:$AG$47) -> 3 | AI30: =AVERAGE(AG30:AG47) -> 90.796712 | AJ30: 12 | AK30: 1831 | AL30: =AK30/AJ30 -> 152.58333 | AM30: =RANK(AL30, $AL$30:$AL$47) -> 1 | AN30: =AVERAGE(AL30:AL47) -> 100.26519 | AO30: 12 | AP30: 1955 | AQ30: =AP30/AO30 -> 162.91667 | AR30: =RANK(AQ30,$AQ$30:$AQ$47) -> 1 | AS30: =AVERAGE(AQ30:AQ47) -> 100.39555 | AT30: 12 | AU30: 1926 | AV30: =AU30/AT30 -> 160.5 | AW30: =RANK(AV30, $AV$30:$AV$47) -> 1 | AX30: =AVERAGE(AV30:AV47) -> 98.309896
C31: 2 | D31: 奶油培根義大利麵 | E31: =VLOOKUP(D31,'12產線配置圖 (2)'!$A$2:$C$25,2,0) -> 14 | F31: =VLOOKUP(D31,'12產線配置圖 (2)'!$A$2:$C$25,3,0) -> 2000 | G31: =F31/E31 -> 142.85714 | I31: =AVERAGE(P31,U31,Z31,AE31,AJ31,AO31,AT31) -> 14 | J31: =AVERAGE(Q31,V31,AA31,AF31,AK31,AP31,AU31) -> 1824.4286 | K31: =AVERAGE(R31,W31,AB31,AG31,AL31,AQ31,AV31) -> 130.31633 | M31: =RANK(K31, K$30:$K$47) -> 4 | P31: 14 | Q31: 1816 | R31: =Q31/P31 -> 129.71429 | S31: =RANK(R31,$R$30:$R$47) -> 4 | U31: 14 | V31: 1819 | W31: =V31/U31 -> 129.92857 | X31: =RANK(W31, $W$30:$W$47) -> 4 | Z31: 14 | AA31: 1703 | AB31: =AA31/Z31 -> 121.64286 | AC31: =RANK(AB31, $AB$30:$AB$47) -> 3 | AE31: 14 | AF31: 1677 | AG31: =AF31/AE31 -> 119.78571 | AH31: =RANK(AG31, $AG$30:$AG$47) -> 4 | AJ31: 14 | AK31: 1869 | AL31: =AK31/AJ31 -> 133.5 | AM31: =RANK(AL31, $AL$30:$AL$47) -> 3 | AO31: 14 | AP31: 1987 | AQ31: =AP31/AO31 -> 141.92857 | AR31: =RANK(AQ31,$AQ$30:$AQ$47) -> 3 | AT31: 14 | AU31: 1900 | AV31: =AU31/AT31 -> 135.71429 | AW31: =RANK(AV31, $AV$30:$AV$47) -> 3
C32: 3 | D32: 青醬蛤蜊義大利麵 | E32: =VLOOKUP(D32,'12產線配置圖 (2)'!$A$2:$C$25,2,0) -> 13 | F32: =VLOOKUP(D32,'12產線配置圖 (2)'!$A$2:$C$25,3,0) -> 2000 | G32: =F32/E32 -> 153.84615 | I32: =AVERAGE(P32,U32,Z32,AE32,AJ32,AO32,AT32) -> 13 | J32: =AVERAGE(Q32,V32,AA32,AF32,AK32,AP32,AU32) -> 1767.7143 | K32: =AVERAGE(R32,W32,AB32,AG32,AL32,AQ32,AV32) -> 135.97802 | M32: =RANK(K32, K$30:$K$47) -> 2 | P32: 13 | Q32: 1989 | R32: =Q32/P32 -> 153 | S32: =RANK(R32,$R$30:$R$47) -> 2 | U32: 13 | V32: 1910 | W32: =V32/U32 -> 146.92308 | X32: =RANK(W32, $W$30:$W$47) -> 2 | Z32: 13 | AA32: 1439 | AB32: =AA32/Z32 -> 110.69231 | AC32: =RANK(AB32, $AB$30:$AB$47) -> 4 | AE32: 13 | AF32: 1696 | AG32: =AF32/AE32 -> 130.46154 | AH32: =RANK(AG32, $AG$30:$AG$47) -> 1 | AJ32: 13 | AK32: 1947 | AL32: =AK32/AJ32 -> 149.76923 | AM32: =RANK(AL32, $AL$30:$AL$47) -> 2 | AO32: 13 | AP32: 1855 | AQ32: =AP32/AO32 -> 142.69231 | AR32: =RANK(AQ32,$AQ$30:$AQ$47) -> 2 | AT32: 13 | AU32: 1538 | AV32: =AU32/AT32 -> 118.30769 | AW32: =RANK(AV32, $AV$30:$AV$47) -> 4
C33: 4 | D33: 焗烤起司雙饗筆尖麵 | E33: =VLOOKUP(D33,'12產線配置圖 (2)'!$A$2:$C$25,2,0) -> 18 | F33: =VLOOKUP(D33,'12產線配置圖 (2)'!$A$2:$C$25,3,0) -> 1600 | G33: =F33/E33 -> 88.888889 | I33: =AVERAGE(P33,U33,Z33,AE33,AJ33,AO33,AT33) -> 17.428571 | J33: =AVERAGE(Q33,V33,AA33,AF33,AK33,AP33,AU33) -> 1524.8571 | K33: =AVERAGE(R33,W33,AB33,AG33,AL33,AQ33,AV33) -> 88.088435 | M33: =RANK(K33, K$30:$K$47) -> 7 | P33: 18 | Q33: 1480 | R33: =Q33/P33 -> 82.222222 | S33: =RANK(R33,$R$30:$R$47) -> 12 | U33: 18 | V33: 1562 | W33: =V33/U33 -> 86.777778 | X33: =RANK(W33, $W$30:$W$47) -> 7 | Z33: 18 | AA33: 1560 | AB33: =AA33/Z33 -> 86.666667 | AC33: =RANK(AB33, $AB$30:$AB$47) -> 6 | AE33: 18 | AF33: 1414 | AG33: =AF33/AE33 -> 78.555556 | AH33: =RANK(AG33, $AG$30:$AG$47) -> 9 | AJ33: 14 | AK33: 1488 | AL33: =AK33/AJ33 -> 106.28571 | AM33: =RANK(AL33, $AL$30:$AL$47) -> 6 | AO33: 18 | AP33: 1590 | AQ33: =AP33/AO33 -> 88.333333 | AR33: =RANK(AQ33,$AQ$30:$AQ$47) -> 8 | AT33: 18 | AU33: 1580 | AV33: =AU33/AT33 -> 87.777778 | AW33: =RANK(AV33, $AV$30:$AV$47) -> 8
C34: 5 | D34: 白酒蛤蜊義大利麵 | E34: =VLOOKUP(D34,'12產線配置圖 (2)'!$A$2:$C$25,2,0) -> 13 | F34: =VLOOKUP(D34,'12產線配置圖 (2)'!$A$2:$C$25,3,0) -> 2105 | G34: =F34/E34 -> 161.92308 | I34: =AVERAGE(P34,U34,Z34,AE34,AJ34,AO34,AT34) -> 13.714286 | J34: =AVERAGE(Q34,V34,AA34,AF34,AK34,AP34,AU34) -> 1819.4286 | K34: =AVERAGE(R34,W34,AB34,AG34,AL34,AQ34,AV34) -> 132.69545 | M34: =RANK(K34, K$30:$K$47) -> 3 | P34: 14 | Q34: 1891 | R34: =Q34/P34 -> 135.07143 | S34: =RANK(R34,$R$30:$R$47) -> 3 | U34: 14 | V34: 1881 | W34: =V34/U34 -> 134.35714 | X34: =RANK(W34, $W$30:$W$47) -> 3 | Z34: 14 | AA34: 1793 | AB34: =AA34/Z34 -> 128.07143 | AC34: =RANK(AB34, $AB$30:$AB$47) -> 2 | AE34: 14 | AF34: 1750 | AG34: =AF34/AE34 -> 125 | AH34: =RANK(AG34, $AG$30:$AG$47) -> 2 | AJ34: 13 | AK34: 1658 | AL34: =AK34/AJ34 -> 127.53846 | AM34: =RANK(AL34, $AL$30:$AL$47) -> 4 | AO34: 13 | AP34: 1828 | AQ34: =AP34/AO34 -> 140.61538 | AR34: =RANK(AQ34,$AQ$30:$AQ$47) -> 4 | AT34: 14 | AU34: 1935 | AV34: =AU34/AT34 -> 138.21429 | AW34: =RANK(AV34, $AV$30:$AV$47) -> 2
C35: 6 | D35: 韓式起司炸雞義大利麵 | E35: =VLOOKUP(D35,'12產線配置圖 (2)'!$A$2:$C$25,2,0) -> 17 | F35: =VLOOKUP(D35,'12產線配置圖 (2)'!$A$2:$C$25,3,0) -> 2000 | G35: =F35/E35 -> 117.64706 | I35: =AVERAGE(P35,U35,Z35,AE35,AJ35,AO35,AT35) -> 16.714286 | J35: =AVERAGE(Q35,V35,AA35,AF35,AK35,AP35,AU35) -> 1716.1429 | K35: =AVERAGE(R35,W35,AB35,AG35,AL35,AQ35,AV35) -> 102.90588 | M35: =RANK(K35, K$30:$K$47) -> 5 | P35: 17 | Q35: 1645 | R35: =Q35/P35 -> 96.764706 | S35: =RANK(R35,$R$30:$R$47) -> 7 | U35: 17 | V35: 1743 | W35: =V35/U35 -> 102.52941 | X35: =RANK(W35, $W$30:$W$47) -> 5 | Z35: 17 | AA35: 1276 | AB35: =AA35/Z35 -> 75.058824 | AC35: =RANK(AB35, $AB$30:$AB$47) -> 11 | AE35: 17 | AF35: 1629 | AG35: =AF35/AE35 -> 95.823529 | AH35: =RANK(AG35, $AG$30:$AG$47) -> 6 | AJ35: 15 | AK35: 1746 | AL35: =AK35/AJ35 -> 116.4 | AM35: =RANK(AL35, $AL$30:$AL$47) -> 5 | AO35: 17 | AP35: 1983 | AQ35: =AP35/AO35 -> 116.64706 | AR35: =RANK(AQ35,$AQ$30:$AQ$47) -> 5 | AT35: 17 | AU35: 1991 | AV35: =AU35/AT35 -> 117.11765 | AW35: =RANK(AV35, $AV$30:$AV$47) -> 5
C36: 7 | D36: 焗烤明太子筆尖麵 | E36: =VLOOKUP(D36,'12產線配置圖 (2)'!$A$2:$C$25,2,0) -> 16 | F36: =VLOOKUP(D36,'12產線配置圖 (2)'!$A$2:$C$25,3,0) -> 1385 | G36: =F36/E36 -> 86.5625 | I36: =AVERAGE(P36,U36,Z36,AE36,AJ36,AO36,AT36) -> 13.857143 | J36: =AVERAGE(Q36,V36,AA36,AF36,AK36,AP36,AU36) -> 1099.8571 | K36: =AVERAGE(R36,W36,AB36,AG36,AL36,AQ36,AV36) -> 79.879644 | M36: =RANK(K36, K$30:$K$47) -> 11 | P36: 14 | Q36: 1159 | R36: =Q36/P36 -> 82.785714 | S36: =RANK(R36,$R$30:$R$47) -> 11 | U36: 13 | V36: 982 | W36: =V36/U36 -> 75.538462 | X36: =RANK(W36, $W$30:$W$47) -> 12 | Z36: 15 | AA36: 1097 | AB36: =AA36/Z36 -> 73.133333 | AC36: =RANK(AB36, $AB$30:$AB$47) -> 13 | AE36: 15 | AF36: 1257 | AG36: =AF36/AE36 -> 83.8 | AH36: =RANK(AG36, $AG$30:$AG$47) -> 8 | AJ36: 10 | AK36: 909 | AL36: =AK36/AJ36 -> 90.9 | AM36: =RANK(AL36, $AL$30:$AL$47) -> 11 | AO36: 15 | AP36: 1164 | AQ36: =AP36/AO36 -> 77.6 | AR36: =RANK(AQ36,$AQ$30:$AQ$47) -> 13 | AT36: 15 | AU36: 1131 | AV36: =AU36/AT36 -> 75.4 | AW36: =RANK(AV36, $AV$30:$AV$47) -> 13
C37: 8 | D37: 奶油蒜香雞義大利麵 | E37: =VLOOKUP(D37,'12產線配置圖 (2)'!$A$2:$C$25,2,0) -> 17 | F37: =VLOOKUP(D37,'12產線配置圖 (2)'!$A$2:$C$25,3,0) -> 1385 | G37: =F37/E37 -> 81.470588 | I37: =AVERAGE(P37,U37,Z37,AE37,AJ37,AO37,AT37) -> 15.714286 | J37: =AVERAGE(Q37,V37,AA37,AF37,AK37,AP37,AU37) -> 1182 | K37: =AVERAGE(R37,W37,AB37,AG37,AL37,AQ37,AV37) -> 74.952756 | M37: =RANK(K37, K$30:$K$47) -> 13 | P37: 16 | Q37: 1227 | R37: =Q37/P37 -> 76.6875 | S37: =RANK(R37,$R$30:$R$47) -> 13 | U37: 15 | V37: 1109 | W37: =V37/U37 -> 73.933333 | X37: =RANK(W37, $W$30:$W$47) -> 13 | Z37: 17 | AA37: 1301 | AB37: =AA37/Z37 -> 76.529412 | AC37: =RANK(AB37, $AB$30:$AB$47) -> 10 | AE37: 15 | AF37: 1121 | AG37: =AF37/AE37 -> 74.733333 | AH37: =RANK(AG37, $AG$30:$AG$47) -> 12 | AJ37: 14 | AK37: 893 | AL37: =AK37/AJ37 -> 63.785714 | AM37: =RANK(AL37, $AL$30:$AL$47) -> 14 | AO37: 17 | AP37: 1343 | AQ37: =AP37/AO37 -> 79 | AR37: =RANK(AQ37,$AQ$30:$AQ$47) -> 12 | AT37: 16 | AU37: 1280 | AV37: =AU37/AT37 -> 80 | AW37: =RANK(AV37, $AV$30:$AV$47) -> 11
C38: 9 | D38: 青花椒麻雞肉拌麵 | E38: =VLOOKUP(D38,'12產線配置圖 (2)'!$A$2:$C$25,2,0) -> 17 | F38: =VLOOKUP(D38,'12產線配置圖 (2)'!$A$2:$C$25,3,0) -> 1565 | G38: =F38/E38 -> 92.058824 | I38: =AVERAGE(P38,U38,Z38,AE38,AJ38,AO38,AT38) -> 16.142857 | J38: =AVERAGE(Q38,V38,AA38,AF38,AK38,AP38,AU38) -> 1406.8571 | K38: =AVERAGE(R38,W38,AB38,AG38,AL38,AQ38,AV38) -> 87.578453 | M38: =RANK(K38, K$30:$K$47) -> 8 | P38: 17 | Q38: 1505 | R38: =Q38/P38 -> 88.529412 | S38: =RANK(R38,$R$30:$R$47) -> 8 | U38: 15 | V38: 1283 | W38: =V38/U38 -> 85.533333 | X38: =RANK(W38, $W$30:$W$47) -> 8 | Z38: 17 | AA38: 1427 | AB38: =AA38/Z38 -> 83.941176 | AC38: =RANK(AB38, $AB$30:$AB$47) -> 8 | AE38: 17 | AF38: 1215 | AG38: =AF38/AE38 -> 71.470588 | AH38: =RANK(AG38, $AG$30:$AG$47) -> 14 | AJ38: 13 | AK38: 1309 | AL38: =AK38/AJ38 -> 100.69231 | AM38: =RANK(AL38, $AL$30:$AL$47) -> 8 | AO38: 17 | AP38: 1545 | AQ38: =AP38/AO38 -> 90.882353 | AR38: =RANK(AQ38,$AQ$30:$AQ$47) -> 7 | AT38: 17 | AU38: 1564 | AV38: =AU38/AT38 -> 92 | AW38: =RANK(AV38, $AV$30:$AV$47) -> 7
C39: 10 | D39: 剝皮辣椒雞奶油扁麵 | E39: =VLOOKUP(D39,'12產線配置圖 (2)'!$A$2:$C$25,2,0) -> 18 | F39: =VLOOKUP(D39,'12產線配置圖 (2)'!$A$2:$C$25,3,0) -> 1565 | G39: =F39/E39 -> 86.944444 | I39: =AVERAGE(P39,U39,Z39,AE39,AJ39,AO39,AT39) -> 17.571429 | J39: =AVERAGE(Q39,V39,AA39,AF39,AK39,AP39,AU39) -> 1471.1429 | K39: =AVERAGE(R39,W39,AB39,AG39,AL39,AQ39,AV39) -> 84.166607 | M39: =RANK(K39, K$30:$K$47) -> 10 | P39: 18 | Q39: 1545 | R39: =Q39/P39 -> 85.833333 | S39: =RANK(R39,$R$30:$R$47) -> 9 | U39: 18 | V39: 1403 | W39: =V39/U39 -> 77.944444 | X39: =RANK(W39, $W$30:$W$47) -> 11 | Z39: 19 | AA39: 1512 | AB39: =AA39/Z39 -> 79.578947 | AC39: =RANK(AB39, $AB$30:$AB$47) -> 9 | AE39: 18 | AF39: 1394 | AG39: =AF39/AE39 -> 77.444444 | AH39: =RANK(AG39, $AG$30:$AG$47) -> 11 | AJ39: 14 | AK39: 1353 | AL39: =AK39/AJ39 -> 96.642857 | AM39: =RANK(AL39, $AL$30:$AL$47) -> 10 | AO39: 18 | AP39: 1540 | AQ39: =AP39/AO39 -> 85.555556 | AR39: =RANK(AQ39,$AQ$30:$AQ$47) -> 10 | AT39: 18 | AU39: 1551 | AV39: =AU39/AT39 -> 86.166667 | AW39: =RANK(AV39, $AV$30:$AV$47) -> 10
C40: 11 | D40: 濃拿坡里義大利麵 | E40: =VLOOKUP(D40,'12產線配置圖 (2)'!$A$2:$C$25,2,0) -> 16 | F40: =VLOOKUP(D40,'12產線配置圖 (2)'!$A$2:$C$25,3,0) -> 1406 | G40: =F40/E40 -> 87.875 | I40: =AVERAGE(P40,U40,Z40,AE40,AJ40,AO40,AT40) -> 14 | J40: =AVERAGE(Q40,V40,AA40,AF40,AK40,AP40,AU40) -> 1042 | K40: =AVERAGE(R40,W40,AB40,AG40,AL40,AQ40,AV40) -> 74.337415 | M40: =RANK(K40, K$30:$K$47) -> 14 | P40: 14 | Q40: 1054 | R40: =Q40/P40 -> 75.285714 | S40: =RANK(R40,$R$30:$R$47) -> 14 | U40: 14 | V40: 1150 | W40: =V40/U40 -> 82.142857 | X40: =RANK(W40, $W$30:$W$47) -> 10 | Z40: 15 | AA40: 1083 | AB40: =AA40/Z40 -> 72.2 | AC40: =RANK(AB40, $AB$30:$AB$47) -> 14 | AE40: 15 | AF40: 1086 | AG40: =AF40/AE40 -> 72.4 | AH40: =RANK(AG40, $AG$30:$AG$47) -> 13 | AJ40: 10 | AK40: 708 | AL40: =AK40/AJ40 -> 70.8 | AM40: =RANK(AL40, $AL$30:$AL$47) -> 12 | AO40: 15 | AP40: 1028 | AQ40: =AP40/AO40 -> 68.533333 | AR40: =RANK(AQ40,$AQ$30:$AQ$47) -> 15 | AT40: 15 | AU40: 1185 | AV40: =AU40/AT40 -> 79 | AW40: =RANK(AV40, $AV$30:$AV$47) -> 12
C41: 12 | D41: 奶油起司蝦仁通心粉 | E41: =VLOOKUP(D41,'12產線配置圖 (2)'!$A$2:$C$25,2,0) -> 14 | F41: =VLOOKUP(D41,'12產線配置圖 (2)'!$A$2:$C$25,3,0) -> 1440 | G41: =F41/E41 -> 102.85714 | I41: =AVERAGE(P41,U41,Z41,AE41,AJ41,AO41,AT41) -> 14 | J41: =AVERAGE(Q41,V41,AA41,AF41,AK41,AP41,AU41) -> 1432.7143 | K41: =AVERAGE(R41,W41,AB41,AG41,AL41,AQ41,AV41) -> 102.33673 | M41: =RANK(K41, K$30:$K$47) -> 6 | P41: 14 | Q41: 1438 | R41: =Q41/P41 -> 102.71429 | S41: =RANK(R41,$R$30:$R$47) -> 5 | U41: 14 | V41: 1411 | W41: =V41/U41 -> 100.78571 | X41: =RANK(W41, $W$30:$W$47) -> 6 | Z41: 14 | AA41: 1436 | AB41: =AA41/Z41 -> 102.57143 | AC41: =RANK(AB41, $AB$30:$AB$47) -> 5 | AE41: 14 | AF41: 1406 | AG41: =AF41/AE41 -> 100.42857 | AH41: =RANK(AG41, $AG$30:$AG$47) -> 5 | AJ41: 14 | AK41: 1472 | AL41: =AK41/AJ41 -> 105.14286 | AM41: =RANK(AL41, $AL$30:$AL$47) -> 7 | AO41: 14 | AP41: 1434 | AQ41: =AP41/AO41 -> 102.42857 | AR41: =RANK(AQ41,$AQ$30:$AQ$47) -> 6 | AT41: 14 | AU41: 1432 | AV41: =AU41/AT41 -> 102.28571 | AW41: =RANK(AV41, $AV$30:$AV$47) -> 6
C42: 13 | D42: 惡魔乳酪生義大利麵 | E42: =VLOOKUP(D42,'12產線配置圖 (2)'!$A$2:$C$25,2,0) -> 17 | F42: =VLOOKUP(D42,'12產線配置圖 (2)'!$A$2:$C$25,3,0) -> 1500 | G42: =F42/E42 -> 88.235294 | I42: =AVERAGE(P42,U42,Z42,AE42,AJ42,AO42,AT42) -> 15.285714 | J42: =AVERAGE(Q42,V42,AA42,AF42,AK42,AP42,AU42) -> 1316.1429 | K42: =AVERAGE(R42,W42,AB42,AG42,AL42,AQ42,AV42) -> 86.386676 | M42: =RANK(K42, K$30:$K$47) -> 9 | P42: 16 | Q42: 1326 | R42: =Q42/P42 -> 82.875 | S42: =RANK(R42,$R$30:$R$47) -> 10 | U42: 15 | V42: 1256 | W42: =V42/U42 -> 83.733333 | X42: =RANK(W42, $W$30:$W$47) -> 9 | Z42: 16 | AA42: 1369 | AB42: =AA42/Z42 -> 85.5625 | AC42: =RANK(AB42, $AB$30:$AB$47) -> 7 | AE42: 15 | AF42: 1279 | AG42: =AF42/AE42 -> 85.266667 | AH42: =RANK(AG42, $AG$30:$AG$47) -> 7 | AJ42: 13 | AK42: 1271 | AL42: =AK42/AJ42 -> 97.769231 | AM42: =RANK(AL42, $AL$30:$AL$47) -> 9 | AO42: 16 | AP42: 1327 | AQ42: =AP42/AO42 -> 82.9375 | AR42: =RANK(AQ42,$AQ$30:$AQ$47) -> 11 | AT42: 16 | AU42: 1385 | AV42: =AU42/AT42 -> 86.5625 | AW42: =RANK(AV42, $AV$30:$AV$47) -> 9
... C45: 16 | D45: 焗烤起司肉醬筆尖麵 | E45: =VLOOKUP(D45,'12產線配置圖 (2)'!$A$2:$C$25,2,0) -> 10 | F45: =VLOOKUP(D45,'12產線配置圖 (2)'!$A$2:$C$25,3,0) -> 1125 | G45: =F45/E45 -> 112.5 | I45: =AVERAGE(P45,U45,Z45,AE45,AJ45,AO45,AT45) -> 9.8571429 | J45: =AVERAGE(Q45,V45,AA45,AF45,AK45,AP45,AU45) -> 749.42857 | K45: =AVERAGE(R45,W45,AB45,AG45,AL45,AQ45,AV45) -> 75.914286 | M45: =RANK(K45, K$30:$K$47) -> 12 | P45: 10 | Q45: 1003 | R45: =Q45/P45 -> 100.3 | S45: =RANK(R45,$R$30:$R$47) -> 6 | U45: 10 | V45: 692 | W45: =V45/U45 -> 69.2 | X45: =RANK(W45, $W$30:$W$47) -> 15 | Z45: 9 | AA45: 612 | AB45: =AA45/Z45 -> 68 | AC45: =RANK(AB45, $AB$30:$AB$47) -> 16 | AE45: 10 | AF45: 779 | AG45: =AF45/AE45 -> 77.9 | AH45: =RANK(AG45, $AG$30:$AG$47) -> 10 | AJ45: 10 | AK45: 609 | AL45: =AK45/AJ45 -> 60.9 | AM45: =RANK(AL45, $AL$30:$AL$47) -> 16 | AO45: 10 | AP45: 866 | AQ45: =AP45/AO45 -> 86.6 | AR45: =RANK(AQ45,$AQ$30:$AQ$47) -> 9 | AT45: 10 | AU45: 685 | AV45: =AU45/AT45 -> 68.5 | AW45: =RANK(AV45, $AV$30:$AV$47) -> 16
C46: 17
C47: 18
B48: 產線配置圖－每週更新 | N48: 資料繳交 | O48: 日期 | P48: 46035 | U48: 46036 | Z48: 46037 | AE48: 46038 | AJ48: 46039 | AO48: 46040 | AT48: 46041
P49: 二 | U49: 三 | Z49: 四 | AE49: 五 | AJ49: 六 | AO49: 日 | AT49: 一
B50: 品群 | C50: 商品名稱 | E50: 計畫 | H50: 平均人時性 | I50: 實績 | L50: 平均人時性 | M50: 排名 | O50: 日報 | P50: 實際 | T50: 平均人時性 | U50: 實際 | Y50: 平均人時性 | Z50: 實際 | AD50: 平均人時性 | AE50: 實際 | AI50: 平均人時性 | AJ50: 實際 | AN50: 平均人時性 | AO50: 實際 | AS50: 平均人時性 | AT50: 實際 | AX50: 平均人時性
E51: 產線配置圖 | I51: 產線配置圖 | P51: 生產實績 | U51: 生產實績 | Z51: 生產實績 | AE51: 生產實績 | AJ51: 生產實績 | AO51: 生產實績 | AT51: 生產實績
E52: 人數 | F52: 產能／時 | G52: 人時性 | I52: 人數 | J52: 產能／時 | K52: 人時性 | P52: 人數 | Q52: 產能／時 | R52: 人時性 | S52: 排名 | U52: 人數 | V52: 產能／時 | W52: 人時性 | X52: 排名 | Z52: 人數 | AA52: 產能／時 | AB52: 人時性 | AC52: 排名 | AE52: 人數 | AF52: 產能／時 | AG52: 人時性 | AH52: 排名 | AJ52: 人數 | AK52: 產能／時 | AL52: 人時性 | AM52: 排名 | AO52: 人數 | AP52: 產能／時 | AQ52: 人時性 | AR52: 排名 | AT52: 人數 | AU52: 產能／時 | AV52: 人時性 | AW52: 排名
B53: 熱食義麵 | C53: 1 | D53: 義式蕃茄起司義大利麵 | E53: =VLOOKUP(D53,'12產線配置圖 (2)'!$A$2:$C$25,2,0) -> 12 | F53: =VLOOKUP(D53,'12產線配置圖 (2)'!$A$2:$C$25,3,0) -> 2000 | G53: =F53/E53 -> 166.66667 | H53: =AVERAGE(G53:G70) -> 108.73403 | I53: =AVERAGE(P53,U53,Z53,AE53,AJ53,AO53,AT53) -> 12 | J53: =AVERAGE(Q53,V53,AA53,AF53,AK53,AP53,AU53) -> 1855.7143 | K53: =AVERAGE(R53,W53,AB53,AG53,AL53,AQ53,AV53) -> 154.64286 | L53: =IFERROR(AVERAGE(K53:K70),"-") -> 100.98609 | M53: =RANK(K53, K$53:$K$70) -> 1 | P53: 12 | Q53: 1902 | R53: =Q53/P53 -> 158.5 | S53: =RANK(R53, $R$53:$R$70) -> 1 | T53: =AVERAGE(R53:R70) -> 100.58564 | U53: 12 | V53: 1843 | W53: =V53/U53 -> 153.58333 | X53: =RANK(W53,$W$53:$W$70) -> 1 | Y53: =AVERAGE(W53:W70) -> 98.811754 | Z53: 12 | AA53: 1632 | AB53: =AA53/Z53 -> 136 | AC53: =RANK(AB53, $AB$53:$AB$70) -> 3 | AD53: =AVERAGE(AB53:AB70) -> 97.853615 | AE53: 12 | AF53: 1986 | AG53: =AF53/AE53 -> 165.5 | AH53: =RANK(AG53, $AG$53:$AG$70) -> 1 | AI53: =AVERAGE(AG53:AG70) -> 103.0025 | AJ53: 12 | AK53: 1859 | AL53: =AK53/AJ53 -> 154.91667 | AM53: =RANK(AL53,$AL$53:$AL$70) -> 1 | AN53: =AVERAGE(AL53:AL70) -> 101.28993 | AO53: 12 | AP53: 1887 | AQ53: =AP53/AO53 -> 157.25 | AR53: =RANK(AQ53,$AQ$53:$AQ$70) -> 1 | AS53: =AVERAGE(AQ53:AQ70) -> 103.39087 | AT53: 12 | AU53: 1881 | AV53: =AU53/AT53 -> 156.75 | AW53: =RANK(AV53,$AV$53:$AV$70) -> 1 | AX53: =AVERAGE(AV53:AV70) -> 101.96835
C54: 2 | D54: 奶油培根義大利麵 | E54: =VLOOKUP(D54,'12產線配置圖 (2)'!$A$2:$C$25,2,0) -> 14 | F54: =VLOOKUP(D54,'12產線配置圖 (2)'!$A$2:$C$25,3,0) -> 2000 | G54: =F54/E54 -> 142.85714 | I54: =AVERAGE(P54,U54,Z54,AE54,AJ54,AO54,AT54) -> 14 | J54: =AVERAGE(Q54,V54,AA54,AF54,AK54,AP54,AU54) -> 1911.8571 | K54: =AVERAGE(R54,W54,AB54,AG54,AL54,AQ54,AV54) -> 136.56122 | M54: =RANK(K54, K$53:$K$70) -> 4 | P54: 14 | Q54: 1911 | R54: =Q54/P54 -> 136.5 | S54: =RANK(R54, $R$53:$R$70) -> 3 | U54: 14 | V54: 1849 | W54: =V54/U54 -> 132.07143 | X54: =RANK(W54,$W$53:$W$70) -> 3 | Z54: 14 | AA54: 1878 | AB54: =AA54/Z54 -> 134.14286 | AC54: =RANK(AB54, $AB$53:$AB$70) -> 4 | AE54: 14 | AF54: 1984 | AG54: =AF54/AE54 -> 141.71429 | AH54: =RANK(AG54, $AG$53:$AG$70) -> 4 | AJ54: 14 | AK54: 1874 | AL54: =AK54/AJ54 -> 133.85714 | AM54: =RANK(AL54,$AL$53:$AL$70) -> 4 | AO54: 14 | AP54: 1930 | AQ54: =AP54/AO54 -> 137.85714 | AR54: =RANK(AQ54,$AQ$53:$AQ$70) -> 4 | AT54: 14 | AU54: 1957 | AV54: =AU54/AT54 -> 139.78571 | AW54: =RANK(AV54,$AV$53:$AV$70) -> 4
C55: 3 | D55: 青醬蛤蜊義大利麵 | E55: =VLOOKUP(D55,'12產線配置圖 (2)'!$A$2:$C$25,2,0) -> 13 | F55: =VLOOKUP(D55,'12產線配置圖 (2)'!$A$2:$C$25,3,0) -> 2000 | G55: =F55/E55 -> 153.84615 | I55: =AVERAGE(P55,U55,Z55,AE55,AJ55,AO55,AT55) -> 13 | J55: =AVERAGE(Q55,V55,AA55,AF55,AK55,AP55,AU55) -> 1935.1429 | K55: =AVERAGE(R55,W55,AB55,AG55,AL55,AQ55,AV55) -> 148.85714 | M55: =RANK(K55, K$53:$K$70) -> 2 | P55: 13 | Q55: 1853 | R55: =Q55/P55 -> 142.53846 | S55: =RANK(R55, $R$53:$R$70) -> 2 | U55: 13 | V55: 1975 | W55: =V55/U55 -> 151.92308 | X55: =RANK(W55,$W$53:$W$70) -> 2 | Z55: 13 | AA55: 1875 | AB55: =AA55/Z55 -> 144.23077 | AC55: =RANK(AB55, $AB$53:$AB$70) -> 2 | AE55: 13 | AF55: 1969 | AG55: =AF55/AE55 -> 151.46154 | AH55: =RANK(AG55, $AG$53:$AG$70) -> 3 | AJ55: 13 | AK55: 1996 | AL55: =AK55/AJ55 -> 153.53846 | AM55: =RANK(AL55,$AL$53:$AL$70) -> 2 | AO55: 13 | AP55: 1984 | AQ55: =AP55/AO55 -> 152.61538 | AR55: =RANK(AQ55,$AQ$53:$AQ$70) -> 2 | AT55: 13 | AU55: 1894 | AV55: =AU55/AT55 -> 145.69231 | AW55: =RANK(AV55,$AV$53:$AV$70) -> 2
C56: 4 | D56: 焗烤起司雙饗筆尖麵 | E56: =VLOOKUP(D56,'12產線配置圖 (2)'!$A$2:$C$25,2,0) -> 18 | F56: =VLOOKUP(D56,'12產線配置圖 (2)'!$A$2:$C$25,3,0) -> 1600 | G56: =F56/E56 -> 88.888889 | I56: =AVERAGE(P56,U56,Z56,AE56,AJ56,AO56,AT56) -> 18 | J56: =AVERAGE(Q56,V56,AA56,AF56,AK56,AP56,AU56) -> 1506.8571 | K56: =AVERAGE(R56,W56,AB56,AG56,AL56,AQ56,AV56) -> 83.714286 | M56: =RANK(K56, K$53:$K$70) -> 11 | P56: 18 | Q56: 1580 | R56: =Q56/P56 -> 87.777778 | S56: =RANK(R56, $R$53:$R$70) -> 10 | U56: 18 | V56: 1561 | W56: =V56/U56 -> 86.722222 | X56: =RANK(W56,$W$53:$W$70) -> 9 | Z56: 18 | AA56: 1388 | AB56: =AA56/Z56 -> 77.111111 | AC56: =RANK(AB56, $AB$53:$AB$70) -> 12 | AE56: 18 | AF56: 1430 | AG56: =AF56/AE56 -> 79.444444 | AH56: =RANK(AG56, $AG$53:$AG$70) -> 12 | AJ56: 18 | AK56: 1533 | AL56: =AK56/AJ56 -> 85.166667 | AM56: =RANK(AL56,$AL$53:$AL$70) -> 12 | AO56: 18 | AP56: 1526 | AQ56: =AP56/AO56 -> 84.777778 | AR56: =RANK(AQ56,$AQ$53:$AQ$70) -> 9 | AT56: 18 | AU56: 1530 | AV56: =AU56/AT56 -> 85 | AW56: =RANK(AV56,$AV$53:$AV$70) -> 11
C57: 5 | D57: 白酒蛤蜊義大利麵 | E57: =VLOOKUP(D57,'12產線配置圖 (2)'!$A$2:$C$25,2,0) -> 13 | F57: =VLOOKUP(D57,'12產線配置圖 (2)'!$A$2:$C$25,3,0) -> 2105 | G57: =F57/E57 -> 161.92308 | I57: =AVERAGE(P57,U57,Z57,AE57,AJ57,AO57,AT57) -> 13.714286 | J57: =AVERAGE(Q57,V57,AA57,AF57,AK57,AP57,AU57) -> 1928.7143 | K57: =AVERAGE(R57,W57,AB57,AG57,AL57,AQ57,AV57) -> 140.88619 | M57: =RANK(K57, K$53:$K$70) -> 3 | P57: 14 | Q57: 1654 | R57: =Q57/P57 -> 118.14286 | S57: =RANK(R57, $R$53:$R$70) -> 4 | U57: 14 | V57: 1801 | W57: =V57/U57 -> 128.64286 | X57: =RANK(W57,$W$53:$W$70) -> 4 | Z57: 13 | AA57: 1887 | AB57: =AA57/Z57 -> 145.15385 | AC57: =RANK(AB57, $AB$53:$AB$70) -> 1 | AE57: 13 | AF57: 2089 | AG57: =AF57/AE57 -> 160.69231 | AH57: =RANK(AG57, $AG$53:$AG$70) -> 2 | AJ57: 14 | AK57: 1962 | AL57: =AK57/AJ57 -> 140.14286 | AM57: =RANK(AL57,$AL$53:$AL$70) -> 3 | AO57: 14 | AP57: 2105 | AQ57: =AP57/AO57 -> 150.35714 | AR57: =RANK(AQ57,$AQ$53:$AQ$70) -> 3 | AT57: 14 | AU57: 2003 | AV57: =AU57/AT57 -> 143.07143 | AW57: =RANK(AV57,$AV$53:$AV$70) -> 3
C58: 6 | D58: 韓式起司炸雞義大利麵 | E58: =VLOOKUP(D58,'12產線配置圖 (2)'!$A$2:$C$25,2,0) -> 17 | F58: =VLOOKUP(D58,'12產線配置圖 (2)'!$A$2:$C$25,3,0) -> 2000 | G58: =F58/E58 -> 117.64706 | I58: =AVERAGE(P58,U58,Z58,AE58,AJ58,AO58,AT58) -> 16.142857 | J58: =AVERAGE(Q58,V58,AA58,AF58,AK58,AP58,AU58) -> 1801 | K58: =AVERAGE(R58,W58,AB58,AG58,AL58,AQ58,AV58) -> 111.38992 | M58: =RANK(K58, K$53:$K$70) -> 5 | P58: 17 | Q58: 1945 | R58: =Q58/P58 -> 114.41176 | S58: =RANK(R58, $R$53:$R$70) -> 5 | U58: 15 | V58: 1715 | W58: =V58/U58 -> 114.33333 | X58: =RANK(W58,$W$53:$W$70) -> 5 | Z58: 17 | AA58: 1887 | AB58: =AA58/Z58 -> 111 | AC58: =RANK(AB58, $AB$53:$AB$70) -> 5 | AE58: 15 | AF58: 1475 | AG58: =AF58/AE58 -> 98.333333 | AH58: =RANK(AG58, $AG$53:$AG$70) -> 7 | AJ58: 15 | AK58: 1673 | AL58: =AK58/AJ58 -> 111.53333 | AM58: =RANK(AL58,$AL$53:$AL$70) -> 5 | AO58: 17 | AP58: 1926 | AQ58: =AP58/AO58 -> 113.29412 | AR58: =RANK(AQ58,$AQ$53:$AQ$70) -> 5 | AT58: 17 | AU58: 1986 | AV58: =AU58/AT58 -> 116.82353 | AW58: =RANK(AV58,$AV$53:$AV$70) -> 5
C59: 7 | D59: 焗烤明太子筆尖麵 | E59: =VLOOKUP(D59,'12產線配置圖 (2)'!$A$2:$C$25,2,0) -> 16 | F59: =VLOOKUP(D59,'12產線配置圖 (2)'!$A$2:$C$25,3,0) -> 1385 | G59: =F59/E59 -> 86.5625 | I59: =AVERAGE(P59,U59,Z59,AE59,AJ59,AO59,AT59) -> 12.428571 | J59: =AVERAGE(Q59,V59,AA59,AF59,AK59,AP59,AU59) -> 962.57143 | K59: =AVERAGE(R59,W59,AB59,AG59,AL59,AQ59,AV59) -> 77.867575 | M59: =RANK(K59, K$53:$K$70) -> 12 | P59: 12 | Q59: 930 | R59: =Q59/P59 -> 77.5 | S59: =RANK(R59, $R$53:$R$70) -> 14 | U59: 11 | V59: 794 | W59: =V59/U59 -> 72.181818 | X59: =RANK(W59,$W$53:$W$70) -> 14 | Z59: 9 | AA59: 762 | AB59: =AA59/Z59 -> 84.666667 | AC59: =RANK(AB59, $AB$53:$AB$70) -> 10 | AE59: 13 | AF59: 1088 | AG59: =AF59/AE59 -> 83.692308 | AH59: =RANK(AG59, $AG$53:$AG$70) -> 9 | AJ59: 13 | AK59: 1110 | AL59: =AK59/AJ59 -> 85.384615 | AM59: =RANK(AL59,$AL$53:$AL$70) -> 11 | AO59: 14 | AP59: 990 | AQ59: =AP59/AO59 -> 70.714286 | AR59: =RANK(AQ59,$AQ$53:$AQ$70) -> 16 | AT59: 15 | AU59: 1064 | AV59: =AU59/AT59 -> 70.933333 | AW59: =RANK(AV59,$AV$53:$AV$70) -> 16
C60: 8 | D60: 奶油蒜香雞義大利麵 | E60: =VLOOKUP(D60,'12產線配置圖 (2)'!$A$2:$C$25,2,0) -> 17 | F60: =VLOOKUP(D60,'12產線配置圖 (2)'!$A$2:$C$25,3,0) -> 1385 | G60: =F60/E60 -> 81.470588 | I60: =AVERAGE(P60,U60,Z60,AE60,AJ60,AO60,AT60) -> 16.142857 | J60: =AVERAGE(Q60,V60,AA60,AF60,AK60,AP60,AU60) -> 1208.5714 | K60: =AVERAGE(R60,W60,AB60,AG60,AL60,AQ60,AV60) -> 74.734629 | M60: =RANK(K60, K$53:$K$70) -> 15 | P60: 15 | Q60: 1033 | R60: =Q60/P60 -> 68.866667 | S60: =RANK(R60, $R$53:$R$70) -> 16 | U60: 16 | V60: 1247 | W60: =V60/U60 -> 77.9375 | X60: =RANK(W60,$W$53:$W$70) -> 13 | Z60: 16 | AA60: 1174 | AB60: =AA60/Z60 -> 73.375 | AC60: =RANK(AB60, $AB$53:$AB$70) -> 14 | AE60: 17 | AF60: 1367 | AG60: =AF60/AE60 -> 80.411765 | AH60: =RANK(AG60, $AG$53:$AG$70) -> 11 | AJ60: 16 | AK60: 1072 | AL60: =AK60/AJ60 -> 67 | AM60: =RANK(AL60,$AL$53:$AL$70) -> 15 | AO60: 16 | AP60: 1238 | AQ60: =AP60/AO60 -> 77.375 | AR60: =RANK(AQ60,$AQ$53:$AQ$70) -> 14 | AT60: 17 | AU60: 1329 | AV60: =AU60/AT60 -> 78.176471 | AW60: =RANK(AV60,$AV$53:$AV$70) -> 14
C61: 9 | D61: 青花椒麻雞肉拌麵 | E61: =VLOOKUP(D61,'12產線配置圖 (2)'!$A$2:$C$25,2,0) -> 17 | F61: =VLOOKUP(D61,'12產線配置圖 (2)'!$A$2:$C$25,3,0) -> 1565 | G61: =F61/E61 -> 92.058824 | I61: =AVERAGE(P61,U61,Z61,AE61,AJ61,AO61,AT61) -> 17 | J61: =AVERAGE(Q61,V61,AA61,AF61,AK61,AP61,AU61) -> 1470 | K61: =AVERAGE(R61,W61,AB61,AG61,AL61,AQ61,AV61) -> 86.470588 | M61: =RANK(K61, K$53:$K$70) -> 9 | P61: 17 | Q61: 1559 | R61: =Q61/P61 -> 91.705882 | S61: =RANK(R61, $R$53:$R$70) -> 8 | U61: 17 | V61: 1337 | W61: =V61/U61 -> 78.647059 | X61: =RANK(W61,$W$53:$W$70) -> 12 | Z61: 17 | AA61: 1494 | AB61: =AA61/Z61 -> 87.882353 | AC61: =RANK(AB61, $AB$53:$AB$70) -> 8 | AE61: 17 | AF61: 1314 | AG61: =AF61/AE61 -> 77.294118 | AH61: =RANK(AG61, $AG$53:$AG$70) -> 15 | AJ61: 17 | AK61: 1557 | AL61: =AK61/AJ61 -> 91.588235 | AM61: =RANK(AL61,$AL$53:$AL$70) -> 8 | AO61: 17 | AP61: 1496 | AQ61: =AP61/AO61 -> 88 | AR61: =RANK(AQ61,$AQ$53:$AQ$70) -> 8 | AT61: 17 | AU61: 1533 | AV61: =AU61/AT61 -> 90.176471 | AW61: =RANK(AV61,$AV$53:$AV$70) -> 8
C62: 10 | D62: 剝皮辣椒雞奶油扁麵 | E62: =VLOOKUP(D62,'12產線配置圖 (2)'!$A$2:$C$25,2,0) -> 18 | F62: =VLOOKUP(D62,'12產線配置圖 (2)'!$A$2:$C$25,3,0) -> 1565 | G62: =F62/E62 -> 86.944444 | I62: =AVERAGE(P62,U62,Z62,AE62,AJ62,AO62,AT62) -> 18 | J62: =AVERAGE(Q62,V62,AA62,AF62,AK62,AP62,AU62) -> 1507 | K62: =AVERAGE(R62,W62,AB62,AG62,AL62,AQ62,AV62) -> 83.722222 | M62: =RANK(K62, K$53:$K$70) -> 10 | P62: 18 | Q62: 1555 | R62: =Q62/P62 -> 86.388889 | S62: =RANK(R62, $R$53:$R$70) -> 11 | U62: 18 | V62: 1516 | W62: =V62/U62 -> 84.222222 | X62: =RANK(W62,$W$53:$W$70) -> 10 | Z62: 18 | AA62: 1425 | AB62: =AA62/Z62 -> 79.166667 | AC62: =RANK(AB62, $AB$53:$AB$70) -> 11 | AE62: 18 | AF62: 1459 | AG62: =AF62/AE62 -> 81.055556 | AH62: =RANK(AG62, $AG$53:$AG$70) -> 10 | AJ62: 18 | AK62: 1549 | AL62: =AK62/AJ62 -> 86.055556 | AM62: =RANK(AL62,$AL$53:$AL$70) -> 10 | AO62: 18 | AP62: 1502 | AQ62: =AP62/AO62 -> 83.444444 | AR62: =RANK(AQ62,$AQ$53:$AQ$70) -> 12 | AT62: 18 | AU62: 1543 | AV62: =AU62/AT62 -> 85.722222 | AW62: =RANK(AV62,$AV$53:$AV$70) -> 10
C63: 11 | D63: 濃拿坡里義大利麵 | E63: =VLOOKUP(D63,'12產線配置圖 (2)'!$A$2:$C$25,2,0) -> 16 | F63: =VLOOKUP(D63,'12產線配置圖 (2)'!$A$2:$C$25,3,0) -> 1406 | G63: =F63/E63 -> 87.875 | I63: =AVERAGE(P63,U63,Z63,AE63,AJ63,AO63,AT63) -> 14.428571 | J63: =AVERAGE(Q63,V63,AA63,AF63,AK63,AP63,AU63) -> 1113 | K63: =AVERAGE(R63,W63,AB63,AG63,AL63,AQ63,AV63) -> 77.162899 | M63: =RANK(K63, K$53:$K$70) -> 14 | P63: 15 | Q63: 1228 | R63: =Q63/P63 -> 81.866667 | S63: =RANK(R63, $R$53:$R$70) -> 12 | U63: 15 | V63: 1201 | W63: =V63/U63 -> 80.066667 | X63: =RANK(W63,$W$53:$W$70) -> 11 | Z63: 15 | AA63: 1060 | AB63: =AA63/Z63 -> 70.666667 | AC63: =RANK(AB63, $AB$53:$AB$70) -> 16 | AE63: 13 | AF63: 1017 | AG63: =AF63/AE63 -> 78.230769 | AH63: =RANK(AG63, $AG$53:$AG$70) -> 14 | AJ63: 14 | AK63: 999 | AL63: =AK63/AJ63 -> 71.357143 | AM63: =RANK(AL63,$AL$53:$AL$70) -> 14 | AO63: 14 | AP63: 1166 | AQ63: =AP63/AO63 -> 83.285714 | AR63: =RANK(AQ63,$AQ$53:$AQ$70) -> 13 | AT63: 15 | AU63: 1120 | AV63: =AU63/AT63 -> 74.666667 | AW63: =RANK(AV63,$AV$53:$AV$70) -> 15
C64: 12 | D64: 奶油起司蝦仁通心粉 | E64: =VLOOKUP(D64,'12產線配置圖 (2)'!$A$2:$C$25,2,0) -> 14 | F64: =VLOOKUP(D64,'12產線配置圖 (2)'!$A$2:$C$25,3,0) -> 1440 | G64: =F64/E64 -> 102.85714 | I64: =AVERAGE(P64,U64,Z64,AE64,AJ64,AO64,AT64) -> 14 | J64: =AVERAGE(Q64,V64,AA64,AF64,AK64,AP64,AU64) -> 1409.7143 | K64: =AVERAGE(R64,W64,AB64,AG64,AL64,AQ64,AV64) -> 100.69388 | M64: =RANK(K64, K$53:$K$70) -> 7 | P64: 14 | Q64: 1428 | R64: =Q64/P64 -> 102 | S64: =RANK(R64, $R$53:$R$70) -> 6 | U64: 14 | V64: 1404 | W64: =V64/U64 -> 100.28571 | X64: =RANK(W64,$W$53:$W$70) -> 6 | Z64: 14 | AA64: 1334 | AB64: =AA64/Z64 -> 95.285714 | AC64: =RANK(AB64, $AB$53:$AB$70) -> 7 | AE64: 14 | AF64: 1396 | AG64: =AF64/AE64 -> 99.714286 | AH64: =RANK(AG64, $AG$53:$AG$70) -> 6 | AJ64: 14 | AK64: 1439 | AL64: =AK64/AJ64 -> 102.78571 | AM64: =RANK(AL64,$AL$53:$AL$70) -> 7 | AO64: 14 | AP64: 1434 | AQ64: =AP64/AO64 -> 102.42857 | AR64: =RANK(AQ64,$AQ$53:$AQ$70) -> 7 | AT64: 14 | AU64: 1433 | AV64: =AU64/AT64 -> 102.35714 | AW64: =RANK(AV64,$AV$53:$AV$70) -> 6
C65: 13 | D65: 惡魔乳酪生義大利麵 | E65: =VLOOKUP(D65,'12產線配置圖 (2)'!$A$2:$C$25,2,0) -> 17 | F65: =VLOOKUP(D65,'12產線配置圖 (2)'!$A$2:$C$25,3,0) -> 1500 | G65: =F65/E65 -> 88.235294 | I65: =AVERAGE(P65,U65,Z65,AE65,AJ65,AO65,AT65) -> 16.285714 | J65: =AVERAGE(Q65,V65,AA65,AF65,AK65,AP65,AU65) -> 1410.2857 | K65: =AVERAGE(R65,W65,AB65,AG65,AL65,AQ65,AV65) -> 86.543067 | M65: =RANK(K65, K$53:$K$70) -> 8 | P65: 17 | Q65: 1499 | R65: =Q65/P65 -> 88.176471 | S65: =RANK(R65, $R$53:$R$70) -> 9 | U65: 16 | V65: 1403 | W65: =V65/U65 -> 87.6875 | X65: =RANK(W65,$W$53:$W$70) -> 8 | Z65: 16 | AA65: 1357 | AB65: =AA65/Z65 -> 84.8125 | AC65: =RANK(AB65, $AB$53:$AB$70) -> 9 | AE65: 15 | AF65: 1275 | AG65: =AF65/AE65 -> 85 | AH65: =RANK(AG65, $AG$53:$AG$70) -> 8 | AJ65: 17 | AK65: 1496 | AL65: =AK65/AJ65 -> 88 | AM65: =RANK(AL65,$AL$53:$AL$70) -> 9 | AO65: 16 | AP65: 1346 | AQ65: =AP65/AO65 -> 84.125 | AR65: =RANK(AQ65,$AQ$53:$AQ$70) -> 11 | AT65: 17 | AU65: 1496 | AV65: =AU65/AT65 -> 88 | AW65: =RANK(AV65,$AV$53:$AV$70) -> 9
C66: 14 | D66: 沙茶豬肉炒麵 | E66: =VLOOKUP(D66,'12產線配置圖 (2)'!$A$2:$C$25,2,0) -> 17 | F66: =VLOOKUP(D66,'12產線配置圖 (2)'!$A$2:$C$25,3,0) -> 1440 | G66: =F66/E66 -> 84.705882 | I66: =AVERAGE(P66,U66,Z66,AE66,AJ66,AO66,AT66) -> 15.571429 | J66: =AVERAGE(Q66,V66,AA66,AF66,AK66,AP66,AU66) -> 1209.4286 | K66: =AVERAGE(R66,W66,AB66,AG66,AL66,AQ66,AV66) -> 77.478411 | M66: =RANK(K66, K$53:$K$70) -> 13 | P66: 16 | Q66: 1261 | R66: =Q66/P66 -> 78.8125 | S66: =RANK(R66, $R$53:$R$70) -> 13 | U66: 15 | V66: 1061 | W66: =V66/U66 -> 70.733333 | X66: =RANK(W66,$W$53:$W$70) -> 15 | Z66: 14 | AA66: 1031 | AB66: =AA66/Z66 -> 73.642857 | AC66: =RANK(AB66, $AB$53:$AB$70) -> 13 | AE66: 14 | AF66: 1105 | AG66: =AF66/AE66 -> 78.928571 | AH66: =RANK(AG66, $AG$53:$AG$70) -> 13 | AJ66: 16 | AK66: 1215 | AL66: =AK66/AJ66 -> 75.9375 | AM66: =RANK(AL66,$AL$53:$AL$70) -> 13 | AO66: 17 | AP66: 1440 | AQ66: =AP66/AO66 -> 84.705882 | AR66: =RANK(AQ66,$AQ$53:$AQ$70) -> 10 | AT66: 17 | AU66: 1353 | AV66: =AU66/AT66 -> 79.588235 | AW66: =RANK(AV66,$AV$53:$AV$70) -> 13
C67: 15 | D67: 府城鹽水意麵 | E67: 17 | F67: =VLOOKUP(D67,'12產線配置圖 (2)'!$A$2:$C$25,3,0) -> 1440 | G67: =F67/E67 -> 84.705882 | I67: =AVERAGE(P67,U67,Z67,AE67,AJ67,AO67,AT67) -> 16.142857 | J67: =AVERAGE(Q67,V67,AA67,AF67,AK67,AP67,AU67) -> 1198.1429 | K67: =AVERAGE(R67,W67,AB67,AG67,AL67,AQ67,AV67) -> 74.190721 | M67: =RANK(K67, K$53:$K$70) -> 16 | P67: 17 | Q67: 1307 | R67: =Q67/P67 -> 76.882353 | S67: =RANK(R67, $R$53:$R$70) -> 15 | U67: 16 | V67: 1124 | W67: =V67/U67 -> 70.25 | X67: =RANK(W67,$W$53:$W$70) -> 16 | Z67: 16 | AA67: 1155 | AB67: =AA67/Z67 -> 72.1875 | AC67: =RANK(AB67, $AB$53:$AB$70) -> 15 | AE67: 15 | AF67: 1126 | AG67: =AF67/AE67 -> 75.066667 | AH67: =RANK(AG67, $AG$53:$AG$70) -> 16 | AJ67: 16 | AK67: 1054 | AL67: =AK67/AJ67 -> 65.875 | AM67: =RANK(AL67,$AL$53:$AL$70) -> 16 | AO67: 17 | AP67: 1289 | AQ67: =AP67/AO67 -> 75.823529 | AR67: =RANK(AQ67,$AQ$53:$AQ$70) -> 15 | AT67: 16 | AU67: 1332 | AV67: =AU67/AT67 -> 83.25 | AW67: =RANK(AV67,$AV$53:$AV$70) -> 12
C68: 16 | D68: 焗烤起司肉醬筆尖麵 | E68: =VLOOKUP(D68,'12產線配置圖 (2)'!$A$2:$C$25,2,0) -> 10 | F68: =VLOOKUP(D68,'12產線配置圖 (2)'!$A$2:$C$25,3,0) -> 1125 | G68: =F68/E68 -> 112.5 | I68: =AVERAGE(P68,U68,Z68,AE68,AJ68,AO68,AT68) -> 9.8571429 | J68: =AVERAGE(Q68,V68,AA68,AF68,AK68,AP68,AU68) -> 994.85714 | K68: =AVERAGE(R68,W68,AB68,AG68,AL68,AQ68,AV68) -> 100.8619 | M68: =RANK(K68, K$53:$K$70) -> 6 | P68: 10 | Q68: 993 | R68: =Q68/P68 -> 99.3 | S68: =RANK(R68, $R$53:$R$70) -> 7 | U68: 10 | V68: 917 | W68: =V68/U68 -> 91.7 | X68: =RANK(W68,$W$53:$W$70) -> 7 | Z68: 9 | AA68: 867 | AB68: =AA68/Z68 -> 96.333333 | AC68: =RANK(AB68, $AB$53:$AB$70) -> 6 | AE68: 10 | AF68: 1115 | AG68: =AF68/AE68 -> 111.5 | AH68: =RANK(AG68, $AG$53:$AG$70) -> 5 | AJ68: 10 | AK68: 1075 | AL68: =AK68/AJ68 -> 107.5 | AM68: =RANK(AL68,$AL$53:$AL$70) -> 6 | AO68: 10 | AP68: 1082 | AQ68: =AP68/AO68 -> 108.2 | AR68: =RANK(AQ68,$AQ$53:$AQ$70) -> 6 | AT68: 10 | AU68: 915 | AV68: =AU68/AT68 -> 91.5 | AW68: =RANK(AV68,$AV$53:$AV$70) -> 7
C69: 17
C70: 18
B71: 產線配置圖－每週更新 | N71: 資料繳交 | O71: 日期 | P71: 46042 | U71: 46043 | Z71: 46044 | AE71: 46045 | AJ71: 46046 | AO71: 46047 | AT71: 46048
P72: 二 | U72: 三 | Z72: 四 | AE72: 五 | AJ72: 六 | AO72: 日 | AT72: 一
B73: 品群 | C73: 商品名稱 | E73: 計畫 | H73: 平均人時性 | I73: 實績 | L73: 平均人時性 | M73: 排名 | O73: 日報 | P73: 實際 | T73: 平均人時性 | U73: 實際 | Y73: 平均人時性 | Z73: 實際 | AD73: 平均人時性 | AE73: 實際 | AI73: 平均人時性 | AJ73: 實際 | AN73: 平均人時性 | AO73: 實際 | AS73: 平均人時性 | AT73: 實際 | AX73: 平均人時性
E74: 產線配置圖 | I74: 產線配置圖 | P74: 生產實績 | U74: 生產實績 | Z74: 生產實績 | AE74: 生產實績 | AJ74: 生產實績 | AO74: 生產實績 | AT74: 生產實績
E75: 人數 | F75: 產能／時 | G75: 人時性 | I75: 人數 | J75: 產能／時 | K75: 人時性 | P75: 人數 | Q75: 產能／時 | R75: 人時性 | S75: 排名 | U75: 人數 | V75: 產能／時 | W75: 人時性 | X75: 排名 | Z75: 人數 | AA75: 產能／時 | AB75: 人時性 | AC75: 排名 | AE75: 人數 | AF75: 產能／時 | AG75: 人時性 | AH75: 排名 | AJ75: 人數 | AK75: 產能／時 | AL75: 人時性 | AM75: 排名 | AO75: 人數 | AP75: 產能／時 | AQ75: 人時性 | AR75: 排名 | AT75: 人數 | AU75: 產能／時 | AV75: 人時性 | AW75: 排名
B76: 熱食義麵 | C76: 1 | D76: 義式蕃茄起司義大利麵 | E76: =VLOOKUP(D76,'12產線配置圖 (2)'!$A$2:$C$25,2,0) -> 12 | F76: =VLOOKUP(D76,'12產線配置圖 (2)'!$A$2:$C$25,3,0) -> 2000 | G76: =F76/E76 -> 166.66667 | H76: =AVERAGE(G76:G90) -> 110.21214 | I76: =AVERAGE(P76,U76,Z76,AE76,AJ76,AO76,AT76) -> 12 | J76: =AVERAGE(Q76,V76,AA76,AF76,AK76,AP76,AU76) -> 1882 | K76: =AVERAGE(R76,W76,AB76,AG76,AL76,AQ76,AV76) -> 156.83333 | L76: =IFERROR(AVERAGE(K76:K93),"-") -> 99.893215 | M76: =RANK(K76, $K$76:$K$93) -> 1 | P76: 12 | Q76: 1810 | R76: =Q76/P76 -> 150.83333 | S76: =RANK(R76, $R$76:$R$93) -> 1 | T76: =AVERAGE(R76:R93) -> 97.387571 | U76: 12 | V76: 1780 | W76: =V76/U76 -> 148.33333 | X76: =RANK(W76, $W$76:$W$93) -> 2 | Y76: =AVERAGE(W76:W93) -> 96.40905 | Z76: 12 | AA76: 1833 | AB76: =AA76/Z76 -> 152.75 | AC76: =RANK(AB76, $AB$76:$AB$93) -> 1 | AD76: =AVERAGE(AB76:AB93) -> 98.422905 | AE76: 12 | AF76: 1937 | AG76: =AF76/AE76 -> 161.41667 | AH76: =RANK(AG76, $AG$76:$AG$93) -> 1 | AI76: =AVERAGE(AG76:AG93) -> 96.509446 | AJ76: 12 | AK76: 1949 | AL76: =AK76/AJ76 -> 162.41667 | AM76: =RANK(AL76, $AL$76:$AL$93) -> 1 | AN76: =AVERAGE(AL76:AL93) -> 104.58704 | AO76: 12 | AP76: 1912 | AQ76: =AP76/AO76 -> 159.33333 | AR76: =RANK(AQ76, $AQ$76:$AQ$93) -> 1 | AS76: =AVERAGE(AQ76:AQ93) -> 102.23506 | AT76: 12 | AU76: 1953 | AV76: =AU76/AT76 -> 162.75 | AW76: =RANK(AV76, $AV$76:$AV$93) -> 1 | AX76: =AVERAGE(AV76:AV93) -> 103.70143
C77: 2 | D77: 奶油培根義大利麵 | E77: =VLOOKUP(D77,'12產線配置圖 (2)'!$A$2:$C$25,2,0) -> 14 | F77: =VLOOKUP(D77,'12產線配置圖 (2)'!$A$2:$C$25,3,0) -> 2000 | G77: =F77/E77 -> 142.85714 | I77: =AVERAGE(P77,U77,Z77,AE77,AJ77,AO77,AT77) -> 14 | J77: =AVERAGE(Q77,V77,AA77,AF77,AK77,AP77,AU77) -> 1925 | K77: =AVERAGE(R77,W77,AB77,AG77,AL77,AQ77,AV77) -> 137.5 | M77: =RANK(K77, $K$76:$K$93) -> 3 | P77: 14 | Q77: 1840 | R77: =Q77/P77 -> 131.42857 | S77: =RANK(R77, $R$76:$R$93) -> 3 | U77: 14 | V77: 1940 | W77: =V77/U77 -> 138.57143 | X77: =RANK(W77, $W$76:$W$93) -> 3 | Z77: 14 | AA77: 1892 | AB77: =AA77/Z77 -> 135.14286 | AC77: =RANK(AB77, $AB$76:$AB$93) -> 3 | AE77: 14 | AF77: 1996 | AG77: =AF77/AE77 -> 142.57143 | AH77: =RANK(AG77, $AG$76:$AG$93) -> 2 | AJ77: 14 | AK77: 1959 | AL77: =AK77/AJ77 -> 139.92857 | AM77: =RANK(AL77, $AL$76:$AL$93) -> 4 | AO77: 14 | AP77: 1961 | AQ77: =AP77/AO77 -> 140.07143 | AR77: =RANK(AQ77, $AQ$76:$AQ$93) -> 4 | AT77: 14 | AU77: 1887 | AV77: =AU77/AT77 -> 134.78571 | AW77: =RANK(AV77, $AV$76:$AV$93) -> 4
C78: 3 | D78: 青醬蛤蜊義大利麵 | E78: =VLOOKUP(D78,'12產線配置圖 (2)'!$A$2:$C$25,2,0) -> 13 | F78: =VLOOKUP(D78,'12產線配置圖 (2)'!$A$2:$C$25,3,0) -> 2000 | G78: =F78/E78 -> 153.84615 | I78: =AVERAGE(P78,U78,Z78,AE78,AJ78,AO78,AT78) -> 13.142857 | J78: =AVERAGE(Q78,V78,AA78,AF78,AK78,AP78,AU78) -> 1839.4286 | K78: =AVERAGE(R78,W78,AB78,AG78,AL78,AQ78,AV78) -> 139.97331 | M78: =RANK(K78, $K$76:$K$93) -> 2 | P78: 14 | Q78: 1938 | R78: =Q78/P78 -> 138.42857 | S78: =RANK(R78, $R$76:$R$93) -> 2 | U78: 13 | V78: 1984 | W78: =V78/U78 -> 152.61538 | X78: =RANK(W78, $W$76:$W$93) -> 1 | Z78: 13 | AA78: 1961 | AB78: =AA78/Z78 -> 150.84615 | AC78: =RANK(AB78, $AB$76:$AB$93) -> 2 | AE78: 13 | AF78: 1310 | AG78: =AF78/AE78 -> 100.76923 | AH78: =RANK(AG78, $AG$76:$AG$93) -> 5 | AJ78: 13 | AK78: 1920 | AL78: =AK78/AJ78 -> 147.69231 | AM78: =RANK(AL78, $AL$76:$AL$93) -> 3 | AO78: 13 | AP78: 1977 | AQ78: =AP78/AO78 -> 152.07692 | AR78: =RANK(AQ78, $AQ$76:$AQ$93) -> 2 | AT78: 13 | AU78: 1786 | AV78: =AU78/AT78 -> 137.38462 | AW78: =RANK(AV78, $AV$76:$AV$93) -> 3
C79: 4 | D79: 焗烤起司雙饗筆尖麵 | E79: =VLOOKUP(D79,'12產線配置圖 (2)'!$A$2:$C$25,2,0) -> 18 | F79: =VLOOKUP(D79,'12產線配置圖 (2)'!$A$2:$C$25,3,0) -> 1600 | G79: =F79/E79 -> 88.888889 | I79: =AVERAGE(P79,U79,Z79,AE79,AJ79,AO79,AT79) -> 18 | J79: =AVERAGE(Q79,V79,AA79,AF79,AK79,AP79,AU79) -> 1503.1429 | K79: =AVERAGE(R79,W79,AB79,AG79,AL79,AQ79,AV79) -> 83.507937 | M79: =RANK(K79, $K$76:$K$93) -> 9 | P79: 18 | Q79: 1460 | R79: =Q79/P79 -> 81.111111 | S79: =RANK(R79, $R$76:$R$93) -> 11 | U79: 18 | V79: 1510 | W79: =V79/U79 -> 83.888889 | X79: =RANK(W79, $W$76:$W$93) -> 10 | Z79: 18 | AA79: 1474 | AB79: =AA79/Z79 -> 81.888889 | AC79: =RANK(AB79, $AB$76:$AB$93) -> 10 | AE79: 18 | AF79: 1526 | AG79: =AF79/AE79 -> 84.777778 | AH79: =RANK(AG79, $AG$76:$AG$93) -> 9 | AJ79: 18 | AK79: 1486 | AL79: =AK79/AJ79 -> 82.555556 | AM79: =RANK(AL79, $AL$76:$AL$93) -> 12 | AO79: 18 | AP79: 1563 | AQ79: =AP79/AO79 -> 86.833333 | AR79: =RANK(AQ79, $AQ$76:$AQ$93) -> 10 | AT79: 18 | AU79: 1503 | AV79: =AU79/AT79 -> 83.5 | AW79: =RANK(AV79, $AV$76:$AV$93) -> 11
C80: 5 | D80: 白酒蛤蜊義大利麵 | E80: =VLOOKUP(D80,'12產線配置圖 (2)'!$A$2:$C$25,2,0) -> 13 | F80: =VLOOKUP(D80,'12產線配置圖 (2)'!$A$2:$C$25,3,0) -> 2105 | G80: =F80/E80 -> 161.92308 | I80: =AVERAGE(P80,U80,Z80,AE80,AJ80,AO80,AT80) -> 13.714286 | J80: =AVERAGE(Q80,V80,AA80,AF80,AK80,AP80,AU80) -> 1843.8571 | K80: =AVERAGE(R80,W80,AB80,AG80,AL80,AQ80,AV80) -> 134.3595 | M80: =RANK(K80, $K$76:$K$93) -> 4 | P80: 13 | Q80: 1394 | R80: =Q80/P80 -> 107.23077 | S80: =RANK(R80, $R$76:$R$93) -> 5 | U80: 14 | V80: 1690 | W80: =V80/U80 -> 120.71429 | X80: =RANK(W80, $W$76:$W$93) -> 4 | Z80: 14 | AA80: 1753 | AB80: =AA80/Z80 -> 125.21429 | AC80: =RANK(AB80, $AB$76:$AB$93) -> 4 | AE80: 14 | AF80: 1885 | AG80: =AF80/AE80 -> 134.64286 | AH80: =RANK(AG80, $AG$76:$AG$93) -> 3 | AJ80: 13 | AK80: 1989 | AL80: =AK80/AJ80 -> 153 | AM80: =RANK(AL80, $AL$76:$AL$93) -> 2 | AO80: 14 | AP80: 2084 | AQ80: =AP80/AO80 -> 148.85714 | AR80: =RANK(AQ80, $AQ$76:$AQ$93) -> 3 | AT80: 14 | AU80: 2112 | AV80: =AU80/AT80 -> 150.85714 | AW80: =RANK(AV80, $AV$76:$AV$93) -> 2
C81: 6 | D81: 韓式起司炸雞義大利麵 | E81: =VLOOKUP(D81,'12產線配置圖 (2)'!$A$2:$C$25,2,0) -> 17 | F81: =VLOOKUP(D81,'12產線配置圖 (2)'!$A$2:$C$25,3,0) -> 2000 | G81: =F81/E81 -> 117.64706 | I81: =AVERAGE(P81,U81,Z81,AE81,AJ81,AO81,AT81) -> 16.571429 | J81: =AVERAGE(Q81,V81,AA81,AF81,AK81,AP81,AU81) -> 1771.7143 | K81: =AVERAGE(R81,W81,AB81,AG81,AL81,AQ81,AV81) -> 106.95558 | M81: =RANK(K81, $K$76:$K$93) -> 5 | P81: 17 | Q81: 1865 | R81: =Q81/P81 -> 109.70588 | S81: =RANK(R81, $R$76:$R$93) -> 4 | U81: 17 | V81: 1739 | W81: =V81/U81 -> 102.29412 | X81: =RANK(W81, $W$76:$W$93) -> 5 | Z81: 17 | AA81: 1963 | AB81: =AA81/Z81 -> 115.47059 | AC81: =RANK(AB81, $AB$76:$AB$93) -> 5 | AE81: 17 | AF81: 1623 | AG81: =AF81/AE81 -> 95.470588 | AH81: =RANK(AG81, $AG$76:$AG$93) -> 6 | AJ81: 17 | AK81: 1907 | AL81: =AK81/AJ81 -> 112.17647 | AM81: =RANK(AL81, $AL$76:$AL$93) -> 5 | AO81: 17 | AP81: 1785 | AQ81: =AP81/AO81 -> 105 | AR81: =RANK(AQ81, $AQ$76:$AQ$93) -> 5 | AT81: 14 | AU81: 1520 | AV81: =AU81/AT81 -> 108.57143 | AW81: =RANK(AV81, $AV$76:$AV$93) -> 6
C82: 7 | D82: 奶油蒜香雞義大利麵 | E82: =VLOOKUP(D82,'12產線配置圖 (2)'!$A$2:$C$25,2,0) -> 17 | F82: =VLOOKUP(D82,'12產線配置圖 (2)'!$A$2:$C$25,3,0) -> 1385 | G82: =F82/E82 -> 81.470588 | I82: =AVERAGE(P82,U82,Z82,AE82,AJ82,AO82,AT82) -> 15 | J82: =AVERAGE(Q82,V82,AA82,AF82,AK82,AP82,AU82) -> 1102 | K82: =AVERAGE(R82,W82,AB82,AG82,AL82,AQ82,AV82) -> 73.330867 | M82: =RANK(K82, $K$76:$K$93) -> 15 | P82: 15 | Q82: 1210 | R82: =Q82/P82 -> 80.666667 | S82: =RANK(R82, $R$76:$R$93) -> 13 | U82: 16 | V82: 1291 | W82: =V82/U82 -> 80.6875 | X82: =RANK(W82, $W$76:$W$93) -> 11 | Z82: 15 | AA82: 1015 | AB82: =AA82/Z82 -> 67.666667 | AC82: =RANK(AB82, $AB$76:$AB$93) -> 15 | AE82: 14 | AF82: 930 | AG82: =AF82/AE82 -> 66.428571 | AH82: =RANK(AG82, $AG$76:$AG$93) -> 15 | AJ82: 15 | AK82: 1014 | AL82: =AK82/AJ82 -> 67.6 | AM82: =RANK(AL82, $AL$76:$AL$93) -> 16 | AO82: 15 | AP82: 1108 | AQ82: =AP82/AO82 -> 73.866667 | AR82: =RANK(AQ82, $AQ$76:$AQ$93) -> 14 | AT82: 15 | AU82: 1146 | AV82: =AU82/AT82 -> 76.4 | AW82: =RANK(AV82, $AV$76:$AV$93) -> 16
C83: 8 | D83: 青花椒麻雞肉拌麵 | E83: =VLOOKUP(D83,'12產線配置圖 (2)'!$A$2:$C$25,2,0) -> 17 | F83: =VLOOKUP(D83,'12產線配置圖 (2)'!$A$2:$C$25,3,0) -> 1565 | G83: =F83/E83 -> 92.058824 | I83: =AVERAGE(P83,U83,Z83,AE83,AJ83,AO83,AT83) -> 15.857143 | J83: =AVERAGE(Q83,V83,AA83,AF83,AK83,AP83,AU83) -> 1255.8571 | K83: =AVERAGE(R83,W83,AB83,AG83,AL83,AQ83,AV83) -> 79.087665 | M83: =RANK(K83, $K$76:$K$93) -> 12 | P83: 15 | Q83: 1119 | R83: =Q83/P83 -> 74.6 | S83: =RANK(R83, $R$76:$R$93) -> 15 | U83: 16 | V83: 857 | W83: =V83/U83 -> 53.5625 | X83: =RANK(W83, $W$76:$W$93) -> 16 | Z83: 17 | AA83: 1559 | AB83: =AA83/Z83 -> 91.705882 | AC83: =RANK(AB83, $AB$76:$AB$93) -> 8 | AE83: 16 | AF83: 1355 | AG83: =AF83/AE83 -> 84.6875 | AH83: =RANK(AG83, $AG$76:$AG$93) -> 10 | AJ83: 17 | AK83: 1422 | AL83: =AK83/AJ83 -> 83.647059 | AM83: =RANK(AL83, $AL$76:$AL$93) -> 11 | AO83: 14 | AP83: 1173 | AQ83: =AP83/AO83 -> 83.785714 | AR83: =RANK(AQ83, $AQ$76:$AQ$93) -> 11 | AT83: 16 | AU83: 1306 | AV83: =AU83/AT83 -> 81.625 | AW83: =RANK(AV83, $AV$76:$AV$93) -> 12
C84: 9 | D84: 剝皮辣椒雞奶油扁麵 | E84: =VLOOKUP(D84,'12產線配置圖 (2)'!$A$2:$C$25,2,0) -> 18 | F84: =VLOOKUP(D84,'12產線配置圖 (2)'!$A$2:$C$25,3,0) -> 1565 | G84: =F84/E84 -> 86.944444 | I84: =AVERAGE(P84,U84,Z84,AE84,AJ84,AO84,AT84) -> 17.857143 | J84: =AVERAGE(Q84,V84,AA84,AF84,AK84,AP84,AU84) -> 1446.2857 | K84: =AVERAGE(R84,W84,AB84,AG84,AL84,AQ84,AV84) -> 81.035948 | M84: =RANK(K84, $K$76:$K$93) -> 11 | P84: 18 | Q84: 1463 | R84: =Q84/P84 -> 81.277778 | S84: =RANK(R84, $R$76:$R$93) -> 10 | U84: 18 | V84: 1550 | W84: =V84/U84 -> 86.111111 | X84: =RANK(W84, $W$76:$W$93) -> 9 | Z84: 18 | AA84: 1357 | AB84: =AA84/Z84 -> 75.388889 | AC84: =RANK(AB84, $AB$76:$AB$93) -> 11 | AE84: 18 | AF84: 1496 | AG84: =AF84/AE84 -> 83.111111 | AH84: =RANK(AG84, $AG$76:$AG$93) -> 12 | AJ84: 18 | AK84: 1519 | AL84: =AK84/AJ84 -> 84.388889 | AM84: =RANK(AL84, $AL$76:$AL$93) -> 10 | AO84: 18 | AP84: 1268 | AQ84: =AP84/AO84 -> 70.444444 | AR84: =RANK(AQ84, $AQ$76:$AQ$93) -> 15 | AT84: 17 | AU84: 1471 | AV84: =AU84/AT84 -> 86.529412 | AW84: =RANK(AV84, $AV$76:$AV$93) -> 10
C85: 10 | D85: 濃拿坡里義大利麵 | E85: =VLOOKUP(D85,'12產線配置圖 (2)'!$A$2:$C$25,2,0) -> 16 | F85: =VLOOKUP(D85,'12產線配置圖 (2)'!$A$2:$C$25,3,0) -> 1406 | G85: =F85/E85 -> 87.875 | I85: =AVERAGE(P85,U85,Z85,AE85,AJ85,AO85,AT85) -> 13.428571 | J85: =AVERAGE(Q85,V85,AA85,AF85,AK85,AP85,AU85) -> 1037.1429 | K85: =AVERAGE(R85,W85,AB85,AG85,AL85,AQ85,AV85) -> 77.663664 | M85: =RANK(K85, $K$76:$K$93) -> 13 | P85: 10 | Q85: 810 | R85: =Q85/P85 -> 81 | S85: =RANK(R85, $R$76:$R$93) -> 12 | U85: 13 | V85: 978 | W85: =V85/U85 -> 75.230769 | X85: =RANK(W85, $W$76:$W$93) -> 12 | Z85: 16 | AA85: 1185 | AB85: =AA85/Z85 -> 74.0625 | AC85: =RANK(AB85, $AB$76:$AB$93) -> 12 | AE85: 15 | AF85: 1076 | AG85: =AF85/AE85 -> 71.733333 | AH85: =RANK(AG85, $AG$76:$AG$93) -> 14 | AJ85: 12 | AK85: 1030 | AL85: =AK85/AJ85 -> 85.833333 | AM85: =RANK(AL85, $AL$76:$AL$93) -> 9 | AO85: 14 | AP85: 1090 | AQ85: =AP85/AO85 -> 77.857143 | AR85: =RANK(AQ85, $AQ$76:$AQ$93) -> 13 | AT85: 14 | AU85: 1091 | AV85: =AU85/AT85 -> 77.928571 | AW85: =RANK(AV85, $AV$76:$AV$93) -> 15
C86: 11 | D86: 奶油起司蝦仁通心粉 | E86: =VLOOKUP(D86,'12產線配置圖 (2)'!$A$2:$C$25,2,0) -> 14 | F86: =VLOOKUP(D86,'12產線配置圖 (2)'!$A$2:$C$25,3,0) -> 1440 | G86: =F86/E86 -> 102.85714 | I86: =AVERAGE(P86,U86,Z86,AE86,AJ86,AO86,AT86) -> 14.571429 | J86: =AVERAGE(Q86,V86,AA86,AF86,AK86,AP86,AU86) -> 1371.8571 | K86: =AVERAGE(R86,W86,AB86,AG86,AL86,AQ86,AV86) -> 94.185629 | M86: =RANK(K86, $K$76:$K$93) -> 8 | P86: 14 | Q86: 1207 | R86: =Q86/P86 -> 86.214286 | S86: =RANK(R86, $R$76:$R$93) -> 9 | U86: 16 | V86: 1431 | W86: =V86/U86 -> 89.4375 | X86: =RANK(W86, $W$76:$W$93) -> 8 | Z86: 14 | AA86: 1353 | AB86: =AA86/Z86 -> 96.642857 | AC86: =RANK(AB86, $AB$76:$AB$93) -> 7 | AE86: 14 | AF86: 1277 | AG86: =AF86/AE86 -> 91.214286 | AH86: =RANK(AG86, $AG$76:$AG$93) -> 8 | AJ86: 15 | AK86: 1475 | AL86: =AK86/AJ86 -> 98.333333 | AM86: =RANK(AL86, $AL$76:$AL$93) -> 8 | AO86: 15 | AP86: 1434 | AQ86: =AP86/AO86 -> 95.6 | AR86: =RANK(AQ86, $AQ$76:$AQ$93) -> 8 | AT86: 14 | AU86: 1426 | AV86: =AU86/AT86 -> 101.85714 | AW86: =RANK(AV86, $AV$76:$AV$93) -> 7
C87: 12 | D87: 惡魔乳酪生義大利麵 | E87: =VLOOKUP(D87,'12產線配置圖 (2)'!$A$2:$C$25,2,0) -> 17 | F87: =VLOOKUP(D87,'12產線配置圖 (2)'!$A$2:$C$25,3,0) -> 1500 | G87: =F87/E87 -> 88.235294 | I87: =AVERAGE(P87,U87,Z87,AE87,AJ87,AO87,AT87) -> 15.571429 | J87: =AVERAGE(Q87,V87,AA87,AF87,AK87,AP87,AU87) -> 1285.1429 | K87: =AVERAGE(R87,W87,AB87,AG87,AL87,AQ87,AV87) -> 82.174785 | M87: =RANK(K87, $K$76:$K$93) -> 10 | P87: 15 | Q87: 1309 | R87: =Q87/P87 -> 87.266667 | S87: =RANK(R87, $R$76:$R$93) -> 8 | U87: 13 | V87: 937 | W87: =V87/U87 -> 72.076923 | X87: =RANK(W87, $W$76:$W$93) -> 14 | Z87: 15 | AA87: 1105 | AB87: =AA87/Z87 -> 73.666667 | AC87: =RANK(AB87, $AB$76:$AB$93) -> 13 | AE87: 16 | AF87: 1353 | AG87: =AF87/AE87 -> 84.5625 | AH87: =RANK(AG87, $AG$76:$AG$93) -> 11 | AJ87: 17 | AK87: 1401 | AL87: =AK87/AJ87 -> 82.411765 | AM87: =RANK(AL87, $AL$76:$AL$93) -> 13 | AO87: 17 | AP87: 1482 | AQ87: =AP87/AO87 -> 87.176471 | AR87: =RANK(AQ87, $AQ$76:$AQ$93) -> 9 | AT87: 16 | AU87: 1409 | AV87: =AU87/AT87 -> 88.0625 | AW87: =RANK(AV87, $AV$76:$AV$93) -> 9
C88: 13 | D88: 沙茶豬肉炒麵 | E88: =VLOOKUP(D88,'12產線配置圖 (2)'!$A$2:$C$25,2,0) -> 17 | F88: =VLOOKUP(D88,'12產線配置圖 (2)'!$A$2:$C$25,3,0) -> 1440 | G88: =F88/E88 -> 84.705882 | I88: =AVERAGE(P88,U88,Z88,AE88,AJ88,AO88,AT88) -> 14.428571 | J88: =AVERAGE(Q88,V88,AA88,AF88,AK88,AP88,AU88) -> 1082.1429 | K88: =AVERAGE(R88,W88,AB88,AG88,AL88,AQ88,AV88) -> 75.156253 | M88: =RANK(K88, $K$76:$K$93) -> 14 | P88: 14 | Q88: 1071 | R88: =Q88/P88 -> 76.5 | S88: =RANK(R88, $R$76:$R$93) -> 14 | U88: 16 | V88: 1160 | W88: =V88/U88 -> 72.5 | X88: =RANK(W88, $W$76:$W$93) -> 13 | Z88: 14 | AA88: 986 | AB88: =AA88/Z88 -> 70.428571 | AC88: =RANK(AB88, $AB$76:$AB$93) -> 14 | AE88: 15 | AF88: 1152 | AG88: =AF88/AE88 -> 76.8 | AH88: =RANK(AG88, $AG$76:$AG$93) -> 13 | AJ88: 13 | AK88: 1051 | AL88: =AK88/AJ88 -> 80.846154 | AM88: =RANK(AL88, $AL$76:$AL$93) -> 14 | AO88: 15 | AP88: 1031 | AQ88: =AP88/AO88 -> 68.733333 | AR88: =RANK(AQ88, $AQ$76:$AQ$93) -> 16 | AT88: 14 | AU88: 1124 | AV88: =AU88/AT88 -> 80.285714 | AW88: =RANK(AV88, $AV$76:$AV$93) -> 13
C89: 14 | D89: 府城鹽水意麵 | E89: 17 | F89: =VLOOKUP(D89,'12產線配置圖 (2)'!$A$2:$C$25,3,0) -> 1440 | G89: =F89/E89 -> 84.705882 | I89: =AVERAGE(P89,U89,Z89,AE89,AJ89,AO89,AT89) -> 16.285714 | J89: =AVERAGE(Q89,V89,AA89,AF89,AK89,AP89,AU89) -> 1150.4286 | K89: =AVERAGE(R89,W89,AB89,AG89,AL89,AQ89,AV89) -> 71.026817 | M89: =RANK(K89, $K$76:$K$93) -> 16 | P89: 15 | Q89: 1119 | R89: =Q89/P89 -> 74.6 | S89: =RANK(R89, $R$76:$R$93) -> 15 | U89: 19 | V89: 1224 | W89: =V89/U89 -> 64.421053 | X89: =RANK(W89, $W$76:$W$93) -> 15 | Z89: 18 | AA89: 1218 | AB89: =AA89/Z89 -> 67.666667 | AC89: =RANK(AB89, $AB$76:$AB$93) -> 15 | AE89: 16 | AF89: 1017 | AG89: =AF89/AE89 -> 63.5625 | AH89: =RANK(AG89, $AG$76:$AG$93) -> 16 | AJ89: 16 | AK89: 1135 | AL89: =AK89/AJ89 -> 70.9375 | AM89: =RANK(AL89, $AL$76:$AL$93) -> 15 | AO89: 15 | AP89: 1170 | AQ89: =AP89/AO89 -> 78 | AR89: =RANK(AQ89, $AQ$76:$AQ$93) -> 12 | AT89: 15 | AU89: 1170 | AV89: =AU89/AT89 -> 78 | AW89: =RANK(AV89, $AV$76:$AV$93) -> 14
C90: 15 | D90: 焗烤起司肉醬筆尖麵 | E90: =VLOOKUP(D90,'12產線配置圖 (2)'!$A$2:$C$25,2,0) -> 10 | F90: =VLOOKUP(D90,'12產線配置圖 (2)'!$A$2:$C$25,3,0) -> 1125 | G90: =F90/E90 -> 112.5 | I90: =AVERAGE(P90,U90,Z90,AE90,AJ90,AO90,AT90) -> 9.8571429 | J90: =AVERAGE(Q90,V90,AA90,AF90,AK90,AP90,AU90) -> 974.42857 | K90: =AVERAGE(R90,W90,AB90,AG90,AL90,AQ90,AV90) -> 98.753968 | M90: =RANK(K90, $K$76:$K$93) -> 7 | P90: 10 | Q90: 914 | R90: =Q90/P90 -> 91.4 | S90: =RANK(R90, $R$76:$R$93) -> 7 | U90: 10 | V90: 1021 | W90: =V90/U90 -> 102.1 | X90: =RANK(W90, $W$76:$W$93) -> 6 | Z90: 10 | AA90: 901 | AB90: =AA90/Z90 -> 90.1 | AC90: =RANK(AB90, $AB$76:$AB$93) -> 9 | AE90: 9 | AF90: 826 | AG90: =AF90/AE90 -> 91.777778 | AH90: =RANK(AG90, $AG$76:$AG$93) -> 7 | AJ90: 10 | AK90: 1110 | AL90: =AK90/AJ90 -> 111 | AM90: =RANK(AL90, $AL$76:$AL$93) -> 6 | AO90: 10 | AP90: 1045 | AQ90: =AP90/AO90 -> 104.5 | AR90: =RANK(AQ90, $AQ$76:$AQ$93) -> 6 | AT90: 10 | AU90: 1004 | AV90: =AU90/AT90 -> 100.4 | AW90: =RANK(AV90, $AV$76:$AV$93) -> 8
C91: 16 | D91: 辣味香菜雞肉義大利麵 | E91: =VLOOKUP(D91,'12產線配置圖 (2)'!$A$2:$C$25,2,0) -> 16 | F91: =VLOOKUP(D91,'12產線配置圖 (2)'!$A$2:$C$25,3,0) -> 1800 | G91: =F91/E91 -> 112.5 | I91: =AVERAGE(P91,U91,Z91,AE91,AJ91,AO91,AT91) -> 15.714286 | J91: =AVERAGE(Q91,V91,AA91,AF91,AK91,AP91,AU91) -> 1676.4286 | K91: =AVERAGE(R91,W91,AB91,AG91,AL91,AQ91,AV91) -> 106.74617 | M91: =RANK(K91, $K$76:$K$93) -> 6 | P91: 16 | Q91: 1695 | R91: =Q91/P91 -> 105.9375 | S91: =RANK(R91, $R$76:$R$93) -> 6 | U91: 16 | V91: 1600 | W91: =V91/U91 -> 100 | X91: =RANK(W91, $W$76:$W$93) -> 7 | Z91: 16 | AA91: 1698 | AB91: =AA91/Z91 -> 106.125 | AC91: =RANK(AB91, $AB$76:$AB$93) -> 6 | AE91: 16 | AF91: 1770 | AG91: =AF91/AE91 -> 110.625 | AH91: =RANK(AG91, $AG$76:$AG$93) -> 4 | AJ91: 16 | AK91: 1770 | AL91: =AK91/AJ91 -> 110.625 | AM91: =RANK(AL91, $AL$76:$AL$93) -> 7 | AO91: 16 | AP91: 1658 | AQ91: =AP91/AO91 -> 103.625 | AR91: =RANK(AQ91, $AQ$76:$AQ$93) -> 7 | AT91: 14 | AU91: 1544 | AV91: =AU91/AT91 -> 110.28571 | AW91: =RANK(AV91, $AV$76:$AV$93) -> 5
C92: 17
C93: 18
B94: 產線配置圖－每週更新 | N94: 資料繳交 | O94: 日期 | P94: 46049 | U94: 46050 | Z94: 46051 | AE94: 46052 | AJ94: 46053 | AO94: 46054 | AT94: 46055
P95: 二 | U95: 三 | Z95: 四 | AE95: 五 | AJ95: 六 | AO95: 日 | AT95: 一
B96: 品群 | C96: 商品名稱 | E96: 計畫 | H96: 平均人時性 | I96: 實績 | L96: 平均人時性 | M96: 排名 | O96: 日報 | P96: 實際 | T96: 平均人時性 | U96: 實際 | Y96: 平均人時性 | Z96: 實際 | AD96: 平均人時性 | AE96: 實際 | AI96: 平均人時性 | AJ96: 實際 | AN96: 平均人時性 | AO96: 實際 | AS96: 平均人時性 | AT96: 實際 | AX96: 平均人時性
E97: 產線配置圖 | I97: 產線配置圖 | P97: 生產實績 | U97: 生產實績 | Z97: 生產實績 | AE97: 生產實績 | AJ97: 生產實績 | AO97: 生產實績 | AT97: 生產實績
E98: 人數 | F98: 產能／時 | G98: 人時性 | I98: 人數 | J98: 產能／時 | K98: 人時性 | P98: 人數 | Q98: 產能／時 | R98: 人時性 | S98: 排名 | U98: 人數 | V98: 產能／時 | W98: 人時性 | X98: 排名 | Z98: 人數 | AA98: 產能／時 | AB98: 人時性 | AC98: 排名 | AE98: 人數 | AF98: 產能／時 | AG98: 人時性 | AH98: 排名 | AJ98: 人數 | AK98: 產能／時 | AL98: 人時性 | AM98: 排名 | AO98: 人數 | AP98: 產能／時 | AQ98: 人時性 | AR98: 排名 | AT98: 人數 | AU98: 產能／時 | AV98: 人時性 | AW98: 排名
B99: 熱食義麵 | C99: 1 | D99: 義式蕃茄起司義大利麵 | E99: =VLOOKUP(D99,'12產線配置圖 (2)'!$A$2:$C$25,2,0) -> 12 | F99: =VLOOKUP(D99,'12產線配置圖 (2)'!$A$2:$C$25,3,0) -> 2000 | G99: =F99/E99 -> 166.66667 | H99: =AVERAGE(G99:G113) -> 106.52947 | I99: =AVERAGE(P99,U99,Z99,AE99,AJ99,AO99,AT99) -> 12 | J99: =AVERAGE(Q99,V99,AA99,AF99,AK99,AP99,AU99) -> 1855.2 | K99: =AVERAGE(R99,W99,AB99,AG99,AL99) -> 154.6 | L99: =IFERROR(AVERAGE(K99:K116),"-") -> 101.18678 | M99: =RANK(K99, K$99:$K$116) -> 1 | P99: 12 | Q99: 1802 | R99: =Q99/P99 -> 150.16667 | S99: =RANK(R99,$R$99:$R$116) -> 1 | T99: =AVERAGE(R99:R116) -> 100.94857 | U99: 12 | V99: 1849 | W99: =V99/U99 -> 154.08333 | X99: =RANK(W99,$W$99:$W$116) -> 1 | Y99: =AVERAGE(W99:W116) -> 102.6529 | Z99: 12 | AA99: 1923 | AB99: =AA99/Z99 -> 160.25 | AC99: =RANK(AB99, $AB$99:$AB$116) -> 1 | AD99: =AVERAGE(AB99:AB116) -> 99.210794 | AE99: 12 | AF99: 1797 | AG99: =AF99/AE99 -> 149.75 | AH99: =RANK(AG99,$AG$99:$AG$116) -> 1 | AI99: =AVERAGE(AG99:AG116) -> 99.752621 | AJ99: 12 | AK99: 1905 | AL99: =AK99/AJ99 -> 158.75 | AM99: =RANK(AL99,$AL$99:$AL$116) -> 1 | AN99: =AVERAGE(AL99:AL116) -> 103.36903 | AQ99: =AP99/AO99 -> #DIV/0! | AR99: =RANK(AQ99,$AQ$99:$AQ$116) -> #DIV/0! | AS99: =AVERAGE(AQ99:AQ116) -> #DIV/0! | AV99: =AU99/AT99 -> #DIV/0! | AW99: =RANK(AV99,$AV$99:$AV$116) -> #DIV/0! | AX99: =AVERAGE(AV99:AV116) -> #DIV/0!
C100: 2 | D100: 奶油培根義大利麵 | E100: =VLOOKUP(D100,'12產線配置圖 (2)'!$A$2:$C$25,2,0) -> 14 | F100: =VLOOKUP(D100,'12產線配置圖 (2)'!$A$2:$C$25,3,0) -> 2000 | G100: =F100/E100 -> 142.85714 | I100: =AVERAGE(P100,U100,Z100,AE100,AJ100,AO100,AT100) -> 14 | J100: =AVERAGE(Q100,V100,AA100,AF100,AK100,AP100,AU100) -> 1771 | K100: =AVERAGE(R100,W100,AB100,AG100,AL100) -> 126.5 | M100: =RANK(K100, K$99:$K$116) -> 4 | P100: 14 | Q100: 1794 | R100: =Q100/P100 -> 128.14286 | S100: =RANK(R100,$R$99:$R$116) -> 4 | U100: 14 | V100: 1793 | W100: =V100/U100 -> 128.07143 | X100: =RANK(W100,$W$99:$W$116) -> 4 | Z100: 14 | AA100: 1749 | AB100: =AA100/Z100 -> 124.92857 | AC100: =RANK(AB100, $AB$99:$AB$116) -> 4 | AE100: 14 | AF100: 1749 | AG100: =AF100/AE100 -> 124.92857 | AH100: =RANK(AG100,$AG$99:$AG$116) -> 4 | AJ100: 14 | AK100: 1770 | AL100: =AK100/AJ100 -> 126.42857 | AM100: =RANK(AL100,$AL$99:$AL$116) -> 4 | AQ100: =AP100/AO100 -> #DIV/0! | AR100: =RANK(AQ100,$AQ$99:$AQ$116) -> #DIV/0! | AV100: =AU100/AT100 -> #DIV/0! | AW100: =RANK(AV100,$AV$99:$AV$116) -> #DIV/0!
C101: 3 | D101: 青醬蛤蜊義大利麵 | E101: =VLOOKUP(D101,'12產線配置圖 (2)'!$A$2:$C$25,2,0) -> 13 | F101: =VLOOKUP(D101,'12產線配置圖 (2)'!$A$2:$C$25,3,0) -> 2000 | G101: =F101/E101 -> 153.84615 | I101: =AVERAGE(P101,U101,Z101,AE101,AJ101,AO101,AT101) -> 13.2 | J101: =AVERAGE(Q101,V101,AA101,AF101,AK101,AP101,AU101) -> 1905.2 | K101: =AVERAGE(R101,W101,AB101,AG101,AL101) -> 144.31209 | M101: =RANK(K101, K$99:$K$116) -> 2 | P101: 13 | Q101: 1900 | R101: =Q101/P101 -> 146.15385 | S101: =RANK(R101,$R$99:$R$116) -> 2 | U101: 14 | V101: 2040 | W101: =V101/U101 -> 145.71429 | X101: =RANK(W101,$W$99:$W$116) -> 2 | Z101: 13 | AA101: 1868 | AB101: =AA101/Z101 -> 143.69231 | AC101: =RANK(AB101, $AB$99:$AB$116) -> 2 | AE101: 13 | AF101: 1894 | AG101: =AF101/AE101 -> 145.69231 | AH101: =RANK(AG101,$AG$99:$AG$116) -> 2 | AJ101: 13 | AK101: 1824 | AL101: =AK101/AJ101 -> 140.30769 | AM101: =RANK(AL101,$AL$99:$AL$116) -> 2 | AQ101: =AP101/AO101 -> #DIV/0! | AR101: =RANK(AQ101,$AQ$99:$AQ$116) -> #DIV/0! | AV101: =AU101/AT101 -> #DIV/0! | AW101: =RANK(AV101,$AV$99:$AV$116) -> #DIV/0!
A102: 18 | C102: 4 | D102: 焗烤起司雙饗筆尖麵 | E102: =VLOOKUP(D102,'12產線配置圖 (2)'!$A$2:$C$25,2,0) -> 18 | F102: =VLOOKUP(D102,'12產線配置圖 (2)'!$A$2:$C$25,3,0) -> 1600 | G102: =F102/E102 -> 88.888889 | I102: =AVERAGE(P102,U102,Z102,AE102,AJ102,AO102,AT102) -> 18 | J102: =AVERAGE(Q102,V102,AA102,AF102,AK102,AP102,AU102) -> 1571.8 | K102: =AVERAGE(R102,W102,AB102,AG102,AL102) -> 87.322222 | M102: =RANK(K102, K$99:$K$116) -> 9 | P102: 18 | Q102: 1575 | R102: =Q102/P102 -> 87.5 | S102: =RANK(R102,$R$99:$R$116) -> 10 | U102: 18 | V102: 1564 | W102: =V102/U102 -> 86.888889 | X102: =RANK(W102,$W$99:$W$116) -> 9 | Z102: 18 | AA102: 1591 | AB102: =AA102/Z102 -> 88.388889 | AC102: =RANK(AB102, $AB$99:$AB$116) -> 9 | AE102: 18 | AF102: 1553 | AG102: =AF102/AE102 -> 86.277778 | AH102: =RANK(AG102,$AG$99:$AG$116) -> 11 | AJ102: 18 | AK102: 1576 | AL102: =AK102/AJ102 -> 87.555556 | AM102: =RANK(AL102,$AL$99:$AL$116) -> 10 | AQ102: =AP102/AO102 -> #DIV/0! | AR102: =RANK(AQ102,$AQ$99:$AQ$116) -> #DIV/0! | AV102: =AU102/AT102 -> #DIV/0! | AW102: =RANK(AV102,$AV$99:$AV$116) -> #DIV/0!
...

Sheet （５-3）品群別人時生產性(微波小吃)
B1: 月平均人時性 | C1: =AVERAGE(L7,L27,L47,L67,L87,L107) -> 104.17605
B2: 產線配置圖－每週更新 | N2: 資料繳交 | O2: 日期 | Z2: 46023 | AE2: 46024 | AJ2: 46025 | AO2: 46026 | AT2: 46027
P3: 二 | U3: 三 | Z3: 四 | AE3: 五 | AJ3: 六 | AO3: 日 | AT3: 一
B4: 品群 | C4: 商品名稱 | E4: 計畫 | H4: 平均人時性 | I4: 實績 | L4: 平均人時性 | M4: 排名 | O4: 日報 | P4: 實際 | T4: 平均人時性 | U4: 實際 | Y4: 平均人時性 | Z4: 實際 | AD4: 平均人時性 | AE4: 實際 | AI4: 平均人時性 | AJ4: 實際 | AN4: 平均人時性 | AO4: 實際 | AS4: 平均人時性 | AT4: 實際 | AX4: 平均人時性
E5: 產線配置圖 | I5: 產線配置圖 | P5: 生產實績 | U5: 生產實績 | Z5: 生產實績 | AE5: 生產實績 | AJ5: 生產實績 | AO5: 生產實績 | AT5: 生產實績
E6: 人數 | F6: 產能／時 | G6: 人時性 | I6: 人數 | J6: 產能／時 | K6: 人時性 | P6: 人數 | Q6: 產能／時 | R6: 人時性 | S6: 排名 | U6: 人數 | V6: 產能／時 | W6: 人時性 | X6: 排名 | Z6: 人數 | AA6: 產能／時 | AB6: 人時性 | AC6: 排名 | AE6: 人數 | AF6: 產能／時 | AG6: 人時性 | AH6: 排名 | AJ6: 人數 | AK6: 產能／時 | AL6: 人時性 | AM6: 排名 | AO6: 人數 | AP6: 產能／時 | AQ6: 人時性 | AR6: 排名 | AT6: 人數 | AU6: 產能／時 | AV6: 人時性 | AW6: 排名
B7: 微波小吃 | C7: 1 | D7: 小滷青蔬 | E7: =VLOOKUP(D7,'12產線配置圖 (2)'!$A$2:$C$30,2,0) -> 13 | F7: =VLOOKUP(D7,'12產線配置圖 (2)'!$A$2:$C$30,3,0) -> 1565 | G7: =F7/E7 -> 120.38462 | H7: =AVERAGE(G7:G21) -> 127.07265 | I7: =AVERAGE(P7,U7,Z7,AE7,AJ7,AO7,AT7) -> 12.6 | J7: =AVERAGE(Q7,V7,AA7,AF7,AK7,AP7,AU7) -> 1373.2 | K7: =AVERAGE(AB7,AG7,AL7,AQ7,AV7) -> 109.04487 | L7: =IFERROR(AVERAGE(K7:K21),"-") -> 104.21395 | M7: =RANK(K7,$K$7:$K$9) -> 2 | R7: =Q7/P7 -> #DIV/0! | S7: =RANK(R7, R$7:R$21) -> #DIV/0! | T7: =AVERAGE(R7:R21) -> #DIV/0! | W7: =V7/U7 -> #DIV/0! | X7: =RANK(W7,W$107:W$109) -> #DIV/0! | Y7: =AVERAGE(W7:W21) -> #DIV/0! | Z7: 13 | AA7: 1465 | AB7: =AA7/Z7 -> 112.69231 | AC7: =RANK(AB7,AB$7:AB$9) -> 2 | AD7: =AVERAGE(AB7:AB21) -> 113.59441 | AE7: 12 | AF7: 1347 | AG7: =AF7/AE7 -> 112.25 | AH7: =RANK(AG7,AG$7:AG$9) -> 2 | AI7: =AVERAGE(AG7:AG21) -> 93.712121 | AJ7: 13 | AK7: 1263 | AL7: =AK7/AJ7 -> 97.153846 | AM7: =RANK(AL7,AL$7:AL$9) -> 3 | AN7: =AVERAGE(AL7:AL21) -> 101.32906 | AO7: 12 | AP7: 1316 | AQ7: =AP7/AO7 -> 109.66667 | AR7: =RANK(AQ7,AQ$7:AQ$9) -> 2 | AS7: =AVERAGE(AQ7:AQ21) -> 102.86364 | AT7: 13 | AU7: 1475 | AV7: =AU7/AT7 -> 113.46154 | AW7: =RANK(AV7,AV$7:AV$9) -> 1 | AX7: =AVERAGE(AV7:AV21) -> 109.57051
C8: 2 | D8: 起司馬鈴薯 | E8: =VLOOKUP(D8,'12產線配置圖 (2)'!$A$2:$C$30,2,0) -> 12 | F8: =VLOOKUP(D8,'12產線配置圖 (2)'!$A$2:$C$30,3,0) -> 1565 | G8: =F8/E8 -> 130.41667 | I8: =AVERAGE(P8,U8,Z8,AE8,AJ8,AO8,AT8) -> 11.6 | J8: =AVERAGE(Q8,V8,AA8,AF8,AK8,AP8,AU8) -> 1318.2 | K8: =AVERAGE(AB8,AG8,AL8,AQ8,AV8) -> 113.70303 | M8: =RANK(K8,$K$7:$K$9) -> 1 | R8: =Q8/P8 -> #DIV/0! | S8: =RANK(R8, R$7:R$21) -> #DIV/0! | W8: =V8/U8 -> #DIV/0! | X8: =RANK(W8,W$107:W$109) -> #DIV/0! | Z8: 11 | AA8: 1211 | AB8: =AA8/Z8 -> 110.09091 | AC8: =RANK(AB8,AB$7:AB$9) -> 3 | AE8: 12 | AF8: 1455 | AG8: =AF8/AE8 -> 121.25 | AH8: =RANK(AG8,AG$7:AG$9) -> 1 | AJ8: 12 | AK8: 1296 | AL8: =AK8/AJ8 -> 108 | AM8: =RANK(AL8,AL$7:AL$9) -> 1 | AO8: 11 | AP8: 1332 | AQ8: =AP8/AO8 -> 121.09091 | AR8: =RANK(AQ8,AQ$7:AQ$9) -> 1 | AT8: 12 | AU8: 1297 | AV8: =AU8/AT8 -> 108.08333 | AW8: =RANK(AV8,AV$7:AV$9) -> 2
C9: 3 | D9: 台式綜合甜不辣 | E9: =VLOOKUP(D9,'12產線配置圖 (2)'!$A$2:$C$30,2,0) -> 12 | F9: =VLOOKUP(D9,'12產線配置圖 (2)'!$A$2:$C$30,3,0) -> 1565 | G9: =F9/E9 -> 130.41667 | I9: =AVERAGE(P9,U9,Z9,AE9,AJ9,AO9,AT9) -> 11.8 | J9: =AVERAGE(Q9,V9,AA9,AF9,AK9,AP9,AU9) -> 1069.2 | K9: =AVERAGE(AB9,AG9,AL9,AQ9,AV9) -> 89.893939 | M9: =RANK(K9,$K$7:$K$9) -> 3 | R9: =Q9/P9 -> #DIV/0! | S9: =RANK(R9, R$7:R$21) -> #DIV/0! | W9: =V9/U9 -> #DIV/0! | X9: =RANK(W9,W$107:W$109) -> #DIV/0! | Z9: 12 | AA9: 1416 | AB9: =AA9/Z9 -> 118 | AC9: =RANK(AB9,AB$7:AB$9) -> 1 | AE9: 11 | AF9: 524 | AG9: =AF9/AE9 -> 47.636364 | AH9: =RANK(AG9,AG$7:AG$9) -> 3 | AJ9: 12 | AK9: 1186 | AL9: =AK9/AJ9 -> 98.833333 | AM9: =RANK(AL9,AL$7:AL$9) -> 2 | AO9: 12 | AP9: 934 | AQ9: =AP9/AO9 -> 77.833333 | AR9: =RANK(AQ9,AQ$7:AQ$9) -> 3 | AT9: 12 | AU9: 1286 | AV9: =AU9/AT9 -> 107.16667 | AW9: =RANK(AV9,AV$7:AV$9) -> 3
C10: 4
C11: 5
C12: 6
C13: 7
C14: 8
C15: 9
C16: 10
C17: 11
C18: 12
C19: 13
C20: 14
C21: 15
B22: 產線配置圖－每週更新 | N22: 資料繳交 | O22: 日期 | P22: 46028 | U22: 46029 | Z22: 46030 | AE22: 46031 | AJ22: 46032 | AO22: 46033 | AT22: 46034
P23: 二 | U23: 三 | Z23: 四 | AE23: 五 | AJ23: 六 | AO23: 日 | AT23: 一
B24: 品群 | C24: 商品名稱 | E24: 計畫 | H24: 平均人時性 | I24: 實績 | L24: 平均人時性 | M24: 排名 | O24: 日報 | P24: 實際 | T24: 平均人時性 | U24: 實際 | Y24: 平均人時性 | Z24: 實際 | AD24: 平均人時性 | AE24: 實際 | AI24: 平均人時性 | AJ24: 實際 | AN24: 平均人時性 | AO24: 實際 | AS24: 平均人時性 | AT24: 實際 | AX24: 平均人時性
E25: 產線配置圖 | I25: 產線配置圖 | P25: 生產實績 | U25: 生產實績 | Z25: 生產實績 | AE25: 生產實績 | AJ25: 生產實績 | AO25: 生產實績 | AT25: 生產實績
E26: 人數 | F26: 產能／時 | G26: 人時性 | I26: 人數 | J26: 產能／時 | K26: 人時性 | P26: 人數 | Q26: 產能／時 | R26: 人時性 | S26: 排名 | U26: 人數 | V26: 產能／時 | W26: 人時性 | X26: 排名 | Z26: 人數 | AA26: 產能／時 | AB26: 人時性 | AC26: 排名 | AE26: 人數 | AF26: 產能／時 | AG26: 人時性 | AH26: 排名 | AJ26: 人數 | AK26: 產能／時 | AL26: 人時性 | AM26: 排名 | AO26: 人數 | AP26: 產能／時 | AQ26: 人時性 | AR26: 排名 | AT26: 人數 | AU26: 產能／時 | AV26: 人時性 | AW26: 排名
B27: 微波小吃 | C27: 1 | D27: 小滷青蔬 | E27: =VLOOKUP(D27,'12產線配置圖 (2)'!$A$2:$C$30,2,0) -> 13 | F27: =VLOOKUP(D27,'12產線配置圖 (2)'!$A$2:$C$30,3,0) -> 1565 | G27: =F27/E27 -> 120.38462 | H27: =AVERAGE(G27:G41) -> 127.07265 | I27: =AVERAGE(P27,U27,Z27,AE27,AJ27,AO27,AT27) -> 12.714286 | J27: =AVERAGE(Q27,V27,AA27,AF27,AK27,AP27,AU27) -> 1415.5714 | K27: =AVERAGE(R27,W27,AB27,AG27,AL27,AQ27,AV27) -> 111.3837 | L27: =IFERROR(AVERAGE(K27:K41),"-") -> 103.40193 | M27: =RANK(K27, K$27:$K$41) -> 2 | P27: 13 | Q27: 1436 | R27: =Q27/P27 -> 110.46154 | S27: =RANK(R27, $R$27:$R$41) -> 2 | T27: =AVERAGE(R27:R41) -> 104.2094 | U27: 13 | V27: 1335 | W27: =V27/U27 -> 102.69231 | X27: =RANK(W27, $W$27:$W$41) -> 2 | Y27: =AVERAGE(W27:W41) -> 93.258547 | Z27: 12 | AA27: 1285 | AB27: =AA27/Z27 -> 107.08333 | AC27: =RANK(AB27, $AB$27:$AB$29) -> 2 | AD27: =AVERAGE(AB27:AB41) -> 107.14899 | AE27: 12 | AF27: 1438 | AG27: =AF27/AE27 -> 119.83333 | AH27: =RANK(AG27, $AG$27:$AG$29) -> 1 | AI27: =AVERAGE(AG27:AG41) -> 100.32576 | AJ27: 13 | AK27: 1416 | AL27: =AK27/AJ27 -> 108.92308 | AM27: =RANK(AL27, $AL$27:$AL$29) -> 2 | AN27: =AVERAGE(AL27:AL41) -> 109.57436 | AO27: 13 | AP27: 1531 | AQ27: =AP27/AO27 -> 117.76923 | AR27: =RANK(AQ27, $AQ$27:$AQ$41) -> 2 | AS27: =AVERAGE(AQ27:AQ41) -> 104.44328 | AT27: 13 | AU27: 1468 | AV27: =AU27/AT27 -> 112.92308 | AW27: =RANK(AV27, $AV$27:$AV$41) -> 2 | AX27: =AVERAGE(AV27:AV41) -> 104.85315
C28: 2 | D28: 起司馬鈴薯 | E28: =VLOOKUP(D28,'12產線配置圖 (2)'!$A$2:$C$30,2,0) -> 12 | F28: =VLOOKUP(D28,'12產線配置圖 (2)'!$A$2:$C$30,3,0) -> 1565 | G28: =F28/E28 -> 130.41667 | I28: =AVERAGE(P28,U28,Z28,AE28,AJ28,AO28,AT28) -> 11.428571 | J28: =AVERAGE(Q28,V28,AA28,AF28,AK28,AP28,AU28) -> 1324.5714 | K28: =AVERAGE(R28,W28,AB28,AG28,AL28,AQ28,AV28) -> 115.87013 | M28: =RANK(K28, K$27:$K$41) -> 1 | P28: 12 | Q28: 1379 | R28: =Q28/P28 -> 114.91667 | S28: =RANK(R28, $R$27:$R$41) -> 1 | U28: 12 | V28: 1300 | W28: =V28/U28 -> 108.33333 | X28: =RANK(W28, $W$27:$W$41) -> 1 | Z28: 11 | AA28: 1214 | AB28: =AA28/Z28 -> 110.36364 | AC28: =RANK(AB28, $AB$27:$AB$29) -> 1 | AE28: 12 | AF28: 1373 | AG28: =AF28/AE28 -> 114.41667 | AH28: =RANK(AG28, $AG$27:$AG$29) -> 2 | AJ28: 10 | AK28: 1165 | AL28: =AK28/AJ28 -> 116.5 | AM28: =RANK(AL28, $AL$27:$AL$29) -> 1 | AO28: 12 | AP28: 1546 | AQ28: =AP28/AO28 -> 128.83333 | AR28: =RANK(AQ28, $AQ$27:$AQ$41) -> 1 | AT28: 11 | AU28: 1295 | AV28: =AU28/AT28 -> 117.72727 | AW28: =RANK(AV28, $AV$27:$AV$41) -> 1
C29: 3 | D29: 台式綜合甜不辣 | E29: =VLOOKUP(D29,'12產線配置圖 (2)'!$A$2:$C$30,2,0) -> 12 | F29: =VLOOKUP(D29,'12產線配置圖 (2)'!$A$2:$C$30,3,0) -> 1565 | G29: =F29/E29 -> 130.41667 | I29: =AVERAGE(P29,U29,Z29,AE29,AJ29,AO29,AT29) -> 11.142857 | J29: =AVERAGE(Q29,V29,AA29,AF29,AK29,AP29,AU29) -> 920 | K29: =AVERAGE(R29,W29,AB29,AG29,AL29,AQ29,AV29) -> 82.951948 | M29: =RANK(K29, K$27:$K$41) -> 3 | P29: 12 | Q29: 1047 | R29: =Q29/P29 -> 87.25 | S29: =RANK(R29, $R$27:$R$41) -> 3 | U29: 12 | V29: 825 | W29: =V29/U29 -> 68.75 | X29: =RANK(W29, $W$27:$W$41) -> 3 | Z29: 11 | AA29: 1144 | AB29: =AA29/Z29 -> 104 | AC29: =RANK(AB29, $AB$27:$AB$29) -> 3 | AE29: 11 | AF29: 734 | AG29: =AF29/AE29 -> 66.727273 | AH29: =RANK(AG29, $AG$27:$AG$29) -> 3 | AJ29: 10 | AK29: 1033 | AL29: =AK29/AJ29 -> 103.3 | AM29: =RANK(AL29, $AL$27:$AL$29) -> 3 | AO29: 11 | AP29: 734 | AQ29: =AP29/AO29 -> 66.727273 | AR29: =RANK(AQ29, $AQ$27:$AQ$41) -> 3 | AT29: 11 | AU29: 923 | AV29: =AU29/AT29 -> 83.909091 | AW29: =RANK(AV29, $AV$27:$AV$41) -> 3
C30: 4
C31: 5
C32: 6
C33: 7
C34: 8
C35: 9
C36: 10
C37: 11
C38: 12
C39: 13
C40: 14
C41: 15
B42: 產線配置圖－每週更新 | N42: 資料繳交 | O42: 日期 | P42: 46035 | U42: 46036 | Z42: 46037 | AE42: 46038 | AJ42: 46039 | AO42: 46040 | AT42: 46041
P43: 二 | U43: 三 | Z43: 四 | AE43: 五 | AJ43: 六 | AO43: 日 | AT43: 一
B44: 品群 | C44: 商品名稱 | E44: 計畫 | H44: 平均人時性 | I44: 實績 | L44: 平均人時性 | M44: 排名 | O44: 日報 | P44: 實際 | T44: 平均人時性 | U44: 實際 | Y44: 平均人時性 | Z44: 實際 | AD44: 平均人時性 | AE44: 實際 | AI44: 平均人時性 | AJ44: 實際 | AN44: 平均人時性 | AO44: 實際 | AS44: 平均人時性 | AT44: 實際 | AX44: 平均人時性
E45: 產線配置圖 | I45: 產線配置圖 | P45: 生產實績 | U45: 生產實績 | Z45: 生產實績 | AE45: 生產實績 | AJ45: 生產實績 | AO45: 生產實績 | AT45: 生產實績
E46: 人數 | F46: 產能／時 | G46: 人時性 | I46: 人數 | J46: 產能／時 | K46: 人時性 | P46: 人數 | Q46: 產能／時 | R46: 人時性 | S46: 排名 | U46: 人數 | V46: 產能／時 | W46: 人時性 | X46: 排名 | Z46: 人數 | AA46: 產能／時 | AB46: 人時性 | AC46: 排名 | AE46: 人數 | AF46: 產能／時 | AG46: 人時性 | AH46: 排名 | AJ46: 人數 | AK46: 產能／時 | AL46: 人時性 | AM46: 排名 | AO46: 人數 | AP46: 產能／時 | AQ46: 人時性 | AR46: 排名 | AT46: 人數 | AU46: 產能／時 | AV46: 人時性 | AW46: 排名
B47: 微波小吃 | C47: 1 | D47: 小滷青蔬 | E47: =VLOOKUP(D47,'12產線配置圖 (2)'!$A$2:$C$30,2,0) -> 13 | F47: =VLOOKUP(D47,'12產線配置圖 (2)'!$A$2:$C$30,3,0) -> 1565 | G47: =F47/E47 -> 120.38462 | H47: =AVERAGE(G47:G61) -> 127.07265 | I47: =AVERAGE(P47,U47,Z47,AE47,AJ47,AO47,AT47) -> 12.428571 | J47: =AVERAGE(Q47,V47,AA47,AF47,AK47,AP47,AU47) -> 1381.1429 | K47: =AVERAGE(R47,W47,AB47,AG47,AL47,AQ47,AV47) -> 111.17116 | L47: =IFERROR(AVERAGE(K47:K61),"-") -> 101.1751 | M47: =RANK(K47, K$47:$K$61) -> 2 | P47: 13 | Q47: 1546 | R47: =Q47/P47 -> 118.92308 | S47: =RANK(R47, $R$47:$R$49) -> 1 | T47: =AVERAGE(R47:R61) -> 96.792541 | U47: 13 | V47: 1471 | W47: =V47/U47 -> 113.15385 | X47: =RANK(W47, $W$47:$W$49) -> 2 | Y47: =AVERAGE(W47:W61) -> 112.41239 | Z47: 12 | AA47: 1378 | AB47: =AA47/Z47 -> 114.83333 | AC47: =RANK(AB47, $AB$47:$AB$49) -> 1 | AD47: =AVERAGE(AB47:AB61) -> 111.97475 | AE47: 11 | AF47: 1314 | AG47: =AF47/AE47 -> 119.45455 | AH47: =RANK(AG47,$AG$47:$AG$49) -> 1 | AI47: =AVERAGE(AG47:AG61) -> 98.909091 | AJ47: 12 | AK47: 1138 | AL47: =AK47/AJ47 -> 94.833333 | AM47: =RANK(AL47, $AL$47:$AL$49) -> 2 | AN47: =AVERAGE(AL47:AL61) -> 89.126263 | AO47: 13 | AP47: 1346 | AQ47: =AP47/AO47 -> 103.53846 | AR47: =RANK(AQ47,$AQ$47:$AQ$49) -> 2 | AS47: =AVERAGE(AQ47:AQ61) -> 90.856838 | AT47: 13 | AU47: 1475 | AV47: =AU47/AT47 -> 113.46154 | AW47: =RANK(AV47,$AV$47:$AV$49) -> 2 | AX47: =AVERAGE(AV47:AV61) -> 108.15385
C48: 2 | D48: 起司馬鈴薯 | E48: =VLOOKUP(D48,'12產線配置圖 (2)'!$A$2:$C$30,2,0) -> 12 | F48: =VLOOKUP(D48,'12產線配置圖 (2)'!$A$2:$C$30,3,0) -> 1565 | G48: =F48/E48 -> 130.41667 | I48: =AVERAGE(P48,U48,Z48,AE48,AJ48,AO48,AT48) -> 11.428571 | J48: =AVERAGE(Q48,V48,AA48,AF48,AK48,AP48,AU48) -> 1290 | K48: =AVERAGE(R48,W48,AB48,AG48,AL48,AQ48,AV48) -> 112.88095 | M48: =RANK(K48, K$47:$K$61) -> 1 | P48: 11 | Q48: 1233 | R48: =Q48/P48 -> 112.09091 | S48: =RANK(R48, $R$47:$R$49) -> 2 | U48: 12 | V48: 1297 | W48: =V48/U48 -> 108.08333 | X48: =RANK(W48, $W$47:$W$49) -> 3 | Z48: 11 | AA48: 1244 | AB48: =AA48/Z48 -> 113.09091 | AC48: =RANK(AB48, $AB$47:$AB$49) -> 2 | AE48: 11 | AF48: 1196 | AG48: =AF48/AE48 -> 108.72727 | AH48: =RANK(AG48,$AG$47:$AG$49) -> 2 | AJ48: 11 | AK48: 1299 | AL48: =AK48/AJ48 -> 118.09091 | AM48: =RANK(AL48, $AL$47:$AL$49) -> 1 | AO48: 12 | AP48: 1313 | AQ48: =AP48/AO48 -> 109.41667 | AR48: =RANK(AQ48,$AQ$47:$AQ$49) -> 1 | AT48: 12 | AU48: 1448 | AV48: =AU48/AT48 -> 120.66667 | AW48: =RANK(AV48,$AV$47:$AV$49) -> 1
C49: 3 | D49: 台式綜合甜不辣 | E49: =VLOOKUP(D49,'12產線配置圖 (2)'!$A$2:$C$30,2,0) -> 12 | F49: =VLOOKUP(D49,'12產線配置圖 (2)'!$A$2:$C$30,3,0) -> 1565 | G49: =F49/E49 -> 130.41667 | I49: =AVERAGE(P49,U49,Z49,AE49,AJ49,AO49,AT49) -> 11.571429 | J49: =AVERAGE(Q49,V49,AA49,AF49,AK49,AP49,AU49) -> 920.71429 | K49: =AVERAGE(R49,W49,AB49,AG49,AL49,AQ49,AV49) -> 79.473193 | M49: =RANK(K49, K$47:$K$61) -> 3 | P49: 11 | Q49: 653 | R49: =Q49/P49 -> 59.363636 | S49: =RANK(R49, $R$47:$R$49) -> 3 | U49: 12 | V49: 1392 | W49: =V49/U49 -> 116 | X49: =RANK(W49, $W$47:$W$49) -> 1 | Z49: 11 | AA49: 1188 | AB49: =AA49/Z49 -> 108 | AC49: =RANK(AB49, $AB$47:$AB$49) -> 3 | AE49: 11 | AF49: 754 | AG49: =AF49/AE49 -> 68.545455 | AH49: =RANK(AG49,$AG$47:$AG$49) -> 3 | AJ49: 11 | AK49: 599 | AL49: =AK49/AJ49 -> 54.454545 | AM49: =RANK(AL49, $AL$47:$AL$49) -> 3 | AO49: 13 | AP49: 775 | AQ49: =AP49/AO49 -> 59.615385 | AR49: =RANK(AQ49,$AQ$47:$AQ$49) -> 3 | AT49: 12 | AU49: 1084 | AV49: =AU49/AT49 -> 90.333333 | AW49: =RANK(AV49,$AV$47:$AV$49) -> 3
C50: 4
C51: 5
C52: 6
C53: 7
C54: 8
C55: 9
C56: 10
C57: 11
C58: 12
C59: 13
C60: 14
C61: 15
B62: 產線配置圖－每週更新 | N62: 資料繳交 | O62: 日期 | P62: 46042 | U62: 46043 | Z62: 46044 | AE62: 46045 | AJ62: 46046 | AO62: 46047 | AT62: 46048
P63: 二 | U63: 三 | Z63: 四 | AE63: 五 | AJ63: 六 | AO63: 日 | AT63: 一
B64: 品群 | C64: 商品名稱 | E64: 計畫 | H64: 平均人時性 | I64: 實績 | L64: 平均人時性 | M64: 排名 | O64: 日報 | P64: 實際 | T64: 平均人時性 | U64: 實際 | Y64: 平均人時性 | Z64: 實際 | AD64: 平均人時性 | AE64: 實際 | AI64: 平均人時性 | AJ64: 實際 | AN64: 平均人時性 | AO64: 實際 | AS64: 平均人時性 | AT64: 實際 | AX64: 平均人時性
E65: 產線配置圖 | I65: 產線配置圖 | P65: 生產實績 | U65: 生產實績 | Z65: 生產實績 | AE65: 生產實績 | AJ65: 生產實績 | AO65: 生產實績 | AT65: 生產實績
E66: 人數 | F66: 產能／時 | G66: 人時性 | I66: 人數 | J66: 產能／時 | K66: 人時性 | P66: 人數 | Q66: 產能／時 | R66: 人時性 | S66: 排名 | U66: 人數 | V66: 產能／時 | W66: 人時性 | X66: 排名 | Z66: 人數 | AA66: 產能／時 | AB66: 人時性 | AC66: 排名 | AE66: 人數 | AF66: 產能／時 | AG66: 人時性 | AH66: 排名 | AJ66: 人數 | AK66: 產能／時 | AL66: 人時性 | AM66: 排名 | AO66: 人數 | AP66: 產能／時 | AQ66: 人時性 | AR66: 排名 | AT66: 人數 | AU66: 產能／時 | AV66: 人時性 | AW66: 排名
B67: 微波小吃 | C67: 1 | D67: 小滷青蔬 | E67: =VLOOKUP(D67,'12產線配置圖 (2)'!$A$2:$C$30,2,0) -> 13 | F67: =VLOOKUP(D67,'12產線配置圖 (2)'!$A$2:$C$30,3,0) -> 1565 | G67: =F67/E67 -> 120.38462 | H67: =AVERAGE(G67:G81) -> 127.90865 | I67: =AVERAGE(P67,U67,Z66,AE67,AJ67,AO67,AT67) -> 13 | J67: =AVERAGE(Q67,V67,AA67,AF67,AK67,AP67,AU67) -> 1437 | K67: =AVERAGE(R67,W67,AB67,AG67,AL67,AQ67,AV67) -> 110.53846 | L67: =IFERROR(AVERAGE(K67:K81),"-") -> 104.71854 | M67: =RANK(K67, K$67:$K$81) -> 3 | P67: 13 | Q67: 1487 | R67: =Q67/P67 -> 114.38462 | S67: =RANK(R67,$R$67:$R$81) -> 1 | T67: =AVERAGE(R67:R81) -> 89.554487 | U67: 13 | V67: 1560 | W67: =V67/U67 -> 120 | X67: =RANK(W67,$W$67:$W$81) -> 2 | Y67: =AVERAGE(W67:W81) -> 110.4625 | Z67: 13 | AA67: 1219 | AB67: =AA67/Z67 -> 93.769231 | AC67: =RANK(AB67, $AB$67:$AB$81) -> 4 | AD67: =AVERAGE(AB67:AB81) -> 106.46314 | AE67: 13 | AF67: 1467 | AG67: =AF67/AE67 -> 112.84615 | AH67: =RANK(AG67, $AG$67:$AG$81) -> 2 | AI67: =AVERAGE(AG67:AG81) -> 103.14904 | AJ67: 13 | AK67: 1433 | AL67: =AK67/AJ67 -> 110.23077 | AM67: =RANK(AL67, $AL$67:$AL$81) -> 3 | AN67: =AVERAGE(AL67:AL81) -> 103.93269 | AO67: 13 | AP67: 1482 | AQ67: =AP67/AO67 -> 114 | AR67: =RANK(AQ67, $AQ$67:$AQ$81) -> 2 | AS67: =AVERAGE(AQ67:AQ81) -> 103.10417 | AT67: 13 | AU67: 1411 | AV67: =AU67/AT67 -> 108.53846 | AW67: =RANK(AV67, $AV$67:$AV$81) -> 4 | AX67: =AVERAGE(AV67:AV81) -> 116.36378
C68: 2 | D68: 起司馬鈴薯 | E68: =VLOOKUP(D68,'12產線配置圖 (2)'!$A$2:$C$30,2,0) -> 12 | F68: =VLOOKUP(D68,'12產線配置圖 (2)'!$A$2:$C$30,3,0) -> 1565 | G68: =F68/E68 -> 130.41667 | I68: =AVERAGE(P68,U68,Z67,AE68,AJ68,AO68,AT68) -> 12.142857 | J68: =AVERAGE(Q68,V68,AA68,AF68,AK68,AP68,AU68) -> 1393.7143 | K68: =AVERAGE(R68,W68,AB68,AG68,AL68,AQ68,AV68) -> 116.14286 | M68: =RANK(K68, K$67:$K$81) -> 1 | P68: 12 | Q68: 1123 | R68: =Q68/P68 -> 93.583333 | S68: =RANK(R68,$R$67:$R$81) -> 2 | U68: 12 | V68: 1537 | W68: =V68/U68 -> 128.08333 | X68: =RANK(W68,$W$67:$W$81) -> 1 | Z68: 12 | AA68: 1401 | AB68: =AA68/Z68 -> 116.75 | AC68: =RANK(AB68, $AB$67:$AB$81) -> 1 | AE68: 12 | AF68: 1499 | AG68: =AF68/AE68 -> 124.91667 | AH68: =RANK(AG68, $AG$67:$AG$81) -> 1 | AJ68: 12 | AK68: 1365 | AL68: =AK68/AJ68 -> 113.75 | AM68: =RANK(AL68, $AL$67:$AL$81) -> 2 | AO68: 12 | AP68: 1305 | AQ68: =AP68/AO68 -> 108.75 | AR68: =RANK(AQ68, $AQ$67:$AQ$81) -> 3 | AT68: 12 | AU68: 1526 | AV68: =AU68/AT68 -> 127.16667 | AW68: =RANK(AV68, $AV$67:$AV$81) -> 1
C69: 3 | D69: 台式綜合甜不辣 | E69: =VLOOKUP(D69,'12產線配置圖 (2)'!$A$2:$C$30,2,0) -> 12 | F69: =VLOOKUP(D69,'12產線配置圖 (2)'!$A$2:$C$30,3,0) -> 1565 | G69: =F69/E69 -> 130.41667 | I69: =AVERAGE(P69,U69,Z69,AE69,AJ69,AO69,AT69) -> 11.714286 | J69: =AVERAGE(Q69,V69,AA69,AF69,AK69,AP69,AU69) -> 934.71429 | K69: =AVERAGE(R69,W69,AB69,AG69,AL69,AQ69,AV69) -> 79.657143 | M69: =RANK(K69, K$67:$K$81) -> 4 | P69: 12 | Q69: 739 | R69: =Q69/P69 -> 61.583333 | S69: =RANK(R69,$R$67:$R$81) -> 4 | U69: 10 | V69: 741 | W69: =V69/U69 -> 74.1 | X69: =RANK(W69,$W$67:$W$81) -> 4 | Z69: 12 | AA69: 1251 | AB69: =AA69/Z69 -> 104.25 | AC69: =RANK(AB69, $AB$67:$AB$81) -> 3 | AE69: 12 | AF69: 813 | AG69: =AF69/AE69 -> 67.75 | AH69: =RANK(AG69, $AG$67:$AG$81) -> 4 | AJ69: 12 | AK69: 904 | AL69: =AK69/AJ69 -> 75.333333 | AM69: =RANK(AL69, $AL$67:$AL$81) -> 4 | AO69: 12 | AP69: 730 | AQ69: =AP69/AO69 -> 60.833333 | AR69: =RANK(AQ69, $AQ$67:$AQ$81) -> 4 | AT69: 12 | AU69: 1365 | AV69: =AU69/AT69 -> 113.75 | AW69: =RANK(AV69, $AV$67:$AV$81) -> 3
C70: 4 | D70: 三杯菇菇米血 | E70: =VLOOKUP(D70,'12產線配置圖 (2)'!$A$2:$C$30,2,0) -> 12 | F70: =VLOOKUP(D70,'12產線配置圖 (2)'!$A$2:$C$30,3,0) -> 1565 | G70: =F70/E70 -> 130.41667 | I70: =AVERAGE(P70,U70,Z70,AE70,AJ70,AO70,AT70) -> 12 | J70: =AVERAGE(Q70,V70,AA70,AF70,AK70,AP70,AU70) -> 1350.4286 | K70: =AVERAGE(R70,W70,AB70,AG70,AL70,AQ70,AV70) -> 112.53571 | M70: =RANK(K70, K$67:$K$81) -> 2 | P70: 12 | Q70: 1064 | R70: =Q70/P70 -> 88.666667 | S70: =RANK(R70,$R$67:$R$81) -> 3 | U70: 12 | V70: 1436 | W70: =V70/U70 -> 119.66667 | X70: =RANK(W70,$W$67:$W$81) -> 3 | Z70: 12 | AA70: 1333 | AB70: =AA70/Z70 -> 111.08333 | AC70: =RANK(AB70, $AB$67:$AB$81) -> 2 | AE70: 12 | AF70: 1285 | AG70: =AF70/AE70 -> 107.08333 | AH70: =RANK(AG70, $AG$67:$AG$81) -> 3 | AJ70: 12 | AK70: 1397 | AL70: =AK70/AJ70 -> 116.41667 | AM70: =RANK(AL70, $AL$67:$AL$81) -> 1 | AO70: 12 | AP70: 1546 | AQ70: =AP70/AO70 -> 128.83333 | AR70: =RANK(AQ70, $AQ$67:$AQ$81) -> 1 | AT70: 12 | AU70: 1392 | AV70: =AU70/AT70 -> 116 | AW70: =RANK(AV70, $AV$67:$AV$81) -> 2
C71: 5
C72: 6
C73: 7
C74: 8
C75: 9
C76: 10
C77: 11
C78: 12
C79: 13
C80: 14
C81: 15
B82: 產線配置圖－每週更新 | N82: 資料繳交 | O82: 日期 | P82: 46049 | U82: 46050 | Z82: 46051 | AE82: 46052 | AJ82: 46053 | AO82: 46054 | AT82: 46055
P83: 二 | U83: 三 | Z83: 四 | AE83: 五 | AJ83: 六 | AO83: 日 | AT83: 一
B84: 品群 | C84: 商品名稱 | E84: 計畫 | H84: 平均人時性 | I84: 實績 | L84: 平均人時性 | M84: 排名 | O84: 日報 | P84: 實際 | T84: 平均人時性 | U84: 實際 | Y84: 平均人時性 | Z84: 實際 | AD84: 平均人時性 | AE84: 實際 | AI84: 平均人時性 | AJ84: 實際 | AN84: 平均人時性 | AO84: 實際 | AS84: 平均人時性 | AT84: 實際 | AX84: 平均人時性
E85: 產線配置圖 | I85: 產線配置圖 | P85: 生產實績 | U85: 生產實績 | Z85: 生產實績 | AE85: 生產實績 | AJ85: 生產實績 | AO85: 生產實績 | AT85: 生產實績
E86: 人數 | F86: 產能／時 | G86: 人時性 | I86: 人數 | J86: 產能／時 | K86: 人時性 | P86: 人數 | Q86: 產能／時 | R86: 人時性 | S86: 排名 | U86: 人數 | V86: 產能／時 | W86: 人時性 | X86: 排名 | Z86: 人數 | AA86: 產能／時 | AB86: 人時性 | AC86: 排名 | AE86: 人數 | AF86: 產能／時 | AG86: 人時性 | AH86: 排名 | AJ86: 人數 | AK86: 產能／時 | AL86: 人時性 | AM86: 排名 | AO86: 人數 | AP86: 產能／時 | AQ86: 人時性 | AR86: 排名 | AT86: 人數 | AU86: 產能／時 | AV86: 人時性 | AW86: 排名
B87: 微波小吃 | C87: 1 | D87: 小滷青蔬 | E87: =VLOOKUP(D87,'12產線配置圖 (2)'!$A$2:$C$30,2,0) -> 13 | F87: =VLOOKUP(D87,'12產線配置圖 (2)'!$A$2:$C$30,3,0) -> 1565 | G87: =F87/E87 -> 120.38462 | H87: =AVERAGE(G87:G101) -> 127.90865 | I87: =AVERAGE(P87,U87,Z86,AE87,AJ87,AO87,AT87) -> 13 | J87: =AVERAGE(Q87,V87,AA87,AF87,AK87,AP87,AU87) -> 1484 | K87: =AVERAGE(R87,W87,AB87,AG87,AL87) -> 114.15385 | L87: =IFERROR(AVERAGE(K87:K101),"-") -> 107.37075 | M87: =RANK(K87,$K$87:$K$101) -> 3 | P87: 13 | Q87: 1554 | R87: =Q87/P87 -> 119.53846 | S87: =RANK(R87,$R$87:$R$101) -> 3 | T87: =AVERAGE(R87:R101) -> 112.30128 | U87: 13 | V87: 1553 | W87: =V87/U87 -> 119.46154 | X87: =RANK(W87,$W$87:$W$101) -> 3 | Y87: =AVERAGE(W87:W101) -> 110.65705 | Z87: 13 | AA87: 1337 | AB87: =AA87/Z87 -> 102.84615 | AC87: =RANK(AB87, $AB$87:$AB$101) -> 3 | AD87: =AVERAGE(AB87:AB101) -> 106.31571 | AE87: 13 | AF87: 1545 | AG87: =AF87/AE87 -> 118.84615 | AH87: =RANK(AG87,$AG$87:$AG$101) -> 3 | AI87: =AVERAGE(AG87:AG101) -> 101.83654 | AJ87: 13 | AK87: 1431 | AL87: =AK87/AJ87 -> 110.07692 | AM87: =RANK(AL87,$AL$87:$AL$101) -> 3 | AN87: =AVERAGE(AL87:AL101) -> 118.80342 | AQ87: =AP87/AO87 -> #DIV/0! | AR87: =RANK(AQ87, $AQ$67:$AQ$69) -> #DIV/0! | AS87: =AVERAGE(AQ87:AQ101) -> #DIV/0! | AV87: =AU87/AT87 -> #DIV/0! | AW87: =RANK(AV87, $AV$67:$AV$69) -> #DIV/0! | AX87: =AVERAGE(AV87:AV101) -> #DIV/0!
C88: 2 | D88: 起司馬鈴薯 | E88: =VLOOKUP(D88,'12產線配置圖 (2)'!$A$2:$C$30,2,0) -> 12 | F88: =VLOOKUP(D88,'12產線配置圖 (2)'!$A$2:$C$30,3,0) -> 1565 | G88: =F88/E88 -> 130.41667 | I88: =AVERAGE(P88,U88,Z87,AE88,AJ88,AO88,AT88) -> 12.2 | J88: =AVERAGE(Q88,V88,AA88,AF88,AK88,AP88,AU88) -> 1518.8 | K88: =AVERAGE(R88,W88,AB88,AG88,AL88) -> 126.56667 | M88: =RANK(K88,$K$87:$K$101) -> 1 | P88: 12 | Q88: 1502 | R88: =Q88/P88 -> 125.16667 | S88: =RANK(R88,$R$87:$R$101) -> 1 | U88: 12 | V88: 1526 | W88: =V88/U88 -> 127.16667 | X88: =RANK(W88,$W$87:$W$101) -> 1 | Z88: 12 | AA88: 1526 | AB88: =AA88/Z88 -> 127.16667 | AC88: =RANK(AB88, $AB$87:$AB$101) -> 1 | AE88: 12 | AF88: 1546 | AG88: =AF88/AE88 -> 128.83333 | AH88: =RANK(AG88,$AG$87:$AG$101) -> 1 | AJ88: 12 | AK88: 1494 | AL88: =AK88/AJ88 -> 124.5 | AM88: =RANK(AL88,$AL$87:$AL$101) -> 1 | AQ88: =AP88/AO88 -> #DIV/0! | AR88: =RANK(AQ88, $AQ$67:$AQ$69) -> #DIV/0! | AV88: =AU88/AT88 -> #DIV/0! | AW88: =RANK(AV88, $AV$67:$AV$69) -> #DIV/0!
C89: 3 | D89: 台式綜合甜不辣 | E89: =VLOOKUP(D89,'12產線配置圖 (2)'!$A$2:$C$30,2,0) -> 12 | F89: =VLOOKUP(D89,'12產線配置圖 (2)'!$A$2:$C$30,3,0) -> 1565 | G89: =F89/E89 -> 130.41667 | I89: =AVERAGE(P89,U89,Z89,AE89,AJ89,AO89,AT89) -> 12 | J89: =AVERAGE(Q89,V89,AA89,AF89,AK89,AP89,AU89) -> 798.75 | K89: =AVERAGE(R89,W89,AB89,AG89,AL89) -> 66.5625 | M89: =RANK(K89,$K$87:$K$101) -> 4 | P89: 12 | Q89: 1015 | R89: =Q89/P89 -> 84.583333 | S89: =RANK(R89,$R$87:$R$101) -> 4 | U89: 12 | V89: 890 | W89: =V89/U89 -> 74.166667 | X89: =RANK(W89,$W$87:$W$101) -> 4 | Z89: 12 | AA89: 838 | AB89: =AA89/Z89 -> 69.833333 | AC89: =RANK(AB89, $AB$87:$AB$101) -> 4 | AE89: 12 | AF89: 452 | AG89: =AF89/AE89 -> 37.666667 | AH89: =RANK(AG89,$AG$87:$AG$101) -> 4 | AQ89: =AP89/AO89 -> #DIV/0! | AR89: =RANK(AQ89, $AQ$67:$AQ$69) -> #DIV/0! | AV89: =AU89/AT89 -> #DIV/0! | AW89: =RANK(AV89, $AV$67:$AV$69) -> #DIV/0!
C90: 4 | D90: 三杯菇菇米血 | E90: =VLOOKUP(D90,'12產線配置圖 (2)'!$A$2:$C$30,2,0) -> 12 | F90: =VLOOKUP(D90,'12產線配置圖 (2)'!$A$2:$C$30,3,0) -> 1565 | G90: =F90/E90 -> 130.41667 | I90: =AVERAGE(P90,U90,Z90,AE90,AJ90,AO90,AT90) -> 12 | J90: =AVERAGE(Q90,V90,AA90,AF90,AK90,AP90,AU90) -> 1466.4 | K90: =AVERAGE(R90,W90,AB90,AG90,AL90) -> 122.2 | M90: =RANK(K90,$K$87:$K$101) -> 2 | P90: 12 | Q90: 1439 | R90: =Q90/P90 -> 119.91667 | S90: =RANK(R90,$R$87:$R$101) -> 2 | U90: 12 | V90: 1462 | W90: =V90/U90 -> 121.83333 | X90: =RANK(W90,$W$87:$W$101) -> 2 | Z90: 12 | AA90: 1505 | AB90: =AA90/Z90 -> 125.41667 | AC90: =RANK(AB90, $AB$87:$AB$101) -> 2 | AE90: 12 | AF90: 1464 | AG90: =AF90/AE90 -> 122 | AH90: =RANK(AG90,$AG$87:$AG$101) -> 2 | AJ90: 12 | AK90: 1462 | AL90: =AK90/AJ90 -> 121.83333 | AM90: =RANK(AL90,$AL$87:$AL$101) -> 2 | AQ90: =AP90/AO90 -> #DIV/0! | AR90: =RANK(AQ90, $AQ$67:$AQ$69) -> #DIV/0! | AV90: =AU90/AT90 -> #DIV/0! | AW90: =RANK(AV90, $AV$67:$AV$69) -> #DIV/0!
C91: 5
C92: 6
C93: 7
C94: 8
C95: 9
C96: 10
C97: 11
C98: 12
C99: 13
C100: 14
...

Sheet 生產管理報表 6-1(月)
A1: 生產管理報表
A3: （６）人時生產性前幾名品項
A5: 品群 | B5: 1 | C5: 2 | D5: 3
B6: 熱食義麵 | C6: 季節調理麵 | D6: 微波小吃
A7: 品群 | C7: 排名 | D7: 商品名 | G7: 人數 | H7: 產能 | I7: 人時生產性 | J7: 前月比 | K7: 主要原因&對策
A8: 1 | B8: 熱食義麵 | C8: 1 | D8: 義式蕃茄起司義大利麵 | G8: 12 | H8: 1821.6214 | I8: 151.4 | J8: 1.008
C9: 2 | D9: 青醬蛤蜊義大利麵 | G9: 13.085714 | H9: 1846.55 | I9: 142.77739 | J9: 0.984
C10: 3 | D10: 白酒蛤蜊義大利麵 | G10: 13.635714 | H10: 1836.0143 | I10: 136.63626 | J10: 1.007
C11: 4 | D11: 奶油培根義大利麵 | G11: 13.75 | H11: 1824.8929 | I11: 134.94447 | J11: 0.958 | K11: 12月未將幹部計入，1月修正
C12: 5 | D12: 辣味香菜雞肉義大利麵 | G12: 15.857143 | H12: 1701.0143 | I12: 107.29809
C13: ▼1 | D13: 府城鹽水意麵 | G13: 16.3 | H13: 1152.9071 | I13: 71.696783 | J13: 1.691 | K13: 人員增加10→16
C14: ▼2 | D14: 沙茶豬肉炒麵 | G14: 15.242857 | H14: 1113.4643 | I14: 71.992823 | J14: 1.175 | K14: 人員增加12→15
C15: ▼3 | D15: 奶油蒜香雞義大利麵 | G15: 15.671429 | H15: 1153.9357 | I15: 73.139817 | J15: 1.038
C16: ▼4 | D16: 濃拿坡里義大利麵 | G16: 13.878571 | H16: 999.36429 | I16: 73.374913 | J16: 1.009
C17: ▼5 | D17: 焗烤明太子筆尖麵 | G17: 14.357143 | H17: 1118.2143 | I17: 80.073155 | J17: 1.011
A18: 品群 | C18: 排名 | D18: 商品名 | G18: 人數 | H18: 產能 | I18: 人時生產性 | J18: 前月比 | K18: 主要原因&對策
A19: 2 | B19: 季節調理麵 | C19: 1
C20: 2
C21: 3
C22: 4
C23: 5
C24: ▼1
C25: ▼2
C26: ▼3
C27: ▼4
C28: ▼5
A29: 品群 | C29: 排名 | D29: 商品名 | G29: 人數 | H29: 產能 | I29: 人時生產性 | J29: 前月比 | K29: 主要原因&對策
A30: 3 | B30: 微波小吃 | C30: 1 | D30: 三杯菇菇米血 | G30: 12 | H30: 1408.4143 | I30: 117.36786
C31: 2 | D31: 起司馬鈴薯 | G31: 11.754286 | H31: 1365.3314 | I31: 117.21333 | J31: 1.003
C32: 3 | D32: 小滷青蔬 | G32: 12.742857 | H32: 1418.4571 | I32: 111.07604 | J32: 0.963
C33: 4 | D33: 台式綜合甜不辣 | G33: 11.628571 | H33: 924.49286 | I33: 78.302442 | J33: 0.798 | K33: 生產量少
C34: 5
C35: ▼1
C36: ▼2
C37: ▼3
C38: ▼4
C39: ▼5

Sheet 生產管理報表 7-1(月)
A1: 生產管理報表
A3: （７）原因別分析
A5: 業績金額 | B5: 73906002
A6: 項目 | B6: 合計 | E6: 項目 | F6: 1 | H6: 2 | J6: 3 | L6: 4
F7: 展開量高於需求量 | H7: 調理多產 | J7: 製程不穩 | L7: 取樣不穩
B8: 金額 | C8: 比例 | F8: 金額 | G8: 比例 | H8: 金額 | I8: 比例 | J8: 金額 | K8: 比例 | L8: 金額 | M8: 比例
A9: 報廢 | B9: 240807 | C9: =B9/$B$5 -> 0.0032582875 | E9: 報廢 | F9: 90347 | G9: =F9/$B$9 -> 0.37518428 | H9: 37107 | I9: =H9/$B$9 -> 0.15409436 | J9: 0 | K9: 0 | L9: 7311 | M9: =L9/$B$9 -> 0.030360413
A10: 超用 | B10: 167128 | C10: =B10/$B$5 -> 0.002261359 | E10: 超用 | F10: 0 | G10: 0 | H10: 0 | I10: 0 | J10: 0 | K10: 0 | L10: 121966 | M10: =L10/$B$10 -> 0.72977598
E11: 項目 | F11: 5 | H11: 6 | J11: 7 | L11: 8
F12: 原物料規格 | H12: 研發設定 | J12: 其他原因 | L12: 步留不足
F13: 金額 | G13: 比例 | H13: 金額 | I13: 比例 | J13: 金額 | K13: 比例 | L13: 金額 | M13: 比例
E14: 報廢 | F14: 0 | G14: 0 | H14: 3761 | I14: =H14/$B$9 -> 0.015618317 | J14: 77056 | K14: =J14/$B$9 -> 0.3199907 | L14: 0 | M14: 0
E15: 超用 | F15: 0 | G15: 0 | H15: 17797 | I15: =H15/$B$10 -> 0.10648724 | J15: 0 | K15: 0 | L15: 0 | M15: 0

Sheet 生產管理報表 8-1(月報廢)
A1: 生產管理報表
A3: （８）報廢原因別前幾名品項
A5: 類型 | B5: 1 | D5: 2 | F5: 3 | H5: 4 | J5: 5 | L5: 6 | N5: 7 | P5: 8
B6: 展開量高於１０5％ | D6: 調理多產 | F6: 製程不穩 | H6: 取樣不穩 | J6: 原物料規格 | L6: 研發設定 | N6: 其他原因 | P6: 步留因素
A8: 類型 | C8: 排名 | D8: 商品名 | G8: 半成品名 | J8: 單價 | K8: 報廢率 | L8: 數量 | M8: 金額 | N8: 前週比 | O8: 主要原因&對策
A9: 1 | B9: 展開量高於１０5％ | C9: 1 | D9: 惡魔乳酪生義大利麵 | G9: 義麵-乳酪青醬(114年) | J9: 138.6 | K9: 0.058 | L9: 298.9 | M9: =L9*J9 -> 41427.54 | N9: 0.7145 | O9: 預估大於訂單→調整配料模式-依PBOA
C10: 2 | D10: 剝皮辣椒雞奶油細扁麵 | G10: 義麵-剝皮辣椒奶醬 | J10: 80.3 | K10: 0.058 | L10: 189 | M10: =L10*J10 -> 15176.7 | N10: 0.7587 | O10: 預估大於訂單→依生管預估90%
C11: 3 | D11: 青醬蛤蜊義大利麵 | G11: 義麵-奶青醬(114年) | J11: 153.8 | K11: 0.006 | L11: 53.7 | M11: =L11*J11 -> 8259.06 | O11: 預估大於訂單→減少夜班重工，依生管預估全數配料
C12: 4 | D12: 焗烤明太子筆尖麵 | G12: 焗烤奶油白醬 | J12: 69.1 | K12: 0.05 | L12: 75.7 | M12: =L12*J12 -> 5230.87 | N12: 1.0955 | O12: 預估大於訂單→減少夜班重工，依生管預估全數配料
C13: 5 | M13: =L13*J13 -> 0
J14: 前幾名合計比例 | K14: =M14/#REF! -> #REF! | L14: 前幾名合計金額 | M14: =SUM(M9:M13) -> 70094.17
A16: 類型 | C16: 排名 | D16: 商品名 | G16: 半成品名 | J16: 單價 | K16: 報廢率 | L16: 數量 | M16: 金額 | N16: 前週比 | O16: 主要原因&對策
A17: 2 | B17: 調理多產 | C17: 1 | M17: =L17*J17 -> 0
C18: 2 | M18: =L18*J18 -> 0
C19: 3 | M19: =L19*J19 -> 0
C20: 4 | M20: =L20*J20 -> 0
C21: 5 | M21: =L21*J21 -> 0
J22: 前幾名合計比例 | K22: =M22/#REF! -> #REF! | L22: 前幾名合計金額 | M22: =SUM(M17:M21) -> 0
A24: 類型 | C24: 排名 | D24: 商品名 | G24: 半成品名 | J24: 單價 | K24: 報廢率 | L24: 數量 | M24: 金額 | N24: 前月比 | O24: 主要原因&對策
A25: 3 | B25: 製程不穩 | C25: 1 | M25: =L25*J25 -> 0
C26: 2 | M26: =L26*J26 -> 0
C27: 3 | M27: =L27*J27 -> 0
C28: 4 | M28: =L28*J28 -> 0
C29: 5 | M29: =L29*J29 -> 0
J30: 前幾名合計比例 | K30: =M30/#REF! -> #REF! | L30: 前幾名合計金額 | M30: =SUM(M25:M29) -> 0

Sheet 生產管理報表 8-2(月報廢)
A1: 生產管理報表
A3: （８）報廢原因別前幾名品項
A5: 類型 | B5: 1 | D5: 2 | F5: 3 | H5: 4 | J5: 5 | L5: 6 | N5: 7 | P5: 8
B6: 展開量高於１０5％ | D6: 調理多產 | F6: 製程不穩 | H6: 取樣不穩 | J6: 原物料規格 | L6: 研發設定 | N6: 其他原因 | P6: 步留因素
A8: 類型 | C8: 排名 | D8: 商品名 | G8: 半成品名 | J8: 單價 | K8: 報廢率 | L8: 數量 | M8: 金額 | N8: 前週比 | O8: 主要原因&對策
A9: 4 | B9: 取樣不穩 | C9: 1 | D9: 小滷青蔬 | G9: 滷-切片高麗菜 | J9: 85 | K9: 0.005 | L9: 50.3 | M9: =J9*L9 -> 4275.5 | O9: 超用超補→教育訓練增加抓樣穩定度
C10: 2 | D10: 惡魔乳酪生義大利麵 | G10: 煮黑雞冠生義大利麵 | J10: 66.6 | K10: 0.003 | L10: 45.6 | M10: =J10*L10 -> 3036.96 | O10: 超用超補→教育訓練增加抓樣穩定度
C11: 3 | D11: 府城鹽水意麵 | G11: 川燙油菜 | J11: 140.3 | K11: 0.008 | L11: 10 | M11: =J11*L11 -> 1403 | O11: 超用超補→教育訓練增加抓樣穩定度
C12: 4 | D12: 奶油起司蝦仁通心粉 | G12: 煮單色彎管麵 | J12: 38.1 | K12: 0.002 | L12: 34.8 | M12: =J12*L12 -> 1325.88 | O12: 超用超補→教育訓練增加抓樣穩定度
C13: 5 | D13: 韓式炸雞義大利麵 | G13: 拌韓式炸雞 | J13: 353.3 | K13: 0.001 | L13: 3 | M13: =L13*J13 -> 1059.9 | O13: 超用超補→教育訓練增加抓樣穩定度
J14: 前幾名合計比例 | K14: =M14/#REF! -> #REF! | L14: 前幾名合計金額 | M14: 0
A16: 類型 | C16: 排名 | D16: 商品名 | G16: 半成品名 | J16: 單價 | K16: 報廢率 | L16: 數量 | M16: 金額 | N16: 前週比 | O16: 主要原因&對策
A17: 5 | B17: 原物料規格 | C17: 1
C18: 2
C19: 3
C20: 4
C21: 5 | M21: =L21*J21 -> 0
J22: 前幾名合計比例 | K22: =M22/#REF! -> #REF! | L22: 前幾名合計金額 | M22: 0
A24: 類型 | C24: 排名 | D24: 商品名 | G24: 半成品名 | J24: 單價 | K24: 報廢率 | L24: 數量 | M24: 金額 | N24: 前月比 | O24: 主要原因&對策
A25: 6 | B25: 研發設定 | C25: 1 | D25: 府城鹽水意麵 | G25: 切蒸前腿肉 | J25: 432.2 | K25: 0.009 | L25: 8.7
C26: 2
C27: 3
C28: 4
C29: 5
J30: 前幾名合計比例 | K30: =M30/#REF! -> #REF! | L30: 前幾名合計金額 | M30: 0
A32: 類型 | C32: 排名 | D32: 商品名 | G32: 半成品名 | J32: 單價 | K32: 報廢率 | L32: 數量 | M32: 金額 | N32: 前月比 | O32: 主要原因&對策
A33: 7 | B33: 製程不穩 | C33: 1 | M33: 0
C34: 2 | M34: 0
C35: 3 | M35: 0
C36: 4 | M36: 0
C37: 5 | M37: 0
J38: 前幾名合計比例 | K38: =M38/#REF! -> #REF! | L38: 前幾名合計金額 | M38: 0

Sheet 生產管理報表 8-3(月超用)
A1: 生產管理報表
A3: （８）超用原因別前幾名品項
A5: 類型 | B5: 1 | D5: 2 | F5: 3 | H5: 4 | J5: 5 | L5: 6 | N5: 7 | P5: 8
B6: 展開量高於１０5％ | D6: 調理多產 | F6: 製程不穩 | H6: 取樣不穩 | J6: 原物料規格 | L6: 研發設定 | N6: 其他原因 | P6: 步留因素
A8: 類型 | C8: 排名 | D8: 商品名 | G8: 半成品名 | J8: 單價 | K8: 超用率 | L8: 數量 | M8: 金額 | N8: 前週比 | O8: 主要原因&對策
A9: 1 | B9: 展開量高於１０5％ | C9: 1 | M9: =L9*J9 -> 0
C10: 2 | M10: =L10*J10 -> 0
C11: 3 | M11: =L11*J11 -> 0
C12: 4 | M12: =L12*J12 -> 0
C13: 5 | M13: =L13*J13 -> 0
J14: 前幾名合計比例 | K14: =M14/#REF! -> #REF! | L14: 前幾名合計金額 | M14: =SUM(M9:M13) -> 0
A16: 類型 | C16: 排名 | D16: 商品名 | G16: 半成品名 | J16: 單價 | K16: 超用率 | L16: 數量 | M16: 金額 | N16: 前週比 | O16: 主要原因&對策
A17: 2 | B17: 調理多產 | C17: 1
C18: 2
C19: 3
C20: 4
C21: 5
J22: 前幾名合計比例 | K22: =M22/#REF! -> #REF! | L22: 前幾名合計金額 | M22: =SUM(M17:M21) -> 0
A24: 類型 | C24: 排名 | D24: 商品名 | G24: 半成品名 | J24: 單價 | K24: 超用率 | L24: 數量 | M24: 金額 | N24: 前月比 | O24: 主要原因&對策
A25: 3 | B25: 製程不穩 | C25: 1 | M25: =L25*J25 -> 0
C26: 2 | M26: =L26*J26 -> 0
C27: 3 | M27: =L27*J27 -> 0
C28: 4 | M28: =L28*J28 -> 0
C29: 5 | M29: =L29*J29 -> 0
J30: 前幾名合計比例 | K30: =M30/#REF! -> #REF! | L30: 前幾名合計金額 | M30: =SUM(M25:M29) -> 0

Sheet 生產管理報表 8-4(月超用)
A1: 生產管理報表
A3: （８）超用原因別前幾名品項
A5: 類型 | B5: 1 | D5: 2 | F5: 3 | H5: 4 | J5: 5 | L5: 6 | N5: 7 | P5: 8
B6: 展開量高於１０5％ | D6: 調理多產 | F6: 製程不穩 | H6: 取樣不穩 | J6: 原物料規格 | L6: 研發設定 | N6: 其他原因 | P6: 步留因素
A8: 類型 | C8: 排名 | D8: 商品名 | G8: 半成品名 | J8: 單價 | K8: 超用率 | L8: 數量 | M8: 金額 | N8: 前週比 | O8: 主要原因&對策
A9: 4 | B9: 取樣不穩 | C9: 1 | D9: 焗烤起司雙饗筆尖麵 | G9: 鮮食雙色起司絲 | J9: 200 | K9: 0.034 | L9: 82.9 | M9: =L9*J9 -> 16580 | O9: 教育訓練增加抓樣穩定度
C10: 2 | D10: 惡魔乳酪生義大利麵 | G10: 烤熟杏仁角混花生角混帕瑪森乾酪絲 | J10: 359.1 | K10: 0.054 | L10: 31.5 | M10: =L10*J10 -> 11311.65 | O10: 教育訓練增加抓樣穩定度
C11: 3 | D11: 惡魔乳酪生義大利麵 | G11: 義麵-乳酪青醬(114年) | J11: 138.6 | K11: 0.014 | L11: 71.8 | M11: =L11*J11 -> 9951.48 | N11: 1.0895 | O11: 教育訓練增加抓樣穩定度
C12: 4 | D12: 小滷青蔬 | G12: 滷-切片高麗菜 | J12: 85 | K12: 0.011 | L12: 116.4 | M12: =L12*J12 -> 9894 | N12: 0.8791 | O12: 教育訓練增加抓樣穩定度
C13: 5 | D13: 惡魔乳酪生義大利麵 | G13: 煮黑雞冠生義大利麵 | J13: 66.6 | K13: 0.007 | L13: 101.3 | M13: =L13*J13 -> 6746.58 | N13: 0.3906 | O13: 教育訓練增加抓樣穩定度
J14: 前幾名合計比例 | K14: =M14/#REF! -> #REF! | L14: 前幾名合計金額 | M14: 0
A16: 類型 | C16: 排名 | D16: 商品名 | G16: 半成品名 | J16: 單價 | K16: 超用率 | L16: 數量 | M16: 金額 | N16: 前週比 | O16: 主要原因&對策
A17: 5 | B17: 原物料規格 | C17: 1 | M17: =L17*J17 -> 0
C18: 2 | M18: =L18*J18 -> 0
C19: 3 | M19: =L19*J19 -> 0
C20: 4 | M20: =L20*J20 -> 0
C21: 5 | M21: =L21*J21 -> 0
J22: 前幾名合計比例 | K22: =M22/#REF! -> #REF! | L22: 前幾名合計金額 | M22: 0
A24: 類型 | C24: 排名 | D24: 商品名 | G24: 半成品名 | J24: 單價 | K24: 超用率 | L24: 數量 | M24: 金額 | N24: 前月比 | O24: 主要原因&對策
A25: 6 | B25: 研發設定 | C25: 1 | D25: 府城鹽水意麵 | G25: 切蒸前腿肉 | J25: 432.2 | K25: 0.033 | L25: 31 | M25: =L25*J25 -> 13398.2 | O25: 2片8G
C26: 2 | D26: 台式綜合甜不辣 | G26: 瀝水-白蘿蔔塊 | J26: 81.2 | K26: 0.146 | L26: 54.4 | M26: =L26*J26 -> 4417.28 | O26: 甜不辣不足重,補重用
C27: 3 | K27: 0.209 | L27: 148.8 | M27: =L27*J27 -> 0
C28: 4 | M28: =L28*J28 -> 0
C29: 5 | M29: =L29*J29 -> 0
J30: 前幾名合計比例 | K30: =M30/#REF! -> #REF! | L30: 前幾名合計金額 | M30: 0
A32: 類型 | C32: 排名 | D32: 商品名 | G32: 半成品名 | J32: 單價 | K32: 報廢率 | L32: 數量 | M32: 金額 | N32: 前月比 | O32: 主要原因&對策
A33: 7 | B33: 製程不穩 | C33: 1 | M33: 0
C34: 2 | M34: 0
C35: 3 | M35: 0
C36: 4 | M36: 0
C37: 5 | M37: 0
J38: 前幾名合計比例 | K38: =M38/#REF! -> #REF! | L38: 前幾名合計金額 | M38: 0

Sheet 生產管理報表 9(月)
A1: 生產管理報表
A3: （9）步留因素
A5: 類型 | B5: 1 | D5: 2 | F5: 3 | H5: 4 | J5: 5 | L5: 6 | N5: 7 | P5: 8
B6: 展開量高於１０5％ | D6: 調理多產 | F6: 製程不穩 | H6: 取樣不穩 | J6: 原物料規格 | L6: 研發設定 | N6: 其他原因 | P6: 步留因素
A8: 類型 | B8: No. | C8: 商品名 | F8: 半成品名 | I8: 單價 | J8: 規格 | K8: 實績 | L8: 差異 | M8: 主要原因&對策
A9: 作業原因 | B9: 1 | L9: =K9-J9 -> 0
B10: 2 | L10: =K10-J10 -> 0
B11: 3 | L11: =K11-J11 -> 0
B12: 4 | L12: =K12-J12 -> 0
B13: 5 | L13: =K13-J13 -> 0
A15: 類型 | B15: No. | C15: 商品名 | F15: 半成品名 | I15: 單價 | J15: 規格 | K15: 實績 | L15: 差異 | M15: 主要原因&對策
A16: 原料原因 | B16: 1 | L16: =K16-J16 -> 0
B17: 2 | L17: =K17-J17 -> 0
B18: 3 | L18: =K18-J18 -> 0
B19: 4 | L19: =K19-J19 -> 0
B20: 5 | L20: =K20-J20 -> 0

Sheet 報廢－原因別分析 (月)
B2: 報廢前二十名紀錄表
B3: 月別 | D3: 明細展開 | G3: 生產資訊 | T3: 類別 | U3: 分析原因 | V3: 原因說明 | W3: 後續對策 | X3: 次數 | Y3: 備註-商品名稱 | AA3: 分析原因（件）
D4: 排序 | E4: 半成品 | G4: 生產端 | O4: 組合端
E5: 名稱 | F5: 報廢金額 | G5: 產出量 | O5: 報廢 | Q5: 超用
G6: 訂單需求 (kg) | H6: 實際產出 (kg) | I6: 實際產出占比 | J6: 補單 (kg) | K6: 補單占比 | L6: 單價 (元) | M6: 實際生產 (對比訂單需求) | N6: 差異 (元) | O6: kg | P6: 占比 | Q6: kg | R6: 占比 | S6: 金額 (元) | AA6: 總件數 | AB6: 展開量高於１０5％ | AC6: 調理多產 | AD6: 製程不穩 | AE6: 取樣不穩 | AF6: 原物料規格 | AG6: 研發設定 | AH6: 其他原因 | AI6: 步留因素
B7: 一 | D7: 1 | E7: 義麵-乳酪青醬(114年) | F7: 41420 | G7: 5113.3 | H7: 5484 | I7: =H7/G7 -> 1.0724972 | J7: 0 | K7: =J7/G7 -> 0 | L7: 138.6 | M7: =(H7+J7)/G7 -> 1.0724972 | N7: 370.8 | O7: 298.9 | P7: =O7/G7 -> 0.058455401 | Q7: =((H7+J7)-G7)-O7 -> 71.8 | R7: =Q7/G7 -> 0.014041813 | S7: 9956.3 | T7: 生管預估 | U7: 展開量高於１０5％ | V7: 預估大於訂單 | W7: 調整配料模式-依PBOA | X7: 1 | Y7: 惡魔乳酪生義大利麵 | Z7: 月前二十 | AA7: 20 | AB7: =SUMIF($U$7:$U$26,TRIM(AB6),$X$7:$X$26) -> 4 | AC7: =SUMIF($U$7:$U$26,TRIM(AC6),$X$7:$X$26) -> 1 | AD7: =SUMIF($U$7:$U$9710,TRIM(AD6),$X$7:$X$26) -> 0 | AE7: =SUMIF($U$7:$U$9710,TRIM(AE6),$X$7:$X$26) -> 6 | AF7: =SUMIF($U$7:$U$9710,TRIM(AF6),$X$7:$X$26) -> 0 | AG7: =SUMIF($U$7:$U$9710,TRIM(AG6),$X$7:$X$26) -> 1 | AH7: =SUMIF($U$7:$U$9710,TRIM(AH6),$X$7:$X$26) -> 8 | AI7: =SUMIF($U$7:$U$9710,TRIM(AI6),$X$7:$X$26) -> 0
D8: 2 | E8: 義麵-剝皮辣椒奶醬 | F8: 15176.9 | G8: 3243.3 | H8: 3508.4 | I8: =H8/G8 -> 1.0817377 | J8: 0 | K8: =J8/G8 -> 0 | L8: 80.3 | M8: =(H8+J8)/G8 -> 1.0817377 | N8: 265.1 | O8: 189 | P8: =O8/G8 -> 0.05827398 | Q8: =((H8+J8)-G8)-O8 -> 76.1 | R8: =Q8/G8 -> 0.023463756 | S8: 6102.5 | T8: 生管預估 | U8: 展開量高於１０5％ | V8: 預估大於訂單 | W8: 調整配料模式-依生管預估90% | X8: 1 | Y8: 剝皮辣椒雞奶油細扁麵 | AB8: =SUMIF($U$7:$U$26,TRIM(AB6),$F$7:$F$26) -> 70089.8 | AC8: =SUMIF($U$7:$U$26,TRIM(AC6),$F$7:$F$26) -> 5631.7 | AD8: =SUMIF($U$7:$U$176,TRIM(AD6),$F$7:$F$26) -> 0 | AE8: =SUMIF($U$7:$U$176,TRIM(AE6),$F$7:$F$26) -> 12025.1 | AF8: =SUMIF($U$7:$U$176,TRIM(AF6),$F$7:$F$26) -> 0 | AG8: =SUMIF($U$7:$U$176,TRIM(AG6),$F$7:$F$26) -> 3760.5 | AH8: =SUMIF($U$7:$U$176,TRIM(AH6),$F$7:$F$26) -> 37689.5 | AI8: =SUMIF($U$7:$U$176,TRIM(AI6),$F$7:$F$26) -> 0
D9: 3 | E9: 義麵-辣香菜醬 | F9: 12019.6 | G9: 3736.4 | H9: 3827.1 | I9: =H9/G9 -> 1.0242747 | J9: 0 | K9: =J9/G9 -> 0 | L9: 148.4 | M9: =(H9+J9)/G9 -> 1.0242747 | N9: 90.8 | O9: 81 | P9: =O9/G9 -> 0.021678621 | Q9: =((H9+J9)-G9)-O9 -> 9.7 | R9: =Q9/G9 -> 0.0025960818 | S9: 1449.8 | T9: 生管預估 | U9: 其他原因 | V9: 預估大於訂單 | W9: 調整配料模式-依PBOA | X9: 1 | Y9: 辣味香菜雞肉義大利麵 | AB9: =AB7/$AA$7 -> 0.2 | AC9: =AC7/$AA$7 -> 0.05 | AD9: =AD7/$AA$7 -> 0 | AE9: =AE7/$AA$7 -> 0.3 | AF9: =AF7/$AA$7 -> 0 | AG9: =AG7/$AA$7 -> 0.05 | AH9: =AH7/$AA$7 -> 0.4 | AI9: =AI7/$AA$7 -> 0
D10: 4 | E10: 義麵-奶青醬(114年) | F10: 8260 | G10: 9394.1 | H10: 9456.2 | I10: =H10/G10 -> 1.0066105 | J10: 0 | K10: =J10/G10 -> 0 | L10: 153.8 | M10: =(H10+J10)/G10 -> 1.0066105 | N10: 62.1 | O10: 53.7 | P10: =O10/G10 -> 0.0057163539 | Q10: =((H10+J10)-G10)-O10 -> 8.4 | R10: =Q10/G10 -> 0.00089417826 | S10: 1294.7 | T10: 生管預估 | U10: 展開量高於１０5％ | V10: 預估大於訂單 | W10: 減少夜班重工，依生管預估全數配料 | X10: 1 | Y10: 青醬蛤蜊義大利麵
D11: 5 | E11: 煮青花椒湯凍(114年) | F11: 7901.1 | G11: 4294.9 | H11: 4338.7 | I11: =H11/G11 -> 1.0101981 | J11: 0 | K11: =J11/G11 -> 0 | L11: 193.2 | M11: =(H11+J11)/G11 -> 1.0101981 | N11: 43.9 | O11: 40.9 | P11: =O11/G11 -> 0.0095229225 | Q11: =((H11+J11)-G11)-O11 -> 2.9 | R11: =Q11/G11 -> 0.00067521945 | S11: 575.7 | T11: 生管預估 | U11: 其他原因 | V11: 預估大於訂單 | W11: 減少夜班重工，依生管預估全數配料 | X11: 1 | Y11: 青花椒麻雞肉拌麵
D12: 6 | E12: 義麵-韓式辣奶油白醬(114年) | F12: 5631.7 | G12: 3637.6 | H12: 3711.6 | I12: =H12/G12 -> 1.0203431 | J12: 0 | K12: =J12/G12 -> 0 | L12: 100 | M12: =(H12+J12)/G12 -> 1.0203431 | N12: 74 | O12: 56.3 | P12: =O12/G12 -> 0.015477238 | Q12: =((H12+J12)-G12)-O12 -> 17.7 | R12: =Q12/G12 -> 0.0048658456 | S12: 1771 | T12: 調理 | U12: 調理多產 | V12: 製成率合理範圍 | X12: 1 | Y12: 韓式炸雞義大利麵
D13: 7 | E13: 焗烤奶油白醬 | F13: 5232.9 | G13: 1519 | H13: 1597.9 | I13: =H13/G13 -> 1.0519421 | J13: 10 | K13: =J13/G13 -> 0.0065832785 | L13: 69.1 | M13: =(H13+J13)/G13 -> 1.0585253 | N13: 89 | O13: 75.7 | P13: =O13/G13 -> 0.049835418 | Q13: =((H13+J13)-G13)-O13 -> 13.2 | R13: =Q13/G13 -> 0.0086899276 | S13: 920.1 | T13: 生管預估 | U13: 展開量高於１０5％ | V13: 預估大於訂單 | W13: 調整配料模式-依PBOA | X13: 1 | Y13: 焗烤明太子筆尖麵 | AB13: 1 | AC13: 展開量高於１０5％
D14: 8 | E14: 焗烤-蕃茄紅醬 | F14: 4800.2 | G14: 4846.2 | H14: 4906.4 | I14: =H14/G14 -> 1.0124221 | J14: 10 | K14: =J14/G14 -> 0.0020634724 | L14: 86.7 | M14: =(H14+J14)/G14 -> 1.0144856 | N14: 70.3 | O14: 55.4 | P14: =O14/G14 -> 0.011431637 | Q14: =((H14+J14)-G14)-O14 -> 14.8 | R14: =Q14/G14 -> 0.0030539392 | S14: 1296.2 | T14: 生管預估 | U14: 其他原因 | V14: 預估大於訂單 | W14: 調整配料模式-依PBOA | X14: 1 | Y14: 焗烤起司肉醬筆尖麵 | AB14: 2 | AC14: 調理多產
D15: 9 | E15: 滷-切片高麗菜 | F15: 4275.5 | G15: 10794.6 | H15: 10875.3 | I15: =H15/G15 -> 1.007476 | J15: 86 | K15: =J15/G15 -> 0.0079669464 | L15: 85 | M15: =(H15+J15)/G15 -> 1.0154429 | N15: 166.7 | O15: 50.3 | P15: =O15/G15 -> 0.0046597373 | Q15: =((H15+J15)-G15)-O15 -> 116.4 | R15: =Q15/G15 -> 0.010783169 | S15: 9891.9 | T15: 包裝 | U15: 取樣不穩 | V15: 超用超補 | W15: 教育訓練增加抓樣穩定度 | X15: 1 | Y15: 小滷青蔬 | AB15: 3 | AC15: 製程不穩
D16: 10 | E16: 煮意麵肉燥 | F16: 3913.4 | G16: 7976.1 | H16: 8022.7 | I16: =H16/G16 -> 1.0058425 | J16: 0 | K16: =J16/G16 -> 0 | L16: 125.6 | M16: =(H16+J16)/G16 -> 1.0058425 | N16: 46.6 | O16: 31.2 | P16: =O16/G16 -> 0.0039116862 | Q16: =((H16+J16)-G16)-O16 -> 15.4 | R16: =Q16/G16 -> 0.0019307682 | S16: 1943.5 | T16: 生管預估 | U16: 其他原因 | V16: 預估大於訂單 | W16: 減少夜班重工，依生管預估全數配料 | X16: 1 | Y16: 府城鹽水意麵 | AB16: 4 | AC16: 取樣不穩
D17: 11 | E17: 切蒸前腿肉 | F17: 3760.5 | G17: 941.7 | H17: 941.7 | I17: =H17/G17 -> 1 | J17: 39.7 | K17: =J17/G17 -> 0.0421578 | L17: 432.2 | M17: =(H17+J17)/G17 -> 1.0421578 | N17: 39.7 | O17: 8.7 | P17: =O17/G17 -> 0.009238611 | Q17: =((H17+J17)-G17)-O17 -> 31 | R17: =Q17/G17 -> 0.032919189 | S17: 13379.6 | T17: 研發 | U17: 研發設定 | V17: 2片8G以上 | X17: 1 | Y17: 府城鹽水意麵 | AB17: 5 | AC17: 原物料規格
D18: 12 | E18: 義麵-蒜味奶油湯凍 | F18: 3093.3 | G18: 2002.9 | H18: 2025.4 | I18: =H18/G18 -> 1.0112337 | J18: 0 | K18: =J18/G18 -> 0 | L18: 162.4 | M18: =(H18+J18)/G18 -> 1.0112337 | N18: 22.5 | O18: 19 | P18: =O18/G18 -> 0.0094862449 | Q18: =((H18+J18)-G18)-O18 -> 3.5 | R18: =Q18/G18 -> 0.0017474662 | S18: 564.3 | T18: 生管預估 | U18: 其他原因 | V18: 預估大於訂單 | W18: 減少夜班重工，依生管預估全數配料 | X18: 1 | Y18: 奶油蒜香雞義大利麵 | AB18: 6 | AC18: 研發設定
D19: 13 | E19: 煮黑雞冠生義大利麵 | F19: 3035.1 | G19: 13651.4 | H19: 13651.4 | I19: =H19/G19 -> 1 | J19: 146.9 | K19: =J19/G19 -> 0.010760801 | L19: 66.6 | M19: =(H19+J19)/G19 -> 1.0107608 | N19: 146.9 | O19: 45.6 | P19: =O19/G19 -> 0.0033403167 | Q19: =((H19+J19)-G19)-O19 -> 101.3 | R19: =Q19/G19 -> 0.0074204843 | S19: 6742.5 | T19: 包裝 | U19: 取樣不穩 | V19: 超用超補 | W19: 教育訓練增加抓樣穩定度 | X19: 1 | Y19: 惡魔乳酪生義大利麵 | AB19: 7 | AC19: 其他原因
D20: 14 | E20: 川燙小平菇 | F20: 2557.7 | G20: 1120.2 | H20: 1132.4 | I20: =H20/G20 -> 1.0108909 | J20: 0 | K20: =J20/G20 -> 0 | L20: 220.5 | M20: =(H20+J20)/G20 -> 1.0108909 | N20: 12.1 | O20: 11.6 | P20: =O20/G20 -> 0.010355294 | Q20: =((H20+J20)-G20)-O20 -> 0.6 | R20: =Q20/G20 -> 0.00053561864 | S20: 115.8 | T20: 生管預估 | U20: 其他原因 | V20: 預估大於訂單 | W20: 減少夜班重工，依生管預估全數配料 | X20: 1 | Y20: 三杯菇菇米血 | AB20: 8 | AC20: 步留因素
D21: 15 | E21: 蒸-米血塊 | F21: 2101.8 | G21: 2516.5 | H21: 2546.1 | I21: =H21/G21 -> 1.0117624 | J21: 0 | K21: =J21/G21 -> 0 | L21: 113.6 | M21: =(H21+J21)/G21 -> 1.0117624 | N21: 29.6 | O21: 18.5 | P21: =O21/G21 -> 0.0073514802 | Q21: =((H21+J21)-G21)-O21 -> 11.1 | R21: =Q21/G21 -> 0.0044108881 | S21: 1258.1 | T21: 生管預估 | U21: 其他原因 | V21: 預估大於訂單 | W21: 減少夜班重工，依生管預估全數配料 | X21: 1 | Y21: 三杯菇菇米血
D22: 16 | E22: 川燙油菜 | F22: 1411.5 | G22: 1177.1 | H22: 1184.6 | I22: =H22/G22 -> 1.0063716 | J22: 49.9 | K22: =J22/G22 -> 0.04239232 | L22: 140.4 | M22: =(H22+J22)/G22 -> 1.0487639 | N22: 57.3 | O22: 10 | P22: =O22/G22 -> 0.0084954549 | Q22: =((H22+J22)-G22)-O22 -> 47.4 | R22: =Q22/G22 -> 0.040268456 | S22: 6639.8 | T22: 包裝 | U22: 取樣不穩 | V22: 超用超補 | W22: 教育訓練增加抓樣穩定度 | X22: 1 | Y22: 府城鹽水意麵
D23: 17 | E23: 煮單色彎管麵 | F23: 1326.4 | G23: 14181.3 | H23: 14181.3 | I23: =H23/G23 -> 1 | J23: 100 | K23: =J23/G23 -> 0.0070515397 | L23: 38.1 | M23: =(H23+J23)/G23 -> 1.0070515 | N23: 100 | O23: 34.8 | P23: =O23/G23 -> 0.0024539358 | Q23: =((H23+J23)-G23)-O23 -> 65.2 | R23: =Q23/G23 -> 0.0045976039 | S23: 2479.6 | T23: 包裝 | U23: 取樣不穩 | V23: 超用超補 | W23: 教育訓練增加抓樣穩定度 | X23: 1 | Y23: 奶油起司蝦仁通心粉 | AB23: 1 | AC23: 調理
D24: 18 | E24: 炒醬油杏鮑菇 | F24: 1302.4 | G24: 969.4 | H24: 980.7 | I24: =H24/G24 -> 1.0116567 | J24: 0 | K24: =J24/G24 -> 0 | L24: 242.5 | M24: =(H24+J24)/G24 -> 1.0116567 | N24: 11.3 | O24: 5.4 | P24: =O24/G24 -> 0.005570456 | Q24: =((H24+J24)-G24)-O24 -> 5.9 | R24: =Q24/G24 -> 0.0060862389 | S24: 1438.3 | T24: 生管預估 | U24: 其他原因 | V24: 預估大於訂單 | W24: 減少夜班重工，依生管預估全數配料 | X24: 1 | Y24: 三杯菇菇米血 | AB24: 2 | AC24: 包裝
D25: 19 | E25: 拌韓式炸雞 | F25: 989.1 | G25: 2540.1 | H25: 2540.1 | I25: =H25/G25 -> 1 | J25: 5.5 | K25: =J25/G25 -> 0.0021652691 | L25: 335.3 | M25: =(H25+J25)/G25 -> 1.0021653 | N25: 5.5 | O25: 3 | P25: =O25/G25 -> 0.0011810559 | Q25: =((H25+J25)-G25)-O25 -> 2.5 | R25: =Q25/G25 -> 0.00098421322 | S25: 868.4 | T25: 包裝 | U25: 取樣不穩 | V25: 超用超補 | W25: 教育訓練增加抓樣穩定度 | X25: 1 | Y25: 韓式炸雞義大利麵 | AB25: 3 | AC25: 研發
D26: 20 | E26: 油炒香菜 | F26: 987.5 | G26: 498.2 | H26: 504.9 | I26: =H26/G26 -> 1.0134484 | J26: 10.6 | K26: =J26/G26 -> 0.021276596 | L26: 403.1 | M26: =(H26+J26)/G26 -> 1.034725 | N26: 17.4 | O26: 2.4 | P26: =O26/G26 -> 0.0048173424 | Q26: =((H26+J26)-G26)-O26 -> 14.9 | R26: =Q26/G26 -> 0.029907668 | S26: 6012.3 | T26: 包裝 | U26: 取樣不穩 | V26: 超用超補 | W26: 教育訓練增加抓樣穩定度 | X26: 1 | Y26: 辣味香菜雞肉義大利麵 | AB26: 4 | AC26: 生管預估
AB27: 5 | AC27: 原物料
Z112: 占比
Z113: 金額

Sheet 超用－原因別分析 (月) 
B2: 超用前二十名紀錄表
B3: 月別 | D3: 明細展開 | G3: 生產資訊 | T3: 類別 | U3: 分析原因 | V3: 原因說明 | W3: 後續對策 | X3: 次數 | Y3: 備註-商品名稱 | AA3: 分析原因（件）
D4: 排序 | E4: 半成品 | G4: 生產端 | O4: 組合端
E5: 名稱 | F5: 報廢金額 | G5: 產出量 | O5: 報廢 | Q5: 超用
G6: 訂單需求 (kg) | H6: 實際產出 (kg) | I6: 實際產出占比 | J6: 補單 (kg) | K6: 補單占比 | L6: 單價 (元) | M6: 實際生產 (對比訂單需求) | N6: 差異 (元) | O6: kg | P6: 占比 | Q6: kg | R6: 占比 | S6: 金額 (元) | AA6: 總件數 | AB6: 展開量高於１０5％ | AC6: 調理多產 | AD6: 製程不穩 | AE6: 取樣不穩 | AF6: 原物料規格 | AG6: 研發設定 | AH6: 其他原因 | AI6: 步留因素
B7: 一 | D7: 1 | E7: 鮮食雙色起司絲 | F7: 0 | G7: 2473.2 | H7: 2556.1 | I7: =H7/G7 -> 1.0335193 | J7: 0 | K7: =J7/G7 -> 0 | L7: 200 | M7: =(H7+J7)/G7 -> 1.0335193 | N7: 82.9 | O7: 0 | P7: =O7/G7 -> 0 | Q7: =((H7+J7)-G7)-O7 -> 82.9 | R7: =Q7/G7 -> 0.033519327 | S7: 16589.2 | T7: 包裝 | U7: 取樣不穩 | V7: 超用 | W7: 教育訓練增加抓樣穩定度 | X7: 1 | Y7: 焗烤起司雙饗筆尖麵 | Z7: 月前二十 | AA7: =SUM(X7:X26) -> 20 | AB7: =SUMIF($U$7:$U$26,TRIM(AB6),$X$7:$X$26) -> 0 | AC7: =SUMIF($U$7:$U$26,TRIM(AC6),$X$7:$X$26) -> 0 | AD7: =SUMIF($U$7:$U$9710,TRIM(AD6),$X$7:$X$26) -> 0 | AE7: =SUMIF($U$7:$U$9710,TRIM(AE6),$X$7:$X$26) -> 18 | AF7: =SUMIF($U$7:$U$9710,TRIM(AF6),$X$7:$X$26) -> 0 | AG7: =SUMIF($U$7:$U$9710,TRIM(AG6),$X$7:$X$26) -> 2 | AH7: =SUMIF($U$7:$U$9710,TRIM(AH6),$X$7:$X$26) -> 0 | AI7: =SUMIF($U$7:$U$9710,TRIM(AI6),$X$7:$X$26) -> 0
D8: 2 | E8: 切蒸前腿肉 | F8: 3760.5 | G8: 941.7 | H8: 941.7 | I8: =H8/G8 -> 1 | J8: 39.7 | K8: =J8/G8 -> 0.0421578 | L8: 432.2 | M8: =(H8+J8)/G8 -> 1.0421578 | N8: 39.7 | O8: 8.7 | P8: =O8/G8 -> 0.009238611 | Q8: =((H8+J8)-G8)-O8 -> 31 | R8: =Q8/G8 -> 0.032919189 | S8: 13379.6 | T8: 研發 | U8: 研發設定 | V8: 2片8G以上 | X8: 1 | Y8: 府城鹽水意麵 | AB8: =SUMIF($U$7:$U$176,TRIM(AB6),$S$7:$S$26) -> 0 | AC8: =SUMIF($U$7:$U$176,TRIM(AC6),$S$7:$S$26) -> 0 | AD8: =SUMIF($U$7:$U$176,TRIM(AD6),$S$7:$S$26) -> 0 | AE8: =SUMIF($U$7:$U$176,TRIM(AE6),$S$7:$S$26) -> 121965.8 | AF8: =SUMIF($U$7:$U$176,TRIM(AF6),$S$7:$S$26) -> 0 | AG8: =SUMIF($U$7:$U$176,TRIM(AG6),$S$7:$S$26) -> 17797.1 | AH8: =SUMIF($U$7:$U$176,TRIM(AH6),$S$7:$S$26) -> 0 | AI8: =SUMIF($U$7:$U$176,TRIM(AI6),$S$7:$S$26) -> 0
D9: 3 | E9: 烤熟杏仁角混花生角混帕瑪森乾酪絲 | F9: 377 | G9: 585.6 | H9: 618.1 | I9: =H9/G9 -> 1.0554986 | J9: 0 | K9: =J9/G9 -> 0 | L9: 359.1 | M9: =(H9+J9)/G9 -> 1.0554986 | N9: 32.6 | O9: 1 | P9: =O9/G9 -> 0.0017076503 | Q9: =((H9+J9)-G9)-O9 -> 31.5 | R9: =Q9/G9 -> 0.053790984 | S9: 11312.5 | T9: 包裝 | U9: 取樣不穩 | V9: 超用 | W9: 教育訓練增加抓樣穩定度 | X9: 1 | Y9: 惡魔乳酪生義大利麵
D10: 4 | E10: 義麵-乳酪青醬(114年) | F10: 41420 | G10: 5113.3 | H10: 5484 | I10: =H10/G10 -> 1.0724972 | J10: 0 | K10: =J10/G10 -> 0 | L10: 138.6 | M10: =(H10+J10)/G10 -> 1.0724972 | N10: 370.8 | O10: 298.9 | P10: =O10/G10 -> 0.058455401 | Q10: =((H10+J10)-G10)-O10 -> 71.8 | R10: =Q10/G10 -> 0.014041813 | S10: 9956.3 | T10: 包裝 | U10: 取樣不穩 | V10: 超用 | W10: 教育訓練增加抓樣穩定度 | X10: 1 | Y10: 惡魔乳酪生義大利麵
D11: 5 | E11: 滷-切片高麗菜 | F11: 4275.5 | G11: 10794.6 | H11: 10875.3 | I11: =H11/G11 -> 1.007476 | J11: 86 | K11: =J11/G11 -> 0.0079669464 | L11: 85 | M11: =(H11+J11)/G11 -> 1.0154429 | N11: 166.7 | O11: 50.3 | P11: =O11/G11 -> 0.0046597373 | Q11: =((H11+J11)-G11)-O11 -> 116.4 | R11: =Q11/G11 -> 0.010783169 | S11: 9891.9 | T11: 包裝 | U11: 取樣不穩 | V11: 超用 | W11: 教育訓練增加抓樣穩定度 | X11: 1 | Y11: 小滷青蔬
D12: 6 | E12: 鮮食雙色起司絲 | F12: 0 | G12: 1270.6 | H12: 1316.2 | I12: =H12/G12 -> 1.0358886 | J12: 0 | K12: =J12/G12 -> 0 | L12: 200 | M12: =(H12+J12)/G12 -> 1.0358886 | N12: 45.6 | O12: 0 | P12: =O12/G12 -> 0 | Q12: =((H12+J12)-G12)-O12 -> 45.6 | R12: =Q12/G12 -> 0.035888557 | S12: 9123.2 | T12: 包裝 | U12: 取樣不穩 | V12: 超用 | W12: 教育訓練增加抓樣穩定度 | X12: 1 | Y12: 義式蕃茄起司義大利麵
D13: 7 | E13: 煮黑雞冠生義大利麵 | F13: 3035.1 | G13: 13651.4 | H13: 13651.4 | I13: =H13/G13 -> 1 | J13: 146.9 | K13: =J13/G13 -> 0.010760801 | L13: 66.6 | M13: =(H13+J13)/G13 -> 1.0107608 | N13: 146.9 | O13: 45.6 | P13: =O13/G13 -> 0.0033403167 | Q13: =((H13+J13)-G13)-O13 -> 101.3 | R13: =Q13/G13 -> 0.0074204843 | S13: 6742.5 | T13: 包裝 | U13: 取樣不穩 | V13: 超用 | W13: 教育訓練增加抓樣穩定度 | X13: 1 | Y13: 惡魔乳酪生義大利麵 | AB13: 1 | AC13: 展開量高於１０5％
D14: 8 | E14: 川燙油菜 | F14: 1411.5 | G14: 1177.1 | H14: 1184.6 | I14: =H14/G14 -> 1.0063716 | J14: 49.9 | K14: =J14/G14 -> 0.04239232 | L14: 140.4 | M14: =(H14+J14)/G14 -> 1.0487639 | N14: 57.3 | O14: 10 | P14: =O14/G14 -> 0.0084954549 | Q14: =((H14+J14)-G14)-O14 -> 47.4 | R14: =Q14/G14 -> 0.040268456 | S14: 6639.8 | T14: 包裝 | U14: 取樣不穩 | V14: 超用 | W14: 教育訓練增加抓樣穩定度 | X14: 1 | Y14: 府城鹽水意麵 | AB14: 2 | AC14: 調理多產
D15: 9 | E15: 帕瑪森乾酪粉 | F15: 0 | G15: 165.2 | H15: 184.7 | I15: =H15/G15 -> 1.1180387 | J15: 0 | K15: =J15/G15 -> 0 | L15: 340 | M15: =(H15+J15)/G15 -> 1.1180387 | N15: 19.5 | O15: 0 | P15: =O15/G15 -> 0 | Q15: =((H15+J15)-G15)-O15 -> 19.5 | R15: =Q15/G15 -> 0.11803874 | S15: 6621.5 | T15: 包裝 | U15: 取樣不穩 | V15: 超用 | W15: 教育訓練增加抓樣穩定度 | X15: 1 | Y15: 惡魔乳酪生義大利麵 | AB15: 3 | AC15: 製程不穩
D16: 10 | E16: 義麵-剝皮辣椒奶醬 | F16: 15176.9 | G16: 3243.3 | H16: 3508.4 | I16: =H16/G16 -> 1.0817377 | J16: 0 | K16: =J16/G16 -> 0 | L16: 80.3 | M16: =(H16+J16)/G16 -> 1.0817377 | N16: 265.1 | O16: 189 | P16: =O16/G16 -> 0.05827398 | Q16: =((H16+J16)-G16)-O16 -> 76.1 | R16: =Q16/G16 -> 0.023463756 | S16: 6102.5 | T16: 包裝 | U16: 取樣不穩 | V16: 超用 | W16: 教育訓練增加抓樣穩定度 | X16: 1 | Y16: 剝皮辣椒雞奶油細扁麵 | AB16: 4 | AC16: 取樣不穩
D17: 11 | E17: 油炒香菜 | F17: 987.5 | G17: 498.2 | H17: 504.9 | I17: =H17/G17 -> 1.0134484 | J17: 10.6 | K17: =J17/G17 -> 0.021276596 | L17: 403.1 | M17: =(H17+J17)/G17 -> 1.034725 | N17: 17.4 | O17: 2.4 | P17: =O17/G17 -> 0.0048173424 | Q17: =((H17+J17)-G17)-O17 -> 14.9 | R17: =Q17/G17 -> 0.029907668 | S17: 6012.3 | T17: 包裝 | U17: 取樣不穩 | V17: 超用 | W17: 教育訓練增加抓樣穩定度 | X17: 1 | Y17: 辣味香菜雞肉義大利麵 | AB17: 5 | AC17: 原物料規格
D18: 12 | E18: 紅切達起司絲 | F18: 0 | G18: 276.5 | H18: 301.4 | I18: =H18/G18 -> 1.0900542 | J18: 0 | K18: =J18/G18 -> 0 | L18: 235 | M18: =(H18+J18)/G18 -> 1.0900542 | N18: 24.9 | O18: 0 | P18: =O18/G18 -> 0 | Q18: =((H18+J18)-G18)-O18 -> 24.9 | R18: =Q18/G18 -> 0.09005425 | S18: 5845.4 | T18: 包裝 | U18: 取樣不穩 | V18: 超用 | W18: 教育訓練增加抓樣穩定度 | X18: 1 | Y18: 奶油培根義大利麵 | AB18: 6 | AC18: 研發設定
D19: 13 | E19: 自製乳酪起司 | F19: 0 | G19: 1527.8 | H19: 1545.8 | I19: =H19/G19 -> 1.0117816 | J19: 0 | K19: =J19/G19 -> 0 | L19: 287.2 | M19: =(H19+J19)/G19 -> 1.0117816 | N19: 17.9 | O19: 0 | P19: =O19/G19 -> 0 | Q19: =((H19+J19)-G19)-O19 -> 18 | R19: =Q19/G19 -> 0.011781647 | S19: 5153.2 | T19: 包裝 | U19: 取樣不穩 | V19: 超用 | W19: 教育訓練增加抓樣穩定度 | X19: 1 | Y19: 惡魔乳酪生義大利麵 | AB19: 7 | AC19: 其他原因
D20: 14 | E20: 解凍黑胡椒燻豬腿肉 | F20: 284.3 | G20: 288.2 | H20: 304.4 | I20: =H20/G20 -> 1.056211 | J20: 0 | K20: =J20/G20 -> 0 | L20: 299.3 | M20: =(H20+J20)/G20 -> 1.056211 | N20: 16.2 | O20: 1 | P20: =O20/G20 -> 0.0034698126 | Q20: =((H20+J20)-G20)-O20 -> 15.2 | R20: =Q20/G20 -> 0.052741152 | S20: 4562.5 | T20: 包裝 | U20: 取樣不穩 | V20: 超用 | W20: 教育訓練增加抓樣穩定度 | X20: 1 | Y20: 焗烤起司雙饗筆尖麵 | AB20: 8 | AC20: 步留因素
D21: 15 | E21: 解凍黑胡椒燻豬腿肉(湖) | F21: 0 | G21: 936 | H21: 950.6 | I21: =H21/G21 -> 1.0155983 | J21: 0 | K21: =J21/G21 -> 0 | L21: 304.8 | M21: =(H21+J21)/G21 -> 1.0155983 | N21: 14.6 | O21: 0 | P21: =O21/G21 -> 0 | Q21: =((H21+J21)-G21)-O21 -> 14.6 | R21: =Q21/G21 -> 0.015598291 | S21: 4462.9 | T21: 包裝 | U21: 取樣不穩 | V21: 超用 | W21: 教育訓練增加抓樣穩定度 | X21: 1 | Y21: 奶油培根義大利麵
D22: 16 | E22: 瀝水-白蘿蔔塊 | F22: 0 | G22: 371.9 | H22: 426.3 | I22: =H22/G22 -> 1.1462759 | J22: 0 | K22: =J22/G22 -> 0 | L22: 81.2 | M22: =(H22+J22)/G22 -> 1.1462759 | N22: 54.4 | O22: 0 | P22: =O22/G22 -> 0 | Q22: =((H22+J22)-G22)-O22 -> 54.4 | R22: =Q22/G22 -> 0.14627588 | S22: 4417.5 | T22: 研發 | U22: 研發設定 | V22: 甜不辣放4條不足重以白蘿蔔塊補重 | X22: 1 | Y22: 台式綜合甜不辣
D23: 17 | E23: 解凍-YAMAYA明太子 | F23: 0 | G23: 189.9 | H23: 197.1 | I23: =H23/G23 -> 1.0379147 | J23: 0 | K23: =J23/G23 -> 0 | L23: 586.6 | M23: =(H23+J23)/G23 -> 1.0379147 | N23: 7.1 | O23: 0 | P23: =O23/G23 -> 0 | Q23: =((H23+J23)-G23)-O23 -> 7.2 | R23: =Q23/G23 -> 0.037914692 | S23: 4189.2 | T23: 包裝 | U23: 取樣不穩 | V23: 超用 | W23: 教育訓練增加抓樣穩定度 | X23: 1 | Y23: 焗烤明太子筆尖麵 | AB23: 1 | AC23: 調理
D24: 18 | E24: 鮮食雙色起司絲 | F24: 0 | G24: 161.5 | H24: 178.7 | I24: =H24/G24 -> 1.1065015 | J24: 0 | K24: =J24/G24 -> 0 | L24: 206 | M24: =(H24+J24)/G24 -> 1.1065015 | N24: 17.2 | O24: 0 | P24: =O24/G24 -> 0 | Q24: =((H24+J24)-G24)-O24 -> 17.2 | R24: =Q24/G24 -> 0.10650155 | S24: 3545.7 | T24: 包裝 | U24: 取樣不穩 | V24: 超用 | W24: 教育訓練增加抓樣穩定度 | X24: 1 | Y24: 香濃起司馬鈴薯 | AB24: 2 | AC24: 包裝
D25: 19 | E25: 調理包-三杯醬 | F25: 942.6 | G25: 889.4 | H25: 916.3 | I25: =H25/G25 -> 1.0302451 | J25: 18.2 | K25: =J25/G25 -> 0.020463234 | L25: 81.6 | M25: =(H25+J25)/G25 -> 1.0507083 | N25: 45.1 | O25: 11.6 | P25: =O25/G25 -> 0.013042501 | Q25: =((H25+J25)-G25)-O25 -> 33.5 | R25: =Q25/G25 -> 0.037665842 | S25: 2735.6 | T25: 包裝 | U25: 取樣不穩 | V25: 超用 | W25: 教育訓練增加抓樣穩定度 | X25: 1 | Y25: 三杯菇菇米血 | AB25: 3 | AC25: 研發
D26: 20 | E26: 煮單色彎管麵 | F26: 1326.4 | G26: 14181.3 | H26: 14181.3 | I26: =H26/G26 -> 1 | J26: 100 | K26: =J26/G26 -> 0.0070515397 | L26: 38.1 | M26: =(H26+J26)/G26 -> 1.0070515 | N26: 100 | O26: 34.8 | P26: =O26/G26 -> 0.0024539358 | Q26: =((H26+J26)-G26)-O26 -> 65.2 | R26: =Q26/G26 -> 0.0045976039 | S26: 2479.6 | T26: 包裝 | U26: 取樣不穩 | V26: 超用 | W26: 教育訓練增加抓樣穩定度 | X26: 1 | Y26: 奶油起司蝦仁通心粉 | AB26: 4 | AC26: 生管預估
AB27: 5 | AC27: 原物料
Z112: 占比
Z113: 金額

Sheet 日別報廢率總表 
A1: 長家廠半成品管理日別總表
A2: 日期 | B2: 營業額 | C2: 報廢額 | D2: 報廢率 KPI 0.25% | E2: 超用額 | F2: 超用率 | G2: 廢棄前10名 | I2: 超用前10名 | K2: 共用類廢棄 | M2: 週累積
G3: 金額總計 | H3: 構成比 | I3: 金額總計 | J3: 構成比 | K3: 金額總計 | L3: 構成比 KPI 15% | M3: 營業額 | N3: 週報廢 | O3: 週超用
A4: 46023 | B4: 2226674.2 | C4: 7607 | D4: =C4/B4 -> 0.0034163058 | E4: 3587 | F4: =E4/B4 -> 0.0016109227 | G4: 7607 | H4: =G4/C4 -> 1 | I4: 3587 | J4: =I4/E4 -> 1 | K4: 0 | L4: =K4/C4 -> 0
A5: =A4+1 -> 46024 | B5: 1942096.7 | C5: 11440 | D5: =C5/B5 -> 0.0058905408 | E5: 4975 | F5: =E5/B5 -> 0.0025616644 | G5: 11440 | H5: =G5/C5 -> 1 | I5: 4975 | J5: =I5/E5 -> 1 | K5: 0 | L5: =K5/C5 -> 0 | M5: =SUM(B5:B11) -> 16215256 | N5: =SUM(C5:C11) -> 38079 | O5: =SUM(E5:E11) -> 28948
A6: =A5+1 -> 46025 | B6: 2189422.6 | C6: 5201 | D6: =C6/B6 -> 0.0023755121 | E6: 4658 | F6: =E6/B6 -> 0.0021275016 | G6: 5201 | H6: =G6/C6 -> 1 | I6: 4658 | J6: =I6/E6 -> 1 | K6: 0 | L6: =K6/C6 -> 0
A7: =A6+1 -> 46026 | B7: 2542916.1 | C7: 6549 | D7: =C7/B7 -> 0.0025753897 | E7: 2209 | F7: =E7/B7 -> 0.00086868773 | G7: 6549 | H7: =G7/C7 -> 1 | I7: 2209 | J7: =I7/E7 -> 1 | K7: 0 | L7: =K7/C7 -> 0
A8: =A7+1 -> 46027 | B8: 2525170.7 | C8: 1074 | D8: =C8/B8 -> 0.00042531779 | E8: 2429 | F8: =E8/B8 -> 0.00096191518 | G8: 1074 | H8: =G8/C8 -> 1 | I8: 2429 | J8: =I8/E8 -> 1 | K8: 0 | L8: =K8/C8 -> 0
A9: =A8+1 -> 46028 | B9: 2404271.4 | C9: 4412 | D9: =C9/B9 -> 0.0018350674 | E9: 2833 | F9: =E9/B9 -> 0.0011783195 | G9: 4412 | H9: =G9/C9 -> 1 | I9: 2833 | J9: =I9/E9 -> 1 | K9: 0 | L9: =K9/C9 -> 0
A10: =A9+1 -> 46029 | B10: 2398862.3 | C10: 4441 | D10: =C10/B10 -> 0.0018512943 | E10: 8580 | F10: =E10/B10 -> 0.0035766955 | G10: 4441 | H10: =G10/C10 -> 1 | I10: 8580 | J10: =I10/E10 -> 1 | K10: 0 | L10: =K10/C10 -> 0
A11: =A10+1 -> 46030 | B11: 2212516.4 | C11: 4962 | D11: =C11/B11 -> 0.0022426953 | E11: 3264 | F11: =E11/B11 -> 0.0014752433 | G11: 4962 | H11: =G11/C11 -> 1 | I11: 3264 | J11: =I11/E11 -> 1 | K11: 0 | L11: =K11/C11 -> 0
A12: =A11+1 -> 46031 | B12: 1901554.6 | C12: 17370 | D12: =C12/B12 -> 0.009134631 | E12: 7546 | F12: =E12/B12 -> 0.0039683319 | G12: 17370 | H12: =G12/C12 -> 1 | I12: 7546 | J12: =I12/E12 -> 1 | K12: 0 | L12: =K12/C12 -> 0 | M12: =SUM(B12:B18) -> 15737533 | N12: =SUM(C12:C18) -> 95502 | O12: =SUM(E12:E18) -> 39101
A13: =A12+1 -> 46032 | B13: 2097914.6 | C13: 14551 | D13: =C13/B13 -> 0.0069359352 | E13: 3451 | F13: =E13/B13 -> 0.0016449668 | G13: 14551 | H13: =G13/C13 -> 1 | I13: 3451 | J13: =I13/E13 -> 1 | K13: 0 | L13: =K13/C13 -> 0
A14: =A13+1 -> 46033 | B14: 2521908.2 | C14: 19264 | D14: =C14/B14 -> 0.0076386603 | E14: 4110 | F14: =E14/B14 -> 0.0016297183 | G14: 19264 | H14: =G14/C14 -> 1 | I14: 4110 | J14: =I14/E14 -> 1 | K14: 0 | L14: =K14/C14 -> 0
A15: =A14+1 -> 46034 | B15: 2487764.2 | C15: 6137 | D15: =C15/B15 -> 0.0024668736 | E15: 6956 | F15: =E15/B15 -> 0.0027960849 | G15: 6137 | H15: =G15/C15 -> 1 | I15: 6956 | J15: =I15/E15 -> 1 | K15: 0 | L15: =K15/C15 -> 0
A16: =A15+1 -> 46035 | B16: 2453924.5 | C16: 4616 | D16: =C16/B16 -> 0.0018810685 | E16: 1814 | F16: =E16/B16 -> 0.00073922406 | G16: 4616 | H16: =G16/C16 -> 1 | I16: 1814 | J16: =I16/E16 -> 1 | K16: 0 | L16: =K16/C16 -> 0
A17: =A16+1 -> 46036 | B17: 2232406.1 | C17: 10585 | D17: =C17/B17 -> 0.0047415208 | E17: 6216 | F17: =E17/B17 -> 0.0027844396 | G17: 10585 | H17: =G17/C17 -> 1 | I17: 6216 | J17: =I17/E17 -> 1 | K17: 0 | L17: =K17/C17 -> 0
A18: =A17+1 -> 46037 | B18: 2042060.4 | C18: 22979 | D18: =C18/B18 -> 0.01125285 | E18: 9008 | F18: =E18/B18 -> 0.0044112309 | G18: 22979 | H18: =G18/C18 -> 1 | I18: 9008 | J18: =I18/E18 -> 1 | K18: 0 | L18: =K18/C18 -> 0
A19: =A18+1 -> 46038 | B19: 1901136.5 | C19: 2173 | D19: =C19/B19 -> 0.0011430005 | E19: 3361 | F19: =E19/B19 -> 0.0017678899 | G19: 2173 | H19: =G19/C19 -> 1 | I19: 3361 | J19: =I19/E19 -> 1 | K19: 0 | L19: =K19/C19 -> 0 | M19: =SUM(B19:B25) -> 17126136 | N19: =SUM(C19:C25) -> 41207 | O19: =SUM(E19:E25) -> 30762
A20: =A19+1 -> 46039 | B20: 2122148.1 | C20: 4719 | D20: =C20/B20 -> 0.0022236902 | E20: 8269 | F20: =E20/B20 -> 0.0038965234 | G20: 4719 | H20: =G20/C20 -> 1 | I20: 8269 | J20: =I20/E20 -> 1 | K20: 0 | L20: =K20/C20 -> 0
A21: =A20+1 -> 46040 | B21: 2467886.5 | C21: 4936 | D21: =C21/B21 -> 0.002000092 | E21: 2837 | F21: =E21/B21 -> 0.0011495667 | G21: 4936 | H21: =G21/C21 -> 1 | I21: 2837 | J21: =I21/E21 -> 1 | K21: 0 | L21: =K21/C21 -> 0
A22: =A21+1 -> 46041 | B22: 2494015.7 | C22: 4636 | D22: =C22/B22 -> 0.0018588496 | E22: 3930 | F22: =E22/B22 -> 0.001575772 | G22: 4636 | H22: =G22/C22 -> 1 | I22: 3930 | J22: =I22/E22 -> 1 | K22: 0 | L22: =K22/C22 -> 0
A23: =A22+1 -> 46042 | B23: 2998261.9 | C23: 8942 | D23: =C23/B23 -> 0.0029823945 | E23: 4750 | F23: =E23/B23 -> 0.0015842512 | G23: 8942 | H23: =G23/C23 -> 1 | I23: 4750 | J23: =I23/E23 -> 1 | K23: 0 | L23: =K23/C23 -> 0
A24: =A23+1 -> 46043 | B24: 2518253.1 | C24: 10473 | D24: =C24/B24 -> 0.0041588354 | E24: 3400 | F24: =E24/B24 -> 0.0013501423 | G24: 10473 | H24: =G24/C24 -> 1 | I24: 3400 | J24: =I24/E24 -> 1 | K24: 0 | L24: =K24/C24 -> 0
A25: =A24+1 -> 46044 | B25: 2624434.2 | C25: 5328 | D25: =C25/B25 -> 0.0020301519 | E25: 4215 | F25: =E25/B25 -> 0.0016060605 | G25: 5328 | H25: =G25/C25 -> 1 | I25: 4215 | J25: =I25/E25 -> 1 | K25: 0 | L25: =K25/C25 -> 0
A26: =A25+1 -> 46045 | B26: 2037145.7 | C26: 4325 | D26: =C26/B26 -> 0.0021230686 | E26: 1001 | F26: =E26/B26 -> 0.0004913738 | G26: 4325 | H26: =G26/C26 -> 1 | I26: 1001 | J26: =I26/E26 -> 1 | K26: 0 | L26: =K26/C26 -> 0 | M26: =SUM(B26:B32) -> 17812067 | N26: =SUM(C26:C32) -> 46710 | O26: =SUM(E26:E32) -> 42114
A27: =A26+1 -> 46046 | B27: 2368780.8 | C27: 9461 | D27: =C27/B27 -> 0.0039940377 | E27: 10457 | F27: =E27/B27 -> 0.0044145072 | G27: 9461 | H27: =G27/C27 -> 1 | I27: 10457 | J27: =I27/E27 -> 1 | K27: 0 | L27: =K27/C27 -> 0
A28: =A27+1 -> 46047 | B28: 2961303.2 | C28: 7267 | D28: =C28/B28 -> 0.0024539872 | E28: 8492 | F28: =E28/B28 -> 0.0028676564 | G28: 7267 | H28: =G28/C28 -> 1 | I28: 8492 | J28: =I28/E28 -> 1 | K28: 0 | L28: =K28/C28 -> 0
A29: =A28+1 -> 46048 | B29: 2761209.8 | C29: 5098 | D29: =C29/B29 -> 0.0018462922 | E29: 3371 | F29: =E29/B29 -> 0.0012208417 | G29: 5098 | H29: =G29/C29 -> 1 | I29: 3371 | J29: =I29/E29 -> 1 | K29: 0 | L29: =K29/C29 -> 0
A30: =A29+1 -> 46049 | B30: 2551423.9 | C30: 5966 | D30: =C30/B30 -> 0.0023383022 | E30: 2635 | F30: =E30/B30 -> 0.0010327567 | G30: 5966 | H30: =G30/C30 -> 1 | I30: 2635 | J30: =I30/E30 -> 1 | K30: 0 | L30: =K30/C30 -> 0
A31: =A30+1 -> 46050 | B31: 2542380.2 | C31: 5815 | D31: =C31/B31 -> 0.0022872267 | E31: 7514 | F31: =E31/B31 -> 0.0029554981 | G31: 5815 | H31: =G31/C31 -> 1 | I31: 7514 | J31: =I31/E31 -> 1 | K31: 0 | L31: =K31/C31 -> 0
A32: =A31+1 -> 46051 | B32: 2589823.7 | C32: 8778 | D32: =C32/B32 -> 0.0033894199 | E32: 8644 | F32: =E32/B32 -> 0.0033376789 | G32: 8778 | H32: =G32/C32 -> 1 | I32: 8644 | J32: =I32/E32 -> 1 | K32: 0 | L32: =K32/C32 -> 0
A33: =A32+1 -> 46052 | B33: 2295961.3 | C33: 5473 | D33: =C33/B33 -> 0.002383751 | E33: 6420 | F33: =E33/B33 -> 0.0027962144 | G33: 5473 | H33: =G33/C33 -> 1 | I33: 6420 | J33: =I33/E33 -> 1 | K33: 0 | L33: =K33/C33 -> 0
A34: =A33+1 -> 46053 | B34: 2492374.6 | C34: 6229 | D34: =C34/B34 -> 0.002499223 | E34: 16196 | F34: =E34/B34 -> 0.0064982206 | G34: 6229 | H34: =G34/C34 -> 1 | I34: 16196 | J34: =I34/E34 -> 1 | K34: 0 | L34: =K34/C34 -> 0
A35: 平均 | B35: =AVERAGE(B4:B34) -> 2384064.6 | C35: =AVERAGE(C4:C34) -> 7767.9677 | D35: =C35/B35 -> 0.0032582875 | E35: =AVERAGE(E4:E34) -> 5391.2258 | F35: =E35/B35 -> 0.002261359 | G35: =AVERAGE(G4:G34) -> 7767.9677 | H35: =G35/C35 -> 1 | I35: =AVERAGE(I4:I34) -> 5391.2258 | J35: =I35/E35 -> 1 | K35: =AVERAGE(K4:K34) -> 0 | L35: =K35/C35 -> 0
A36: 合計 | B36: =SUM(B4:B34) -> 73906002 | C36: =SUM(C4:C34) -> 240807 | D36: =C36/B36 -> 0.0032582875 | E36: =SUM(E4:E34) -> 167128 | F36: =E36/B36 -> 0.002261359 | G36: =SUM(G4:G34) -> 240807 | H36: =G36/C36 -> 1 | I36: =SUM(I4:I34) -> 167128 | J36: =I36/E36 -> 1 | K36: =SUM(K4:K34) -> 0 | L36: =K36/C36 -> 0

Sheet 填寫舉例
A2: 7 | B2: 月別 | C2: 工廠名 | D2: ・・・・・・・・
A4: （１）收支狀況 | E4: ※單位：千元 | G4: （２）ＫＰＩ達成進度 | M4: （３）業績構成比 | S4: （４）訂單數量構成比
B5: 當月 | C5: 前月 | D5: 差異 | E5: 累計 | H5: KPI | I5: 當月 | J5: 前月 | K5: 累計 | L5: ※補充 | N5: 當月 | O5: 比例 | P5: 前月 | Q5: 差異 | T5: 當月 | U5: 比例 | V5: 前月 | W5: 差異
A6: 業績金額 | B6: 500000 | C6: 510000 | D6: =B6-C6 -> -10000 | E6: =B6+C6 -> 1010000 | G6: 人時生產性1 | H6: 110 | I6: 100 | J6: 90 | L6: 個／MH | M6: 飯糰 | N6: 150000 | O6: =IFERROR(N6/$B$6,"") -> 0.3 | P6: 0.4 | Q6: =IFERROR(O6-P6,"") -> -0.1 | S6: 飯糰 | T6: 35000 | U6: =IFERROR(T6/$B$7,"") -> 0.35 | V6: 0.3 | W6: =IFERROR(U6-V6,"") -> 0.05
A7: 訂單數量 | B7: 100000 | C7: 110000 | D7: =B7-C7 -> -10000 | E7: =B7+C7 -> 210000 | G7: 人時生產性2 | H7: 0.8 | I7: 0.85 | J7: 0.81 | K7: 0.84 | L7: 達成率 | M7: 大口飯糰 | N7: 100000 | O7: =IFERROR(N7/$B$6,"") -> 0.2 | P7: 0.15 | Q7: =IFERROR(O7-P7,"") -> 0.05 | S7: 大口飯糰 | T7: 30000 | U7: =IFERROR(T7/$B$7,"") -> 0.3 | V7: 0.15 | W7: =IFERROR(U7-V7,"") -> 0.15
A8: 材料費 | B8: 250000 | C8: 260000 | D8: =B8-C8 -> -10000 | E8: =B8+C8 -> 510000 | G8: 半成品報廢 | H8: 0.0025 | I8: 0.0024 | J8: 0.0023 | K8: 0.00235 | L8: 報廢率 | M8: 便當 | N8: 160000 | O8: =IFERROR(N8/$B$6,"") -> 0.32 | P8: 0.28 | Q8: =IFERROR(O8-P8,"") -> 0.04 | S8: 便當 | T8: 20000 | U8: =IFERROR(T8/$B$7,"") -> 0.2 | V8: 0.28 | W8: =IFERROR(U8-V8,"") -> -0.08
A9: 材料費率 | B9: =B8/B6 -> 0.5 | C9: =C8/C6 -> 0.50980392 | D9: =B9-C9 -> -0.0098039216 | E9: =(B9+C9)/2 -> 0.50490196 | G9: 半成品超用 | H9: 0.006 | I9: 0.009 | J9: 0.0095 | K9: 0.0092 | L9: 超用率 | M9: 調理麵 | N9: 90000 | O9: =IFERROR(N9/$B$6,"") -> 0.18 | P9: 0.17 | Q9: =IFERROR(O9-P9,"") -> 0.01 | S9: 調理麵 | T9: 15000 | U9: =IFERROR(T9/$B$7,"") -> 0.15 | V9: 0.27 | W9: =IFERROR(U9-V9,"") -> -0.12
A10: 勞務成本 | B10: 100000 | C10: 105000 | D10: =B10-C10 -> -5000 | E10: =B10+C10 -> 205000 | G10: 固定產線 | H10: 0.95 | I10: 0.9 | J10: 0.92 | K10: 0.91 | L10: 導入率 | M10: 調理麵包 | N10: - | O10: =IFERROR(N10/$B$6,"") | P10: -% | Q10: =IFERROR(O10-P10,"") | S10: 調理麵包 | T10: - | U10: =IFERROR(T10/$B$7,"") | V10: -% | W10: =IFERROR(U10-V10,"")
A11: 勞務費率 | B11: =B10/B6 -> 0.2 | C11: =C10/C6 -> 0.20588235 | D11: =B11-C11 -> -0.0058823529 | E11: =(B11+C11)/2 -> 0.20294118 | G11: 教育訓練 | H11: 0.8 | I11: 0.85 | J11: 1 | K11: 0.92 | L11: 實施率 | M11: 袋裝調理麵包 | N11: - | O11: =IFERROR(N11/$B$6,"") | P11: -% | Q11: =IFERROR(O11-P11,"") | S11: 袋裝調理麵包 | T11: - | U11: =IFERROR(T11/$B$7,"") | V11: -% | W11: =IFERROR(U11-V11,"")
M12: 義大利麵 | N12: - | O12: =IFERROR(N12/$B$6,"") | P12: -% | Q12: =IFERROR(O12-P12,"") | S12: 義大利麵 | T12: - | U12: =IFERROR(T12/$B$7,"") | V12: -% | W12: =IFERROR(U12-V12,"")
A13: （５）品群別人時生產性 | M13: 調理包 | N13: - | O13: =IFERROR(N13/$B$6,"") | P13: -% | Q13: =IFERROR(O13-P13,"") | S13: 調理包 | T13: - | U13: =IFERROR(T13/$B$7,"") | V13: -% | W13: =IFERROR(U13-V13,"")
B14: 當月 | C14: 前月 | D14: 差異 | E14: 累計 | H14: 當月 | I14: 前月 | J14: 差異 | K14: 累計 | O14: =SUM(O6:O13) -> 1 | P14: =SUM(P6:P13) -> 1 | U14: =SUM(U6:U13) -> 1 | V14: =SUM(V6:V13) -> 1
A15: 飯糰 | B15: 600 | C15: 660 | D15: =B15-C15 -> -60 | E15: =(B15+C15)/2 -> 630 | G15: 調理麵包 | J15: =H15-I15 -> 0 | M15: （７）原因別分析
A16: 大口飯糰 | B16: 800 | C16: 780 | D16: =B16-C16 -> 20 | E16: =(B16+C16)/2 -> 790 | G16: 袋裝調理麵包 | J16: =H16-I16 -> 0 | N16: 合計 | P16: 作業原因 | R16: 規格原因
A17: 便當 | B17: 130 | C17: 111 | D17: =B17-C17 -> 19 | E17: =(B17+C17)/2 -> 120.5 | G17: 義大利麵 | J17: =H17-I17 -> 0 | N17: 金額 | O17: 比例 | P17: 金額 | Q17: 比例 | R17: 金額 | S17: 比例
A18: 調理麵 | B18: 140 | C18: 165 | D18: =B18-C18 -> -25 | E18: =(B18+C18)/2 -> 152.5 | G18: 調理包 | J18: =H18-I18 -> 0 | M18: 半成品報廢 | N18: 1200 | O18: =N18/$B$6 -> 0.0024 | P18: 900 | Q18: =IFERROR(P18/$B$6,"") -> 0.0018 | R18: 300 | S18: =IFERROR(R18/$B$6,"") -> 0.0006
M19: 半成品超用 | N19: 4500 | O19: =N19/$B$6 -> 0.009 | P19: 3500 | Q19: =IFERROR(P19/$B$6,"") -> 0.007 | R19: 1000 | S19: =IFERROR(R19/$B$6,"") -> 0.002
A20: （６）人時生產性前幾名品項
B21: 排名 | C21: 商品名 | F21: 人數 | G21: 產能 | H21: 人時生產性 | I21: 前月比 | J21: 主要原因&對策 | M21: （８）報廢原因別前幾名品項
A22: 飯糰 | B22: 1 | C22: 手巻明太子 | F22: 3 | G22: 3000 | H22: 1000 | I22: 10 | J22: 減少暫時停止生產,人時UP | M22: 半成品報廢 | N22: 排名 | O22: 商品名 | R22: 半成品名 | U22: 單價 | V22: 報廢率 | W22: 數量 | X22: 金額 | Y22: 前月比 | Z22: 主要原因&對策
B23: 2 | M23: 作業原因 | N23: 1 | O23: 明太子海苔便當 | R23: 油炸白身魚 | U23: 10 | V23: 0.15 | W23: 10 | X23: =W23*U23 -> 100 | Y23: 80 | Z23: 油調過多報廢。變更條件。
B24: 3 | N24: 2 | X24: =W24*U24 -> 0
B25: 4 | N25: 3 | X25: =W25*U25 -> 0
B26: 5 | N26: 4 | X26: =W26*U26 -> 0
B27: ▼1 | C27: 手巻卵黄雞絞肉 | F27: 4 | G27: 2800 | H27: 700 | I27: 6/30新商品 | J27: 因組裝2食材,人員增加,產速減少 | N27: 5 | X27: =W27*U27 -> 0
B28: ▼2 | U28: 前幾名合計比例 | V28: =X28/N18 -> 0.083333333 | W28: 前幾名合計金額 | X28: =SUM(X23:X27) -> 100
B29: ▼3 | M29: 規格原因 | N29: 1 | O29: 海老炒飯 | R29: 川燙蝦子拌醬 | U29: 5.55 | V29: 0.21 | W29: 50 | X29: =W29*U29 -> 277.5 | Y29: 35 | Z29: 蝦子入數不足
B30: ▼4 | N30: 2 | X30: =W30*U30 -> 0
B31: ▼5 | N31: 3 | X31: =W31*U31 -> 0
N32: 4 | X32: =W32*U32 -> 0
B33: 排名 | C33: 商品名 | F33: 人數 | G33: 產能 | H33: 人時生產性 | I33: 前月比 | J33: 主要原因&對策 | N33: 5 | X33: =W33*U33 -> 0
A34: 大口飯糰 | B34: 1 | C34: 直巻明太子美奶茲 | F34: 3 | G34: 2500 | H34: 833.33 | I34: 20 | J34: 透由調整速度提升。 | U34: 前幾名合計比例 | V34: =X34/N18 -> 0.23125 | W34: 前幾名合計金額 | X34: =SUM(X29:X33) -> 277.5
B35: 2
B36: 3 | M36: 半成品超用 | N36: 排名 | O36: 商品名 | R36: 半成品名 | U36: 單價 | V36: 報廢率 | W36: 數量 | X36: 金額 | Y36: 前月比 | Z36: 主要原因&對策
B37: 4 | M37: 作業原因 | N37: 1 | O37: 特製醬汁炙燒牛五花便當 | R37: 牛五花醬汁 | U37: 25 | V37: 0.25 | W37: 10 | X37: =W37*U37 -> 250 | Y37: 150 | Z37: 難度有差異。調理指導。
B38: 5 | N38: 2 | X38: =W38*U38 -> 0
B39: ▼1 | C39: 大口飯糰燒肉美奶滋 | F39: 7 | G39: 2200 | H39: 314.29 | I39: -15 | J39: 因摺疊增員。實施教育訓練。 | N39: 3 | X39: =W39*U39 -> 0
B40: ▼2 | N40: 4 | X40: =W40*U40 -> 0
B41: ▼3 | N41: 5 | X41: =W41*U41 -> 0
B42: ▼4 | U42: 前幾名合計比例 | V42: =X42/N19 -> 0.055555556 | W42: 前幾名合計金額 | X42: =SUM(X37:X41) -> 250
B43: ▼5 | M43: 規格原因 | N43: 1 | O43: 特製醬汁炙燒牛五花便當 | R43: 牛五花燒成 | U43: 30 | V43: 0.1 | W43: 20 | X43: =W43*U43 -> 600 | Y43: 400 | Z43: 因原料變更。
N44: 2 | X44: =W44*U44 -> 0
B45: 排名 | C45: 商品名 | F45: 人數 | G45: 產能 | H45: 人時生產性 | I45: 前月比 | J45: 主要原因&對策 | N45: 3 | X45: =W45*U45 -> 0
A46: 便當 | B46: 1 | C46: 明太子海苔便當 | F46: 15 | G46: 1200 | H46: 80 | I46: 5 | J46: 指導鋪開炒柴魚片 | N46: 4 | X46: =W46*U46 -> 0
B47: 2 | N47: 5 | X47: =W47*U47 -> 0
B48: 3 | U48: 前幾名合計比例 | V48: =X48/N19 -> 0.13333333 | W48: 前幾名合計金額 | X48: =SUM(X43:X47) -> 600
B49: 4
B50: 5 | M50: （９）歩留
B51: ▼1 | C51: 特製醬汁炙燒牛五花便當 | F51: 18 | G51: 800 | H51: 44.44 | I51: -15 | J51: 肉狀態不良，已連動開發 | N51: No. | O51: 商品名 | R51: 半成品名 | U51: 單價 | V51: 規格 | W51: 實績 | X51: 差異 | Y51: 主要原因&對策
B52: ▼2 | M52: 作業原因 | N52: 1 | O52: 特製醬汁炙燒牛五花便當 | R52: 牛五花燒成 | U52: 30 | V52: 0.62 | W52: 0.58 | X52: =W52-V52 -> -0.04 | Y52: 燒成過多，調整調理條件。
B53: ▼3 | N53: 2 | X53: =W53-V53 -> 0
B54: ▼4 | M54: 規格原因 | N54: 1 | O54: 大口飯糰三種起司午餐肉 | R54: ３種起司燒成 | U54: 20 | V54: 0.9 | W54: 0.82 | X54: =W54-V54 -> -0.08 | Y54: 與燒成範本不同。
B55: ▼5 | N55: 2 | X55: =W55-V55 -> 0

Sheet 鮮食品群番
B2: 鮮食品群番
B3: 06 | C3: 飯糰 | E3: 10 | F3: 三明治
B4: 061 | C4: 飯糰一配 | E4: 106 | F4: 三明治４度Ｃ
B5: 063 | C5: 飯糰二配 | E5: 107 | F5: 調理麵包４度Ｃ
B6: 065 | C6: 飯糰４度Ｃ | E6: 11 | F6: 季節調理麵
B7: 07 | C7: 壽司、手卷 | E7: 111 | F7: 涼麵
B8: 071 | C8: 壽司一配 | E8: 112 | F8: 熱湯麵
B9: 072 | C9: 手卷一配 | E9: 12 | F9: 熱食義麵
B10: 075 | C10: 壽司二配 | E10: 122 | F10: 熱食麵
B11: 076 | C11: 手卷２配 | E11: 123 | F11: 熱湯麵
B12: 077 | C12: ４℃壽司手卷 | E12: 124 | F12: 義大利麵
B13: 08 | C13: 便當 | E13: 126 | F13: 冷凍調理麵
B14: 083 | C14: 便當４℃ | E14: 14 | F14: 沙拉
... B19: 094 | C19: 粥品 | E19: 155 | F19: 特色小吃
B20: 095 | C20: 其他飯類

Sheet 12產線配置圖 (2)
A1: 品項 | B1: 人數 | C1: 產能
A2: 白酒蛤蜊義大利麵 | B2: 13 | C2: 2105 | D2: ET-600
A3: 白酒蛤蜊義大利麵-手 | B3: 15 | C3: 1565 | D3: ET-55
A4: 青醬蛤蜊義大利麵 | B4: 13 | C4: 2000
A5: 義式蕃茄起司義大利麵 | B5: 12 | C5: 2000
A6: 焗烤起司雙饗筆尖麵 | B6: 18 | C6: 1600
A7: 奶油培根義大利麵 | B7: 14 | C7: 2000
A8: 韓式起司炸雞義大利麵 | B8: 17 | C8: 2000
A9: 剝皮辣椒雞奶油扁麵 | B9: 18 | C9: 1565
A10: 青花椒麻雞肉拌麵 | B10: 17 | C10: 1565
A11: 青花椒麻雞肉拌麵-降速生產 | B11: 14 | C11: 1385
A12: 奶油蒜香雞義大利麵 | B12: 17 | C12: 1385
A13: 奶油蒜香雞義大利麵-降速生產 | B13: 17 | C13: 1385
A14: 焗烤明太子筆尖麵 | B14: 16 | C14: 1385
A15: 濃拿坡里義大利麵 | B15: 16 | C15: 1406
... A22: 辣味香菜雞肉義大利麵 | B22: 16 | C22: 1800
E23: 更新日期12/09
A25: 小滷青蔬 | B25: 13 | C25: 1565
A26: 起司馬鈴薯 | B26: 12 | C26: 1565
A27: 台式綜合甜不辣 | B27: 12 | C27: 1565
A28: 三杯菇菇米血 | B28: 12 | C28: 1565
