Workbook

Sheet 生產管理報表(月)
A1: 長家廠生產管理報表
A3: 月別 | B3: 8 | C3: 工廠 | D3: 長家廠
A4: （１）收支狀況 | E4: ※單位：千元 | G4: （２）ＫＰＩ達成進度
A5: 項目 | B5: 當月 | C5: 前月 | D5: 差異 | E5: 累計 | G5: 項目 | H5: KPI | I5: 當月 | J5: 前月 | K5: 累計 | L5: ※補充
A6: 業績金額 | B6: 84284.94 | D6: =B6-C6 -> 84284.94 | G6: 人時性(個/月均) | H6: 109.4 | I6: 97.1 | L6: 個／MH
A7: 訂單數量 | B7: 1717015 | D7: =B7-C7 -> 1717015 | G7: 人時達成率(%/月均) | H7: 0.8 | I7: 0.912 | L7: 達成率
A8: 材料費 | B8: 53121.6 | D8: =B8-C8 -> 53121.6 | G8: 半成品-報廢(%) | H8: 0.0025 | I8: 0.008 | L8: 報廢率
A9: 材料費率 | B9: 0.62806824 | D9: =B9-C9 -> 0.62806824 | G9: 半成品-超用(%) | H9: 0.0025 | I9: 0.011 | L9: 超用率
A10: 勞務成本 | B10: 9692.78 | D10: =B10-C10 -> 9692.78 | G10: 固定產線-導入率(%) | H10: 1 | I10: 0.429 | L10: 導入率
A11: 勞務費率 | B11: =B10/B6 -> 0.11500014 | D11: =B11-C11 -> 0.11500014 | G11: 教育訓練-實施率(%) | H11: 1 | I11: 0.617 | L11: 實施率
A13: （３）業績構成比 | G13: （４）訂單數量構成比
B14: 當月 | C14: 比例 | D14: 前月 | E14: 差異 | H14: 當月 | I14: 比例 | J14: 前月 | K14: 差異
A15: 熱食義麵(122,123,124,126) | B15: 77138.6 | C15: =IFERROR(B15/$B$6,"") -> 0.91521214 | E15: =IFERROR(C15-D15,"") -> 0.91521214 | G15: 熱食義麵(122,123,124,126) | H15: 1458501 | I15: =IFERROR(H15/$B$7,"") -> 0.84943987 | K15: =IFERROR(I15-J15,"") -> 0.84943987
A16: 季節調理麵(111,112) | C16: =IFERROR(B16/$B$6,"") -> 0 | E16: =IFERROR(C16-D16,"") -> 0 | G16: 季節調理麵(111,112) | I16: =IFERROR(H16/$B$7,"") -> 0 | K16: =IFERROR(I16-J16,"") -> 0
A17: 微波小吃(153,154,155) | B17: 7146.3 | C17: =IFERROR(B17/$B$6,"") -> 0.084787389 | E17: =IFERROR(C17-D17,"") -> 0.084787389 | G17: 微波小吃(153,154,155) | H17: 258514 | I17: =IFERROR(H17/$B$7,"") -> 0.15056013 | K17: =IFERROR(I17-J17,"") -> 0.15056013
C18: =SUM(C15:C17) -> 0.99999953 | D18: =SUM(D15:D17) -> 0 | I18: =SUM(I15:I17) -> 1 | J18: =SUM(J15:J17) -> 0
A20: （５）品群別人時生產性
A21: 品群 | B21: 當月 | C21: 前月 | D21: 差異 | E21: 累計
A22: 熱食義麵(122,123,124,126) | B22: 95.6 | D22: 0
A23: 季節調理麵(111,112) | D23: 0
A24: 微波小吃(153,154,155) | B24: 109.8 | D24: 0

Sheet 生產管理報表(週) 
A1: 長家廠生產管理報表
A3: 月別 | B3: 8 | C3: 週別 | D3: W5 | E3: 工廠 | F3: 長家廠
A4: （１）收支狀況 | E4: ※單位：千元 | G4: （２）ＫＰＩ達成進度
A5: 項目 | B5: 當週 | C5: 前週 | D5: 差異 | E5: 累計 | G5: 項目 | H5: KPI | I5: 當週 | J5: 前週 | K5: 累計 | L5: ※補充
A6: 業績金額 | B6: 18926.95 | C6: 20083.9 | D6: =B6-C6 -> -1156.95 | E6: 68252 | G6: 人時性(個/月均) | H6: 109.4 | J6: 94.7 | L6: 個／MH
A7: 訂單數量 | B7: 390615 | C7: 400711 | D7: =B7-C7 -> -10096 | E7: 1385195 | G7: 人時達成率(%/月均) | H7: 0.8 | I7: =I6/H6 -> 0 | J7: =J6/H6 -> 0.86563071 | L7: 達成率
A8: 材料費 | B8: 11935.81 | C8: 12660.243 | D8: =B8-C8 -> -724.433 | E8: 43010 | G8: 半成品-報廢(%) | H8: 0.0025 | J8: 0.007 | L8: 報廢率
A9: 材料費率 | B9: =B8/B6 -> 0.63062511 | C9: =C8/C6 -> 0.63036776 | D9: =B9-C9 -> 0.00025735667 | E9: =E8/E6 -> 0.63016468 | G9: 半成品-超用(%) | H9: 0.0025 | J9: 0.005 | L9: 超用率
A10: 勞務成本 | D10: =B10-C10 -> 0 | G10: 固定產線-導入率(%) | H10: 1 | I10: 0.429 | J10: 0.429 | K10: 0.429 | L10: 導入率
A11: 勞務費率 | D11: =B11-C11 -> 0 | G11: 教育訓練-實施率(%) | H11: 1 | I11: 0.714 | J11: 0.714 | K11: 0.548 | L11: 實施率
A13: （３）業績構成比 | G13: （４）訂單數量構成比
B14: 當週 | C14: 比例 | D14: 前週 | E14: 差異 | H14: 當週 | I14: 比例 | J14: 前週 | K14: 差異
A15: 熱食義麵(122,123,124,126) | B15: 16921.96 | C15: =IFERROR(B15/$B$6,"") -> 0.89406693 | D15: 0.9265 | E15: =IFERROR(C15-D15,"") -> -0.032433074 | G15: 熱食義麵(122,123,124,126) | H15: 318207 | I15: =IFERROR(H15/$B$7,"") -> 0.81463077 | J15: 0.8666 | K15: =IFERROR(I15-J15,"") -> -0.051969225
A16: 季節調理麵(111,112) | C16: =IFERROR(B16/$B$6,"") -> 0 | E16: =IFERROR(C16-D16,"") -> 0 | G16: 季節調理麵(111,112) | I16: =IFERROR(H16/$B$7,"") -> 0 | K16: =IFERROR(I16-J16,"") -> 0
A17: 微波小吃(153,154,155) | B17: 2004.98 | C17: =IFERROR(B17/$B$6,"") -> 0.10593255 | D17: 0.0735 | E17: =IFERROR(C17-D17,"") -> 0.032432546 | G17: 微波小吃(153,154,155) | H17: 72408 | I17: =IFERROR(H17/$B$7,"") -> 0.18536923 | J17: 0.1334 | K17: =IFERROR(I17-J17,"") -> 0.051969225
C18: =SUM(C15:C17) -> 0.99999947 | D18: =SUM(D15:D17) -> 1 | I18: =SUM(I15:I17) -> 1 | J18: =SUM(J15:J17) -> 1
A20: （５）品群別人時生產性
A21: 品群 | B21: 當週 | C21: 前週 | D21: 差異 | E21: 累計
A22: 熱食義麵(122,123,124,126) | B22: 97.1 | C22: 91.5 | D22: =B22-C22 -> 5.6
A23: 季節調理麵(111,112) | D23: =B23-C23 -> 0
A24: 微波小吃(153,154,155) | B24: 113.6 | C24: 108 | D24: =B24-C24 -> 5.6

Sheet （１）收支狀況
B2: （１）收支狀況
B3: 資料繳交日 | C3: 月份 | D3: 日期 | F3: 營業額(元) | I3: 訂單數量(個) | L3: 材料費(元) | O3: 材料費率（材料費／營業額） | R3: 勞務成本（全廠人事成本） | U3: 勞務費率（勞務成本／營業額）
F4: 日 | G4: 週累積 | H4: 月累積 | I4: 日 | J4: 週累積 | K4: 月累積 | L4: 日 | M4: 週累積 | N4: 月累積 | O4: 日 | P4: 週累積 | Q4: 月累積 | R4: 日 | S4: 週累積 | T4: 月累積 | U4: 日 | V4: 週累積 | W4: 月累積
B5: =D17 -> 45882 | C5: 八 | D5: 45870 | E5: 五 | F5: 2385266.7 | G5: =SUM(F5:F8) -> 10607384 | H5: =SUM(F5:F35) -> 84284948 | I5: 48634 | J5: =SUM(I5:I8) -> 217451 | K5: =SUM(I5:I35) -> 1717015 | L5: 1500654 | M5: =SUM(L5:L8) -> 6679908 | N5: =SUM(L5:L35) -> 53121602 | O5: =L5/F5 -> 0.62913469 | P5: =SUM(O5:O8) -> 2.5188712 | Q5: =N5/H5 -> 0.63026202 | S5: =SUM(R5:R8) -> 0 | T5: =SUM(R5:R35) -> 0 | U5: =R5/F5 -> 0 | V5: =SUM(U5:U8) -> 0 | W5: =T5/H5 -> 0
D6: 45871 | E6: 六 | F6: 2388905.3 | I6: 50077 | L6: 1504727 | O6: =L6/F6 -> 0.62988139 | U6: =R6/F6 -> 0
D7: 45872 | E7: 日 | F7: 2899844.4 | I7: 59089 | L7: 1824425 | O7: =L7/F7 -> 0.62914582 | U7: =R7/F7 -> 0
D8: 45873 | E8: 一 | F8: 2933367.4 | I8: 59651 | L8: 1850102 | O8: =L8/F8 -> 0.63070926 | U8: =R8/F8 -> 0
D9: 45874 | E9: 二 | F9: 3567472.8 | G9: =SUM(F9:F15) -> 19947142 | I9: 72576 | J9: =SUM(I9:I15) -> 408990 | L9: 2250309 | M9: =SUM(L9:L15) -> 12571005 | O9: =L9/F9 -> 0.63078519 | P9: =M9/G9 -> 0.63021585 | S9: =SUM(R9:R15) -> 0 | U9: =R9/F9 -> 0 | V9: =S9/G9 -> 0
D10: 45875 | E10: 三 | F10: 3253153.3 | I10: 66419 | L10: 2050043 | O10: =L10/F10 -> 0.63017105 | U10: =R10/F10 -> 0
D11: 45876 | E11: 四 | F11: 3065389 | I11: 62707 | L11: 1930254 | O11: =L11/F11 -> 0.629693 | U11: =R11/F11 -> 0
D12: 45877 | E12: 五 | F12: 2194710 | I12: 45233 | L12: 1382797 | O12: =L12/F12 -> 0.6300591 | U12: =R12/F12 -> 0
D13: 45878 | E13: 六 | F13: 2228264 | I13: 46023 | L13: 1400538 | O13: =L13/F13 -> 0.62853324 | U13: =R13/F13 -> 0
D14: 45879 | E14: 日 | F14: 2819551 | I14: 58090 | L14: 1779532 | O14: =L14/F14 -> 0.6311402 | U14: =R14/F14 -> 0
D15: 45880 | E15: 一 | F15: 2818602 | I15: 57942 | L15: 1777532 | O15: =L15/F15 -> 0.63064313 | U15: =R15/F15 -> 0
B16: =D24 -> 45889 | D16: 45881 | E16: 二 | F16: 2662577 | G16: =SUM(F16:F22) -> 17613170 | I16: 54761 | J16: =SUM(I16:I22) -> 358043 | L16: 1680559 | M16: =SUM(L16:L22) -> 11099822 | O16: =L16/F16 -> 0.63117761 | P16: =M16/G16 -> 0.63020012 | S16: =SUM(R16:R22) -> 0 | U16: =R16/F16 -> 0 | V16: =S16/G16 -> 0
D17: 45882 | E17: 三 | F17: 2744633 | I17: 56324 | L17: 1728237 | O17: =L17/F17 -> 0.62967872 | U17: =R17/F17 -> 0
D18: 45883 | E18: 四 | F18: 2633487.9 | I18: 53933 | L18: 1658928 | O18: =L18/F18 -> 0.62993568 | U18: =R18/F18 -> 0
D19: 45884 | E19: 五 | F19: 2147438.5 | I19: 44208 | L19: 1353772 | O19: =L19/F19 -> 0.63041248 | U19: =R19/F19 -> 0
D20: 45885 | E20: 六 | F20: 2076344 | I20: 42811 | L20: 1306830 | O20: =L20/F20 -> 0.62938994 | U20: =R20/F20 -> 0
D21: 45886 | E21: 日 | F21: 2596695 | I21: 53433 | L21: 1635724 | O21: =L21/F21 -> 0.62992535 | U21: =R21/F21 -> 0
D22: 45887 | E22: 一 | F22: 2751995 | I22: 52573 | L22: 1735772 | O22: =L22/F22 -> 0.63073225 | U22: =R22/F22 -> 0
B23: =D24 -> 45889 | D23: 45888 | E23: 二 | F23: 3663246 | G23: =SUM(F23:F29) -> 20083919 | I23: 71465 | J23: =SUM(I23:I29) -> 400711 | L23: 2310843 | M23: =SUM(L23:L29) -> 12660243 | O23: =L23/F23 -> 0.63081841 | P23: =M23/G23 -> 0.63036716 | S23: =SUM(R23:R29) -> 0 | U23: =R23/F23 -> 0 | V23: =S23/G23 -> 0
D24: 45889 | E24: 三 | F24: 3220104.3 | I24: 63950 | L24: 2030129 | O24: =L24/F24 -> 0.63045442 | U24: =R24/F24 -> 0
D25: 45890 | E25: 四 | F25: 2984286.3 | I25: 59293 | L25: 1880865 | O25: =L25/F25 -> 0.63025621 | U25: =R25/F25 -> 0
D26: 45891 | E26: 五 | F26: 2143867.2 | I26: 43229 | L26: 1350457 | O26: =L26/F26 -> 0.62991634 | U26: =R26/F26 -> 0
D27: 45892 | E27: 六 | F27: 2337356.9 | I27: 46688 | L27: 1472951 | O27: =L27/F27 -> 0.63017804 | U27: =R27/F27 -> 0
D28: 45893 | E28: 日 | F28: 2795939.1 | I28: 56606 | L28: 1762805 | O28: =L28/F28 -> 0.63048762 | U28: =R28/F28 -> 0
D29: 45894 | E29: 一 | F29: 2939119 | I29: 59480 | L29: 1852193 | O29: =L29/F29 -> 0.63018646 | U29: =R29/F29 -> 0
B30: =D38 -> 45903 | D30: 45895 | E30: 二 | F30: 2910871 | G30: =SUM(F30:F36) -> 18926952 | I30: 62340 | J30: =SUM(I30:I36) -> 390615 | L30: 1836323 | M30: =SUM(L30:L36) -> 11935817 | O30: =L30/F30 -> 0.63085001 | P30: =M30/G30 -> 0.63062542 | S30: =SUM(R30:R36) -> 0 | U30: =R30/F30 -> 0 | V30: =S30/G30 -> 0
D31: 45896 | E31: 三 | F31: 2829056.5 | I31: 58742 | L31: 1784703 | O31: =L31/F31 -> 0.63084743 | U31: =R31/F31 -> 0
D32: 45897 | E32: 四 | F32: 2742274 | I32: 56809 | L32: 1725366 | O32: =L32/F32 -> 0.62917345 | U32: =R32/F32 -> 0
D33: 45898 | E33: 五 | F33: 2263407.1 | I33: 46138 | L33: 1428435 | O33: =L33/F33 -> 0.63109945 | U33: =R33/F33 -> 0
D34: 45899 | E34: 六 | F34: 2324525 | I34: 47670 | L34: 1463604 | O34: =L34/F34 -> 0.62963572 | U34: =R34/F34 -> 0
D35: 45900 | E35: 日 | F35: 2963199.4 | I35: 60121 | L35: 1872193 | O35: =L35/F35 -> 0.63181472 | U35: =R35/F35 -> 0
D36: 45901 | E36: 一 | F36: 2893618.9 | I36: 58795 | L36: 1825193 | O36: =L36/F36 -> 0.63076482
D37: 45902 | E37: 二 | G37: =SUM(F37:F43) -> 0 | J37: =SUM(I37:I43) -> 0 | M37: =SUM(L37:L43) -> 0 | O37: =L37/F37 -> #DIV/0! | P37: =M37/G37 -> #DIV/0! | S37: =SUM(R37:R43) -> 0 | V37: =SUM(U37:U43) -> 0
D38: 45903 | E38: 三 | O38: =L38/F38 -> #DIV/0!
D39: 45904 | E39: 四 | O39: =L39/F39 -> #DIV/0!
D40: 45905 | E40: 五 | O40: =L40/F40 -> #DIV/0!
D41: 45906 | E41: 六 | O41: =L41/F41 -> #DIV/0!
D42: 45907 | E42: 日 | O42: =L42/F42 -> #DIV/0!
D43: 45908 | E43: 一 | O43: =L43/F43 -> #DIV/0!

Sheet （２）ＫＰＩ達成進度
C1: 109.4
B2: （２）ＫＰＩ達成進度
B3: 資料繳交日 | C3: 月份 | D3: 日期 | F3: 人時生產性(個/人) | I3: 人時生產性達成率(%) | L3: 半成品報廢(%) | O3: 半成品超用(%) | R3: 固定產線-導入率(固定產線數/總產線數) | U3: 教育訓練-實施率(進度/計畫)
F4: 日 | G4: 週平均 | H4: 月平均 | I4: 日 | J4: 週平均 | K4: 月平均 | L4: 日 | M4: 週平均 | N4: 月平均 | O4: 日 | P4: 週平均 | Q4: 月平均 | R4: 日 | S4: 週平均 | T4: 月平均 | U4: 日 | V4: 週平均 | W4: 月平均
B5: =D17 -> 45882 | C5: 八 | D5: 45870 | E5: 五 | F5: 100.6 | G5: =AVERAGE(F5:F8) -> 99.775 | H5: =AVERAGE(F5:F35) -> 97.125806 | I5: =F5/$C$1 -> 0.91956124 | J5: =AVERAGE(I5:I8) -> 0.91202011 | K5: =AVERAGE(I5:I35) -> 0.88780445 | L5: 0.00902 | M5: =AVERAGE(L5:L8) -> 0.009125 | N5: =AVERAGE(L5:L35) -> 0.0076116129 | O5: 0.0103 | P5: =AVERAGE(O5:O8) -> 0.0119 | Q5: =AVERAGE(O5:O35) -> 0.011045161 | R5: 0.429 | S5: =AVERAGE(R5:R8) -> 0.429 | T5: =AVERAGE(R5:R35) -> 0.429 | U5: 0.286 | V5: =AVERAGE(U5:U8) -> 0.32175 | W5: =AVERAGE(U5:U35) -> 0.61741935
D6: 45871 | E6: 六 | F6: 101.4 | I6: =F6/$C$1 -> 0.92687386 | L6: 0.01053 | O6: 0.0136 | R6: 0.429 | U6: 0.286
D7: 45872 | E7: 日 | F7: 100.8 | I7: =F7/$C$1 -> 0.9213894 | L7: 0.00818 | O7: 0.0103 | R7: 0.429 | U7: 0.286
D8: 45873 | E8: 一 | F8: 96.3 | I8: =F8/$C$1 -> 0.88025594 | L8: 0.00877 | O8: 0.0134 | R8: 0.429 | U8: 0.429
D9: 45874 | E9: 二 | F9: 91.2 | G9: =AVERAGE(F9:F15) -> 96.285714 | I9: =F9/$C$1 -> 0.83363803 | J9: =AVERAGE(I9:I15) -> 0.88012536 | L9: 0.00731 | M9: =AVERAGE(L9:L15) -> 0.0090885714 | O9: 0.021 | P9: =AVERAGE(O9:O15) -> 0.020714286 | R9: 0.429 | S9: =AVERAGE(R9:R15) -> 0.429 | U9: 0.429 | V9: =AVERAGE(U9:U15) -> 0.51042857
D10: 45875 | E10: 三 | F10: 94.5 | I10: =F10/$C$1 -> 0.86380256 | L10: 0.00808 | O10: 0.0212 | R10: 0.429 | U10: 0.429
D11: 45876 | E11: 四 | F11: 100.1 | I11: =F11/$C$1 -> 0.91499086 | L11: 0.01012 | O11: 0.0204 | R11: 0.429 | U11: 0.429
D12: 45877 | E12: 五 | F12: 96.7 | I12: =F12/$C$1 -> 0.88391225 | L12: 0.00951 | O12: 0.0232 | R12: 0.429 | U12: 0.429
D13: 45878 | E13: 六 | F13: 95.8 | I13: =F13/$C$1 -> 0.87568556 | L13: 0.0113 | O13: 0.0197 | R13: 0.429 | U13: 0.429
D14: 45879 | E14: 日 | F14: 98.4 | I14: =F14/$C$1 -> 0.89945155 | L14: 0.01054 | O14: 0.0159 | R14: 0.429 | U14: 0.714
D15: 45880 | E15: 一 | F15: 97.3 | I15: =F15/$C$1 -> 0.88939671 | L15: 0.00676 | O15: 0.0236 | R15: 0.429 | U15: 0.714
B16: =D24 -> 45889 | D16: 45881 | E16: 二 | F16: 99.5 | G16: =AVERAGE(F16:F22) -> 97.457143 | I16: =F16/$C$1 -> 0.9095064 | J16: =AVERAGE(I16:I22) -> 0.89083312 | L16: 0.00807 | M16: =AVERAGE(L16:L22) -> 0.0080285714 | O16: 0.023 | P16: =AVERAGE(O16:O22) -> 0.013114286 | R16: 0.429 | S16: =AVERAGE(R16:R22) -> 0.429 | U16: 0.714 | V16: =AVERAGE(U16:U22) -> 0.714
D17: 45882 | E17: 三 | F17: 98.3 | I17: =F17/$C$1 -> 0.89853748 | L17: 0.00793 | O17: 0.0224 | R17: 0.429 | U17: 0.714
D18: 45883 | E18: 四 | F18: 99.4 | I18: =F18/$C$1 -> 0.90859232 | L18: 0.0147 | O18: 0.0159 | R18: 0.429 | U18: 0.714
D19: 45884 | E19: 五 | F19: 91.7 | I19: =F19/$C$1 -> 0.83820841 | L19: 0.007 | O19: 0.0056 | R19: 0.429 | U19: 0.714
D20: 45885 | E20: 六 | F20: 96.1 | I20: =F20/$C$1 -> 0.87842779 | L20: 0.0054 | O20: 0.0079 | R20: 0.429 | U20: 0.714
D21: 45886 | E21: 日 | F21: 100.3 | I21: =F21/$C$1 -> 0.91681901 | L21: 0.006 | O21: 0.0084 | R21: 0.429 | U21: 0.714
D22: 45887 | E22: 一 | F22: 96.9 | I22: =F22/$C$1 -> 0.8857404 | L22: 0.0071 | O22: 0.0086 | R22: 0.429 | U22: 0.714
B23: =D24 -> 45889 | D23: 45888 | E23: 二 | F23: 94.1 | G23: =AVERAGE(F23:F29) -> 94.685714 | I23: =F23/$C$1 -> 0.86014625 | J23: =AVERAGE(I23:I29) -> 0.86550013 | L23: 0.00655 | M23: =AVERAGE(L23:L29) -> 0.00719 | O23: 0.0058 | P23: =AVERAGE(O23:O29) -> 0.0052428571 | R23: 0.429 | S23: =AVERAGE(R23:R29) -> 0.429 | U23: 0.714 | V23: =AVERAGE(U23:U29) -> 0.714
D24: 45889 | E24: 三 | F24: 98.3 | I24: =F24/$C$1 -> 0.89853748 | L24: 0.0074 | O24: 0.0058 | R24: 0.429 | U24: 0.714
D25: 45890 | E25: 四 | F25: 95.4 | I25: =F25/$C$1 -> 0.87202925 | L25: 0.00817 | O25: 0.0064 | R25: 0.429 | U25: 0.714
D26: 45891 | E26: 五 | F26: 87.2 | I26: =F26/$C$1 -> 0.79707495 | L26: 0.00724 | O26: 0.0065 | R26: 0.429 | U26: 0.714
D27: 45892 | E27: 六 | F27: 94.6 | I27: =F27/$C$1 -> 0.86471664 | L27: 0.00651 | O27: 0.0049 | R27: 0.429 | U27: 0.714
D28: 45893 | E28: 日 | F28: 96.7 | I28: =F28/$C$1 -> 0.88391225 | L28: 0.00746 | O28: 0.0045 | R28: 0.429 | U28: 0.714
D29: 45894 | E29: 一 | F29: 96.5 | I29: =F29/$C$1 -> 0.8820841 | L29: 0.007 | O29: 0.0028 | R29: 0.429 | U29: 0.714
B30: =D38 -> 45903 | D30: 45895 | E30: 二 | F30: 96.5 | G30: =AVERAGE(F30:F36) -> 98.628571 | I30: =F30/$C$1 -> 0.8820841 | J30: =AVERAGE(I30:I36) -> 0.90154087 | L30: 0.0059 | M30: =AVERAGE(L30:L36) -> 0.0047585714 | O30: 0.0072 | P30: =AVERAGE(O30:O36) -> 0.0033285714 | R30: 0.429 | S30: =AVERAGE(R30:R36) -> 0.429 | U30: 0.714 | V30: =AVERAGE(U30:U36) -> 0.714
D31: 45896 | E31: 三 | F31: 96.5 | I31: =F31/$C$1 -> 0.8820841 | L31: 0.0054 | O31: 0.0038 | R31: 0.429 | U31: 0.714
D32: 45897 | E32: 四 | F32: 102.1 | I32: =F32/$C$1 -> 0.93327239 | L32: 0.0047 | O32: 0.0019 | R32: 0.429 | U32: 0.714
D33: 45898 | E33: 五 | F33: 97.6 | I33: =F33/$C$1 -> 0.89213894 | L33: 0.00458 | O33: 0.0028 | R33: 0.429 | U33: 0.714
D34: 45899 | E34: 六 | F34: 98 | I34: =F34/$C$1 -> 0.89579525 | L34: 0.00451 | O34: 0.002 | R34: 0.429 | U34: 0.714
D35: 45900 | E35: 日 | F35: 102.1 | I35: =F35/$C$1 -> 0.93327239 | L35: 0.00422 | O35: 0.0036 | R35: 0.429 | U35: 0.714
D36: 45901 | E36: 一 | F36: 97.6 | I36: =F36/$C$1 -> 0.89213894 | L36: 0.004 | O36: 0.002 | R36: 0.429
D37: 45902 | E37: 二 | G37: =AVERAGE(F37:F43) -> #DIV/0! | I37: =F37/$C$1 -> 0 | J37: =AVERAGE(I37:I43) -> 0 | M37: =AVERAGE(L37:L43) -> #DIV/0! | P37: =AVERAGE(O37:O43) -> #DIV/0! | S37: =AVERAGE(R37:R43) -> #DIV/0! | V37: =AVERAGE(U37:U43) -> #DIV/0!
D38: 45903 | E38: 三 | I38: =F38/$C$1 -> 0
D39: 45904 | E39: 四 | I39: =F39/$C$1 -> 0
D40: 45905 | E40: 五 | I40: =F40/$C$1 -> 0
D41: 45906 | E41: 六 | I41: =F41/$C$1 -> 0
D42: 45907 | E42: 日 | I42: =F42/$C$1 -> 0
D43: 45908 | E43: 一 | I43: =F43/$C$1 -> 0

Sheet （３）業績構成比
B2: （3）業績構成比
B3: 資料繳交日 | C3: 月份 | D3: 日期 | F3: 營業額 | I3: 品類業績
I4: 熱食義麵 | K4: 季節調理麵 | M4: 微波小吃
F5: 日 | G5: 週累積 | H5: 月累積 | I5: 一配 | K5: 一配 | M5: 一配
I6: 業績(元) | J6: 比例(%) | K6: 業績(元) | L6: 比例(%) | M6: 業績(元) | N6: 比例(%)
B7: =D19 -> 45882 | C7: 八 | D7: 45870 | E7: 五 | F7: =SUM(I7,K7,M7) -> 2385266.7 | G7: =SUM(F7:F10) -> 10607384 | H7: =SUM(F7:F37) -> 84284948 | I7: 2195130 | J7: =I7/F7 -> 0.92028702 | L7: =K7/F7 -> 0 | M7: 190136.72 | N7: =M7/F7 -> 0.079712982
D8: 45871 | E8: 六 | F8: =SUM(I8,K8,M8) -> 2388905.3 | I8: 2194190.1 | J8: =I8/F8 -> 0.91849186 | L8: =K8/F8 -> 0 | M8: 194715.24 | N8: =M8/F8 -> 0.081508145
D9: 45872 | E9: 日 | F9: =SUM(I9,K9,M9) -> 2899844.4 | I9: 2660909.2 | J9: =I9/F9 -> 0.91760411 | L9: =K9/F9 -> 0 | M9: 238935.25 | N9: =M9/F9 -> 0.082395886
D10: 45873 | E10: 一 | F10: =SUM(I10,K10,M10) -> 2933368 | I10: 2698249 | J10: =I10/F10 -> 0.91984674 | L10: =K10/F10 -> 0 | M10: 235119 | N10: =M10/F10 -> 0.080153257
D11: 45874 | E11: 二 | F11: =SUM(I11,K11,M11) -> 3567473 | G11: =SUM(F11:F17) -> 19947142 | I11: 3338114 | J11: =I11/F11 -> 0.93570827 | L11: =K11/F11 -> 0 | M11: 229359 | N11: =M11/F11 -> 0.064291727
D12: 45875 | E12: 三 | F12: =SUM(I12,K12,M12) -> 3253153 | I12: 3022277 | J12: =I12/F12 -> 0.92903008 | L12: =K12/F12 -> 0 | M12: 230876 | N12: =M12/F12 -> 0.070969917
D13: 45876 | E13: 四 | F13: =SUM(I13,K13,M13) -> 3065389 | I13: 2847697 | J13: =I13/F13 -> 0.92898389 | L13: =K13/F13 -> 0 | M13: 217692 | N13: =M13/F13 -> 0.071016109
D14: 45877 | E14: 五 | F14: =SUM(I14,K14,M14) -> 2194710 | I14: 2005404 | J14: =I14/F14 -> 0.91374441 | L14: =K14/F14 -> 0 | M14: 189306 | N14: =M14/F14 -> 0.086255587
D15: 45878 | E15: 六 | F15: =SUM(I15,K15,M15) -> 2228264 | I15: 2036693 | J15: =I15/F15 -> 0.91402679 | L15: =K15/F15 -> 0 | M15: 191571 | N15: =M15/F15 -> 0.085973206
D16: 45879 | E16: 日 | F16: =SUM(I16,K16,M16) -> 2819551 | I16: 2583047.8 | J16: =I16/F16 -> 0.91612025 | L16: =K16/F16 -> 0 | M16: 236503.23 | N16: =M16/F16 -> 0.083879748
D17: 45880 | E17: 一 | F17: =SUM(I17,K17,M17) -> 2818602 | I17: 2589298 | J17: =I17/F17 -> 0.91864619 | L17: =K17/F17 -> 0 | M17: 229304 | N17: =M17/F17 -> 0.081353806
B18: =D26 -> 45889 | D18: 45881 | E18: 二 | F18: =SUM(I18,K18,M18) -> 2662577 | G18: =SUM(F18:F24) -> 17613170 | I18: 2437291 | J18: =I18/F18 -> 0.91538799 | L18: =K18/F18 -> 0 | M18: 225286 | N18: =M18/F18 -> 0.084612013
D19: 45882 | E19: 三 | F19: =SUM(I19,K19,M19) -> 2744634 | I19: 2513938 | J19: =I19/F19 -> 0.91594653 | L19: =K19/F19 -> 0 | M19: 230696 | N19: =M19/F19 -> 0.084053466
D20: 45883 | E20: 四 | F20: =SUM(I20,K20,M20) -> 2633487.9 | I20: 2417904.1 | J20: =I20/F20 -> 0.91813755 | L20: =K20/F20 -> 0 | M20: 215583.77 | N20: =M20/F20 -> 0.081862449
D21: 45884 | E21: 五 | F21: =SUM(I21,K21,M21) -> 2147438.5 | I21: 1950980.8 | J21: =I21/F21 -> 0.90851537 | L21: =K21/F21 -> 0 | M21: 196457.62 | N21: =M21/F21 -> 0.091484634
D22: 45885 | E22: 六 | F22: =SUM(I22,K22,M22) -> 2076344 | I22: 1882467.2 | J22: =I22/F22 -> 0.90662588 | L22: =K22/F22 -> 0 | M22: 193876.8 | N22: =M22/F22 -> 0.093374125
D23: 45886 | E23: 日 | F23: =SUM(I23,K23,M23) -> 2596695 | I23: 2364186.9 | J23: =I23/F23 -> 0.91045999 | L23: =K23/F23 -> 0 | M23: 232508.1 | N23: =M23/F23 -> 0.089540012
D24: 45887 | E24: 一 | F24: =SUM(I24,K24,M24) -> 2751994 | I24: 2519486 | J24: =I24/F24 -> 0.9155129 | L24: =K24/F24 -> 0 | M24: 232508 | N24: =M24/F24 -> 0.084487103
B25: =D33 -> 45896 | D25: 45888 | E25: 二 | F25: =SUM(I25,K25,M25) -> 3663245.5 | G25: =SUM(F25:F31) -> 20083918 | I25: 3433508.6 | J25: =I25/F25 -> 0.93728596 | L25: =K25/F25 -> 0 | M25: 229736.94 | N25: =M25/F25 -> 0.062714044
D26: 45889 | E26: 三 | F26: =SUM(I26,K26,M26) -> 3220104.3 | I26: 2994134.3 | J26: =I26/F26 -> 0.92982524 | L26: =K26/F26 -> 0 | M26: 225970.05 | N26: =M26/F26 -> 0.070174761
D27: 45890 | E27: 四 | F27: =SUM(I27,K27,M27) -> 2984286.3 | I27: 2770927.9 | J27: =I27/F27 -> 0.92850606 | L27: =K27/F27 -> 0 | M27: 213358.4 | N27: =M27/F27 -> 0.071493944
D28: 45891 | E28: 五 | F28: =SUM(I28,K28,M28) -> 2143867.2 | I28: 1968339.7 | J28: =I28/F28 -> 0.91812577 | L28: =K28/F28 -> 0 | M28: 175527.48 | N28: =M28/F28 -> 0.081874231
D29: 45892 | E29: 六 | F29: =SUM(I29,K29,M29) -> 2337356.9 | I29: 2156126.7 | J29: =I29/F29 -> 0.92246363 | L29: =K29/F29 -> 0 | M29: 181230.17 | N29: =M29/F29 -> 0.07753637
D30: 45893 | E30: 日 | F30: =SUM(I30,K30,M30) -> 2795939.1 | I30: 2570126 | J30: =I30/F30 -> 0.91923532 | L30: =K30/F30 -> 0 | M30: 225813.14 | N30: =M30/F30 -> 0.080764684
D31: 45894 | E31: 一 | F31: =SUM(I31,K31,M31) -> 2939119 | I31: 2713996.1 | J31: =I31/F31 -> 0.92340462 | L31: =K31/F31 -> 0 | M31: 225122.93 | N31: =M31/F31 -> 0.076595377
B32: =D40 -> 45903 | D32: 45895 | E32: 二 | F32: =SUM(I32,K32,M32) -> 2910871 | G32: =SUM(F32:F38) -> 18926952 | I32: 2490177.2 | J32: =I32/F32 -> 0.85547494 | L32: =K32/F32 -> 0 | M32: 420693.81 | N32: =M32/F32 -> 0.14452506
D33: 45896 | E33: 三 | F33: =SUM(I33,K33,M33) -> 2829056.5 | I33: 2503046.8 | J33: =I33/F33 -> 0.88476382 | L33: =K33/F33 -> 0 | M33: 326009.67 | N33: =M33/F33 -> 0.11523618
D34: 45897 | E34: 四 | F34: =SUM(I34,K34,M34) -> 2742273.9 | I34: 2432199.8 | J34: =I34/F34 -> 0.88692809 | L34: =K34/F34 -> 0 | M34: 310074.14 | N34: =M34/F34 -> 0.11307191
D35: 45898 | E35: 五 | F35: =SUM(I35,K35,M35) -> 2263407.1 | I35: 2048584.5 | J35: =I35/F35 -> 0.9050888 | L35: =K35/F35 -> 0 | M35: 214822.69 | N35: =M35/F35 -> 0.094911201
D36: 45899 | E36: 六 | F36: =SUM(I36,K36,M36) -> 2324525 | I36: 2089081.5 | J36: =I36/F36 -> 0.89871327 | L36: =K36/F36 -> 0 | M36: 235443.53 | N36: =M36/F36 -> 0.10128673
D37: 45900 | E37: 日 | F37: =SUM(I37,K37,M37) -> 2963199.4 | I37: 2711101.8 | J37: =I37/F37 -> 0.91492387 | L37: =K37/F37 -> 0 | M37: 252097.55 | N37: =M37/F37 -> 0.085076135
D38: 45901 | E38: 一 | F38: =SUM(I38,K38,M38) -> 2893618.9 | I38: 2647777.4 | J38: =I38/F38 -> 0.91504011 | L38: =K38/F38 -> 0 | M38: 245841.55 | N38: =M38/F38 -> 0.084959892
D39: 45902 | E39: 二 | F39: =SUM(I39,K39,M39) -> 0 | G39: =SUM(F39:F45) -> 0 | J39: =I39/F39 -> #DIV/0! | L39: =K39/F39 -> #DIV/0! | N39: =M39/F39 -> #DIV/0!
D40: 45903 | E40: 三 | F40: =SUM(I40,K40,M40) -> 0 | J40: =I40/F40 -> #DIV/0! | L40: =K40/F40 -> #DIV/0! | N40: =M40/F40 -> #DIV/0!
D41: 45904 | E41: 四 | F41: =SUM(I41,K41,M41) -> 0 | J41: =I41/F41 -> #DIV/0! | L41: =K41/F41 -> #DIV/0! | N41: =M41/F41 -> #DIV/0!
D42: 45905 | E42: 五 | F42: =SUM(I42,K42,M42) -> 0 | J42: =I42/F42 -> #DIV/0! | L42: =K42/F42 -> #DIV/0! | N42: =M42/F42 -> #DIV/0!
D43: 45906 | E43: 六 | F43: =SUM(I43,K43,M43) -> 0 | J43: =I43/F43 -> #DIV/0! | L43: =K43/F43 -> #DIV/0! | N43: =M43/F43 -> #DIV/0!
D44: 45907 | E44: 日 | F44: =SUM(I44,K44,M44) -> 0 | J44: =I44/F44 -> #DIV/0! | L44: =K44/F44 -> #DIV/0! | N44: =M44/F44 -> #DIV/0!
D45: 45908 | E45: 一 | F45: =SUM(I45,K45,M45) -> 0 | J45: =I45/F45 -> #DIV/0! | L45: =K45/F45 -> #DIV/0! | N45: =M45/F45 -> #DIV/0!

Sheet （４）訂單數量構成比
B2: （4）訂單數量構成比
B3: 資料繳交日 | C3: 月份 | D3: 日期 | F3: 訂單量 | I3: 品類訂單量
I4: 熱食義麵 | K4: 季節調理麵 | M4: 微波小吃
F5: 日 | G5: 週累積 | H5: 月累積 | I5: 一配 | K5: 一配 | M5: 一配
I6: 訂單數 | J6: 比例(%) | K6: 訂單數 | L6: 比例(%) | M6: 訂單數 | N6: 比例(%)
B7: =D19 -> 45882 | C7: 八 | D7: 45870 | E7: 五 | F7: =SUM(I7,K7,M7) -> 48634 | G7: =SUM(F7:F10) -> 217451 | H7: =SUM(F7:F37) -> 1717015 | I7: 41763 | J7: =I7/F7 -> 0.85872024 | L7: =K7/F7 -> 0 | M7: 6871 | N7: =M7/F7 -> 0.14127976
D8: 45871 | E8: 六 | F8: =SUM(I8,K8,M8) -> 50077 | I8: 43038 | J8: =I8/F8 -> 0.85943647 | L8: =K8/F8 -> 0 | M8: 7039 | N8: =M8/F8 -> 0.14056353
D9: 45872 | E9: 日 | F9: =SUM(I9,K9,M9) -> 59089 | I9: 50442 | J9: =I9/F9 -> 0.85366143 | L9: =K9/F9 -> 0 | M9: 8647 | N9: =M9/F9 -> 0.14633857
D10: 45873 | E10: 一 | F10: =SUM(I10,K10,M10) -> 59651 | I10: 51137 | J10: =I10/F10 -> 0.85726979 | L10: =K10/F10 -> 0 | M10: 8514 | N10: =M10/F10 -> 0.14273021
D11: 45874 | E11: 二 | F11: =SUM(I11,K11,M11) -> 72576 | G11: =SUM(F11:F17) -> 408990 | I11: 64272 | J11: =I11/F11 -> 0.88558201 | L11: =K11/F11 -> 0 | M11: 8304 | N11: =M11/F11 -> 0.11441799
D12: 45875 | E12: 三 | F12: =SUM(I12,K12,M12) -> 66419 | I12: 58065 | J12: =I12/F12 -> 0.87422274 | L12: =K12/F12 -> 0 | M12: 8354 | N12: =M12/F12 -> 0.12577726
D13: 45876 | E13: 四 | F13: =SUM(I13,K13,M13) -> 62707 | I13: 54834 | J13: =I13/F13 -> 0.87444783 | L13: =K13/F13 -> 0 | M13: 7873 | N13: =M13/F13 -> 0.12555217
D14: 45877 | E14: 五 | F14: =SUM(I14,K14,M14) -> 45233 | I14: 38391 | J14: =I14/F14 -> 0.84873875 | L14: =K14/F14 -> 0 | M14: 6842 | N14: =M14/F14 -> 0.15126125
D15: 45878 | E15: 六 | F15: =SUM(I15,K15,M15) -> 46023 | I15: 39093 | J15: =I15/F15 -> 0.84942311 | L15: =K15/F15 -> 0 | M15: 6930 | N15: =M15/F15 -> 0.15057689
D16: 45879 | E16: 日 | F16: =SUM(I16,K16,M16) -> 58090 | I16: 49524 | J16: =I16/F16 -> 0.85253916 | L16: =K16/F16 -> 0 | M16: 8566 | N16: =M16/F16 -> 0.14746084
D17: 45880 | E17: 一 | F17: =SUM(I17,K17,M17) -> 57942 | I17: 49640 | J17: =I17/F17 -> 0.85671879 | L17: =K17/F17 -> 0 | M17: 8302 | N17: =M17/F17 -> 0.14328121
B18: =D26 -> 45889 | D18: 45881 | E18: 二 | F18: =SUM(I18,K18,M18) -> 54761 | G18: =SUM(F18:F24) -> 358043 | I18: 46599 | J18: =I18/F18 -> 0.85095232 | L18: =K18/F18 -> 0 | M18: 8162 | N18: =M18/F18 -> 0.14904768
D19: 45882 | E19: 三 | F19: =SUM(I19,K19,M19) -> 56324 | I19: 47970 | J19: =I19/F19 -> 0.85167957 | L19: =K19/F19 -> 0 | M19: 8354 | N19: =M19/F19 -> 0.14832043
D20: 45883 | E20: 四 | F20: =SUM(I20,K20,M20) -> 53933 | I20: 46125 | J20: =I20/F20 -> 0.85522778 | L20: =K20/F20 -> 0 | M20: 7808 | N20: =M20/F20 -> 0.14477222
D21: 45884 | E21: 五 | F21: =SUM(I21,K21,M21) -> 44208 | I21: 37105 | J21: =I21/F21 -> 0.83932772 | L21: =K21/F21 -> 0 | M21: 7103 | N21: =M21/F21 -> 0.16067228
D22: 45885 | E22: 六 | F22: =SUM(I22,K22,M22) -> 42811 | I22: 35797 | J22: =I22/F22 -> 0.8361636 | L22: =K22/F22 -> 0 | M22: 7014 | N22: =M22/F22 -> 0.1638364
D23: 45886 | E23: 日 | F23: =SUM(I23,K23,M23) -> 53433 | I23: 45010 | J23: =I23/F23 -> 0.84236333 | L23: =K23/F23 -> 0 | M23: 8423 | N23: =M23/F23 -> 0.15763667
D24: 45887 | E24: 一 | F24: =SUM(I24,K24,M24) -> 52573 | I24: 44150 | J24: =I24/F24 -> 0.83978468 | L24: =K24/F24 -> 0 | M24: 8423 | N24: =M24/F24 -> 0.16021532
B25: =D26 -> 45889 | D25: 45888 | E25: 二 | F25: =SUM(I25,K25,M25) -> 71465 | G25: =SUM(F25:F31) -> 400711 | I25: 63140 | J25: =I25/F25 -> 0.88350941 | L25: =K25/F25 -> 0 | M25: 8325 | N25: =M25/F25 -> 0.11649059
D26: 45889 | E26: 三 | F26: =SUM(I26,K26,M26) -> 63950 | I26: 55768 | J26: =I26/F26 -> 0.87205629 | L26: =K26/F26 -> 0 | M26: 8182 | N26: =M26/F26 -> 0.12794371
D27: 45890 | E27: 四 | F27: =SUM(I27,K27,M27) -> 59293 | I27: 51567 | J27: =I27/F27 -> 0.86969794 | L27: =K27/F27 -> 0 | M27: 7726 | N27: =M27/F27 -> 0.13030206
D28: 45891 | E28: 五 | F28: =SUM(I28,K28,M28) -> 43229 | I28: 36883 | J28: =I28/F28 -> 0.8532004 | L28: =K28/F28 -> 0 | M28: 6346 | N28: =M28/F28 -> 0.1467996
D29: 45892 | E29: 六 | F29: =SUM(I29,K29,M29) -> 46688 | I29: 40136 | J29: =I29/F29 -> 0.85966415 | L29: =K29/F29 -> 0 | M29: 6552 | N29: =M29/F29 -> 0.14033585
D30: 45893 | E30: 日 | F30: =SUM(I30,K30,M30) -> 56606 | I30: 48427 | J30: =I30/F30 -> 0.85551002 | L30: =K30/F30 -> 0 | M30: 8179 | N30: =M30/F30 -> 0.14448998
D31: 45894 | E31: 一 | F31: =SUM(I31,K31,M31) -> 59480 | I31: 51327 | J31: =I31/F31 -> 0.86292872 | L31: =K31/F31 -> 0 | M31: 8153 | N31: =M31/F31 -> 0.13707128
B32: =D40 -> 45903 | D32: 45895 | E32: 二 | F32: =SUM(I32,K32,M32) -> 62340 | G32: =SUM(F32:F37) -> 331820 | I32: 46919 | J32: =I32/F32 -> 0.75263073 | L32: =K32/F32 -> 0 | M32: 15421 | N32: =M32/F32 -> 0.24736927
D33: 45896 | E33: 三 | F33: =SUM(I33,K33,M33) -> 58742 | I33: 47052 | J33: =I33/F33 -> 0.80099418 | L33: =K33/F33 -> 0 | M33: 11690 | N33: =M33/F33 -> 0.19900582
D34: 45897 | E34: 四 | F34: =SUM(I34,K34,M34) -> 56809 | I34: 45692 | J34: =I34/F34 -> 0.80430918 | L34: =K34/F34 -> 0 | M34: 11117 | N34: =M34/F34 -> 0.19569082
D35: 45898 | E35: 五 | F35: =SUM(I35,K35,M35) -> 46138 | I35: 38409 | J35: =I35/F35 -> 0.83248082 | L35: =K35/F35 -> 0 | M35: 7729 | N35: =M35/F35 -> 0.16751918
D36: 45899 | E36: 六 | F36: =SUM(I36,K36,M36) -> 47670 | I36: 39211 | J36: =I36/F36 -> 0.82255087 | L36: =K36/F36 -> 0 | M36: 8459 | N36: =M36/F36 -> 0.17744913
D37: 45900 | E37: 日 | F37: =SUM(I37,K37,M37) -> 60121 | I37: 51015 | J37: =I37/F37 -> 0.84853878 | L37: =K37/F37 -> 0 | M37: 9106 | N37: =M37/F37 -> 0.15146122
D38: 45901 | E38: 一 | F38: =SUM(I38,K38,M38) -> 58795 | I38: 49909 | J38: =I38/F38 -> 0.8488647 | L38: =K38/F38 -> 0 | M38: 8886 | N38: =M38/F38 -> 0.1511353
D39: 45902 | E39: 二 | F39: =SUM(I39,K39,M39) -> 0 | G39: =SUM(F39:F45) -> 0 | J39: =I39/F39 -> #DIV/0! | L39: =K39/F39 -> #DIV/0! | N39: =M39/F39 -> #DIV/0!
D40: 45903 | E40: 三 | F40: =SUM(I40,K40,M40) -> 0 | J40: =I40/F40 -> #DIV/0! | L40: =K40/F40 -> #DIV/0! | N40: =M40/F40 -> #DIV/0!
D41: 45904 | E41: 四 | F41: =SUM(I41,K41,M41) -> 0 | J41: =I41/F41 -> #DIV/0! | L41: =K41/F41 -> #DIV/0! | N41: =M41/F41 -> #DIV/0!
D42: 45905 | E42: 五 | F42: =SUM(I42,K42,M42) -> 0 | J42: =I42/F42 -> #DIV/0! | L42: =K42/F42 -> #DIV/0! | N42: =M42/F42 -> #DIV/0!
D43: 45906 | E43: 六 | F43: =SUM(I43,K43,M43) -> 0 | J43: =I43/F43 -> #DIV/0! | L43: =K43/F43 -> #DIV/0! | N43: =M43/F43 -> #DIV/0!
D44: 45907 | E44: 日 | F44: =SUM(I44,K44,M44) -> 0 | J44: =I44/F44 -> #DIV/0! | L44: =K44/F44 -> #DIV/0! | N44: =M44/F44 -> #DIV/0!
D45: 45908 | E45: 一 | F45: =SUM(I45,K45,M45) -> 0 | J45: =I45/F45 -> #DIV/0! | L45: =K45/F45 -> #DIV/0! | N45: =M45/F45 -> #DIV/0!

Sheet （５-1）品群別人時生產性（熱食義麵）
B1: 月平均人時性 | C1: =AVERAGE(L7,L27,L47,L67,L90) -> 95.555687
B2: 產線配置圖－每週更新 | N2: 資料繳交 | O2: 日期 | AE2: 45870 | AJ2: 45871 | AO2: 45872 | AT2: 45873
P3: 二 | U3: 三 | Z3: 四 | AE3: 五 | AJ3: 六 | AO3: 日 | AT3: 一
B4: 品群 | C4: 商品名稱 | E4: 計畫 | H4: 平均人時性 | I4: 實績 | L4: 平均人時性 | M4: 排名 | O4: 日報 | P4: 實際 | T4: 平均人時性 | U4: 實際 | Y4: 平均人時性 | Z4: 實際 | AD4: 平均人時性 | AE4: 實際 | AI4: 平均人時性 | AJ4: 實際 | AN4: 平均人時性 | AO4: 實際 | AS4: 平均人時性 | AT4: 實際 | AX4: 平均人時性
E5: 產線配置圖 | I5: 產線配置圖 | P5: 生產實績 | U5: 生產實績 | Z5: 生產實績 | AE5: 生產實績 | AJ5: 生產實績 | AO5: 生產實績 | AT5: 生產實績
E6: 人數 | F6: 產能／時 | G6: 人時性 | I6: 人數 | J6: 產能／時 | K6: 人時性 | P6: 人數 | Q6: 產能／時 | R6: 人時性 | S6: 排名 | U6: 人數 | V6: 產能／時 | W6: 人時性 | X6: 排名 | Z6: 人數 | AA6: 產能／時 | AB6: 人時性 | AC6: 排名 | AE6: 人數 | AF6: 產能／時 | AG6: 人時性 | AH6: 排名 | AJ6: 人數 | AK6: 產能／時 | AL6: 人時性 | AM6: 排名 | AO6: 人數 | AP6: 產能／時 | AQ6: 人時性 | AR6: 排名 | AT6: 人數 | AU6: 產能／時 | AV6: 人時性 | AW6: 排名
B7: 熱食義麵 | C7: 1 | D7: 義式蕃茄起司義大利麵 | E7: =VLOOKUP(D7,'[1]0801-0804產線配置圖'!$A$2:$C$17,2,0) -> 12 | F7: =VLOOKUP(D7,'[1]0801-0804產線配置圖'!$A$2:$C$17,3,0) -> 2000 | G7: =F7/E7 -> 166.66667 | H7: =AVERAGE(G7:G21) -> 104.05274 | I7: =AVERAGE(P7,U7,Z7,AE7,AJ7,AO7,AT7) -> 12 | J7: =AVERAGE(Q7,V7,AA7,AF7,AK7,AP7,AU7) -> 1725 | K7: =AVERAGE(AG7,AL7,AQ7,AV7) -> 143.75 | L7: =IFERROR(AVERAGE(K7:K21),"-") -> 99.875984 | M7: =RANK(K7, K$7:$K$21) -> 1 | R7: =Q7/P7 -> #DIV/0! | S7: =RANK(R7, R$7:R$21) -> #DIV/0! | T7: =AVERAGE(R7:R21) -> #DIV/0! | W7: =V7/U7 -> #DIV/0! | X7: =RANK(W7, W$7:W$21) -> #DIV/0! | Y7: =AVERAGE(W7:W21) -> #DIV/0! | AB7: =AA7/Z7 -> #DIV/0! | AC7: =RANK(AB7, AB$7:AB$21) -> #DIV/0! | AD7: =AVERAGE(AB7:AB21) -> #DIV/0! | AE7: 12 | AF7: 1636 | AG7: =AF7/AE7 -> 136.33333 | AH7: =RANK(AG7, AG$7:AG$21) -> 3 | AI7: =AVERAGE(AG7:AG21) -> 108.53435 | AJ7: 12 | AK7: 1735 | AL7: =AK7/AJ7 -> 144.58333 | AM7: =RANK(AL7, AL$7:AL$21) -> 1 | AN7: =AVERAGE(AL7:AL21) -> 97.267563 | AO7: 12 | AP7: 1636 | AQ7: =AP7/AO7 -> 136.33333 | AR7: =RANK(AQ7, AQ$7:AQ$21) -> 2 | AS7: =AVERAGE(AQ7:AQ21) -> 97.609828 | AT7: 12 | AU7: 1893 | AV7: =AU7/AT7 -> 157.75 | AW7: =RANK(AV7, AV$7:AV$21) -> 1 | AX7: =AVERAGE(AV7:AV21) -> 96.693845
C8: 2 | D8: 奶油培根義大利麵 | E8: =VLOOKUP(D8,'[1]0801-0804產線配置圖'!$A$2:$C$17,2,0) -> 13 | F8: =VLOOKUP(D8,'[1]0801-0804產線配置圖'!$A$2:$C$17,3,0) -> 2000 | G8: =F8/E8 -> 153.84615 | I8: =AVERAGE(P8,U8,Z8,AE8,AJ8,AO8,AT8) -> 12.75 | J8: =AVERAGE(Q8,V8,AA8,AF8,AK8,AP8,AU8) -> 1672.75 | K8: =AVERAGE(AG8,AL8,AQ8,AV8) -> 130.96314 | M8: =RANK(K8, K$7:$K$21) -> 2 | R8: =Q8/P8 -> #DIV/0! | S8: =RANK(R8, R$7:R$21) -> #DIV/0! | W8: =V8/U8 -> #DIV/0! | X8: =RANK(W8, W$7:W$21) -> #DIV/0! | AB8: =AA8/Z8 -> #DIV/0! | AC8: =RANK(AB8, AB$7:AB$21) -> #DIV/0! | AE8: 13 | AF8: 1620 | AG8: =AF8/AE8 -> 124.61538 | AH8: =RANK(AG8, AG$7:AG$21) -> 5 | AJ8: 12 | AK8: 1429 | AL8: =AK8/AJ8 -> 119.08333 | AM8: =RANK(AL8, AL$7:AL$21) -> 3 | AO8: 13 | AP8: 1620 | AQ8: =AP8/AO8 -> 124.61538 | AR8: =RANK(AQ8, AQ$7:AQ$21) -> 3 | AT8: 13 | AU8: 2022 | AV8: =AU8/AT8 -> 155.53846 | AW8: =RANK(AV8, AV$7:AV$21) -> 2
C9: 3 | D9: 熱那亞青醬義大利麵 | E9: =VLOOKUP(D9,'[1]0801-0804產線配置圖'!$A$2:$C$17,2,0) -> 16 | F9: =VLOOKUP(D9,'[1]0801-0804產線配置圖'!$A$2:$C$17,3,0) -> 1915 | G9: =F9/E9 -> 119.6875 | I9: =AVERAGE(P9,U9,Z9,AE9,AJ9,AO9,AT9) -> 15.5 | J9: =AVERAGE(Q9,V9,AA9,AF9,AK9,AP9,AU9) -> 1460 | K9: =AVERAGE(AG9,AL9,AQ9,AV9) -> 94.321429 | M9: =RANK(K9, K$7:$K$21) -> 7 | R9: =Q9/P9 -> #DIV/0! | S9: =RANK(R9, R$7:R$21) -> #DIV/0! | W9: =V9/U9 -> #DIV/0! | X9: =RANK(W9, W$7:W$21) -> #DIV/0! | AB9: =AA9/Z9 -> #DIV/0! | AC9: =RANK(AB9, AB$7:AB$21) -> #DIV/0! | AE9: 16 | AF9: 1418 | AG9: =AF9/AE9 -> 88.625 | AH9: =RANK(AG9, AG$7:AG$21) -> 11 | AJ9: 14 | AK9: 1376 | AL9: =AK9/AJ9 -> 98.285714 | AM9: =RANK(AL9, AL$7:AL$21) -> 7 | AO9: 16 | AP9: 1418 | AQ9: =AP9/AO9 -> 88.625 | AR9: =RANK(AQ9, AQ$7:AQ$21) -> 10 | AT9: 16 | AU9: 1628 | AV9: =AU9/AT9 -> 101.75 | AW9: =RANK(AV9, AV$7:AV$21) -> 4
C10: 4 | D10: 焗烤起司雙饗筆尖麵 | E10: =VLOOKUP(D10,'[1]0801-0804產線配置圖'!$A$2:$C$17,2,0) -> 18 | F10: =VLOOKUP(D10,'[1]0801-0804產線配置圖'!$A$2:$C$17,3,0) -> 1565 | G10: =F10/E10 -> 86.944444 | I10: =AVERAGE(P10,U10,Z10,AE10,AJ10,AO10,AT10) -> 14.75 | J10: =AVERAGE(Q10,V10,AA10,AF10,AK10,AP10,AU10) -> 1534.75 | K10: =AVERAGE(AG10,AL10,AQ10,AV10) -> 104.69643 | M10: =RANK(K10, K$7:$K$21) -> 6 | R10: =Q10/P10 -> #DIV/0! | S10: =RANK(R10, R$7:R$21) -> #DIV/0! | W10: =V10/U10 -> #DIV/0! | X10: =RANK(W10, W$7:W$21) -> #DIV/0! | AB10: =AA10/Z10 -> #DIV/0! | AC10: =RANK(AB10, AB$7:AB$21) -> #DIV/0! | AE10: 14 | AF10: 1581 | AG10: =AF10/AE10 -> 112.92857 | AH10: =RANK(AG10, AG$7:AG$21) -> 7 | AJ10: 14 | AK10: 1414 | AL10: =AK10/AJ10 -> 101 | AM10: =RANK(AL10, AL$7:AL$21) -> 5 | AO10: 14 | AP10: 1580 | AQ10: =AP10/AO10 -> 112.85714 | AR10: =RANK(AQ10, AQ$7:AQ$21) -> 5 | AT10: 17 | AU10: 1564 | AV10: =AU10/AT10 -> 92 | AW10: =RANK(AV10, AV$7:AV$21) -> 6
C11: 5 | D11: 白酒蛤蜊義大利麵 | E11: =VLOOKUP(D11,'[1]0801-0804產線配置圖'!$A$2:$C$17,2,0) -> 14 | F11: =VLOOKUP(D11,'[1]0801-0804產線配置圖'!$A$2:$C$17,3,0) -> 1714 | G11: =F11/E11 -> 122.42857 | I11: =AVERAGE(P11,U11,Z11,AE11,AJ11,AO11,AT11) -> 13 | J11: =AVERAGE(Q11,V11,AA11,AF11,AK11,AP11,AU11) -> 1643.25 | K11: =AVERAGE(AG11,AL11,AQ11,AV11) -> 127.46772 | M11: =RANK(K11, K$7:$K$21) -> 3 | R11: =Q11/P11 -> #DIV/0! | S11: =RANK(R11, R$7:R$21) -> #DIV/0! | W11: =V11/U11 -> #DIV/0! | X11: =RANK(W11, W$7:W$21) -> #DIV/0! | AB11: =AA11/Z11 -> #DIV/0! | AC11: =RANK(AB11, AB$7:AB$21) -> #DIV/0! | AE11: 13 | AF11: 1857 | AG11: =AF11/AE11 -> 142.84615 | AH11: =RANK(AG11, AG$7:AG$21) -> 2 | AJ11: 12 | AK11: 1677 | AL11: =AK11/AJ11 -> 139.75 | AM11: =RANK(AL11, AL$7:AL$21) -> 2 | AO11: 13 | AP11: 1857 | AQ11: =AP11/AO11 -> 142.84615 | AR11: =RANK(AQ11, AQ$7:AQ$21) -> 1 | AT11: 14 | AU11: 1182 | AV11: =AU11/AT11 -> 84.428571 | AW11: =RANK(AV11, AV$7:AV$21) -> 8
C12: 6 | D12: 韓式炸雞義大利麵 | E12: =VLOOKUP(D12,'[1]0801-0804產線配置圖'!$A$2:$C$17,2,0) -> 16 | F12: =VLOOKUP(D12,'[1]0801-0804產線配置圖'!$A$2:$C$17,3,0) -> 1818 | G12: =F12/E12 -> 113.625 | I12: =AVERAGE(P12,U12,Z12,AE12,AJ12,AO12,AT12) -> 14.25 | J12: =AVERAGE(Q12,V12,AA12,AF12,AK12,AP12,AU12) -> 1695.25 | K12: =AVERAGE(AG12,AL12,AQ12,AV12) -> 118.85112 | M12: =RANK(K12, K$7:$K$21) -> 5 | R12: =Q12/P12 -> #DIV/0! | S12: =RANK(R12, R$7:R$21) -> #DIV/0! | W12: =V12/U12 -> #DIV/0! | X12: =RANK(W12, W$7:W$21) -> #DIV/0! | AB12: =AA12/Z12 -> #DIV/0! | AC12: =RANK(AB12, AB$7:AB$21) -> #DIV/0! | AE12: 13 | AF12: 1507 | AG12: =AF12/AE12 -> 115.92308 | AH12: =RANK(AG12, AG$7:AG$21) -> 6 | AJ12: 16 | AK12: 1818 | AL12: =AK12/AJ12 -> 113.625 | AM12: =RANK(AL12, AL$7:AL$21) -> 4 | AO12: 13 | AP12: 1507 | AQ12: =AP12/AO12 -> 115.92308 | AR12: =RANK(AQ12, AQ$7:AQ$21) -> 4 | AT12: 15 | AU12: 1949 | AV12: =AU12/AT12 -> 129.93333 | AW12: =RANK(AV12, AV$7:AV$21) -> 3
C13: 7 | D13: 蒜香蝦蝦義大利麵 | E13: =VLOOKUP(D13,'[1]0801-0804產線配置圖'!$A$2:$C$17,2,0) -> 16 | F13: =VLOOKUP(D13,'[1]0801-0804產線配置圖'!$A$2:$C$17,3,0) -> 1552 | G13: =F13/E13 -> 97 | I13: =AVERAGE(P13,U13,Z13,AE13,AJ13,AO13,AT13) -> 12.25 | J13: =AVERAGE(Q13,V13,AA13,AF13,AK13,AP13,AU13) -> 1061.25 | K13: =AVERAGE(AG13,AL13,AQ13,AV13) -> 87.055195 | M13: =RANK(K13, K$7:$K$21) -> 10 | R13: =Q13/P13 -> #DIV/0! | S13: =RANK(R13, R$7:R$21) -> #DIV/0! | W13: =V13/U13 -> #DIV/0! | X13: =RANK(W13, W$7:W$21) -> #DIV/0! | AB13: =AA13/Z13 -> #DIV/0! | AC13: =RANK(AB13, AB$7:AB$21) -> #DIV/0! | AE13: 12 | AF13: 1068 | AG13: =AF13/AE13 -> 89 | AH13: =RANK(AG13, AG$7:AG$21) -> 10 | AJ13: 11 | AK13: 1005 | AL13: =AK13/AJ13 -> 91.363636 | AM13: =RANK(AL13, AL$7:AL$21) -> 9 | AO13: 12 | AP13: 1068 | AQ13: =AP13/AO13 -> 89 | AR13: =RANK(AQ13, AQ$7:AQ$21) -> 9 | AT13: 14 | AU13: 1104 | AV13: =AU13/AT13 -> 78.857143 | AW13: =RANK(AV13, AV$7:AV$21) -> 9
C14: 8 | D14: 焗奶油扇貝筆尖麵 | E14: =VLOOKUP(D14,'[1]0801-0804產線配置圖'!$A$2:$C$17,2,0) -> 17 | F14: =VLOOKUP(D14,'[1]0801-0804產線配置圖'!$A$2:$C$17,3,0) -> 1565 | G14: =F14/E14 -> 92.058824 | I14: =AVERAGE(P14,U14,Z14,AE14,AJ14,AO14,AT14) -> 14.75 | J14: =AVERAGE(Q14,V14,AA14,AF14,AK14,AP14,AU14) -> 1369.5 | K14: =AVERAGE(AG14,AL14,AQ14,AV14) -> 92.684874 | M14: =RANK(K14, K$7:$K$21) -> 8 | R14: =Q14/P14 -> #DIV/0! | S14: =RANK(R14, R$7:R$21) -> #DIV/0! | W14: =V14/U14 -> #DIV/0! | X14: =RANK(W14, W$7:W$21) -> #DIV/0! | AB14: =AA14/Z14 -> #DIV/0! | AC14: =RANK(AB14, AB$7:AB$21) -> #DIV/0! | AE14: 14 | AF14: 1274 | AG14: =AF14/AE14 -> 91 | AH14: =RANK(AG14, AG$7:AG$21) -> 9 | AJ14: 14 | AK14: 1300 | AL14: =AK14/AJ14 -> 92.857143 | AM14: =RANK(AL14, AL$7:AL$21) -> 8 | AO14: 14 | AP14: 1274 | AQ14: =AP14/AO14 -> 91 | AR14: =RANK(AQ14, AQ$7:AQ$21) -> 8 | AT14: 17 | AU14: 1630 | AV14: =AU14/AT14 -> 95.882353 | AW14: =RANK(AV14, AV$7:AV$21) -> 5
C15: 9 | D15: 拿坡里義大利麵 | E15: =VLOOKUP(D15,'[1]0801-0804產線配置圖'!$A$2:$C$17,2,0) -> 16 | F15: =VLOOKUP(D15,'[1]0801-0804產線配置圖'!$A$2:$C$17,3,0) -> 1390 | G15: =F15/E15 -> 86.875 | I15: =AVERAGE(P15,U15,Z15,AE15,AJ15,AO15,AT15) -> 16 | J15: =AVERAGE(Q15,V15,AA15,AF15,AK15,AP15,AU15) -> 1040.75 | K15: =AVERAGE(AG15,AL15,AQ15,AV15) -> 65.046875 | M15: =RANK(K15, K$7:$K$21) -> 14 | R15: =Q15/P15 -> #DIV/0! | S15: =RANK(R15, R$7:R$21) -> #DIV/0! | W15: =V15/U15 -> #DIV/0! | X15: =RANK(W15, W$7:W$21) -> #DIV/0! | AB15: =AA15/Z15 -> #DIV/0! | AC15: =RANK(AB15, AB$7:AB$21) -> #DIV/0! | AE15: 16 | AF15: 1001 | AG15: =AF15/AE15 -> 62.5625 | AH15: =RANK(AG15, AG$7:AG$21) -> 13 | AJ15: 16 | AK15: 1276 | AL15: =AK15/AJ15 -> 79.75 | AM15: =RANK(AL15, AL$7:AL$21) -> 10 | AO15: 16 | AP15: 1001 | AQ15: =AP15/AO15 -> 62.5625 | AR15: =RANK(AQ15, AQ$7:AQ$21) -> 13 | AT15: 16 | AU15: 885 | AV15: =AU15/AT15 -> 55.3125 | AW15: =RANK(AV15, AV$7:AV$21) -> 13
C16: 10 | D16: 奶油明太子細扁麵 | E16: =VLOOKUP(D16,'[1]0801-0804產線配置圖'!$A$2:$C$17,2,0) -> 18 | F16: =VLOOKUP(D16,'[1]0801-0804產線配置圖'!$A$2:$C$17,3,0) -> 1565 | G16: =F16/E16 -> 86.944444 | I16: =AVERAGE(P16,U16,Z16,AE16,AJ16,AO16,AT16) -> 15.75 | J16: =AVERAGE(Q16,V16,AA16,AF16,AK16,AP16,AU16) -> 1279.25 | K16: =AVERAGE(AG16,AL16,AQ16,AV16) -> 81.663889 | M16: =RANK(K16, K$7:$K$21) -> 11 | R16: =Q16/P16 -> #DIV/0! | S16: =RANK(R16, R$7:R$21) -> #DIV/0! | W16: =V16/U16 -> #DIV/0! | X16: =RANK(W16, W$7:W$21) -> #DIV/0! | AB16: =AA16/Z16 -> #DIV/0! | AC16: =RANK(AB16, AB$7:AB$21) -> #DIV/0! | AE16: 15 | AF16: 1873 | AG16: =AF16/AE16 -> 124.86667 | AH16: =RANK(AG16, AG$7:AG$21) -> 4 | AJ16: 15 | AK16: 1005 | AL16: =AK16/AJ16 -> 67 | AM16: =RANK(AL16, AL$7:AL$21) -> 13 | AO16: 15 | AP16: 936 | AQ16: =AP16/AO16 -> 62.4 | AR16: =RANK(AQ16, AQ$7:AQ$21) -> 14 | AT16: 18 | AU16: 1303 | AV16: =AU16/AT16 -> 72.388889 | AW16: =RANK(AV16, AV$7:AV$21) -> 11
C17: 11 | D17: 黑胡椒燻豬腿義大利麵 | E17: =VLOOKUP(D17,'[1]0801-0804產線配置圖'!$A$2:$C$17,2,0) -> 18 | F17: =VLOOKUP(D17,'[1]0801-0804產線配置圖'!$A$2:$C$17,3,0) -> 1500 | G17: =F17/E17 -> 83.333333 | I17: =AVERAGE(P17,U17,Z17,AE17,AJ17,AO17,AT17) -> 10.75 | J17: =AVERAGE(Q17,V17,AA17,AF17,AK17,AP17,AU17) -> 1271 | K17: =AVERAGE(AG17,AL17,AQ17,AV17) -> 120.30152 | M17: =RANK(K17, K$7:$K$21) -> 4 | R17: =Q17/P17 -> #DIV/0! | S17: =RANK(R17, R$7:R$21) -> #DIV/0! | W17: =V17/U17 -> #DIV/0! | X17: =RANK(W17, W$7:W$21) -> #DIV/0! | AB17: =AA17/Z17 -> #DIV/0! | AC17: =RANK(AB17, AB$7:AB$21) -> #DIV/0! | AE17: 10 | AF17: 1946 | AG17: =AF17/AE17 -> 194.6 | AH17: =RANK(AG17, AG$7:AG$21) -> 1 | AJ17: 11 | AK17: 1103 | AL17: =AK17/AJ17 -> 100.27273 | AM17: =RANK(AL17, AL$7:AL$21) -> 6 | AO17: 10 | AP17: 1005 | AQ17: =AP17/AO17 -> 100.5 | AR17: =RANK(AQ17, AQ$7:AQ$21) -> 6 | AT17: 12 | AU17: 1030 | AV17: =AU17/AT17 -> 85.833333 | AW17: =RANK(AV17, AV$7:AV$21) -> 7
C18: 12 | D18: 卡曼橘油醋冷義大利麵 | E18: =VLOOKUP(D18,'[1]0801-0804產線配置圖'!$A$2:$C$17,2,0) -> 16 | F18: =VLOOKUP(D18,'[1]0801-0804產線配置圖'!$A$2:$C$17,3,0) -> 1636 | G18: =F18/E18 -> 102.25 | I18: =AVERAGE(P18,U18,Z18,AE18,AJ18,AO18,AT18) -> 16 | J18: =AVERAGE(Q18,V18,AA18,AF18,AK18,AP18,AU18) -> 1412.3333 | K18: =AVERAGE(AG18,AL18,AQ18,AV18) -> 88.270833 | M18: =RANK(K18, K$7:$K$21) -> 9 | R18: =Q18/P18 -> #DIV/0! | S18: =RANK(R18, R$7:R$21) -> #DIV/0! | W18: =V18/U18 -> #DIV/0! | X18: =RANK(W18, W$7:W$21) -> #DIV/0! | AB18: =AA18/Z18 -> #DIV/0! | AC18: =RANK(AB18, AB$7:AB$21) -> #DIV/0! | AE18: 16 | AF18: 1485 | AG18: =AF18/AE18 -> 92.8125 | AH18: =RANK(AG18, AG$7:AG$21) -> 8 | AJ18: 16 | AK18: 1267 | AL18: =AK18/AJ18 -> 79.1875 | AM18: =RANK(AL18, AL$7:AL$21) -> 11 | AO18: 16 | AP18: 1485 | AQ18: =AP18/AO18 -> 92.8125 | AR18: =RANK(AQ18, AQ$7:AQ$21) -> 7
C19: 13 | D19: 奶油蒜香雞義大利麵 | E19: =VLOOKUP(D19,'[1]0801-0804產線配置圖'!$A$2:$C$17,2,0) -> 18 | F19: =VLOOKUP(D19,'[1]0801-0804產線配置圖'!$A$2:$C$17,3,0) -> 1200 | G19: =F19/E19 -> 66.666667 | I19: =AVERAGE(P19,U19,Z19,AE19,AJ19,AO19,AT19) -> 16.75 | J19: =AVERAGE(Q19,V19,AA19,AF19,AK19,AP19,AU19) -> 1101 | K19: =AVERAGE(AG19,AL19,AQ19,AV19) -> 65.72201 | M19: =RANK(K19, K$7:$K$21) -> 13 | R19: =Q19/P19 -> #DIV/0! | S19: =RANK(R19, R$7:R$21) -> #DIV/0! | W19: =V19/U19 -> #DIV/0! | X19: =RANK(W19, W$7:W$21) -> #DIV/0! | AB19: =AA19/Z19 -> #DIV/0! | AC19: =RANK(AB19, AB$7:AB$21) -> #DIV/0! | AE19: 17 | AF19: 1022 | AG19: =AF19/AE19 -> 60.117647 | AH19: =RANK(AG19, AG$7:AG$21) -> 14 | AJ19: 15 | AK19: 1047 | AL19: =AK19/AJ19 -> 69.8 | AM19: =RANK(AL19, AL$7:AL$21) -> 12 | AO19: 16 | AP19: 1021 | AQ19: =AP19/AO19 -> 63.8125 | AR19: =RANK(AQ19, AQ$7:AQ$21) -> 12 | AT19: 19 | AU19: 1314 | AV19: =AU19/AT19 -> 69.157895 | AW19: =RANK(AV19, AV$7:AV$21) -> 12
C20: 14 | D20: 蕃茄莎莎鮪魚冷義大利麵 | E20: =VLOOKUP(D20,'[1]0801-0804產線配置圖'!$A$2:$C$17,2,0) -> 17 | F20: =VLOOKUP(D20,'[1]0801-0804產線配置圖'!$A$2:$C$17,3,0) -> 1333 | G20: =F20/E20 -> 78.411765 | I20: =AVERAGE(P20,U20,Z20,AE20,AJ20,AO20,AT20) -> 16 | J20: =AVERAGE(Q20,V20,AA20,AF20,AK20,AP20,AU20) -> 1239.5 | K20: =AVERAGE(AG20,AL20,AQ20,AV20) -> 77.46875 | M20: =RANK(K20, K$7:$K$21) -> 12 | R20: =Q20/P20 -> #DIV/0! | S20: =RANK(R20, R$7:R$21) -> #DIV/0! | W20: =V20/U20 -> #DIV/0! | X20: =RANK(W20, W$7:W$21) -> #DIV/0! | AB20: =AA20/Z20 -> #DIV/0! | AC20: =RANK(AB20, AB$7:AB$21) -> #DIV/0! | AE20: 16 | AF20: 1332 | AG20: =AF20/AE20 -> 83.25 | AH20: =RANK(AG20, AG$7:AG$21) -> 12 | AJ20: 16 | AK20: 1043 | AL20: =AK20/AJ20 -> 65.1875 | AM20: =RANK(AL20, AL$7:AL$21) -> 14 | AO20: 16 | AP20: 1332 | AQ20: =AP20/AO20 -> 83.25 | AR20: =RANK(AQ20, AQ$7:AQ$21) -> 11 | AT20: 16 | AU20: 1251 | AV20: =AU20/AT20 -> 78.1875 | AW20: =RANK(AV20, AV$7:AV$21) -> 10
C21: 15 | I21: =AVERAGE(P21,U21,Z21,AE21,AJ21,AO21,AT21) -> #DIV/0! | J21: =AVERAGE(Q21,V21,AA21,AF21,AK21,AP21,AU21) -> #DIV/0! | M21: =RANK(K21, K$7:$K$21) -> #N/A | R21: =Q21/P21 -> #DIV/0! | S21: =RANK(R21, R$7:R$21) -> #DIV/0! | W21: =V21/U21 -> #DIV/0! | X21: =RANK(W21, W$7:W$21) -> #DIV/0! | AB21: =AA21/Z21 -> #DIV/0! | AC21: =RANK(AB21, AB$7:AB$21) -> #DIV/0! | AR21: =RANK(AQ21, AQ$7:AQ$21) -> #N/A
B22: 產線配置圖－每週更新 | N22: 資料繳交 | O22: 日期 | P22: 45874 | U22: 45875 | Z22: 45876 | AE22: 45877 | AJ22: 45878 | AO22: 45879 | AT22: 45880
P23: 二 | U23: 三 | Z23: 四 | AE23: 五 | AJ23: 六 | AO23: 日 | AT23: 一
B24: 品群 | C24: 商品名稱 | E24: 計畫 | H24: 平均人時性 | I24: 實績 | L24: 平均人時性 | M24: 排名 | O24: 日報 | P24: 實際 | T24: 平均人時性 | U24: 實際 | Y24: 平均人時性 | Z24: 實際 | AD24: 平均人時性 | AE24: 實際 | AI24: 平均人時性 | AJ24: 實際 | AN24: 平均人時性 | AO24: 實際 | AS24: 平均人時性 | AT24: 實際 | AX24: 平均人時性
E25: 產線配置圖 | I25: 產線配置圖 | P25: 生產實績 | U25: 生產實績 | Z25: 生產實績 | AE25: 生產實績 | AJ25: 生產實績 | AO25: 生產實績 | AT25: 生產實績
E26: 人數 | F26: 產能／時 | G26: 人時性 | I26: 人數 | J26: 產能／時 | K26: 人時性 | P26: 人數 | Q26: 產能／時 | R26: 人時性 | S26: 排名 | U26: 人數 | V26: 產能／時 | W26: 人時性 | X26: 排名 | Z26: 人數 | AA26: 產能／時 | AB26: 人時性 | AC26: 排名 | AE26: 人數 | AF26: 產能／時 | AG26: 人時性 | AH26: 排名 | AJ26: 人數 | AK26: 產能／時 | AL26: 人時性 | AM26: 排名 | AO26: 人數 | AP26: 產能／時 | AQ26: 人時性 | AR26: 排名 | AT26: 人數 | AU26: 產能／時 | AV26: 人時性 | AW26: 排名
B27: 熱食義麵 | C27: 1 | D27: 義式蕃茄起司義大利麵 | E27: =VLOOKUP(D27,'[1]0805產線配置圖'!$A$2:$C$17,2,0) -> 12 | F27: =VLOOKUP(D27,'[1]0805產線配置圖'!$A$2:$C$17,3,0) -> 2000 | G27: =F27/E27 -> 166.66667 | H27: =AVERAGE(G27:G41) -> 102.10435 | I27: =AVERAGE(P27,U27,Z27,AE27,AJ27,AO27,AT27) -> 12 | J27: =AVERAGE(Q27,V27,AA27,AF27,AK27,AP27,AU27) -> 1769.7143 | K27: =AVERAGE(R27,W27,AB27,AG27,AL27,AQ27,AV27) -> 147.47619 | L27: =IFERROR(AVERAGE(K27:K41),"-") -> 93.59343 | M27: =RANK(K27, K$27:$K$41) -> 1 | P27: 12 | Q27: 1889 | R27: =Q27/P27 -> 157.41667 | S27: =RANK(R27,$R$27:$R$41) -> 1 | T27: =AVERAGE(R27:R41) -> 93.344014 | U27: 12 | V27: 1702 | W27: =V27/U27 -> 141.83333 | X27: =RANK(W27, $W$27:$W$41) -> 1 | Y27: =AVERAGE(W27:W41) -> 91.861797 | Z27: 12 | AA27: 1820 | AB27: =AA27/Z27 -> 151.66667 | AC27: =RANK(AB27, $AB$27:$AB$40) -> 1 | AD27: =AVERAGE(AB27:AB41) -> 94.63309 | AE27: 12 | AF27: 1816 | AG27: =AF27/AE27 -> 151.33333 | AH27: =RANK(AG27, $AG$27:$AG$40) -> 1 | AI27: =AVERAGE(AG27:AG41) -> 93.173344 | AJ27: 12 | AK27: 1584 | AL27: =AK27/AJ27 -> 132 | AM27: =RANK(AL27, $AL$27:$AL$40) -> 1 | AN27: =AVERAGE(AL27:AL41) -> 89.787954 | AO27: 12 | AP27: 1787 | AQ27: =AP27/AO27 -> 148.91667 | AR27: =RANK(AQ27,$AQ$27:$AQ$40) -> 1 | AS27: =AVERAGE(AQ27:AQ41) -> 98.8924 | AT27: 12 | AU27: 1790 | AV27: =AU27/AT27 -> 149.16667 | AW27: =RANK(AV27, $AV$27:$AV$40) -> 1 | AX27: =AVERAGE(AV27:AV41) -> 93.461412
C28: 2 | D28: 奶油培根義大利麵 | E28: =VLOOKUP(D28,'[1]0805產線配置圖'!$A$2:$C$17,2,0) -> 13 | F28: =VLOOKUP(D28,'[1]0805產線配置圖'!$A$2:$C$17,3,0) -> 2000 | G28: =F28/E28 -> 153.84615 | I28: =AVERAGE(P28,U28,Z28,AE28,AJ28,AO28,AT28) -> 13 | J28: =AVERAGE(Q28,V28,AA28,AF28,AK28,AP28,AU28) -> 1797.1429 | K28: =AVERAGE(R28,W28,AB28,AG28,AL28,AQ28,AV28) -> 138.24176 | M28: =RANK(K28, K$27:$K$41) -> 2 | P28: 13 | Q28: 1777 | R28: =Q28/P28 -> 136.69231 | S28: =RANK(R28,$R$27:$R$41) -> 2 | U28: 13 | V28: 1758 | W28: =V28/U28 -> 135.23077 | X28: =RANK(W28, $W$27:$W$41) -> 2 | Z28: 13 | AA28: 1800 | AB28: =AA28/Z28 -> 138.46154 | AC28: =RANK(AB28, $AB$27:$AB$40) -> 2 | AE28: 13 | AF28: 1868 | AG28: =AF28/AE28 -> 143.69231 | AH28: =RANK(AG28, $AG$27:$AG$40) -> 2 | AJ28: 13 | AK28: 1690 | AL28: =AK28/AJ28 -> 130 | AM28: =RANK(AL28, $AL$27:$AL$40) -> 2 | AO28: 13 | AP28: 1812 | AQ28: =AP28/AO28 -> 139.38462 | AR28: =RANK(AQ28,$AQ$27:$AQ$40) -> 2 | AT28: 13 | AU28: 1875 | AV28: =AU28/AT28 -> 144.23077 | AW28: =RANK(AV28, $AV$27:$AV$40) -> 2
C29: 3 | D29: 熱那亞青醬義大利麵 | E29: =VLOOKUP(D29,'[1]0805產線配置圖'!$A$2:$C$17,2,0) -> 16 | F29: =VLOOKUP(D29,'[1]0805產線配置圖'!$A$2:$C$17,3,0) -> 1915 | G29: =F29/E29 -> 119.6875 | I29: =AVERAGE(P29,U29,Z29,AE29,AJ29,AO29,AT29) -> 15.857143 | J29: =AVERAGE(Q29,V29,AA29,AF29,AK29,AP29,AU29) -> 1565.2857 | K29: =AVERAGE(R29,W29,AB29,AG29,AL29,AQ29,AV29) -> 98.691667 | M29: =RANK(K29, K$27:$K$41) -> 4 | P29: 16 | Q29: 1679 | R29: =Q29/P29 -> 104.9375 | S29: =RANK(R29,$R$27:$R$41) -> 3 | U29: 16 | V29: 1645 | W29: =V29/U29 -> 102.8125 | X29: =RANK(W29, $W$27:$W$41) -> 4 | Z29: 16 | AA29: 1536 | AB29: =AA29/Z29 -> 96 | AC29: =RANK(AB29, $AB$27:$AB$40) -> 5 | AE29: 15 | AF29: 1516 | AG29: =AF29/AE29 -> 101.06667 | AH29: =RANK(AG29, $AG$27:$AG$40) -> 3 | AJ29: 15 | AK29: 1341 | AL29: =AK29/AJ29 -> 89.4 | AM29: =RANK(AL29, $AL$27:$AL$40) -> 6 | AO29: 16 | AP29: 1642 | AQ29: =AP29/AO29 -> 102.625 | AR29: =RANK(AQ29,$AQ$27:$AQ$40) -> 5 | AT29: 17 | AU29: 1598 | AV29: =AU29/AT29 -> 94 | AW29: =RANK(AV29, $AV$27:$AV$40) -> 6
C30: 4 | D30: 焗烤起司雙饗筆尖麵 | E30: =VLOOKUP(D30,'[1]0805產線配置圖'!$A$2:$C$17,2,0) -> 18 | F30: =VLOOKUP(D30,'[1]0805產線配置圖'!$A$2:$C$17,3,0) -> 1565 | G30: =F30/E30 -> 86.944444 | I30: =AVERAGE(P30,U30,Z30,AE30,AJ30,AO30,AT30) -> 17.285714 | J30: =AVERAGE(Q30,V30,AA30,AF30,AK30,AP30,AU30) -> 1564 | K30: =AVERAGE(R30,W30,AB30,AG30,AL30,AQ30,AV30) -> 90.55007 | M30: =RANK(K30, K$27:$K$41) -> 8 | P30: 18 | Q30: 1626 | R30: =Q30/P30 -> 90.333333 | S30: =RANK(R30,$R$27:$R$41) -> 7 | U30: 17 | V30: 1535 | W30: =V30/U30 -> 90.294118 | X30: =RANK(W30, $W$27:$W$41) -> 7 | Z30: 18 | AA30: 1614 | AB30: =AA30/Z30 -> 89.666667 | AC30: =RANK(AB30, $AB$27:$AB$40) -> 9 | AE30: 17 | AF30: 1616 | AG30: =AF30/AE30 -> 95.058824 | AH30: =RANK(AG30, $AG$27:$AG$40) -> 6 | AJ30: 17 | AK30: 1508 | AL30: =AK30/AJ30 -> 88.705882 | AM30: =RANK(AL30, $AL$27:$AL$40) -> 8 | AO30: 16 | AP30: 1498 | AQ30: =AP30/AO30 -> 93.625 | AR30: =RANK(AQ30,$AQ$27:$AQ$40) -> 8 | AT30: 18 | AU30: 1551 | AV30: =AU30/AT30 -> 86.166667 | AW30: =RANK(AV30, $AV$27:$AV$40) -> 8
C31: 5 | D31: 白酒蛤蜊義大利麵 | E31: =VLOOKUP(D31,'[1]0805產線配置圖'!$A$2:$C$17,2,0) -> 15 | F31: =VLOOKUP(D31,'[1]0805產線配置圖'!$A$2:$C$17,3,0) -> 1565 | G31: =F31/E31 -> 104.33333 | I31: =AVERAGE(P31,U31,Z31,AE31,AJ31,AO31,AT31) -> 12.428571 | J31: =AVERAGE(Q31,V31,AA31,AF31,AK31,AP31,AU31) -> 1209.1429 | K31: =AVERAGE(R31,W31,AB31,AG31,AL31,AQ31,AV31) -> 97.551722 | M31: =RANK(K31, K$27:$K$41) -> 5 | P31: 12 | Q31: 1122 | R31: =Q31/P31 -> 93.5 | S31: =RANK(R31,$R$27:$R$41) -> 6 | U31: 14 | V31: 1057 | W31: =V31/U31 -> 75.5 | X31: =RANK(W31, $W$27:$W$41) -> 11 | Z31: 12 | AA31: 1279 | AB31: =AA31/Z31 -> 106.58333 | AC31: =RANK(AB31, $AB$27:$AB$40) -> 3 | AE31: 11 | AF31: 1091 | AG31: =AF31/AE31 -> 99.181818 | AH31: =RANK(AG31, $AG$27:$AG$40) -> 4 | AJ31: 11 | AK31: 1125 | AL31: =AK31/AJ31 -> 102.27273 | AM31: =RANK(AL31, $AL$27:$AL$40) -> 3 | AO31: 13 | AP31: 1190 | AQ31: =AP31/AO31 -> 91.538462 | AR31: =RANK(AQ31,$AQ$27:$AQ$40) -> 9 | AT31: 14 | AU31: 1600 | AV31: =AU31/AT31 -> 114.28571 | AW31: =RANK(AV31, $AV$27:$AV$40) -> 3
C32: 6 | D32: 韓式起司炸雞義大利麵 | E32: =VLOOKUP(D32,'[1]0805產線配置圖'!$A$2:$C$17,2,0) -> 17 | F32: =VLOOKUP(D32,'[1]0805產線配置圖'!$A$2:$C$17,3,0) -> 1895 | G32: =F32/E32 -> 111.47059 | I32: =AVERAGE(P32,U32,Z32,AE32,AJ32,AO32,AT32) -> 15.857143 | J32: =AVERAGE(Q32,V32,AA32,AF32,AK32,AP32,AU32) -> 1626.7143 | K32: =AVERAGE(R32,W32,AB32,AG32,AL32,AQ32,AV32) -> 102.47237 | M32: =RANK(K32, K$27:$K$41) -> 3 | P32: 17 | Q32: 1756 | R32: =Q32/P32 -> 103.29412 | S32: =RANK(R32,$R$27:$R$41) -> 4 | U32: 16 | V32: 1680 | W32: =V32/U32 -> 105 | X32: =RANK(W32, $W$27:$W$41) -> 3 | Z32: 16 | AA32: 1636 | AB32: =AA32/Z32 -> 102.25 | AC32: =RANK(AB32, $AB$27:$AB$40) -> 4 | AE32: 15 | AF32: 1434 | AG32: =AF32/AE32 -> 95.6 | AH32: =RANK(AG32, $AG$27:$AG$40) -> 5 | AJ32: 15 | AK32: 1464 | AL32: =AK32/AJ32 -> 97.6 | AM32: =RANK(AL32, $AL$27:$AL$40) -> 4 | AO32: 16 | AP32: 1895 | AQ32: =AP32/AO32 -> 118.4375 | AR32: =RANK(AQ32,$AQ$27:$AQ$40) -> 3 | AT32: 16 | AU32: 1522 | AV32: =AU32/AT32 -> 95.125 | AW32: =RANK(AV32, $AV$27:$AV$40) -> 5
C33: 7 | D33: 蒜香蝦蝦義大利麵 | E33: =VLOOKUP(D33,'[1]0805產線配置圖'!$A$2:$C$17,2,0) -> 16 | F33: =VLOOKUP(D33,'[1]0805產線配置圖'!$A$2:$C$17,3,0) -> 1552 | G33: =F33/E33 -> 97 | I33: =AVERAGE(P33,U33,Z33,AE33,AJ33,AO33,AT33) -> 15.571429 | J33: =AVERAGE(Q33,V33,AA33,AF33,AK33,AP33,AU33) -> 1290.5714 | K33: =AVERAGE(R33,W33,AB33,AG33,AL33,AQ33,AV33) -> 82.677311 | M33: =RANK(K33, K$27:$K$41) -> 9 | P33: 16 | Q33: 1402 | R33: =Q33/P33 -> 87.625 | S33: =RANK(R33,$R$27:$R$41) -> 9 | U33: 16 | V33: 1247 | W33: =V33/U33 -> 77.9375 | X33: =RANK(W33, $W$27:$W$41) -> 10 | Z33: 16 | AA33: 1439 | AB33: =AA33/Z33 -> 89.9375 | AC33: =RANK(AB33, $AB$27:$AB$40) -> 8 | AE33: 17 | AF33: 1444 | AG33: =AF33/AE33 -> 84.941176 | AH33: =RANK(AG33, $AG$27:$AG$40) -> 9 | AJ33: 15 | AK33: 1259 | AL33: =AK33/AJ33 -> 83.933333 | AM33: =RANK(AL33, $AL$27:$AL$40) -> 9 | AO33: 14 | AP33: 1015 | AQ33: =AP33/AO33 -> 72.5 | AR33: =RANK(AQ33,$AQ$27:$AQ$40) -> 13 | AT33: 15 | AU33: 1228 | AV33: =AU33/AT33 -> 81.866667 | AW33: =RANK(AV33, $AV$27:$AV$40) -> 9
C34: 8 | D34: 焗奶油扇貝筆尖麵 | E34: =VLOOKUP(D34,'[1]0805產線配置圖'!$A$2:$C$17,2,0) -> 17 | F34: =VLOOKUP(D34,'[1]0805產線配置圖'!$A$2:$C$17,3,0) -> 1565 | G34: =F34/E34 -> 92.058824 | I34: =AVERAGE(P34,U34,Z34,AE34,AJ34,AO34,AT34) -> 16.571429 | J34: =AVERAGE(Q34,V34,AA34,AF34,AK34,AP34,AU34) -> 1604.2857 | K34: =AVERAGE(R34,W34,AB34,AG34,AL34,AQ34,AV34) -> 96.808824 | M34: =RANK(K34, K$27:$K$41) -> 6 | P34: 17 | Q34: 1655 | R34: =Q34/P34 -> 97.352941 | S34: =RANK(R34,$R$27:$R$41) -> 5 | U34: 16 | V34: 1637 | W34: =V34/U34 -> 102.3125 | X34: =RANK(W34, $W$27:$W$41) -> 5 | Z34: 17 | AA34: 1627 | AB34: =AA34/Z34 -> 95.705882 | AC34: =RANK(AB34, $AB$27:$AB$40) -> 6 | AE34: 17 | AF34: 1576 | AG34: =AF34/AE34 -> 92.705882 | AH34: =RANK(AG34, $AG$27:$AG$40) -> 7 | AJ34: 16 | AK34: 1424 | AL34: =AK34/AJ34 -> 89 | AM34: =RANK(AL34, $AL$27:$AL$40) -> 7 | AO34: 16 | AP34: 1583 | AQ34: =AP34/AO34 -> 98.9375 | AR34: =RANK(AQ34,$AQ$27:$AQ$40) -> 6 | AT34: 17 | AU34: 1728 | AV34: =AU34/AT34 -> 101.64706 | AW34: =RANK(AV34, $AV$27:$AV$40) -> 4
C35: 9 | D35: 拿坡里義大利麵 | E35: =VLOOKUP(D35,'[1]0805產線配置圖'!$A$2:$C$17,2,0) -> 16 | F35: =VLOOKUP(D35,'[1]0805產線配置圖'!$A$2:$C$17,3,0) -> 1390 | G35: =F35/E35 -> 86.875 | I35: =AVERAGE(P35,U35,Z35,AE35,AJ35,AO35,AT35) -> 14.142857 | J35: =AVERAGE(Q35,V35,AA35,AF35,AK35,AP35,AU35) -> 812.71429 | K35: =AVERAGE(R35,W35,AB35,AG35,AL35,AQ35,AV35) -> 57.427734 | M35: =RANK(K35, K$27:$K$41) -> 14 | P35: 14 | Q35: 747 | R35: =Q35/P35 -> 53.357143 | S35: =RANK(R35,$R$27:$R$41) -> 14 | U35: 15 | V35: 918 | W35: =V35/U35 -> 61.2 | X35: =RANK(W35, $W$27:$W$41) -> 14 | Z35: 15 | AA35: 829 | AB35: =AA35/Z35 -> 55.266667 | AC35: =RANK(AB35, $AB$27:$AB$40) -> 14 | AE35: 14 | AF35: 819 | AG35: =AF35/AE35 -> 58.5 | AH35: =RANK(AG35, $AG$27:$AG$40) -> 14 | AJ35: 13 | AK35: 720 | AL35: =AK35/AJ35 -> 55.384615 | AM35: =RANK(AL35, $AL$27:$AL$40) -> 14 | AO35: 14 | AP35: 743 | AQ35: =AP35/AO35 -> 53.071429 | AR35: =RANK(AQ35,$AQ$27:$AQ$40) -> 14 | AT35: 14 | AU35: 913 | AV35: =AU35/AT35 -> 65.214286 | AW35: =RANK(AV35, $AV$27:$AV$40) -> 13
C36: 10 | D36: 奶油明太子細扁麵 | E36: =VLOOKUP(D36,'[1]0805產線配置圖'!$A$2:$C$17,2,0) -> 18 | F36: =VLOOKUP(D36,'[1]0805產線配置圖'!$A$2:$C$17,3,0) -> 1565 | G36: =F36/E36 -> 86.944444 | I36: =AVERAGE(P36,U36,Z36,AE36,AJ36,AO36,AT36) -> 17.142857 | J36: =AVERAGE(Q36,V36,AA36,AF36,AK36,AP36,AU36) -> 1322.2857 | K36: =AVERAGE(R36,W36,AB36,AG36,AL36,AQ36,AV36) -> 77.965221 | M36: =RANK(K36, K$27:$K$41) -> 10 | P36: 18 | Q36: 1265 | R36: =Q36/P36 -> 70.277778 | S36: =RANK(R36,$R$27:$R$41) -> 11 | U36: 18 | V36: 1413 | W36: =V36/U36 -> 78.5 | X36: =RANK(W36, $W$27:$W$41) -> 9 | Z36: 20 | AA36: 1399 | AB36: =AA36/Z36 -> 69.95 | AC36: =RANK(AB36, $AB$27:$AB$40) -> 13 | AE36: 16 | AF36: 1177 | AG36: =AF36/AE36 -> 73.5625 | AH36: =RANK(AG36, $AG$27:$AG$40) -> 11 | AJ36: 16 | AK36: 1178 | AL36: =AK36/AJ36 -> 73.625 | AM36: =RANK(AL36, $AL$27:$AL$40) -> 11 | AO36: 14 | AP36: 1446 | AQ36: =AP36/AO36 -> 103.28571 | AR36: =RANK(AQ36,$AQ$27:$AQ$40) -> 4 | AT36: 18 | AU36: 1378 | AV36: =AU36/AT36 -> 76.555556 | AW36: =RANK(AV36, $AV$27:$AV$40) -> 11
C37: 11 | D37: 黑胡椒燻豬腿義大利麵 | E37: =VLOOKUP(D37,'[1]0805產線配置圖'!$A$2:$C$17,2,0) -> 18 | F37: =VLOOKUP(D37,'[1]0805產線配置圖'!$A$2:$C$17,3,0) -> 1500 | G37: =F37/E37 -> 83.333333 | I37: =AVERAGE(P37,U37,Z37,AE37,AJ37,AO37,AT37) -> 18 | J37: =AVERAGE(Q37,V37,AA37,AF37,AK37,AP37,AU37) -> 1380.1429 | K37: =AVERAGE(R37,W37,AB37,AG37,AL37,AQ37,AV37) -> 76.869328 | M37: =RANK(K37, K$27:$K$41) -> 12 | P37: 18 | Q37: 1249 | R37: =Q37/P37 -> 69.388889 | S37: =RANK(R37,$R$27:$R$41) -> 12 | U37: 18 | V37: 1208 | W37: =V37/U37 -> 67.111111 | X37: =RANK(W37, $W$27:$W$41) -> 13 | Z37: 20 | AA37: 1477 | AB37: =AA37/Z37 -> 73.85 | AC37: =RANK(AB37, $AB$27:$AB$40) -> 12 | AE37: 17 | AF37: 1402 | AG37: =AF37/AE37 -> 82.470588 | AH37: =RANK(AG37, $AG$27:$AG$40) -> 10 | AJ37: 18 | AK37: 1226 | AL37: =AK37/AJ37 -> 68.111111 | AM37: =RANK(AL37, $AL$27:$AL$40) -> 13 | AO37: 17 | AP37: 1526 | AQ37: =AP37/AO37 -> 89.764706 | AR37: =RANK(AQ37,$AQ$27:$AQ$40) -> 11 | AT37: 18 | AU37: 1573 | AV37: =AU37/AT37 -> 87.388889 | AW37: =RANK(AV37, $AV$27:$AV$40) -> 7
C38: 12 | D38: 泰式海鮮冷義大利麵 | E38: =VLOOKUP(D38,'[1]0805產線配置圖'!$A$2:$C$17,2,0) -> 18 | F38: =VLOOKUP(D38,'[1]0805產線配置圖'!$A$2:$C$17,3,0) -> 1714 | G38: =F38/E38 -> 95.222222 | I38: =AVERAGE(P38,U38,Z38,AE38,AJ38,AO38,AT38) -> 16.714286 | J38: =AVERAGE(Q38,V38,AA38,AF38,AK38,AP38,AU38) -> 1514.4286 | K38: =AVERAGE(R38,W38,AB38,AG38,AL38,AQ38,AV38) -> 90.553466 | M38: =RANK(K38, K$27:$K$41) -> 7 | P38: 18 | Q38: 1622 | R38: =Q38/P38 -> 90.111111 | S38: =RANK(R38,$R$27:$R$41) -> 8 | U38: 18 | V38: 1714 | W38: =V38/U38 -> 95.222222 | X38: =RANK(W38, $W$27:$W$41) -> 6 | Z38: 16 | AA38: 1492 | AB38: =AA38/Z38 -> 93.25 | AC38: =RANK(AB38, $AB$27:$AB$40) -> 7 | AE38: 17 | AF38: 1483 | AG38: =AF38/AE38 -> 87.235294 | AH38: =RANK(AG38, $AG$27:$AG$40) -> 8 | AJ38: 17 | AK38: 1618 | AL38: =AK38/AJ38 -> 95.176471 | AM38: =RANK(AL38, $AL$27:$AL$40) -> 5 | AO38: 15 | AP38: 1411 | AQ38: =AP38/AO38 -> 94.066667 | AR38: =RANK(AQ38,$AQ$27:$AQ$40) -> 7 | AT38: 16 | AU38: 1261 | AV38: =AU38/AT38 -> 78.8125 | AW38: =RANK(AV38, $AV$27:$AV$40) -> 10
C39: 13 | D39: 奶油蒜香雞義大利麵 | E39: =VLOOKUP(D39,'[1]0805產線配置圖'!$A$2:$C$17,2,0) -> 18 | F39: =VLOOKUP(D39,'[1]0805產線配置圖'!$A$2:$C$17,3,0) -> 1200 | G39: =F39/E39 -> 66.666667 | I39: =AVERAGE(P39,U39,Z39,AE39,AJ39,AO39,AT39) -> 18.142857 | J39: =AVERAGE(Q39,V39,AA39,AF39,AK39,AP39,AU39) -> 1397 | K39: =AVERAGE(R39,W39,AB39,AG39,AL39,AQ39,AV39) -> 77.151681 | M39: =RANK(K39, K$27:$K$41) -> 11 | P39: 18 | Q39: 1170 | R39: =Q39/P39 -> 65 | S39: =RANK(R39,$R$27:$R$41) -> 13 | U39: 18 | V39: 1460 | W39: =V39/U39 -> 81.111111 | X39: =RANK(W39, $W$27:$W$41) -> 8 | Z39: 20 | AA39: 1493 | AB39: =AA39/Z39 -> 74.65 | AC39: =RANK(AB39, $AB$27:$AB$40) -> 11 | AE39: 18 | AF39: 1308 | AG39: =AF39/AE39 -> 72.666667 | AH39: =RANK(AG39, $AG$27:$AG$40) -> 12 | AJ39: 18 | AK39: 1462 | AL39: =AK39/AJ39 -> 81.222222 | AM39: =RANK(AL39, $AL$27:$AL$40) -> 10 | AO39: 17 | AP39: 1554 | AQ39: =AP39/AO39 -> 91.411765 | AR39: =RANK(AQ39,$AQ$27:$AQ$40) -> 10 | AT39: 18 | AU39: 1332 | AV39: =AU39/AT39 -> 74 | AW39: =RANK(AV39, $AV$27:$AV$40) -> 12
C40: 14 | D40: 蕃茄莎莎鮪魚冷義大利麵 | E40: =VLOOKUP(D40,'[1]0805產線配置圖'!$A$2:$C$17,2,0) -> 17 | F40: =VLOOKUP(D40,'[1]0805產線配置圖'!$A$2:$C$17,3,0) -> 1333 | G40: =F40/E40 -> 78.411765 | I40: =AVERAGE(P40,U40,Z40,AE40,AJ40,AO40,AT40) -> 16 | J40: =AVERAGE(Q40,V40,AA40,AF40,AK40,AP40,AU40) -> 1211.2857 | K40: =AVERAGE(R40,W40,AB40,AG40,AL40,AQ40,AV40) -> 75.870678 | M40: =RANK(K40, K$27:$K$41) -> 13 | P40: 17 | Q40: 1488 | R40: =Q40/P40 -> 87.529412 | S40: =RANK(R40,$R$27:$R$41) -> 10 | U40: 17 | V40: 1224 | W40: =V40/U40 -> 72 | X40: =RANK(W40, $W$27:$W$41) -> 12 | Z40: 16 | AA40: 1402 | AB40: =AA40/Z40 -> 87.625 | AC40: =RANK(AB40, $AB$27:$AB$40) -> 10 | AE40: 17 | AF40: 1129 | AG40: =AF40/AE40 -> 66.411765 | AH40: =RANK(AG40, $AG$27:$AG$40) -> 13 | AJ40: 15 | AK40: 1059 | AL40: =AK40/AJ40 -> 70.6 | AM40: =RANK(AL40, $AL$27:$AL$40) -> 12 | AO40: 14 | AP40: 1217 | AQ40: =AP40/AO40 -> 86.928571 | AR40: =RANK(AQ40,$AQ$27:$AQ$40) -> 12 | AT40: 16 | AU40: 960 | AV40: =AU40/AT40 -> 60 | AW40: =RANK(AV40, $AV$27:$AV$40) -> 14
C41: 15 | M41: =RANK(K41, K$27:$K$41) -> #N/A
B42: 產線配置圖－每週更新 | N42: 資料繳交 | O42: 日期 | P42: 45881 | U42: 45882 | Z42: 45883 | AE42: 45884 | AJ42: 45885 | AO42: 45886 | AT42: 45887
P43: 二 | U43: 三 | Z43: 四 | AE43: 五 | AJ43: 六 | AO43: 日 | AT43: 一
B44: 品群 | C44: 商品名稱 | E44: 計畫 | H44: 平均人時性 | I44: 實績 | L44: 平均人時性 | M44: 排名 | O44: 日報 | P44: 實際 | T44: 平均人時性 | U44: 實際 | Y44: 平均人時性 | Z44: 實際 | AD44: 平均人時性 | AE44: 實際 | AI44: 平均人時性 | AJ44: 實際 | AN44: 平均人時性 | AO44: 實際 | AS44: 平均人時性 | AT44: 實際 | AX44: 平均人時性
E45: 產線配置圖 | I45: 產線配置圖 | P45: 生產實績 | U45: 生產實績 | Z45: 生產實績 | AE45: 生產實績 | AJ45: 生產實績 | AO45: 生產實績 | AT45: 生產實績
E46: 人數 | F46: 產能／時 | G46: 人時性 | I46: 人數 | J46: 產能／時 | K46: 人時性 | P46: 人數 | Q46: 產能／時 | R46: 人時性 | S46: 排名 | U46: 人數 | V46: 產能／時 | W46: 人時性 | X46: 排名 | Z46: 人數 | AA46: 產能／時 | AB46: 人時性 | AC46: 排名 | AE46: 人數 | AF46: 產能／時 | AG46: 人時性 | AH46: 排名 | AJ46: 人數 | AK46: 產能／時 | AL46: 人時性 | AM46: 排名 | AO46: 人數 | AP46: 產能／時 | AQ46: 人時性 | AR46: 排名 | AT46: 人數 | AU46: 產能／時 | AV46: 人時性 | AW46: 排名
B47: 熱食義麵 | C47: 1 | D47: 義式蕃茄起司義大利麵 | E47: =VLOOKUP(D47,'[1]0805產線配置圖'!$A$2:$C$17,2,0) -> 12 | F47: =VLOOKUP(D47,'[1]0805產線配置圖'!$A$2:$C$17,3,0) -> 2000 | G47: =F47/E47 -> 166.66667 | H47: =AVERAGE(G47:G61) -> 101.09369 | I47: =AVERAGE(P47,U47,Z47,AE47,AJ47,AO47,AT47) -> 12 | J47: =AVERAGE(Q47,V47,AA47,AF47,AK47,AP47,AU47) -> 1858.1429 | K47: =AVERAGE(R47,W47,AB47,AG47,AL47,AQ47,AV47) -> 154.84524 | L47: =IFERROR(AVERAGE(K47:K61),"-") -> 95.673181 | M47: =RANK(K47, K$47:$K$61) -> 1 | P47: 12 | Q47: 1919 | R47: =Q47/P47 -> 159.91667 | S47: =RANK(R47, $R$47:$R$60) -> 1 | T47: =AVERAGE(R47:R61) -> 97.528906 | U47: 12 | V47: 1916 | W47: =V47/U47 -> 159.66667 | X47: =RANK(W47, $W$47:$W$59) -> 1 | Y47: =AVERAGE(W47:W61) -> 100.18533 | Z47: 12 | AA47: 1869 | AB47: =AA47/Z47 -> 155.75 | AC47: =RANK(AB47, $AB$47:$AB$59) -> 1 | AD47: =AVERAGE(AB47:AB61) -> 98.084727 | AE47: 12 | AF47: 1810 | AG47: =AF47/AE47 -> 150.83333 | AH47: =RANK(AG47, $AG$47:$AG$59) -> 1 | AI47: =AVERAGE(AG47:AG61) -> 92.502184 | AJ47: 12 | AK47: 1747 | AL47: =AK47/AJ47 -> 145.58333 | AM47: =RANK(AL47,$AL$47:$AL$59) -> 1 | AN47: =AVERAGE(AL47:AL61) -> 96.704086 | AO47: 12 | AP47: 1865 | AQ47: =AP47/AO47 -> 155.41667 | AR47: =RANK(AQ47,$AQ$47:$AQ$59) -> 1 | AS47: =AVERAGE(AQ47:AQ61) -> 99.606179 | AT47: 12 | AU47: 1881 | AV47: =AU47/AT47 -> 156.75 | AW47: =RANK(AV47,AV47:AV61) -> 1 | AX47: =AVERAGE(AV47:AV61) -> 94.969251
C48: 2 | D48: 奶油培根義大利麵 | E48: =VLOOKUP(D48,'[1]0805產線配置圖'!$A$2:$C$17,2,0) -> 13 | F48: =VLOOKUP(D48,'[1]0805產線配置圖'!$A$2:$C$17,3,0) -> 2000 | G48: =F48/E48 -> 153.84615 | I48: =AVERAGE(P48,U48,Z48,AE48,AJ48,AO48,AT48) -> 13 | J48: =AVERAGE(Q48,V48,AA48,AF48,AK48,AP48,AU48) -> 1837 | K48: =AVERAGE(R48,W48,AB48,AG48,AL48,AQ48,AV48) -> 141.30769 | M48: =RANK(K48, K$47:$K$61) -> 2 | P48: 13 | Q48: 1883 | R48: =Q48/P48 -> 144.84615 | S48: =RANK(R48, $R$47:$R$60) -> 2 | U48: 13 | V48: 1955 | W48: =V48/U48 -> 150.38462 | X48: =RANK(W48, $W$47:$W$59) -> 2 | Z48: 13 | AA48: 1933 | AB48: =AA48/Z48 -> 148.69231 | AC48: =RANK(AB48, $AB$47:$AB$59) -> 2 | AE48: 13 | AF48: 1623 | AG48: =AF48/AE48 -> 124.84615 | AH48: =RANK(AG48, $AG$47:$AG$59) -> 2 | AJ48: 13 | AK48: 1604 | AL48: =AK48/AJ48 -> 123.38462 | AM48: =RANK(AL48,$AL$47:$AL$59) -> 2 | AO48: 13 | AP48: 1983 | AQ48: =AP48/AO48 -> 152.53846 | AR48: =RANK(AQ48,$AQ$47:$AQ$59) -> 2 | AT48: 13 | AU48: 1878 | AV48: =AU48/AT48 -> 144.46154 | AW48: =RANK(AV48,$AV$47:$AV$59) -> 2
C49: 3 | D49: 熱那亞青醬義大利麵 | E49: =VLOOKUP(D49,'[1]0805產線配置圖'!$A$2:$C$17,2,0) -> 16 | F49: =VLOOKUP(D49,'[1]0805產線配置圖'!$A$2:$C$17,3,0) -> 1915 | G49: =F49/E49 -> 119.6875 | I49: =AVERAGE(P49,U49,Z49,AE49,AJ49,AO49,AT49) -> 15.714286 | J49: =AVERAGE(Q49,V49,AA49,AF49,AK49,AP49,AU49) -> 1649.5714 | K49: =AVERAGE(R49,W49,AB49,AG49,AL49,AQ49,AV49) -> 105.14762 | M49: =RANK(K49, K$47:$K$61) -> 5 | P49: 16 | Q49: 1695 | R49: =Q49/P49 -> 105.9375 | S49: =RANK(R49, $R$47:$R$60) -> 5 | U49: 15 | V49: 1791 | W49: =V49/U49 -> 119.4 | X49: =RANK(W49, $W$47:$W$59) -> 5 | Z49: 15 | AA49: 1652 | AB49: =AA49/Z49 -> 110.13333 | AC49: =RANK(AB49, $AB$47:$AB$59) -> 5 | AE49: 16 | AF49: 1553 | AG49: =AF49/AE49 -> 97.0625 | AH49: =RANK(AG49, $AG$47:$AG$59) -> 5 | AJ49: 16 | AK49: 1669 | AL49: =AK49/AJ49 -> 104.3125 | AM49: =RANK(AL49,$AL$47:$AL$59) -> 5 | AO49: 16 | AP49: 1633 | AQ49: =AP49/AO49 -> 102.0625 | AR49: =RANK(AQ49,$AQ$47:$AQ$59) -> 5 | AT49: 16 | AU49: 1554 | AV49: =AU49/AT49 -> 97.125 | AW49: =RANK(AV49,$AV$47:$AV$59) -> 5
C50: 4 | D50: 焗烤起司雙饗筆尖麵 | E50: =VLOOKUP(D50,'[1]0805產線配置圖'!$A$2:$C$17,2,0) -> 18 | F50: =VLOOKUP(D50,'[1]0805產線配置圖'!$A$2:$C$17,3,0) -> 1565 | G50: =F50/E50 -> 86.944444 | I50: =AVERAGE(P50,U50,Z50,AE50,AJ50,AO50,AT50) -> 17.857143 | J50: =AVERAGE(Q50,V50,AA50,AF50,AK50,AP50,AU50) -> 1491.7143 | K50: =AVERAGE(R50,W50,AB50,AG50,AL50,AQ50,AV50) -> 83.537815 | M50: =RANK(K50, K$47:$K$61) -> 8 | P50: 18 | Q50: 1534 | R50: =Q50/P50 -> 85.222222 | S50: =RANK(R50, $R$47:$R$60) -> 9 | U50: 18 | V50: 1439 | W50: =V50/U50 -> 79.944444 | X50: =RANK(W50, $W$47:$W$59) -> 8 | Z50: 18 | AA50: 1517 | AB50: =AA50/Z50 -> 84.277778 | AC50: =RANK(AB50, $AB$47:$AB$59) -> 9 | AE50: 18 | AF50: 1519 | AG50: =AF50/AE50 -> 84.388889 | AH50: =RANK(AG50, $AG$47:$AG$59) -> 8 | AJ50: 18 | AK50: 1514 | AL50: =AK50/AJ50 -> 84.111111 | AM50: =RANK(AL50,$AL$47:$AL$59) -> 8 | AO50: 17 | AP50: 1424 | AQ50: =AP50/AO50 -> 83.764706 | AR50: =RANK(AQ50,$AQ$47:$AQ$59) -> 8 | AT50: 18 | AU50: 1495 | AV50: =AU50/AT50 -> 83.055556 | AW50: =RANK(AV50,$AV$47:$AV$59) -> 8
C51: 5 | D51: 白酒蛤蜊義大利麵 | E51: =VLOOKUP(D51,'[1]0805產線配置圖'!$A$2:$C$17,2,0) -> 15 | F51: =VLOOKUP(D51,'[1]0805產線配置圖'!$A$2:$C$17,3,0) -> 1565 | G51: =F51/E51 -> 104.33333 | I51: =AVERAGE(P51,U51,Z51,AE51,AJ51,AO51,AT51) -> 14 | J51: =AVERAGE(Q51,V51,AA51,AF51,AK51,AP51,AU51) -> 1730.1429 | K51: =AVERAGE(R51,W51,AB51,AG51,AL51,AQ51,AV51) -> 123.58163 | M51: =RANK(K51, K$47:$K$61) -> 3 | P51: 14 | Q51: 1811 | R51: =Q51/P51 -> 129.35714 | S51: =RANK(R51, $R$47:$R$60) -> 3 | U51: 14 | V51: 1811 | W51: =V51/U51 -> 129.35714 | X51: =RANK(W51, $W$47:$W$59) -> 3 | Z51: 14 | AA51: 1700 | AB51: =AA51/Z51 -> 121.42857 | AC51: =RANK(AB51, $AB$47:$AB$59) -> 3 | AE51: 14 | AF51: 1688 | AG51: =AF51/AE51 -> 120.57143 | AH51: =RANK(AG51, $AG$47:$AG$59) -> 3 | AJ51: 14 | AK51: 1692 | AL51: =AK51/AJ51 -> 120.85714 | AM51: =RANK(AL51,$AL$47:$AL$59) -> 3 | AO51: 14 | AP51: 1702 | AQ51: =AP51/AO51 -> 121.57143 | AR51: =RANK(AQ51,$AQ$47:$AQ$59) -> 3 | AT51: 14 | AU51: 1707 | AV51: =AU51/AT51 -> 121.92857 | AW51: =RANK(AV51,$AV$47:$AV$59) -> 3
C52: 6 | D52: 韓式起司炸雞義大利麵 | E52: =VLOOKUP(D52,'[1]0805產線配置圖'!$A$2:$C$17,2,0) -> 17 | F52: =VLOOKUP(D52,'[1]0805產線配置圖'!$A$2:$C$17,3,0) -> 1895 | G52: =F52/E52 -> 111.47059 | I52: =AVERAGE(P52,U52,Z52,AE52,AJ52,AO52,AT52) -> 16 | J52: =AVERAGE(Q52,V52,AA52,AF52,AK52,AP52,AU52) -> 1839.7143 | K52: =AVERAGE(R52,W52,AB52,AG52,AL52,AQ52,AV52) -> 114.98214 | M52: =RANK(K52, K$47:$K$61) -> 4 | P52: 16 | Q52: 1731 | R52: =Q52/P52 -> 108.1875 | S52: =RANK(R52, $R$47:$R$60) -> 4 | U52: 16 | V52: 2061 | W52: =V52/U52 -> 128.8125 | X52: =RANK(W52, $W$47:$W$59) -> 4 | Z52: 16 | AA52: 1812 | AB52: =AA52/Z52 -> 113.25 | AC52: =RANK(AB52, $AB$47:$AB$59) -> 4 | AE52: 16 | AF52: 1652 | AG52: =AF52/AE52 -> 103.25 | AH52: =RANK(AG52, $AG$47:$AG$59) -> 4 | AJ52: 16 | AK52: 1863 | AL52: =AK52/AJ52 -> 116.4375 | AM52: =RANK(AL52,$AL$47:$AL$59) -> 4 | AO52: 16 | AP52: 1875 | AQ52: =AP52/AO52 -> 117.1875 | AR52: =RANK(AQ52,$AQ$47:$AQ$59) -> 4 | AT52: 16 | AU52: 1884 | AV52: =AU52/AT52 -> 117.75 | AW52: =RANK(AV52,$AV$47:$AV$59) -> 4
C53: 7 | D53: 蒜香蝦蝦義大利麵 | E53: =VLOOKUP(D53,'[1]0805產線配置圖'!$A$2:$C$17,2,0) -> 16 | F53: =VLOOKUP(D53,'[1]0805產線配置圖'!$A$2:$C$17,3,0) -> 1552 | G53: =F53/E53 -> 97 | I53: =AVERAGE(P53,U53,Z53,AE53,AJ53,AO53,AT53) -> 15.714286 | J53: =AVERAGE(Q53,V53,AA53,AF53,AK53,AP53,AU53) -> 1297.4286 | K53: =AVERAGE(R53,W53,AB53,AG53,AL53,AQ53,AV53) -> 82.535714 | M53: =RANK(K53, K$47:$K$61) -> 9 | P53: 16 | Q53: 1132 | R53: =Q53/P53 -> 70.75 | S53: =RANK(R53, $R$47:$R$60) -> 12 | U53: 15 | V53: 1183 | W53: =V53/U53 -> 78.866667 | X53: =RANK(W53, $W$47:$W$59) -> 9 | Z53: 16 | AA53: 1391 | AB53: =AA53/Z53 -> 86.9375 | AC53: =RANK(AB53, $AB$47:$AB$59) -> 8 | AE53: 16 | AF53: 1413 | AG53: =AF53/AE53 -> 88.3125 | AH53: =RANK(AG53, $AG$47:$AG$59) -> 6 | AJ53: 16 | AK53: 1532 | AL53: =AK53/AJ53 -> 95.75 | AM53: =RANK(AL53,$AL$47:$AL$59) -> 6 | AO53: 15 | AP53: 1247 | AQ53: =AP53/AO53 -> 83.133333 | AR53: =RANK(AQ53,$AQ$47:$AQ$59) -> 9 | AT53: 16 | AU53: 1184 | AV53: =AU53/AT53 -> 74 | AW53: =RANK(AV53,$AV$47:$AV$59) -> 11
C54: 8 | D54: 焗奶油扇貝筆尖麵 | E54: =VLOOKUP(D54,'[1]0805產線配置圖'!$A$2:$C$17,2,0) -> 17 | F54: =VLOOKUP(D54,'[1]0805產線配置圖'!$A$2:$C$17,3,0) -> 1565 | G54: =F54/E54 -> 92.058824 | I54: =AVERAGE(P54,U54,Z54,AE54,AJ54,AO54,AT54) -> 17 | J54: =AVERAGE(Q54,V54,AA54,AF54,AK54,AP54,AU54) -> 1493.4286 | K54: =AVERAGE(R54,W54,AB54,AG54,AL54,AQ54,AV54) -> 87.848739 | M54: =RANK(K54, K$47:$K$61) -> 6 | P54: 17 | Q54: 1596 | R54: =Q54/P54 -> 93.882353 | S54: =RANK(R54, $R$47:$R$60) -> 6 | U54: 17 | V54: 1505 | W54: =V54/U54 -> 88.529412 | X54: =RANK(W54, $W$47:$W$59) -> 6 | Z54: 17 | AA54: 1546 | AB54: =AA54/Z54 -> 90.941176 | AC54: =RANK(AB54, $AB$47:$AB$59) -> 7 | AE54: 17 | AF54: 1293 | AG54: =AF54/AE54 -> 76.058824 | AH54: =RANK(AG54, $AG$47:$AG$59) -> 9 | AJ54: 17 | AK54: 1546 | AL54: =AK54/AJ54 -> 90.941176 | AM54: =RANK(AL54,$AL$47:$AL$59) -> 7 | AO54: 17 | AP54: 1492 | AQ54: =AP54/AO54 -> 87.764706 | AR54: =RANK(AQ54,$AQ$47:$AQ$59) -> 7 | AT54: 17 | AU54: 1476 | AV54: =AU54/AT54 -> 86.823529 | AW54: =RANK(AV54,$AV$47:$AV$59) -> 7
C55: 9 | D55: 拿坡里義大利麵 | E55: =VLOOKUP(D55,'[1]0805產線配置圖'!$A$2:$C$17,2,0) -> 16 | F55: =VLOOKUP(D55,'[1]0805產線配置圖'!$A$2:$C$17,3,0) -> 1390 | G55: =F55/E55 -> 86.875 | I55: =AVERAGE(P55,U55,Z55,AE55,AJ55,AO55,AT55) -> 15 | J55: =AVERAGE(Q55,V55,AA55,AF55,AK55,AP55,AU55) -> 1022.4286 | K55: =AVERAGE(R55,W55,AB55,AG55,AL55,AQ55,AV55) -> 68.063821 | M55: =RANK(K55, K$47:$K$61) -> 13 | P55: 16 | Q55: 1016 | R55: =Q55/P55 -> 63.5 | S55: =RANK(R55, $R$47:$R$60) -> 14 | U55: 15 | V55: 983 | W55: =V55/U55 -> 65.533333 | X55: =RANK(W55, $W$47:$W$59) -> 12 | Z55: 15 | AA55: 869 | AB55: =AA55/Z55 -> 57.933333 | AC55: =RANK(AB55, $AB$47:$AB$59) -> 13 | AE55: 14 | AF55: 932 | AG55: =AF55/AE55 -> 66.571429 | AH55: =RANK(AG55, $AG$47:$AG$59) -> 11 | AJ55: 16 | AK55: 1203 | AL55: =AK55/AJ55 -> 75.1875 | AM55: =RANK(AL55,$AL$47:$AL$59) -> 11 | AO55: 13 | AP55: 908 | AQ55: =AP55/AO55 -> 69.846154 | AR55: =RANK(AQ55,$AQ$47:$AQ$59) -> 12 | AT55: 16 | AU55: 1246 | AV55: =AU55/AT55 -> 77.875 | AW55: =RANK(AV55,$AV$47:$AV$59) -> 10
C56: 10 | D56: 奶油明太子細扁麵 | E56: =VLOOKUP(D56,'[1]0805產線配置圖'!$A$2:$C$17,2,0) -> 18 | F56: =VLOOKUP(D56,'[1]0805產線配置圖'!$A$2:$C$17,3,0) -> 1565 | G56: =F56/E56 -> 86.944444 | I56: =AVERAGE(P56,U56,Z56,AE56,AJ56,AO56,AT56) -> 16.571429 | J56: =AVERAGE(Q56,V56,AA56,AF56,AK56,AP56,AU56) -> 1213.8571 | K56: =AVERAGE(R56,W56,AB56,AG56,AL56,AQ56,AV56) -> 73.229321 | M56: =RANK(K56, K$47:$K$61) -> 11 | P56: 18 | Q56: 1377 | R56: =Q56/P56 -> 76.5 | S56: =RANK(R56, $R$47:$R$60) -> 11 | U56: 17 | V56: 1296 | W56: =V56/U56 -> 76.235294 | X56: =RANK(W56, $W$47:$W$59) -> 11 | Z56: 19 | AA56: 1355 | AB56: =AA56/Z56 -> 71.315789 | AC56: =RANK(AB56, $AB$47:$AB$59) -> 11 | AE56: 15 | AF56: 994 | AG56: =AF56/AE56 -> 66.266667 | AH56: =RANK(AG56, $AG$47:$AG$59) -> 12 | AJ56: 16 | AK56: 1162 | AL56: =AK56/AJ56 -> 72.625 | AM56: =RANK(AL56,$AL$47:$AL$59) -> 12 | AO56: 15 | AP56: 1224 | AQ56: =AP56/AO56 -> 81.6 | AR56: =RANK(AQ56,$AQ$47:$AQ$59) -> 11 | AT56: 16 | AU56: 1089 | AV56: =AU56/AT56 -> 68.0625 | AW56: =RANK(AV56,$AV$47:$AV$59) -> 12
C57: 11 | D57: 黑胡椒燻豬腿義大利麵 | E57: =VLOOKUP(D57,'[1]0805產線配置圖'!$A$2:$C$17,2,0) -> 18 | F57: =VLOOKUP(D57,'[1]0805產線配置圖'!$A$2:$C$17,3,0) -> 1500 | G57: =F57/E57 -> 83.333333 | I57: =AVERAGE(P57,U57,Z57,AE57,AJ57,AO57,AT57) -> 13.142857 | J57: =AVERAGE(Q57,V57,AA57,AF57,AK57,AP57,AU57) -> 1062.5714 | K57: =AVERAGE(R57,W57,AB57,AG57,AL57,AQ57,AV57) -> 80.754239 | M57: =RANK(K57, K$47:$K$61) -> 10 | P57: 14 | Q57: 1246 | R57: =Q57/P57 -> 89 | S57: =RANK(R57, $R$47:$R$60) -> 8 | U57: 12 | V57: 993 | W57: =V57/U57 -> 82.75 | X57: =RANK(W57, $W$47:$W$59) -> 7 | Z57: 15 | AA57: 1143 | AB57: =AA57/Z57 -> 76.2 | AC57: =RANK(AB57, $AB$47:$AB$59) -> 10 | AE57: 11 | AF57: 814 | AG57: =AF57/AE57 -> 74 | AH57: =RANK(AG57, $AG$47:$AG$59) -> 10 | AJ57: 13 | AK57: 1079 | AL57: =AK57/AJ57 -> 83 | AM57: =RANK(AL57,$AL$47:$AL$59) -> 9 | AO57: 13 | AP57: 1061 | AQ57: =AP57/AO57 -> 81.615385 | AR57: =RANK(AQ57,$AQ$47:$AQ$59) -> 10 | AT57: 14 | AU57: 1102 | AV57: =AU57/AT57 -> 78.714286 | AW57: =RANK(AV57,$AV$47:$AV$59) -> 9
C58: 12 | D58: 泰式海鮮冷義大利麵 | E58: =VLOOKUP(D58,'[1]0805產線配置圖'!$A$2:$C$17,2,0) -> 18 | F58: =VLOOKUP(D58,'[1]0805產線配置圖'!$A$2:$C$17,3,0) -> 1714 | G58: =F58/E58 -> 95.222222 | I58: =AVERAGE(P58,U58,Z58,AE58,AJ58,AO58,AT58) -> 15.142857 | J58: =AVERAGE(Q58,V58,AA58,AF58,AK58,AP58,AU58) -> 1319.4286 | K58: =AVERAGE(R58,W58,AB58,AG58,AL58,AQ58,AV58) -> 87.168218 | M58: =RANK(K58, K$47:$K$61) -> 7 | P58: 17 | Q58: 1549 | R58: =Q58/P58 -> 91.117647 | S58: =RANK(R58, $R$47:$R$60) -> 7 | U58: 15 | V58: 1183 | W58: =V58/U58 -> 78.866667 | X58: =RANK(W58, $W$47:$W$59) -> 9 | Z58: 15 | AA58: 1423 | AB58: =AA58/Z58 -> 94.866667 | AC58: =RANK(AB58, $AB$47:$AB$59) -> 6 | AE58: 12 | AF58: 1042 | AG58: =AF58/AE58 -> 86.833333 | AH58: =RANK(AG58, $AG$47:$AG$59) -> 7 | AJ58: 17 | AK58: 1387 | AL58: =AK58/AJ58 -> 81.588235 | AM58: =RANK(AL58,$AL$47:$AL$59) -> 10 | AO58: 13 | AP58: 1155 | AQ58: =AP58/AO58 -> 88.846154 | AR58: =RANK(AQ58,$AQ$47:$AQ$59) -> 6 | AT58: 17 | AU58: 1497 | AV58: =AU58/AT58 -> 88.058824 | AW58: =RANK(AV58,$AV$47:$AV$59) -> 6
C59: 13 | D59: 奶油蒜香雞義大利麵 | E59: =VLOOKUP(D59,'[1]0805產線配置圖'!$A$2:$C$17,2,0) -> 18 | F59: =VLOOKUP(D59,'[1]0805產線配置圖'!$A$2:$C$17,3,0) -> 1200 | G59: =F59/E59 -> 66.666667 | I59: =AVERAGE(P59,U59,Z59,AE59,AJ59,AO59,AT59) -> 16.142857 | J59: =AVERAGE(Q59,V59,AA59,AF59,AK59,AP59,AU59) -> 1080.2857 | K59: =AVERAGE(R59,W59,AB59,AG59,AL59,AQ59,AV59) -> 66.734839 | M59: =RANK(K59, K$47:$K$61) -> 14 | P59: 18 | Q59: 1395 | R59: =Q59/P59 -> 77.5 | S59: =RANK(R59, $R$47:$R$60) -> 10 | U59: 16 | V59: 1025 | W59: =V59/U59 -> 64.0625 | X59: =RANK(W59, $W$47:$W$59) -> 13 | Z59: 16 | AA59: 1014 | AB59: =AA59/Z59 -> 63.375 | AC59: =RANK(AB59, $AB$47:$AB$59) -> 12 | AE59: 15 | AF59: 953 | AG59: =AF59/AE59 -> 63.533333 | AH59: =RANK(AG59, $AG$47:$AG$59) -> 13 | AJ59: 16 | AK59: 1014 | AL59: =AK59/AJ59 -> 63.375 | AM59: =RANK(AL59,$AL$47:$AL$59) -> 13 | AO59: 15 | AP59: 1043 | AQ59: =AP59/AO59 -> 69.533333 | AR59: =RANK(AQ59,$AQ$47:$AQ$59) -> 13 | AT59: 17 | AU59: 1118 | AV59: =AU59/AT59 -> 65.764706 | AW59: =RANK(AV59,$AV$47:$AV$61) -> 14
C60: 14 | D60: 蕃茄莎莎鮪魚冷義大利麵 | E60: =VLOOKUP(D60,'[1]0805產線配置圖'!$A$2:$C$17,2,0) -> 17 | F60: =VLOOKUP(D60,'[1]0805產線配置圖'!$A$2:$C$17,3,0) -> 1333 | G60: =F60/E60 -> 78.411765 | I60: =AVERAGE(P60,U60,Z60,AE60,AJ60,AO60,AT60) -> 16 | J60: =AVERAGE(Q60,V60,AA60,AF60,AK60,AP60,AU60) -> 1115 | K60: =AVERAGE(R60,W60,AB60,AG60,AL60,AQ60,AV60) -> 69.6875 | M60: =RANK(K60, K$47:$K$61) -> 12 | P60: 16 | Q60: 1115 | R60: =Q60/P60 -> 69.6875 | S60: =RANK(R60, $R$47:$R$60) -> 13 | AW60: =RANK(AV60,$AV$47:$AV$61) -> #N/A
C61: 15 | D61: 青花椒麻雞肉拌麵 | E61: 18 | F61: 1565 | G61: 86.944444 | AT61: 14 | AU61: 968 | AV61: 69.2 | AW61: =RANK(AV61,$AV$47:$AV$61) -> 12
B62: 產線配置圖－每週更新 | N62: 資料繳交 | O62: 日期 | P62: 45888 | U62: 45889 | Z62: 45890 | AE62: 45891 | AJ62: 45892 | AO62: 45893 | AT62: 45894
P63: 二 | U63: 三 | Z63: 四 | AE63: 五 | AJ63: 六 | AO63: 日 | AT63: 一
B64: 品群 | C64: 商品名稱 | E64: 計畫 | H64: 平均人時性 | I64: 實績 | L64: 平均人時性 | M64: 排名 | O64: 日報 | P64: 實際 | T64: 平均人時性 | U64: 實際 | Y64: 平均人時性 | Z64: 實際 | AD64: 平均人時性 | AE64: 實際 | AI64: 平均人時性 | AJ64: 實際 | AN64: 平均人時性 | AO64: 實際 | AS64: 平均人時性 | AT64: 實際 | AX64: 平均人時性
E65: 產線配置圖 | I65: 產線配置圖 | P65: 生產實績 | U65: 生產實績 | Z65: 生產實績 | AE65: 生產實績 | AJ65: 生產實績 | AO65: 生產實績 | AT65: 生產實績
E66: 人數 | F66: 產能／時 | G66: 人時性 | I66: 人數 | J66: 產能／時 | K66: 人時性 | P66: 人數 | Q66: 產能／時 | R66: 人時性 | S66: 排名 | U66: 人數 | V66: 產能／時 | W66: 人時性 | X66: 排名 | Z66: 人數 | AA66: 產能／時 | AB66: 人時性 | AC66: 排名 | AE66: 人數 | AF66: 產能／時 | AG66: 人時性 | AH66: 排名 | AJ66: 人數 | AK66: 產能／時 | AL66: 人時性 | AM66: 排名 | AO66: 人數 | AP66: 產能／時 | AQ66: 人時性 | AR66: 排名 | AT66: 人數 | AU66: 產能／時 | AV66: 人時性 | AW66: 排名
B67: 熱食義麵 | C67: 1 | D67: 義式蕃茄起司義大利麵 | E67: =VLOOKUP(D67,'0818產線配置圖'!$A$2:$C$18,2,0) -> 12 | F67: =VLOOKUP(D67,'0818產線配置圖'!$A$2:$C$18,3,0) -> 2000 | G67: =F67/E67 -> 166.66667 | H67: =AVERAGE(G67:G81) -> 103.52749 | I67: =AVERAGE(P67,U67,Z67,AE67,AJ67,AO67,AT67) -> 12.142857 | J67: =AVERAGE(Q67,V67,AA67,AF67,AK67,AP67,AU67) -> 1742.5714 | K67: =AVERAGE(R67,W67,AB67,AG67,AL67,AQ67,AV67) -> 143.89286 | L67: =IFERROR(AVERAGE(K67:K84),"-") -> 91.517038 | M67: =RANK(K67, $K$67:$K$82) -> 1 | P67: 13 | Q67: 1443 | R67: =Q67/P67 -> 111 | S67: =RANK(R67, $R$67:$R$82) -> 4 | T67: =AVERAGE(R67:R84) -> 93.480429 | U67: 12 | V67: 1809 | W67: =V67/U67 -> 150.75 | X67: =RANK(W67, $W$67:$W$82) -> 1 | Y67: =AVERAGE(W67:W84) -> 94.537262 | Z67: 12 | AA67: 1760 | AB67: =AA67/Z67 -> 146.66667 | AC67: =RANK(AB67, $AB$67:$AB$82) -> 1 | AD67: =AVERAGE(AB67:AB84) -> 92.053662 | AE67: 12 | AF67: 1798 | AG67: =AF67/AE67 -> 149.83333 | AH67: =RANK(AG67, $AG$67:$AG$82) -> 1 | AI67: =AVERAGE(AG67:AG84) -> 84.813182 | AJ67: 12 | AK67: 1719 | AL67: =AK67/AJ67 -> 143.25 | AM67: =RANK(AL67, $AL$67:$AL$82) -> 1 | AN67: =AVERAGE(AL67:AL84) -> 91.244013 | AO67: 12 | AP67: 1870 | AQ67: =AP67/AO67 -> 155.83333 | AR67: =RANK(AQ67, $AQ$67:$AQ$84) -> 1 | AS67: =AVERAGE(AQ67:AQ84) -> 93.024878 | AT67: 12 | AU67: 1799 | AV67: =AU67/AT67 -> 149.91667 | AW67: =RANK(AV67, $AV$67:$AV$84) -> 1 | AX67: =AVERAGE(AV67:AV84) -> 93.343106
C68: 2 | D68: 奶油培根義大利麵 | E68: =VLOOKUP(D68,'0818產線配置圖'!$A$2:$C$18,2,0) -> 13 | F68: =VLOOKUP(D68,'0818產線配置圖'!$A$2:$C$18,3,0) -> 2000 | G68: =F68/E68 -> 153.84615 | I68: =AVERAGE(P68,U68,Z68,AE68,AJ68,AO68,AT68) -> 13 | J68: =AVERAGE(Q68,V68,AA68,AF68,AK68,AP68,AU68) -> 1835.5 | K68: =AVERAGE(R68,W68,AB68,AG68,AL68,AQ68,AV68) -> 141.19231 | M68: =RANK(K68, $K$67:$K$82) -> 2 | P68: 13 | Q68: 1950.5 | R68: =Q68/P68 -> 150.03846 | S68: =RANK(R68, $R$67:$R$82) -> 2 | U68: 13 | V68: 1822 | W68: =V68/U68 -> 140.15385 | X68: =RANK(W68, $W$67:$W$82) -> 2 | Z68: 13 | AA68: 1755 | AB68: =AA68/Z68 -> 135 | AC68: =RANK(AB68, $AB$67:$AB$82) -> 2 | AE68: 13 | AF68: 1887 | AG68: =AF68/AE68 -> 145.15385 | AH68: =RANK(AG68, $AG$67:$AG$82) -> 2 | AJ68: 13 | AK68: 1733 | AL68: =AK68/AJ68 -> 133.30769 | AM68: =RANK(AL68, $AL$67:$AL$82) -> 2 | AO68: 13 | AP68: 1889 | AQ68: =AP68/AO68 -> 145.30769 | AR68: =RANK(AQ68, $AQ$67:$AQ$84) -> 2 | AT68: 13 | AU68: 1812 | AV68: =AU68/AT68 -> 139.38462 | AW68: =RANK(AV68, $AV$67:$AV$84) -> 2
C69: 3 | D69: 熱那亞青醬義大利麵 | E69: =VLOOKUP(D69,'0818產線配置圖'!$A$2:$C$18,2,0) -> 16 | F69: =VLOOKUP(D69,'0818產線配置圖'!$A$2:$C$18,3,0) -> 1915 | G69: =F69/E69 -> 119.6875 | I69: =AVERAGE(P69,U69,Z69,AE69,AJ69,AO69,AT69) -> 16 | J69: =AVERAGE(Q69,V69,AA69,AF69,AK69,AP69,AU69) -> 1469.4286 | K69: =AVERAGE(R69,W69,AB69,AG69,AL69,AQ69,AV69) -> 91.839286 | M69: =RANK(K69, $K$67:$K$82) -> 5 | P69: 16 | Q69: 1201 | R69: =Q69/P69 -> 75.0625 | S69: =RANK(R69, $R$67:$R$82) -> 12 | U69: 16 | V69: 1747 | W69: =V69/U69 -> 109.1875 | X69: =RANK(W69, $W$67:$W$82) -> 4 | Z69: 16 | AA69: 1665 | AB69: =AA69/Z69 -> 104.0625 | AC69: =RANK(AB69, $AB$67:$AB$82) -> 5 | AE69: 16 | AF69: 869 | AG69: =AF69/AE69 -> 54.3125 | AH69: =RANK(AG69, $AG$67:$AG$82) -> 15 | AJ69: 16 | AK69: 1464 | AL69: =AK69/AJ69 -> 91.5 | AM69: =RANK(AL69, $AL$67:$AL$82) -> 5 | AO69: 16 | AP69: 1802 | AQ69: =AP69/AO69 -> 112.625 | AR69: =RANK(AQ69, $AQ$67:$AQ$84) -> 4 | AT69: 16 | AU69: 1538 | AV69: =AU69/AT69 -> 96.125 | AW69: =RANK(AV69, $AV$67:$AV$84) -> 5
C70: 4 | D70: 焗烤起司雙饗筆尖麵 | E70: =VLOOKUP(D70,'0818產線配置圖'!$A$2:$C$18,2,0) -> 18 | F70: =VLOOKUP(D70,'0818產線配置圖'!$A$2:$C$18,3,0) -> 1565 | G70: =F70/E70 -> 86.944444 | I70: =AVERAGE(P70,U70,Z70,AE70,AJ70,AO70,AT70) -> 17.857143 | J70: =AVERAGE(Q70,V70,AA70,AF70,AK70,AP70,AU70) -> 1450.1429 | K70: =AVERAGE(R70,W70,AB70,AG70,AL70,AQ70,AV70) -> 81.174136 | M70: =RANK(K70, $K$67:$K$82) -> 11 | P70: 17 | Q70: 1308 | R70: =Q70/P70 -> 76.941176 | S70: =RANK(R70, $R$67:$R$82) -> 11 | U70: 18 | V70: 1487 | W70: =V70/U70 -> 82.611111 | X70: =RANK(W70, $W$67:$W$82) -> 9 | Z70: 18 | AA70: 1546 | AB70: =AA70/Z70 -> 85.888889 | AC70: =RANK(AB70, $AB$67:$AB$82) -> 8 | AE70: 18 | AF70: 1471 | AG70: =AF70/AE70 -> 81.722222 | AH70: =RANK(AG70, $AG$67:$AG$82) -> 6 | AJ70: 18 | AK70: 1355 | AL70: =AK70/AJ70 -> 75.277778 | AM70: =RANK(AL70, $AL$67:$AL$82) -> 12 | AO70: 18 | AP70: 1488 | AQ70: =AP70/AO70 -> 82.666667 | AR70: =RANK(AQ70, $AQ$67:$AQ$84) -> 10 | AT70: 18 | AU70: 1496 | AV70: =AU70/AT70 -> 83.111111 | AW70: =RANK(AV70, $AV$67:$AV$84) -> 11
C71: 5 | D71: 白酒蛤蜊義大利麵 | E71: =VLOOKUP(D71,'0818產線配置圖'!$A$2:$C$18,2,0) -> 15 | F71: =VLOOKUP(D71,'0818產線配置圖'!$A$2:$C$18,3,0) -> 1565 | G71: =F71/E71 -> 104.33333 | I71: =AVERAGE(P71,U71,Z71,AE71,AJ71,AO71,AT71) -> 15.285714 | J71: =AVERAGE(Q71,V71,AA71,AF71,AK71,AP71,AU71) -> 1357.8571 | K71: =AVERAGE(R71,W71,AB71,AG71,AL71,AQ71,AV71) -> 89.314521 | M71: =RANK(K71, $K$67:$K$82) -> 6 | P71: 14 | Q71: 1306 | R71: =Q71/P71 -> 93.285714 | S71: =RANK(R71, $R$67:$R$82) -> 5 | U71: 15 | V71: 1533 | W71: =V71/U71 -> 102.2 | X71: =RANK(W71, $W$67:$W$82) -> 6 | Z71: 15 | AA71: 1500 | AB71: =AA71/Z71 -> 100 | AC71: =RANK(AB71, $AB$67:$AB$82) -> 6 | AE71: 17 | AF71: 1112 | AG71: =AF71/AE71 -> 65.411765 | AH71: =RANK(AG71, $AG$67:$AG$82) -> 12 | AJ71: 15 | AK71: 1342 | AL71: =AK71/AJ71 -> 89.466667 | AM71: =RANK(AL71, $AL$67:$AL$82) -> 7 | AO71: 15 | AP71: 1281 | AQ71: =AP71/AO71 -> 85.4 | AR71: =RANK(AQ71, $AQ$67:$AQ$84) -> 8 | AT71: 16 | AU71: 1431 | AV71: =AU71/AT71 -> 89.4375 | AW71: =RANK(AV71, $AV$67:$AV$84) -> 8
C72: 6 | D72: 韓式起司炸雞義大利麵 | E72: =VLOOKUP(D72,'0818產線配置圖'!$A$2:$C$18,2,0) -> 16 | F72: =VLOOKUP(D72,'0818產線配置圖'!$A$2:$C$18,3,0) -> 1895 | G72: =F72/E72 -> 118.4375 | I72: =AVERAGE(P72,U72,Z72,AE72,AJ72,AO72,AT72) -> 16 | J72: =AVERAGE(Q72,V72,AA72,AF72,AK72,AP72,AU72) -> 1742.7143 | K72: =AVERAGE(R72,W72,AB72,AG72,AL72,AQ72,AV72) -> 108.91964 | M72: =RANK(K72, $K$67:$K$82) -> 4 | P72: 16 | Q72: 1882 | R72: =Q72/P72 -> 117.625 | S72: =RANK(R72, $R$67:$R$82) -> 3 | U72: 16 | V72: 1744 | W72: =V72/U72 -> 109 | X72: =RANK(W72, $W$67:$W$82) -> 5 | Z72: 16 | AA72: 1668 | AB72: =AA72/Z72 -> 104.25 | AC72: =RANK(AB72, $AB$67:$AB$82) -> 4 | AE72: 16 | AF72: 1532 | AG72: =AF72/AE72 -> 95.75 | AH72: =RANK(AG72, $AG$67:$AG$82) -> 4 | AJ72: 16 | AK72: 1757 | AL72: =AK72/AJ72 -> 109.8125 | AM72: =RANK(AL72, $AL$67:$AL$82) -> 3 | AO72: 16 | AP72: 1883 | AQ72: =AP72/AO72 -> 117.6875 | AR72: =RANK(AQ72, $AQ$67:$AQ$84) -> 3 | AT72: 16 | AU72: 1733 | AV72: =AU72/AT72 -> 108.3125 | AW72: =RANK(AV72, $AV$67:$AV$84) -> 3
C73: 7 | D73: 蒜香蝦蝦義大利麵 | E73: =VLOOKUP(D73,'0818產線配置圖'!$A$2:$C$18,2,0) -> 16 | F73: =VLOOKUP(D73,'0818產線配置圖'!$A$2:$C$18,3,0) -> 1552 | G73: =F73/E73 -> 97 | I73: =AVERAGE(P73,U73,Z73,AE73,AJ73,AO73,AT73) -> 16.142857 | J73: =AVERAGE(Q73,V73,AA73,AF73,AK73,AP73,AU73) -> 1400.4286 | K73: =AVERAGE(R73,W73,AB73,AG73,AL73,AQ73,AV73) -> 86.841468 | M73: =RANK(K73, $K$67:$K$82) -> 8 | P73: 16 | Q73: 1420 | R73: =Q73/P73 -> 88.75 | S73: =RANK(R73, $R$67:$R$82) -> 8 | U73: 16 | V73: 1552 | W73: =V73/U73 -> 97 | X73: =RANK(W73, $W$67:$W$82) -> 7 | Z73: 18 | AA73: 1421 | AB73: =AA73/Z73 -> 78.944444 | AC73: =RANK(AB73, $AB$67:$AB$82) -> 10 | AE73: 16 | AF73: 1305 | AG73: =AF73/AE73 -> 81.5625 | AH73: =RANK(AG73, $AG$67:$AG$82) -> 7 | AJ73: 15 | AK73: 1217 | AL73: =AK73/AJ73 -> 81.133333 | AM73: =RANK(AL73, $AL$67:$AL$82) -> 9 | AO73: 16 | AP73: 1353 | AQ73: =AP73/AO73 -> 84.5625 | AR73: =RANK(AQ73, $AQ$67:$AQ$84) -> 9 | AT73: 16 | AU73: 1535 | AV73: =AU73/AT73 -> 95.9375 | AW73: =RANK(AV73, $AV$67:$AV$84) -> 6
C74: 8 | D74: 焗奶油扇貝筆尖麵 | E74: =VLOOKUP(D74,'0818產線配置圖'!$A$2:$C$18,2,0) -> 17 | F74: =VLOOKUP(D74,'0818產線配置圖'!$A$2:$C$18,3,0) -> 1565 | G74: =F74/E74 -> 92.058824 | I74: =AVERAGE(P74,U74,Z74,AE74,AJ74,AO74,AT74) -> 17.142857 | J74: =AVERAGE(Q74,V74,AA74,AF74,AK74,AP74,AU74) -> 1505.2857 | K74: =AVERAGE(R74,W74,AB74,AG74,AL74,AQ74,AV74) -> 87.773109 | M74: =RANK(K74, $K$67:$K$82) -> 7 | P74: 17 | Q74: 1550 | R74: =Q74/P74 -> 91.176471 | S74: =RANK(R74, $R$67:$R$82) -> 7 | U74: 17 | V74: 1327 | W74: =V74/U74 -> 78.058824 | X74: =RANK(W74, $W$67:$W$82) -> 12 | Z74: 18 | AA74: 1656 | AB74: =AA74/Z74 -> 92 | AC74: =RANK(AB74, $AB$67:$AB$82) -> 7 | AE74: 17 | AF74: 1437 | AG74: =AF74/AE74 -> 84.529412 | AH74: =RANK(AG74, $AG$67:$AG$82) -> 5 | AJ74: 17 | AK74: 1544 | AL74: =AK74/AJ74 -> 90.823529 | AM74: =RANK(AL74, $AL$67:$AL$82) -> 6 | AO74: 17 | AP74: 1476 | AQ74: =AP74/AO74 -> 86.823529 | AR74: =RANK(AQ74, $AQ$67:$AQ$84) -> 6 | AT74: 17 | AU74: 1547 | AV74: =AU74/AT74 -> 91 | AW74: =RANK(AV74, $AV$67:$AV$84) -> 7
C75: 9 | D75: 拿坡里義大利麵 | E75: =VLOOKUP(D75,'0818產線配置圖'!$A$2:$C$18,2,0) -> 16 | F75: =VLOOKUP(D75,'0818產線配置圖'!$A$2:$C$18,3,0) -> 1390 | G75: =F75/E75 -> 86.875 | I75: =AVERAGE(P75,U75,Z75,AE75,AJ75,AO75,AT75) -> 14.857143 | J75: =AVERAGE(Q75,V75,AA75,AF75,AK75,AP75,AU75) -> 949.14286 | K75: =AVERAGE(R75,W75,AB75,AG75,AL75,AQ75,AV75) -> 63.765136 | M75: =RANK(K75, $K$67:$K$82) -> 16 | P75: 14 | Q75: 1036 | R75: =Q75/P75 -> 74 | S75: =RANK(R75, $R$67:$R$82) -> 14 | U75: 15 | V75: 937 | W75: =V75/U75 -> 62.466667 | X75: =RANK(W75, $W$67:$W$82) -> 16 | Z75: 14 | AA75: 861 | AB75: =AA75/Z75 -> 61.5 | AC75: =RANK(AB75, $AB$67:$AB$82) -> 16 | AE75: 14 | AF75: 773 | AG75: =AF75/AE75 -> 55.214286 | AH75: =RANK(AG75, $AG$67:$AG$82) -> 14 | AJ75: 16 | AK75: 1241 | AL75: =AK75/AJ75 -> 77.5625 | AM75: =RANK(AL75, $AL$67:$AL$82) -> 10 | AO75: 15 | AP75: 807 | AQ75: =AP75/AO75 -> 53.8 | AR75: =RANK(AQ75, $AQ$67:$AQ$84) -> 15 | AT75: 16 | AU75: 989 | AV75: =AU75/AT75 -> 61.8125 | AW75: =RANK(AV75, $AV$67:$AV$84) -> 14
C76: 10 | D76: 奶油明太子細扁麵 | E76: =VLOOKUP(D76,'0818產線配置圖'!$A$2:$C$18,2,0) -> 19 | F76: =VLOOKUP(D76,'0818產線配置圖'!$A$2:$C$18,3,0) -> 1565 | G76: =F76/E76 -> 82.368421 | I76: =AVERAGE(P76,U76,Z76,AE76,AJ76,AO76,AT76) -> 16.857143 | J76: =AVERAGE(Q76,V76,AA76,AF76,AK76,AP76,AU76) -> 1189.7143 | K76: =AVERAGE(R76,W76,AB76,AG76,AL76,AQ76,AV76) -> 70.567975 | M76: =RANK(K76, $K$67:$K$82) -> 14 | P76: 18 | Q76: 1335 | R76: =Q76/P76 -> 74.166667 | S76: =RANK(R76, $R$67:$R$82) -> 13 | U76: 17 | V76: 1185 | W76: =V76/U76 -> 69.705882 | X76: =RANK(W76, $W$67:$W$82) -> 14 | Z76: 19 | AA76: 1283 | AB76: =AA76/Z76 -> 67.526316 | AC76: =RANK(AB76, $AB$67:$AB$82) -> 15 | AE76: 17 | AF76: 1211 | AG76: =AF76/AE76 -> 71.235294 | AH76: =RANK(AG76, $AG$67:$AG$82) -> 9 | AJ76: 15 | AK76: 1012 | AL76: =AK76/AJ76 -> 67.466667 | AM76: =RANK(AL76, $AL$67:$AL$82) -> 15 | AO76: 16 | AP76: 1087 | AQ76: =AP76/AO76 -> 67.9375 | AR76: =RANK(AQ76, $AQ$67:$AQ$84) -> 13 | AT76: 16 | AU76: 1215 | AV76: =AU76/AT76 -> 75.9375 | AW76: =RANK(AV76, $AV$67:$AV$84) -> 12
C77: 11 | D77: 黑胡椒燻豬腿義大利麵 | E77: =VLOOKUP(D77,'0818產線配置圖'!$A$2:$C$18,2,0) -> 18 | F77: =VLOOKUP(D77,'0818產線配置圖'!$A$2:$C$18,3,0) -> 1500 | G77: =F77/E77 -> 83.333333 | I77: =AVERAGE(P77,U77,Z77,AE77,AJ77,AO77,AT77) -> 16.857143 | J77: =AVERAGE(Q77,V77,AA77,AF77,AK77,AP77,AU77) -> 1140.1429 | K77: =AVERAGE(R77,W77,AB77,AG77,AL77,AQ77,AV77) -> 67.495938 | M77: =RANK(K77, $K$67:$K$82) -> 15 | P77: 18 | Q77: 1307 | R77: =Q77/P77 -> 72.611111 | S77: =RANK(R77, $R$67:$R$82) -> 15 | U77: 18 | V77: 1227 | W77: =V77/U77 -> 68.166667 | X77: =RANK(W77, $W$67:$W$82) -> 15 | Z77: 17 | AA77: 1166 | AB77: =AA77/Z77 -> 68.588235 | AC77: =RANK(AB77, $AB$67:$AB$82) -> 14 | AE77: 16 | AF77: 1103 | AG77: =AF77/AE77 -> 68.9375 | AH77: =RANK(AG77, $AG$67:$AG$82) -> 11 | AJ77: 18 | AK77: 1228 | AL77: =AK77/AJ77 -> 68.222222 | AM77: =RANK(AL77, $AL$67:$AL$82) -> 14 | AO77: 15 | AP77: 977 | AQ77: =AP77/AO77 -> 65.133333 | AR77: =RANK(AQ77, $AQ$67:$AQ$84) -> 14 | AT77: 16 | AU77: 973 | AV77: =AU77/AT77 -> 60.8125 | AW77: =RANK(AV77, $AV$67:$AV$84) -> 15
C78: 12 | D78: 泰式海鮮冷義大利麵 | E78: =VLOOKUP(D78,'0818產線配置圖'!$A$2:$C$18,2,0) -> 18 | F78: =VLOOKUP(D78,'0818產線配置圖'!$A$2:$C$18,3,0) -> 1714 | G78: =F78/E78 -> 95.222222 | I78: =AVERAGE(P78,U78,Z78,AE78,AJ78,AO78,AT78) -> 16.666667 | J78: =AVERAGE(Q78,V78,AA78,AF78,AK78,AP78,AU78) -> 1390.6667 | K78: =AVERAGE(R78,W78,AB78,AG78,AL78,AQ78,AV78) -> 83.097222 | M78: =RANK(K78, $K$67:$K$82) -> 9 | P78: 18 | Q78: 1650 | R78: =Q78/P78 -> 91.666667 | S78: =RANK(R78, $R$67:$R$82) -> 6 | U78: 16 | V78: 1265 | W78: =V78/U78 -> 79.0625 | X78: =RANK(W78, $W$67:$W$82) -> 10 | Z78: 16 | AA78: 1257 | AB78: =AA78/Z78 -> 78.5625 | AC78: =RANK(AB78, $AB$67:$AB$82) -> 11
C79: 13 | D79: 奶油蒜香雞義大利麵 | E79: =VLOOKUP(D79,'0818產線配置圖'!$A$2:$C$18,2,0) -> 18 | F79: =VLOOKUP(D79,'0818產線配置圖'!$A$2:$C$18,3,0) -> 1385 | G79: =F79/E79 -> 76.944444 | I79: =AVERAGE(P79,U79,Z79,AE79,AJ79,AO79,AT79) -> 17.428571 | J79: =AVERAGE(Q79,V79,AA79,AF79,AK79,AP79,AU79) -> 1246.5714 | K79: =AVERAGE(R79,W79,AB79,AG79,AL79,AQ79,AV79) -> 71.618697 | M79: =RANK(K79, $K$67:$K$82) -> 13 | P79: 18 | Q79: 1272 | R79: =Q79/P79 -> 70.666667 | S79: =RANK(R79, $R$67:$R$82) -> 16 | U79: 17 | V79: 1267 | W79: =V79/U79 -> 74.529412 | X79: =RANK(W79, $W$67:$W$82) -> 13 | Z79: 18 | AA79: 1311 | AB79: =AA79/Z79 -> 72.833333 | AC79: =RANK(AB79, $AB$67:$AB$82) -> 12 | AE79: 18 | AF79: 1117 | AG79: =AF79/AE79 -> 62.055556 | AH79: =RANK(AG79, $AG$67:$AG$82) -> 13 | AJ79: 18 | AK79: 1304 | AL79: =AK79/AJ79 -> 72.444444 | AM79: =RANK(AL79, $AL$67:$AL$82) -> 13 | AO79: 17 | AP79: 1261 | AQ79: =AP79/AO79 -> 74.176471 | AR79: =RANK(AQ79, $AQ$67:$AQ$84) -> 12 | AT79: 16 | AU79: 1194 | AV79: =AU79/AT79 -> 74.625 | AW79: =RANK(AV79, $AV$67:$AV$84) -> 13
C80: 14 | D80: 青花椒麻雞肉拌麵 | E80: =VLOOKUP(D80,'0818產線配置圖'!$A$2:$C$18,2,0) -> 18 | F80: =VLOOKUP(D80,'0818產線配置圖'!$A$2:$C$18,3,0) -> 1565 | G80: =F80/E80 -> 86.944444 | I80: =AVERAGE(P80,U80,Z80,AE80,AJ80,AO80,AT80) -> 15.142857 | J80: =AVERAGE(Q80,V80,AA80,AF80,AK80,AP80,AU80) -> 1186.5714 | K80: =AVERAGE(R80,W80,AB80,AG80,AL80,AQ80,AV80) -> 78.656807 | M80: =RANK(K80, $K$67:$K$82) -> 12 | P80: 14 | Q80: 1120 | R80: =Q80/P80 -> 80 | S80: =RANK(R80, $R$67:$R$82) -> 9 | U80: 16 | V80: 1252 | W80: =V80/U80 -> 78.25 | X80: =RANK(W80, $W$67:$W$82) -> 11 | Z80: 16 | AA80: 1308 | AB80: =AA80/Z80 -> 81.75 | AC80: =RANK(AB80, $AB$67:$AB$82) -> 9 | AE80: 17 | AF80: 1181 | AG80: =AF80/AE80 -> 69.470588 | AH80: =RANK(AG80, $AG$67:$AG$82) -> 10 | AJ80: 14 | AK80: 1082 | AL80: =AK80/AJ80 -> 77.285714 | AM80: =RANK(AL80, $AL$67:$AL$82) -> 11 | AO80: 16 | AP80: 1243 | AQ80: =AP80/AO80 -> 77.6875 | AR80: =RANK(AQ80, $AQ$67:$AQ$84) -> 11 | AT80: 13 | AU80: 1120 | AV80: =AU80/AT80 -> 86.153846 | AW80: =RANK(AV80, $AV$67:$AV$84) -> 10
C81: 15 | D81: 煙花女義大利麵 | E81: =VLOOKUP(D81,'0818產線配置圖'!$A$2:$C$18,2,0) -> 16 | F81: =VLOOKUP(D81,'0818產線配置圖'!$A$2:$C$18,3,0) -> 1636 | G81: =F81/E81 -> 102.25 | I81: =AVERAGE(P81,U81,Z81,AE81,AJ81,AO81,AT81) -> 14 | J81: =AVERAGE(Q81,V81,AA81,AF81,AK81,AP81,AU81) -> 1612.7143 | K81: =AVERAGE(R81,W81,AB81,AG81,AL81,AQ81,AV81) -> 115.19388 | M81: =RANK(K81, $K$67:$K$82) -> 3 | P81: 14 | Q81: 2101 | R81: =Q81/P81 -> 150.07143 | S81: =RANK(R81, $R$67:$R$82) -> 1 | U81: 14 | V81: 1758 | W81: =V81/U81 -> 125.57143 | X81: =RANK(W81, $W$67:$W$82) -> 3 | Z81: 14 | AA81: 1726 | AB81: =AA81/Z81 -> 123.28571 | AC81: =RANK(AB81, $AB$67:$AB$82) -> 3 | AE81: 14 | AF81: 1492 | AG81: =AF81/AE81 -> 106.57143 | AH81: =RANK(AG81, $AG$67:$AG$82) -> 3 | AJ81: 14 | AK81: 1433 | AL81: =AK81/AJ81 -> 102.35714 | AM81: =RANK(AL81, $AL$67:$AL$82) -> 4 | AO81: 14 | AP81: 1391 | AQ81: =AP81/AO81 -> 99.357143 | AR81: =RANK(AQ81, $AQ$67:$AQ$84) -> 5 | AT81: 14 | AU81: 1388 | AV81: =AU81/AT81 -> 99.142857 | AW81: =RANK(AV81, $AV$67:$AV$84) -> 4
C82: 16 | D82: 羊乳酪起司培根筆尖麵 | E82: =VLOOKUP(D82,'0818產線配置圖'!$A$2:$C$18,2,0) -> 17 | F82: =VLOOKUP(D82,'0818產線配置圖'!$A$2:$C$18,3,0) -> 1636 | G82: =F82/E82 -> 96.235294 | I82: =AVERAGE(P82,U82,Z82,AE82,AJ82,AO82,AT82) -> 16.142857 | J82: =AVERAGE(Q82,V82,AA82,AF82,AK82,AP82,AU82) -> 1339.1429 | K82: =AVERAGE(R82,W82,AB82,AG82,AL82,AQ82,AV82) -> 82.929622 | M82: =RANK(K82, $K$67:$K$82) -> 10 | P82: 16 | Q82: 1258 | R82: =Q82/P82 -> 78.625 | S82: =RANK(R82, $R$67:$R$82) -> 10 | U82: 17 | V82: 1460 | W82: =V82/U82 -> 85.882353 | X82: =RANK(W82, $W$67:$W$82) -> 8 | Z82: 16 | AA82: 1152 | AB82: =AA82/Z82 -> 72 | AC82: =RANK(AB82, $AB$67:$AB$82) -> 13 | AE82: 16 | AF82: 1287 | AG82: =AF82/AE82 -> 80.4375 | AH82: =RANK(AG82, $AG$67:$AG$82) -> 8 | AJ82: 16 | AK82: 1420 | AL82: =AK82/AJ82 -> 88.75 | AM82: =RANK(AL82, $AL$67:$AL$82) -> 8 | AO82: 16 | AP82: 1382 | AQ82: =AP82/AO82 -> 86.375 | AR82: =RANK(AQ82, $AQ$67:$AQ$84) -> 7 | AT82: 16 | AU82: 1415 | AV82: =AU82/AT82 -> 88.4375 | AW82: =RANK(AV82, $AV$67:$AV$84) -> 9
C83: 17 | S83: =RANK(R83, R$7:R$21) -> #DIV/0! | X83: =RANK(W83, $W$67:$W$81) -> #N/A | AC83: =RANK(AB83, $AB$67:$AB$82) -> #N/A | AH83: =RANK(AG83, $AG$67:$AG$82) -> #N/A
C84: 18 | S84: =RANK(R84, R$7:R$21) -> #DIV/0! | X84: =RANK(W84, $W$67:$W$81) -> #N/A | AC84: =RANK(AB84, $AB$67:$AB$82) -> #N/A | AH84: =RANK(AG84, $AG$67:$AG$82) -> #N/A
B85: 產線配置圖－每週更新 | N85: 資料繳交 | O85: 日期 | P85: 45895 | U85: 45896 | Z85: 45897 | AE85: 45898 | AJ85: 45899 | AO85: 45900 | AT85: 45901
P86: 二 | U86: 三 | Z86: 四 | AE86: 五 | AJ86: 六 | AO86: 日 | AT86: 一
B87: 品群 | C87: 商品名稱 | E87: 計畫 | H87: 平均人時性 | I87: 實績 | L87: 平均人時性 | M87: 排名 | O87: 日報 | P87: 實際 | T87: 平均人時性 | U87: 實際 | Y87: 平均人時性 | Z87: 實際 | AD87: 平均人時性 | AE87: 實際 | AI87: 平均人時性 | AJ87: 實際 | AN87: 平均人時性 | AO87: 實際 | AS87: 平均人時性 | AT87: 實際 | AX87: 平均人時性
E88: 產線配置圖 | I88: 產線配置圖 | P88: 生產實績 | U88: 生產實績 | Z88: 生產實績 | AE88: 生產實績 | AJ88: 生產實績 | AO88: 生產實績 | AT88: 生產實績
E89: 人數 | F89: 產能／時 | G89: 人時性 | I89: 人數 | J89: 產能／時 | K89: 人時性 | P89: 人數 | Q89: 產能／時 | R89: 人時性 | S89: 排名 | U89: 人數 | V89: 產能／時 | W89: 人時性 | X89: 排名 | Z89: 人數 | AA89: 產能／時 | AB89: 人時性 | AC89: 排名 | AE89: 人數 | AF89: 產能／時 | AG89: 人時性 | AH89: 排名 | AJ89: 人數 | AK89: 產能／時 | AL89: 人時性 | AM89: 排名 | AO89: 人數 | AP89: 產能／時 | AQ89: 人時性 | AR89: 排名 | AT89: 人數 | AU89: 產能／時 | AV89: 人時性 | AW89: 排名
B90: 熱食義麵 | C90: 1 | D90: 義式蕃茄起司義大利麵 | E90: =VLOOKUP(D90,'0818產線配置圖'!$A$2:$C$18,2,0) -> 12 | F90: =VLOOKUP(D90,'0818產線配置圖'!$A$2:$C$18,3,0) -> 2000 | G90: =F90/E90 -> 166.66667 | H90: =AVERAGE(G90:G104) -> 103.52749 | I90: =AVERAGE(P90,U90,Z90,AE90,AJ90,AO90,AT90) -> 12 | J90: =AVERAGE(Q90,V90,AA90,AF90,AK90,AP90,AU90) -> 1876.5714 | K90: =AVERAGE(R90,W90,AB90,AG90,AL90,AQ90,AV90) -> 156.38095 | L90: =IFERROR(AVERAGE(K90:K107),"-") -> 97.118802 | M90: =RANK(K90, K$90:$K$105) -> 1 | P90: 12 | Q90: 1873 | R90: =Q90/P90 -> 156.08333 | S90: =RANK(R90,$R$90:$R$107) -> 1 | T90: =AVERAGE(R90:R107) -> 99.450969 | U90: 12 | V90: 1876 | W90: =V90/U90 -> 156.33333 | X90: =RANK(W90,$W$90:$W$107) -> 1 | Y90: =AVERAGE(W90:W107) -> 99.161398 | Z90: 12 | AA90: 1843 | AB90: =AA90/Z90 -> 153.58333 | AC90: =RANK(AB90, $AB$90:$AB$107) -> 1 | AD90: =AVERAGE(AB90:AB107) -> 97.113676 | AE90: 12 | AF90: 1938 | AG90: =AF90/AE90 -> 161.5 | AH90: =RANK(AG90,$AG$90:$AG$107) -> 1 | AI90: =AVERAGE(AG90:AG107) -> 96.388943 | AJ90: 12 | AK90: 1852 | AL90: =AK90/AJ90 -> 154.33333 | AM90: =RANK(AL90,$AL$90:$AL$107) -> 1 | AN90: =AVERAGE(AL90:AL107) -> 96.273979 | AO90: 12 | AP90: 1856 | AQ90: =AP90/AO90 -> 154.66667 | AR90: =RANK(AQ90,$AQ$90:$AQ$107) -> 1 | AS90: =AVERAGE(AQ90:AQ107) -> 97.742344 | AT90: 12 | AU90: 1898 | AV90: =AU90/AT90 -> 158.16667 | AW90: =RANK(AV90,$AV$90:$AV$107) -> 1 | AX90: =AVERAGE(AV90:AV107) -> 93.700303
C91: 2 | D91: 奶油培根義大利麵 | E91: =VLOOKUP(D91,'0818產線配置圖'!$A$2:$C$18,2,0) -> 13 | F91: =VLOOKUP(D91,'0818產線配置圖'!$A$2:$C$18,3,0) -> 2000 | G91: =F91/E91 -> 153.84615 | I91: =AVERAGE(P91,U91,Z91,AE91,AJ91,AO91,AT91) -> 13 | J91: =AVERAGE(Q91,V91,AA91,AF91,AK91,AP91,AU91) -> 1865.1429 | K91: =AVERAGE(R91,W91,AB91,AG91,AL91,AQ91,AV91) -> 143.47253 | M91: =RANK(K91, K$90:$K$105) -> 2 | P91: 13 | Q91: 1920 | R91: =Q91/P91 -> 147.69231 | S91: =RANK(R91,$R$90:$R$107) -> 2 | U91: 13 | V91: 1938 | W91: =V91/U91 -> 149.07692 | X91: =RANK(W91,$W$90:$W$107) -> 2 | Z91: 13 | AA91: 1704 | AB91: =AA91/Z91 -> 131.07692 | AC91: =RANK(AB91, $AB$90:$AB$107) -> 2 | AE91: 13 | AF91: 1940 | AG91: =AF91/AE91 -> 149.23077 | AH91: =RANK(AG91,$AG$90:$AG$107) -> 2 | AJ91: 13 | AK91: 1848 | AL91: =AK91/AJ91 -> 142.15385 | AM91: =RANK(AL91,$AL$90:$AL$107) -> 2 | AO91: 13 | AP91: 1829 | AQ91: =AP91/AO91 -> 140.69231 | AR91: =RANK(AQ91,$AQ$90:$AQ$107) -> 2 | AT91: 13 | AU91: 1877 | AV91: =AU91/AT91 -> 144.38462 | AW91: =RANK(AV91,$AV$90:$AV$107) -> 2
C92: 3 | D92: 熱那亞青醬義大利麵 | E92: =VLOOKUP(D92,'0818產線配置圖'!$A$2:$C$18,2,0) -> 16 | F92: =VLOOKUP(D92,'0818產線配置圖'!$A$2:$C$18,3,0) -> 1915 | G92: =F92/E92 -> 119.6875 | I92: =AVERAGE(P92,U92,Z92,AE92,AJ92,AO92,AT92) -> 15.428571 | J92: =AVERAGE(Q92,V92,AA92,AF92,AK92,AP92,AU92) -> 1736.5714 | K92: =AVERAGE(R92,W92,AB92,AG92,AL92,AQ92,AV92) -> 112.71296 | M92: =RANK(K92, K$90:$K$105) -> 4 | P92: 16 | Q92: 1780 | R92: =Q92/P92 -> 111.25 | S92: =RANK(R92,$R$90:$R$107) -> 5 | U92: 16 | V92: 1774 | W92: =V92/U92 -> 110.875 | X92: =RANK(W92,$W$90:$W$107) -> 4 | Z92: 15 | AA92: 1687 | AB92: =AA92/Z92 -> 112.46667 | AC92: =RANK(AB92, $AB$90:$AB$107) -> 5 | AE92: 16 | AF92: 1823 | AG92: =AF92/AE92 -> 113.9375 | AH92: =RANK(AG92,$AG$90:$AG$107) -> 4 | AJ92: 13 | AK92: 1540 | AL92: =AK92/AJ92 -> 118.46154 | AM92: =RANK(AL92,$AL$90:$AL$107) -> 4 | AO92: 16 | AP92: 1736 | AQ92: =AP92/AO92 -> 108.5 | AR92: =RANK(AQ92,$AQ$90:$AQ$107) -> 5 | AT92: 16 | AU92: 1816 | AV92: =AU92/AT92 -> 113.5 | AW92: =RANK(AV92,$AV$90:$AV$107) -> 3
A93: 18 | C93: 4 | D93: 焗烤起司雙饗筆尖麵 | E93: =VLOOKUP(D93,'0818產線配置圖'!$A$2:$C$18,2,0) -> 18 | F93: =VLOOKUP(D93,'0818產線配置圖'!$A$2:$C$18,3,0) -> 1565 | G93: =F93/E93 -> 86.944444 | I93: =AVERAGE(P93,U93,Z93,AE93,AJ93,AO93,AT93) -> 17.857143 | J93: =AVERAGE(Q93,V93,AA93,AF93,AK93,AP93,AU93) -> 1513 | K93: =AVERAGE(R93,W93,AB93,AG93,AL93,AQ93,AV93) -> 84.729225 | M93: =RANK(K93, K$90:$K$105) -> 10 | P93: 18 | Q93: 1556 | R93: =Q93/P93 -> 86.444444 | S93: =RANK(R93,$R$90:$R$107) -> 8 | U93: 18 | V93: 1547 | W93: =V93/U93 -> 85.944444 | X93: =RANK(W93,$W$90:$W$107) -> 10 | Z93: 18 | AA93: 1549 | AB93: =AA93/Z93 -> 86.055556 | AC93: =RANK(AB93, $AB$90:$AB$107) -> 10 | AE93: 18 | AF93: 1409 | AG93: =AF93/AE93 -> 78.277778 | AH93: =RANK(AG93,$AG$90:$AG$107) -> 11 | AJ93: 18 | AK93: 1524 | AL93: =AK93/AJ93 -> 84.666667 | AM93: =RANK(AL93,$AL$90:$AL$107) -> 10 | AO93: 18 | AP93: 1563 | AQ93: =AP93/AO93 -> 86.833333 | AR93: =RANK(AQ93,$AQ$90:$AQ$107) -> 9 | AT93: 17 | AU93: 1443 | AV93: =AU93/AT93 -> 84.882353 | AW93: =RANK(AV93,$AV$90:$AV$107) -> 10
C94: 5 | D94: 白酒蛤蜊義大利麵 | E94: =VLOOKUP(D94,'0818產線配置圖'!$A$2:$C$18,2,0) -> 15 | F94: =VLOOKUP(D94,'0818產線配置圖'!$A$2:$C$18,3,0) -> 1565 | G94: =F94/E94 -> 104.33333 | I94: =AVERAGE(P94,U94,Z94,AE94,AJ94,AO94,AT94) -> 13.857143 | J94: =AVERAGE(Q94,V94,AA94,AF94,AK94,AP94,AU94) -> 1759.7143 | K94: =AVERAGE(R94,W94,AB94,AG94,AL94,AQ94,AV94) -> 126.69152 | M94: =RANK(K94, K$90:$K$105) -> 3 | P94: 14 | Q94: 1897 | R94: =Q94/P94 -> 135.5 | S94: =RANK(R94,$R$90:$R$107) -> 3 | U94: 14 | V94: 1875 | W94: =V94/U94 -> 133.92857 | X94: =RANK(W94,$W$90:$W$107) -> 3 | Z94: 14 | AA94: 1786 | AB94: =AA94/Z94 -> 127.57143 | AC94: =RANK(AB94, $AB$90:$AB$107) -> 3 | AE94: 14 | AF94: 1792 | AG94: =AF94/AE94 -> 128 | AH94: =RANK(AG94,$AG$90:$AG$107) -> 3 | AJ94: 14 | AK94: 1801 | AL94: =AK94/AJ94 -> 128.64286 | AM94: =RANK(AL94,$AL$90:$AL$107) -> 3 | AO94: 14 | AP94: 1896 | AQ94: =AP94/AO94 -> 135.42857 | AR94: =RANK(AQ94,$AQ$90:$AQ$107) -> 3 | AT94: 13 | AU94: 1271 | AV94: =AU94/AT94 -> 97.769231 | AW94: =RANK(AV94,$AV$90:$AV$107) -> 5
C95: 6 | D95: 韓式起司炸雞義大利麵 | E95: =VLOOKUP(D95,'0818產線配置圖'!$A$2:$C$18,2,0) -> 16 | F95: =VLOOKUP(D95,'0818產線配置圖'!$A$2:$C$18,3,0) -> 1895 | G95: =F95/E95 -> 118.4375 | I95: =AVERAGE(P95,U95,Z95,AE95,AJ95,AO95,AT95) -> 15.714286 | J95: =AVERAGE(Q95,V95,AA95,AF95,AK95,AP95,AU95) -> 1691 | K95: =AVERAGE(R95,W95,AB95,AG95,AL95,AQ95,AV95) -> 107.63571 | M95: =RANK(K95, K$90:$K$105) -> 5 | P95: 16 | Q95: 1866 | R95: =Q95/P95 -> 116.625 | S95: =RANK(R95,$R$90:$R$107) -> 4 | U95: 16 | V95: 1728 | W95: =V95/U95 -> 108 | X95: =RANK(W95,$W$90:$W$107) -> 5 | Z95: 15 | AA95: 1744 | AB95: =AA95/Z95 -> 116.26667 | AC95: =RANK(AB95, $AB$90:$AB$107) -> 4 | AE95: 16 | AF95: 1647 | AG95: =AF95/AE95 -> 102.9375 | AH95: =RANK(AG95,$AG$90:$AG$107) -> 6 | AJ95: 16 | AK95: 1555 | AL95: =AK95/AJ95 -> 97.1875 | AM95: =RANK(AL95,$AL$90:$AL$107) -> 5 | AO95: 16 | AP95: 1768 | AQ95: =AP95/AO95 -> 110.5 | AR95: =RANK(AQ95,$AQ$90:$AQ$107) -> 4 | AT95: 15 | AU95: 1529 | AV95: =AU95/AT95 -> 101.93333 | AW95: =RANK(AV95,$AV$90:$AV$107) -> 4
C96: 7 | D96: 蒜香蝦蝦義大利麵 | E96: =VLOOKUP(D96,'0818產線配置圖'!$A$2:$C$18,2,0) -> 16 | F96: =VLOOKUP(D96,'0818產線配置圖'!$A$2:$C$18,3,0) -> 1552 | G96: =F96/E96 -> 97 | I96: =AVERAGE(P96,U96,Z96,AE96,AJ96,AO96,AT96) -> 14.142857 | J96: =AVERAGE(Q96,V96,AA96,AF96,AK96,AP96,AU96) -> 1297.2857 | K96: =AVERAGE(R96,W96,AB96,AG96,AL96,AQ96,AV96) -> 91.587206 | M96: =RANK(K96, K$90:$K$105) -> 7 | P96: 15 | Q96: 1379 | R96: =Q96/P96 -> 91.933333 | S96: =RANK(R96,$R$90:$R$107) -> 7 | U96: 12 | V96: 1053 | W96: =V96/U96 -> 87.75 | X96: =RANK(W96,$W$90:$W$107) -> 9 | Z96: 15 | AA96: 1443 | AB96: =AA96/Z96 -> 96.2 | AC96: =RANK(AB96, $AB$90:$AB$107) -> 7 | AE96: 15 | AF96: 1382 | AG96: =AF96/AE96 -> 92.133333 | AH96: =RANK(AG96,$AG$90:$AG$107) -> 7 | AJ96: 13 | AK96: 1155 | AL96: =AK96/AJ96 -> 88.846154 | AM96: =RANK(AL96,$AL$90:$AL$107) -> 8 | AO96: 14 | AP96: 1326 | AQ96: =AP96/AO96 -> 94.714286 | AR96: =RANK(AQ96,$AQ$90:$AQ$107) -> 7 | AT96: 15 | AU96: 1343 | AV96: =AU96/AT96 -> 89.533333 | AW96: =RANK(AV96,$AV$90:$AV$107) -> 6
C97: 8 | D97: 焗奶油扇貝筆尖麵 | E97: =VLOOKUP(D97,'0818產線配置圖'!$A$2:$C$18,2,0) -> 17 | F97: =VLOOKUP(D97,'0818產線配置圖'!$A$2:$C$18,3,0) -> 1565 | G97: =F97/E97 -> 92.058824 | I97: =AVERAGE(P97,U97,Z97,AE97,AJ97,AO97,AT97) -> 15 | J97: =AVERAGE(Q97,V97,AA97,AF97,AK97,AP97,AU97) -> 1472.2857 | K97: =AVERAGE(R97,W97,AB97,AG97,AL97,AQ97,AV97) -> 98.080527 | M97: =RANK(K97, K$90:$K$105) -> 6 | P97: 15 | Q97: 1544 | R97: =Q97/P97 -> 102.93333 | S97: =RANK(R97,$R$90:$R$107) -> 6 | U97: 16 | V97: 1539 | W97: =V97/U97 -> 96.1875 | X97: =RANK(W97,$W$90:$W$107) -> 6 | Z97: 15 | AA97: 1528 | AB97: =AA97/Z97 -> 101.86667 | AC97: =RANK(AB97, $AB$90:$AB$107) -> 6 | AE97: 15 | AF97: 1546 | AG97: =AF97/AE97 -> 103.06667 | AH97: =RANK(AG97,$AG$90:$AG$107) -> 5 | AJ97: 15 | AK97: 1347 | AL97: =AK97/AJ97 -> 89.8 | AM97: =RANK(AL97,$AL$90:$AL$107) -> 7 | AO97: 15 | AP97: 1561 | AQ97: =AP97/AO97 -> 104.06667 | AR97: =RANK(AQ97,$AQ$90:$AQ$107) -> 6 | AT97: 14 | AU97: 1241 | AV97: =AU97/AT97 -> 88.642857 | AW97: =RANK(AV97,$AV$90:$AV$107) -> 7
C98: 9 | D98: 拿坡里義大利麵 | E98: =VLOOKUP(D98,'0818產線配置圖'!$A$2:$C$18,2,0) -> 16 | F98: =VLOOKUP(D98,'0818產線配置圖'!$A$2:$C$18,3,0) -> 1390 | G98: =F98/E98 -> 86.875 | I98: =AVERAGE(P98,U98,Z98,AE98,AJ98,AO98,AT98) -> 14.428571 | J98: =AVERAGE(Q98,V98,AA98,AF98,AK98,AP98,AU98) -> 968.42857 | K98: =AVERAGE(R98,W98,AB98,AG98,AL98,AQ98,AV98) -> 67.360793 | M98: =RANK(K98, K$90:$K$105) -> 15 | P98: 16 | Q98: 1306 | R98: =Q98/P98 -> 81.625 | S98: =RANK(R98,$R$90:$R$107) -> 11 | U98: 13 | V98: 1018 | W98: =V98/U98 -> 78.307692 | X98: =RANK(W98,$W$90:$W$107) -> 12 | Z98: 16 | AA98: 928 | AB98: =AA98/Z98 -> 58 | AC98: =RANK(AB98, $AB$90:$AB$107) -> 15 | AE98: 12 | AF98: 849 | AG98: =AF98/AE98 -> 70.75 | AH98: =RANK(AG98,$AG$90:$AG$107) -> 12 | AJ98: 15 | AK98: 917 | AL98: =AK98/AJ98 -> 61.133333 | AM98: =RANK(AL98,$AL$90:$AL$107) -> 15 | AO98: 14 | AP98: 905 | AQ98: =AP98/AO98 -> 64.642857 | AR98: =RANK(AQ98,$AQ$90:$AQ$107) -> 15 | AT98: 15 | AU98: 856 | AV98: =AU98/AT98 -> 57.066667 | AW98: =RANK(AV98,$AV$90:$AV$107) -> 15
C99: 10 | D99: 奶油明太子細扁麵 | E99: =VLOOKUP(D99,'0818產線配置圖'!$A$2:$C$18,2,0) -> 19 | F99: =VLOOKUP(D99,'0818產線配置圖'!$A$2:$C$18,3,0) -> 1565 | G99: =F99/E99 -> 82.368421 | I99: =AVERAGE(P99,U99,Z99,AE99,AJ99,AO99,AT99) -> 15.428571 | J99: =AVERAGE(Q99,V99,AA99,AF99,AK99,AP99,AU99) -> 1108.8571 | K99: =AVERAGE(R99,W99,AB99,AG99,AL99,AQ99,AV99) -> 71.757143 | M99: =RANK(K99, K$90:$K$105) -> 13 | P99: 18 | Q99: 1410 | R99: =Q99/P99 -> 78.333333 | S99: =RANK(R99,$R$90:$R$107) -> 12 | U99: 16 | V99: 1164 | W99: =V99/U99 -> 72.75 | X99: =RANK(W99,$W$90:$W$107) -> 13 | Z99: 15 | AA99: 1134 | AB99: =AA99/Z99 -> 75.6 | AC99: =RANK(AB99, $AB$90:$AB$107) -> 11 | AE99: 17 | AF99: 1088 | AG99: =AF99/AE99 -> 64 | AH99: =RANK(AG99,$AG$90:$AG$107) -> 13 | AJ99: 12 | AK99: 833 | AL99: =AK99/AJ99 -> 69.416667 | AM99: =RANK(AL99,$AL$90:$AL$107) -> 14 | AO99: 15 | AP99: 1062 | AQ99: =AP99/AO99 -> 70.8 | AR99: =RANK(AQ99,$AQ$90:$AQ$107) -> 13 | AT99: 15 | AU99: 1071 | AV99: =AU99/AT99 -> 71.4 | AW99: =RANK(AV99,$AV$90:$AV$107) -> 14
C100: 11 | D100: 黑胡椒燻豬腿義大利麵 | E100: =VLOOKUP(D100,'0818產線配置圖'!$A$2:$C$18,2,0) -> 18 | F100: =VLOOKUP(D100,'0818產線配置圖'!$A$2:$C$18,3,0) -> 1500 | G100: =F100/E100 -> 83.333333 | I100: =AVERAGE(P100,U100,Z100,AE100,AJ100,AO100,AT100) -> 15.285714 | J100: =AVERAGE(Q100,V100,AA100,AF100,AK100,AP100,AU100) -> 1073.5714 | K100: =AVERAGE(R100,W100,AB100,AG100,AL100,AQ100,AV100) -> 70.385317 | M100: =RANK(K100, K$90:$K$105) -> 14 | P100: 15 | Q100: 1085 | R100: =Q100/P100 -> 72.333333 | S100: =RANK(R100,$R$90:$R$107) -> 14 | U100: 16 | V100: 1100 | W100: =V100/U100 -> 68.75 | X100: =RANK(W100,$W$90:$W$107) -> 15 | Z100: 16 | AA100: 1082 | AB100: =AA100/Z100 -> 67.625 | AC100: =RANK(AB100, $AB$90:$AB$107) -> 14 | AE100: 15 | AF100: 911 | AG100: =AF100/AE100 -> 60.733333 | AH100: =RANK(AG100,$AG$90:$AG$107) -> 14 | AJ100: 12 | AK100: 852 | AL100: =AK100/AJ100 -> 71 | AM100: =RANK(AL100,$AL$90:$AL$107) -> 13 | AO100: 18 | AP100: 1207 | AQ100: =AP100/AO100 -> 67.055556 | AR100: =RANK(AQ100,$AQ$90:$AQ$107) -> 14 | AT100: 15 | AU100: 1278 | AV100: =AU100/AT100 -> 85.2 | AW100: =RANK(AV100,$AV$90:$AV$107) -> 9
...

Sheet （５-2）品群別人時生產性(季節調理麵) 
B1: 月平均人時性 | C1: =AVERAGE(L7,L27,L47,L67,L87) -> #DIV/0!
B2: 產線配置圖－每週更新 | N2: 資料繳交 | O2: 日期 | AE2: 45870 | AJ2: 45871 | AO2: 45872 | AT2: 45873
P3: 二 | U3: 三 | Z3: 四 | AE3: 五 | AJ3: 六 | AO3: 日 | AT3: 一
B4: 品群 | C4: 商品名稱 | E4: 計畫 | H4: 平均人時性 | I4: 實績 | L4: 平均人時性 | M4: 排名 | O4: 日報 | P4: 實際 | T4: 平均人時性 | U4: 實際 | Y4: 平均人時性 | Z4: 實際 | AD4: 平均人時性 | AE4: 實際 | AI4: 平均人時性 | AJ4: 實際 | AN4: 平均人時性 | AO4: 實際 | AS4: 平均人時性 | AT4: 實際 | AX4: 平均人時性
E5: 產線配置圖 | I5: 產線配置圖 | P5: 生產實績 | U5: 生產實績 | Z5: 生產實績 | AE5: 生產實績 | AJ5: 生產實績 | AO5: 生產實績 | AT5: 生產實績
E6: 人數 | F6: 產能／時 | G6: 人時性 | I6: 人數 | J6: 產能／時 | K6: 人時性 | P6: 人數 | Q6: 產能／時 | R6: 人時性 | S6: 排名 | U6: 人數 | V6: 產能／時 | W6: 人時性 | X6: 排名 | Z6: 人數 | AA6: 產能／時 | AB6: 人時性 | AC6: 排名 | AE6: 人數 | AF6: 產能／時 | AG6: 人時性 | AH6: 排名 | AJ6: 人數 | AK6: 產能／時 | AL6: 人時性 | AM6: 排名 | AO6: 人數 | AP6: 產能／時 | AQ6: 人時性 | AR6: 排名 | AT6: 人數 | AU6: 產能／時 | AV6: 人時性 | AW6: 排名
B7: 熱食調理麵 | C7: 1 | H7: =AVERAGE(G7:G21) -> #DIV/0! | I7: =AVERAGE(P7,U7,Z7,AE7,AJ7,AO7,AT7) -> #DIV/0! | J7: =AVERAGE(Q7,V7,AA7,AF7,AK7,AP7,AU7) -> #DIV/0! | K7: =AVERAGE(R7,W7,AB7,AG7,AL7,AQ7,AV7) -> #DIV/0! | L7: =AVERAGE(K7:K21) -> #DIV/0! | M7: =RANK(K7, K$7:$K$21) -> #DIV/0! | S7: =RANK(R7, R$7:R$21) -> #N/A | T7: =AVERAGE(R7:R21) -> #DIV/0! | X7: =RANK(W7, W$7:W$21) -> #N/A | Y7: =AVERAGE(W7:W21) -> #DIV/0! | AC7: =RANK(AB7, AB$7:AB$21) -> #N/A | AD7: =AVERAGE(AB7:AB21) -> #DIV/0! | AH7: =RANK(AG7, AG$7:AG$21) -> #N/A | AI7: =AVERAGE(AG7:AG21) -> #DIV/0! | AM7: =RANK(AL7, AL$7:AL$21) -> #N/A | AN7: =AVERAGE(AL7:AL21) -> #DIV/0! | AR7: =RANK(AQ7, AQ$7:AQ$21) -> #N/A | AS7: =AVERAGE(AQ7:AQ21) -> #DIV/0! | AW7: =RANK(AV7, AV$7:AV$21) -> #N/A | AX7: =AVERAGE(AV7:AV21) -> #DIV/0!
C8: 2 | I8: =AVERAGE(P8,U8,Z8,AE8,AJ8,AO8,AT8) -> #DIV/0! | J8: =AVERAGE(Q8,V8,AA8,AF8,AK8,AP8,AU8) -> #DIV/0! | K8: =AVERAGE(R8,W8,AB8,AG8,AL8,AQ8,AV8) -> #DIV/0! | M8: =RANK(K8, K$7:$K$21) -> #DIV/0! | S8: =RANK(R8, R$7:R$21) -> #N/A | X8: =RANK(W8, W$7:W$21) -> #N/A | AC8: =RANK(AB8, AB$7:AB$21) -> #N/A | AH8: =RANK(AG8, AG$7:AG$21) -> #N/A | AM8: =RANK(AL8, AL$7:AL$21) -> #N/A | AR8: =RANK(AQ8, AQ$7:AQ$21) -> #N/A | AW8: =RANK(AV8, AV$7:AV$21) -> #N/A
C9: 3 | I9: =AVERAGE(P9,U9,Z9,AE9,AJ9,AO9,AT9) -> #DIV/0! | J9: =AVERAGE(Q9,V9,AA9,AF9,AK9,AP9,AU9) -> #DIV/0! | K9: =AVERAGE(R9,W9,AB9,AG9,AL9,AQ9,AV9) -> #DIV/0! | M9: =RANK(K9, K$7:$K$21) -> #DIV/0! | S9: =RANK(R9, R$7:R$21) -> #N/A | X9: =RANK(W9, W$7:W$21) -> #N/A | AC9: =RANK(AB9, AB$7:AB$21) -> #N/A | AH9: =RANK(AG9, AG$7:AG$21) -> #N/A | AM9: =RANK(AL9, AL$7:AL$21) -> #N/A | AR9: =RANK(AQ9, AQ$7:AQ$21) -> #N/A | AW9: =RANK(AV9, AV$7:AV$21) -> #N/A
C10: 4 | I10: =AVERAGE(P10,U10,Z10,AE10,AJ10,AO10,AT10) -> #DIV/0! | J10: =AVERAGE(Q10,V10,AA10,AF10,AK10,AP10,AU10) -> #DIV/0! | K10: =AVERAGE(R10,W10,AB10,AG10,AL10,AQ10,AV10) -> #DIV/0! | M10: =RANK(K10, K$7:$K$21) -> #DIV/0! | S10: =RANK(R10, R$7:R$21) -> #N/A | X10: =RANK(W10, W$7:W$21) -> #N/A | AC10: =RANK(AB10, AB$7:AB$21) -> #N/A | AH10: =RANK(AG10, AG$7:AG$21) -> #N/A | AM10: =RANK(AL10, AL$7:AL$21) -> #N/A | AR10: =RANK(AQ10, AQ$7:AQ$21) -> #N/A | AW10: =RANK(AV10, AV$7:AV$21) -> #N/A
C11: 5 | I11: =AVERAGE(P11,U11,Z11,AE11,AJ11,AO11,AT11) -> #DIV/0! | J11: =AVERAGE(Q11,V11,AA11,AF11,AK11,AP11,AU11) -> #DIV/0! | K11: =AVERAGE(R11,W11,AB11,AG11,AL11,AQ11,AV11) -> #DIV/0! | M11: =RANK(K11, K$7:$K$21) -> #DIV/0! | S11: =RANK(R11, R$7:R$21) -> #N/A | X11: =RANK(W11, W$7:W$21) -> #N/A | AC11: =RANK(AB11, AB$7:AB$21) -> #N/A | AH11: =RANK(AG11, AG$7:AG$21) -> #N/A | AM11: =RANK(AL11, AL$7:AL$21) -> #N/A | AR11: =RANK(AQ11, AQ$7:AQ$21) -> #N/A | AW11: =RANK(AV11, AV$7:AV$21) -> #N/A
C12: 6 | I12: =AVERAGE(P12,U12,Z12,AE12,AJ12,AO12,AT12) -> #DIV/0! | J12: =AVERAGE(Q12,V12,AA12,AF12,AK12,AP12,AU12) -> #DIV/0! | K12: =AVERAGE(R12,W12,AB12,AG12,AL12,AQ12,AV12) -> #DIV/0! | M12: =RANK(K12, K$7:$K$21) -> #DIV/0! | S12: =RANK(R12, R$7:R$21) -> #N/A | X12: =RANK(W12, W$7:W$21) -> #N/A | AC12: =RANK(AB12, AB$7:AB$21) -> #N/A | AH12: =RANK(AG12, AG$7:AG$21) -> #N/A | AM12: =RANK(AL12, AL$7:AL$21) -> #N/A | AR12: =RANK(AQ12, AQ$7:AQ$21) -> #N/A | AW12: =RANK(AV12, AV$7:AV$21) -> #N/A
C13: 7 | I13: =AVERAGE(P13,U13,Z13,AE13,AJ13,AO13,AT13) -> #DIV/0! | J13: =AVERAGE(Q13,V13,AA13,AF13,AK13,AP13,AU13) -> #DIV/0! | K13: =AVERAGE(R13,W13,AB13,AG13,AL13,AQ13,AV13) -> #DIV/0! | M13: =RANK(K13, K$7:$K$21) -> #DIV/0! | S13: =RANK(R13, R$7:R$21) -> #N/A | X13: =RANK(W13, W$7:W$21) -> #N/A | AC13: =RANK(AB13, AB$7:AB$21) -> #N/A | AH13: =RANK(AG13, AG$7:AG$21) -> #N/A | AM13: =RANK(AL13, AL$7:AL$21) -> #N/A | AR13: =RANK(AQ13, AQ$7:AQ$21) -> #N/A | AW13: =RANK(AV13, AV$7:AV$21) -> #N/A
C14: 8 | I14: =AVERAGE(P14,U14,Z14,AE14,AJ14,AO14,AT14) -> #DIV/0! | J14: =AVERAGE(Q14,V14,AA14,AF14,AK14,AP14,AU14) -> #DIV/0! | K14: =AVERAGE(R14,W14,AB14,AG14,AL14,AQ14,AV14) -> #DIV/0! | M14: =RANK(K14, K$7:$K$21) -> #DIV/0! | S14: =RANK(R14, R$7:R$21) -> #N/A | X14: =RANK(W14, W$7:W$21) -> #N/A | AC14: =RANK(AB14, AB$7:AB$21) -> #N/A | AH14: =RANK(AG14, AG$7:AG$21) -> #N/A | AM14: =RANK(AL14, AL$7:AL$21) -> #N/A | AR14: =RANK(AQ14, AQ$7:AQ$21) -> #N/A | AW14: =RANK(AV14, AV$7:AV$21) -> #N/A
C15: 9 | I15: =AVERAGE(P15,U15,Z15,AE15,AJ15,AO15,AT15) -> #DIV/0! | J15: =AVERAGE(Q15,V15,AA15,AF15,AK15,AP15,AU15) -> #DIV/0! | K15: =AVERAGE(R15,W15,AB15,AG15,AL15,AQ15,AV15) -> #DIV/0! | M15: =RANK(K15, K$7:$K$21) -> #DIV/0! | S15: =RANK(R15, R$7:R$21) -> #N/A | X15: =RANK(W15, W$7:W$21) -> #N/A | AC15: =RANK(AB15, AB$7:AB$21) -> #N/A | AH15: =RANK(AG15, AG$7:AG$21) -> #N/A | AM15: =RANK(AL15, AL$7:AL$21) -> #N/A | AR15: =RANK(AQ15, AQ$7:AQ$21) -> #N/A | AW15: =RANK(AV15, AV$7:AV$21) -> #N/A
C16: 10 | I16: =AVERAGE(P16,U16,Z16,AE16,AJ16,AO16,AT16) -> #DIV/0! | J16: =AVERAGE(Q16,V16,AA16,AF16,AK16,AP16,AU16) -> #DIV/0! | K16: =AVERAGE(R16,W16,AB16,AG16,AL16,AQ16,AV16) -> #DIV/0! | M16: =RANK(K16, K$7:$K$21) -> #DIV/0! | S16: =RANK(R16, R$7:R$21) -> #N/A | X16: =RANK(W16, W$7:W$21) -> #N/A | AC16: =RANK(AB16, AB$7:AB$21) -> #N/A | AH16: =RANK(AG16, AG$7:AG$21) -> #N/A | AM16: =RANK(AL16, AL$7:AL$21) -> #N/A | AR16: =RANK(AQ16, AQ$7:AQ$21) -> #N/A | AW16: =RANK(AV16, AV$7:AV$21) -> #N/A
C17: 11 | M17: =RANK(K17, K$7:$K$21) -> #DIV/0! | S17: =RANK(R17, R$7:R$21) -> #N/A | X17: =RANK(W17, W$7:W$21) -> #N/A | AC17: =RANK(AB17, AB$7:AB$21) -> #N/A | AH17: =RANK(AG17, AG$7:AG$21) -> #N/A | AM17: =RANK(AL17, AL$7:AL$21) -> #N/A | AR17: =RANK(AQ17, AQ$7:AQ$21) -> #N/A | AW17: =RANK(AV17, AV$7:AV$21) -> #N/A
C18: 12 | M18: =RANK(K18, K$7:$K$21) -> #DIV/0! | S18: =RANK(R18, R$7:R$21) -> #N/A | X18: =RANK(W18, W$7:W$21) -> #N/A | AC18: =RANK(AB18, AB$7:AB$21) -> #N/A | AH18: =RANK(AG18, AG$7:AG$21) -> #N/A | AM18: =RANK(AL18, AL$7:AL$21) -> #N/A | AR18: =RANK(AQ18, AQ$7:AQ$21) -> #N/A | AW18: =RANK(AV18, AV$7:AV$21) -> #N/A
C19: 13 | M19: =RANK(K19, K$7:$K$21) -> #DIV/0! | S19: =RANK(R19, R$7:R$21) -> #N/A | X19: =RANK(W19, W$7:W$21) -> #N/A | AC19: =RANK(AB19, AB$7:AB$21) -> #N/A | AH19: =RANK(AG19, AG$7:AG$21) -> #N/A | AM19: =RANK(AL19, AL$7:AL$21) -> #N/A | AR19: =RANK(AQ19, AQ$7:AQ$21) -> #N/A | AW19: =RANK(AV19, AV$7:AV$21) -> #N/A
C20: 14 | M20: =RANK(K20, K$7:$K$21) -> #DIV/0! | S20: =RANK(R20, R$7:R$21) -> #N/A | X20: =RANK(W20, W$7:W$21) -> #N/A | AC20: =RANK(AB20, AB$7:AB$21) -> #N/A | AH20: =RANK(AG20, AG$7:AG$21) -> #N/A | AM20: =RANK(AL20, AL$7:AL$21) -> #N/A | AR20: =RANK(AQ20, AQ$7:AQ$21) -> #N/A | AW20: =RANK(AV20, AV$7:AV$21) -> #N/A
C21: 15 | M21: =RANK(K21, K$7:$K$21) -> #DIV/0! | S21: =RANK(R21, R$7:R$21) -> #N/A | X21: =RANK(W21, W$7:W$21) -> #N/A | AC21: =RANK(AB21, AB$7:AB$21) -> #N/A | AH21: =RANK(AG21, AG$7:AG$21) -> #N/A | AM21: =RANK(AL21, AL$7:AL$21) -> #N/A | AR21: =RANK(AQ21, AQ$7:AQ$21) -> #N/A | AW21: =RANK(AV21, AV$7:AV$21) -> #N/A
B22: 產線配置圖－每週更新 | N22: 資料繳交 | O22: 日期 | P22: 45874 | U22: 45875 | Z22: 45876 | AE22: 45877 | AJ22: 45878 | AO22: 45879 | AT22: 45880
P23: 二 | U23: 三 | Z23: 四 | AE23: 五 | AJ23: 六 | AO23: 日 | AT23: 一
B24: 品群 | C24: 商品名稱 | E24: 計畫 | H24: 平均人時性 | I24: 實績 | L24: 平均人時性 | M24: 排名 | O24: 日報 | P24: 實際 | T24: 平均人時性 | U24: 實際 | Y24: 平均人時性 | Z24: 實際 | AD24: 平均人時性 | AE24: 實際 | AI24: 平均人時性 | AJ24: 實際 | AN24: 平均人時性 | AO24: 實際 | AS24: 平均人時性 | AT24: 實際 | AX24: 平均人時性
E25: 產線配置圖 | I25: 產線配置圖 | P25: 生產實績 | U25: 生產實績 | Z25: 生產實績 | AE25: 生產實績 | AJ25: 生產實績 | AO25: 生產實績 | AT25: 生產實績
E26: 人數 | F26: 產能／時 | G26: 人時性 | I26: 人數 | J26: 產能／時 | K26: 人時性 | P26: 人數 | Q26: 產能／時 | R26: 人時性 | S26: 排名 | U26: 人數 | V26: 產能／時 | W26: 人時性 | X26: 排名 | Z26: 人數 | AA26: 產能／時 | AB26: 人時性 | AC26: 排名 | AE26: 人數 | AF26: 產能／時 | AG26: 人時性 | AH26: 排名 | AJ26: 人數 | AK26: 產能／時 | AL26: 人時性 | AM26: 排名 | AO26: 人數 | AP26: 產能／時 | AQ26: 人時性 | AR26: 排名 | AT26: 人數 | AU26: 產能／時 | AV26: 人時性 | AW26: 排名
B27: 季節調理麵 | C27: 1 | H27: =AVERAGE(G27:G41) -> #DIV/0! | I27: =AVERAGE(P27,U27,Z27,AE27,AJ27,AO27,AT27) -> #DIV/0! | J27: =AVERAGE(Q27,V27,AA27,AF27,AK27,AP27,AU27) -> #DIV/0! | K27: =AVERAGE(R27,W27,AB27,AG27,AL27,AQ27,AV27) -> #DIV/0! | L27: =AVERAGE(K27:K41) -> #DIV/0! | M27: =RANK(K27, K$27:$K$41) -> #DIV/0! | T27: =AVERAGE(R27:R41) -> #DIV/0! | Y27: =AVERAGE(W27:W41) -> #DIV/0! | AD27: =AVERAGE(AB27:AB41) -> #DIV/0! | AI27: =AVERAGE(AG27:AG41) -> #DIV/0! | AN27: =AVERAGE(AL27:AL41) -> #DIV/0! | AS27: =AVERAGE(AQ27:AQ41) -> #DIV/0! | AX27: =AVERAGE(AV27:AV41) -> #DIV/0!
C28: 2 | I28: =AVERAGE(P28,U28,Z28,AE28,AJ28,AO28,AT28) -> #DIV/0! | J28: =AVERAGE(Q28,V28,AA28,AF28,AK28,AP28,AU28) -> #DIV/0! | K28: =AVERAGE(R28,W28,AB28,AG28,AL28,AQ28,AV28) -> #DIV/0! | M28: =RANK(K28, K$27:$K$41) -> #DIV/0!
C29: 3 | I29: =AVERAGE(P29,U29,Z29,AE29,AJ29,AO29,AT29) -> #DIV/0! | J29: =AVERAGE(Q29,V29,AA29,AF29,AK29,AP29,AU29) -> #DIV/0! | K29: =AVERAGE(R29,W29,AB29,AG29,AL29,AQ29,AV29) -> #DIV/0! | M29: =RANK(K29, K$27:$K$41) -> #DIV/0!
C30: 4 | I30: =AVERAGE(P30,U30,Z30,AE30,AJ30,AO30,AT30) -> #DIV/0! | J30: =AVERAGE(Q30,V30,AA30,AF30,AK30,AP30,AU30) -> #DIV/0! | K30: =AVERAGE(R30,W30,AB30,AG30,AL30,AQ30,AV30) -> #DIV/0! | M30: =RANK(K30, K$27:$K$41) -> #DIV/0!
C31: 5 | I31: =AVERAGE(P31,U31,Z31,AE31,AJ31,AO31,AT31) -> #DIV/0! | J31: =AVERAGE(Q31,V31,AA31,AF31,AK31,AP31,AU31) -> #DIV/0! | K31: =AVERAGE(R31,W31,AB31,AG31,AL31,AQ31,AV31) -> #DIV/0! | M31: =RANK(K31, K$27:$K$41) -> #DIV/0!
C32: 6 | I32: =AVERAGE(P32,U32,Z32,AE32,AJ32,AO32,AT32) -> #DIV/0! | J32: =AVERAGE(Q32,V32,AA32,AF32,AK32,AP32,AU32) -> #DIV/0! | K32: =AVERAGE(R32,W32,AB32,AG32,AL32,AQ32,AV32) -> #DIV/0! | M32: =RANK(K32, K$27:$K$41) -> #DIV/0!
C33: 7 | I33: =AVERAGE(P33,U33,Z33,AE33,AJ33,AO33,AT33) -> #DIV/0! | J33: =AVERAGE(Q33,V33,AA33,AF33,AK33,AP33,AU33) -> #DIV/0! | K33: =AVERAGE(R33,W33,AB33,AG33,AL33,AQ33,AV33) -> #DIV/0! | M33: =RANK(K33, K$27:$K$41) -> #DIV/0!
C34: 8 | I34: =AVERAGE(P34,U34,Z34,AE34,AJ34,AO34,AT34) -> #DIV/0! | J34: =AVERAGE(Q34,V34,AA34,AF34,AK34,AP34,AU34) -> #DIV/0! | K34: =AVERAGE(R34,W34,AB34,AG34,AL34,AQ34,AV34) -> #DIV/0! | M34: =RANK(K34, K$27:$K$41) -> #DIV/0!
C35: 9 | I35: =AVERAGE(P35,U35,Z35,AE35,AJ35,AO35,AT35) -> #DIV/0! | J35: =AVERAGE(Q35,V35,AA35,AF35,AK35,AP35,AU35) -> #DIV/0! | K35: =AVERAGE(R35,W35,AB35,AG35,AL35,AQ35,AV35) -> #DIV/0! | M35: =RANK(K35, K$27:$K$41) -> #DIV/0!
C36: 10 | I36: =AVERAGE(P36,U36,Z36,AE36,AJ36,AO36,AT36) -> #DIV/0! | J36: =AVERAGE(Q36,V36,AA36,AF36,AK36,AP36,AU36) -> #DIV/0! | K36: =AVERAGE(R36,W36,AB36,AG36,AL36,AQ36,AV36) -> #DIV/0! | M36: =RANK(K36, K$27:$K$41) -> #DIV/0!
C37: 11 | M37: =RANK(K37, K$27:$K$41) -> #DIV/0!
C38: 12 | M38: =RANK(K38, K$27:$K$41) -> #DIV/0!
C39: 13 | M39: =RANK(K39, K$27:$K$41) -> #DIV/0!
C40: 14 | M40: =RANK(K40, K$27:$K$41) -> #DIV/0!
C41: 15 | M41: =RANK(K41, K$27:$K$41) -> #DIV/0!
B42: 產線配置圖－每週更新 | N42: 資料繳交 | O42: 日期 | P42: 45881 | U42: 45882 | Z42: 45883 | AE42: 45884 | AJ42: 45885 | AO42: 45886 | AT42: 45887
P43: 二 | U43: 三 | Z43: 四 | AE43: 五 | AJ43: 六 | AO43: 日 | AT43: 一
B44: 品群 | C44: 商品名稱 | E44: 計畫 | H44: 平均人時性 | I44: 實績 | L44: 平均人時性 | M44: 排名 | O44: 日報 | P44: 實際 | T44: 平均人時性 | U44: 實際 | Y44: 平均人時性 | Z44: 實際 | AD44: 平均人時性 | AE44: 實際 | AI44: 平均人時性 | AJ44: 實際 | AN44: 平均人時性 | AO44: 實際 | AS44: 平均人時性 | AT44: 實際 | AX44: 平均人時性
E45: 產線配置圖 | I45: 產線配置圖 | P45: 生產實績 | U45: 生產實績 | Z45: 生產實績 | AE45: 生產實績 | AJ45: 生產實績 | AO45: 生產實績 | AT45: 生產實績
E46: 人數 | F46: 產能／時 | G46: 人時性 | I46: 人數 | J46: 產能／時 | K46: 人時性 | P46: 人數 | Q46: 產能／時 | R46: 人時性 | S46: 排名 | U46: 人數 | V46: 產能／時 | W46: 人時性 | X46: 排名 | Z46: 人數 | AA46: 產能／時 | AB46: 人時性 | AC46: 排名 | AE46: 人數 | AF46: 產能／時 | AG46: 人時性 | AH46: 排名 | AJ46: 人數 | AK46: 產能／時 | AL46: 人時性 | AM46: 排名 | AO46: 人數 | AP46: 產能／時 | AQ46: 人時性 | AR46: 排名 | AT46: 人數 | AU46: 產能／時 | AV46: 人時性 | AW46: 排名
B47: 季節調理麵 | C47: 1 | H47: =AVERAGE(G47:G61) -> #DIV/0! | I47: =AVERAGE(P47,U47,Z47,AE47,AJ47,AO47,AT47) -> #DIV/0! | J47: =AVERAGE(Q47,V47,AA47,AF47,AK47,AP47,AU47) -> #DIV/0! | K47: =AVERAGE(R47,W47,AB47,AG47,AL47,AQ47,AV47) -> #DIV/0! | L47: =AVERAGE(K47:K61) -> #DIV/0! | M47: =RANK(K47, K$47:$K$61) -> #DIV/0! | T47: =AVERAGE(R47:R61) -> #DIV/0! | Y47: =AVERAGE(W47:W61) -> #DIV/0! | AD47: =AVERAGE(AB47:AB61) -> #DIV/0! | AI47: =AVERAGE(AG47:AG61) -> #DIV/0! | AN47: =AVERAGE(AL47:AL61) -> #DIV/0! | AS47: =AVERAGE(AQ47:AQ61) -> #DIV/0! | AX47: =AVERAGE(AV47:AV61) -> #DIV/0!
C48: 2 | I48: =AVERAGE(P48,U48,Z48,AE48,AJ48,AO48,AT48) -> #DIV/0! | J48: =AVERAGE(Q48,V48,AA48,AF48,AK48,AP48,AU48) -> #DIV/0! | K48: =AVERAGE(R48,W48,AB48,AG48,AL48,AQ48,AV48) -> #DIV/0! | M48: =RANK(K48, K$47:$K$61) -> #DIV/0!
C49: 3 | I49: =AVERAGE(P49,U49,Z49,AE49,AJ49,AO49,AT49) -> #DIV/0! | J49: =AVERAGE(Q49,V49,AA49,AF49,AK49,AP49,AU49) -> #DIV/0! | K49: =AVERAGE(R49,W49,AB49,AG49,AL49,AQ49,AV49) -> #DIV/0! | M49: =RANK(K49, K$47:$K$61) -> #DIV/0!
C50: 4 | I50: =AVERAGE(P50,U50,Z50,AE50,AJ50,AO50,AT50) -> #DIV/0! | J50: =AVERAGE(Q50,V50,AA50,AF50,AK50,AP50,AU50) -> #DIV/0! | K50: =AVERAGE(R50,W50,AB50,AG50,AL50,AQ50,AV50) -> #DIV/0! | M50: =RANK(K50, K$47:$K$61) -> #DIV/0!
C51: 5 | I51: =AVERAGE(P51,U51,Z51,AE51,AJ51,AO51,AT51) -> #DIV/0! | J51: =AVERAGE(Q51,V51,AA51,AF51,AK51,AP51,AU51) -> #DIV/0! | K51: =AVERAGE(R51,W51,AB51,AG51,AL51,AQ51,AV51) -> #DIV/0! | M51: =RANK(K51, K$47:$K$61) -> #DIV/0!
C52: 6 | I52: =AVERAGE(P52,U52,Z52,AE52,AJ52,AO52,AT52) -> #DIV/0! | J52: =AVERAGE(Q52,V52,AA52,AF52,AK52,AP52,AU52) -> #DIV/0! | K52: =AVERAGE(R52,W52,AB52,AG52,AL52,AQ52,AV52) -> #DIV/0! | M52: =RANK(K52, K$47:$K$61) -> #DIV/0!
C53: 7 | I53: =AVERAGE(P53,U53,Z53,AE53,AJ53,AO53,AT53) -> #DIV/0! | J53: =AVERAGE(Q53,V53,AA53,AF53,AK53,AP53,AU53) -> #DIV/0! | K53: =AVERAGE(R53,W53,AB53,AG53,AL53,AQ53,AV53) -> #DIV/0! | M53: =RANK(K53, K$47:$K$61) -> #DIV/0!
C54: 8 | I54: =AVERAGE(P54,U54,Z54,AE54,AJ54,AO54,AT54) -> #DIV/0! | J54: =AVERAGE(Q54,V54,AA54,AF54,AK54,AP54,AU54) -> #DIV/0! | K54: =AVERAGE(R54,W54,AB54,AG54,AL54,AQ54,AV54) -> #DIV/0! | M54: =RANK(K54, K$47:$K$61) -> #DIV/0!
C55: 9 | I55: =AVERAGE(P55,U55,Z55,AE55,AJ55,AO55,AT55) -> #DIV/0! | J55: =AVERAGE(Q55,V55,AA55,AF55,AK55,AP55,AU55) -> #DIV/0! | K55: =AVERAGE(R55,W55,AB55,AG55,AL55,AQ55,AV55) -> #DIV/0! | M55: =RANK(K55, K$47:$K$61) -> #DIV/0!
C56: 10 | I56: =AVERAGE(P56,U56,Z56,AE56,AJ56,AO56,AT56) -> #DIV/0! | J56: =AVERAGE(Q56,V56,AA56,AF56,AK56,AP56,AU56) -> #DIV/0! | K56: =AVERAGE(R56,W56,AB56,AG56,AL56,AQ56,AV56) -> #DIV/0! | M56: =RANK(K56, K$47:$K$61) -> #DIV/0!
C57: 11 | M57: =RANK(K57, K$47:$K$61) -> #DIV/0!
C58: 12 | M58: =RANK(K58, K$47:$K$61) -> #DIV/0!
C59: 13 | M59: =RANK(K59, K$47:$K$61) -> #DIV/0!
C60: 14 | M60: =RANK(K60, K$47:$K$61) -> #DIV/0!
C61: 15 | M61: =RANK(K61, K$47:$K$61) -> #DIV/0!
B62: 產線配置圖－每週更新 | N62: 資料繳交 | O62: 日期 | P62: 45888 | U62: 45889 | Z62: 45890 | AE62: 45891 | AJ62: 45892 | AO62: 45893 | AT62: 45894
P63: 二 | U63: 三 | Z63: 四 | AE63: 五 | AJ63: 六 | AO63: 日 | AT63: 一
B64: 品群 | C64: 商品名稱 | E64: 計畫 | H64: 平均人時性 | I64: 實績 | L64: 平均人時性 | M64: 排名 | O64: 日報 | P64: 實際 | T64: 平均人時性 | U64: 實際 | Y64: 平均人時性 | Z64: 實際 | AD64: 平均人時性 | AE64: 實際 | AI64: 平均人時性 | AJ64: 實際 | AN64: 平均人時性 | AO64: 實際 | AS64: 平均人時性 | AT64: 實際 | AX64: 平均人時性
E65: 產線配置圖 | I65: 產線配置圖 | P65: 生產實績 | U65: 生產實績 | Z65: 生產實績 | AE65: 生產實績 | AJ65: 生產實績 | AO65: 生產實績 | AT65: 生產實績
E66: 人數 | F66: 產能／時 | G66: 人時性 | I66: 人數 | J66: 產能／時 | K66: 人時性 | P66: 人數 | Q66: 產能／時 | R66: 人時性 | S66: 排名 | U66: 人數 | V66: 產能／時 | W66: 人時性 | X66: 排名 | Z66: 人數 | AA66: 產能／時 | AB66: 人時性 | AC66: 排名 | AE66: 人數 | AF66: 產能／時 | AG66: 人時性 | AH66: 排名 | AJ66: 人數 | AK66: 產能／時 | AL66: 人時性 | AM66: 排名 | AO66: 人數 | AP66: 產能／時 | AQ66: 人時性 | AR66: 排名 | AT66: 人數 | AU66: 產能／時 | AV66: 人時性 | AW66: 排名
B67: 季節調理麵 | C67: 1 | H67: =AVERAGE(G67:G81) -> #DIV/0! | I67: =AVERAGE(P67,U67,Z67,AE67,AJ67,AO67,AT67) -> #DIV/0! | J67: =AVERAGE(Q67,V67,AA67,AF67,AK67,AP67,AU67) -> #DIV/0! | K67: =AVERAGE(R67,W67,AB67,AG67,AL67,AQ67,AV67) -> #DIV/0! | L67: =AVERAGE(K67:K81) -> #DIV/0! | M67: =RANK(K67, K$67:$K$81) -> #DIV/0! | T67: =AVERAGE(R67:R81) -> #DIV/0! | Y67: =AVERAGE(W67:W81) -> #DIV/0! | AD67: =AVERAGE(AB67:AB81) -> #DIV/0! | AI67: =AVERAGE(AG67:AG81) -> #DIV/0! | AN67: =AVERAGE(AL67:AL81) -> #DIV/0! | AS67: =AVERAGE(AQ67:AQ81) -> #DIV/0! | AX67: =AVERAGE(AV67:AV81) -> #DIV/0!
C68: 2 | I68: =AVERAGE(P68,U68,Z68,AE68,AJ68,AO68,AT68) -> #DIV/0! | J68: =AVERAGE(Q68,V68,AA68,AF68,AK68,AP68,AU68) -> #DIV/0! | K68: =AVERAGE(R68,W68,AB68,AG68,AL68,AQ68,AV68) -> #DIV/0! | M68: =RANK(K68, K$67:$K$81) -> #DIV/0!
C69: 3 | I69: =AVERAGE(P69,U69,Z69,AE69,AJ69,AO69,AT69) -> #DIV/0! | J69: =AVERAGE(Q69,V69,AA69,AF69,AK69,AP69,AU69) -> #DIV/0! | K69: =AVERAGE(R69,W69,AB69,AG69,AL69,AQ69,AV69) -> #DIV/0! | M69: =RANK(K69, K$67:$K$81) -> #DIV/0!
C70: 4 | I70: =AVERAGE(P70,U70,Z70,AE70,AJ70,AO70,AT70) -> #DIV/0! | J70: =AVERAGE(Q70,V70,AA70,AF70,AK70,AP70,AU70) -> #DIV/0! | K70: =AVERAGE(R70,W70,AB70,AG70,AL70,AQ70,AV70) -> #DIV/0! | M70: =RANK(K70, K$67:$K$81) -> #DIV/0!
C71: 5 | I71: =AVERAGE(P71,U71,Z71,AE71,AJ71,AO71,AT71) -> #DIV/0! | J71: =AVERAGE(Q71,V71,AA71,AF71,AK71,AP71,AU71) -> #DIV/0! | K71: =AVERAGE(R71,W71,AB71,AG71,AL71,AQ71,AV71) -> #DIV/0! | M71: =RANK(K71, K$67:$K$81) -> #DIV/0!
C72: 6 | I72: =AVERAGE(P72,U72,Z72,AE72,AJ72,AO72,AT72) -> #DIV/0! | J72: =AVERAGE(Q72,V72,AA72,AF72,AK72,AP72,AU72) -> #DIV/0! | K72: =AVERAGE(R72,W72,AB72,AG72,AL72,AQ72,AV72) -> #DIV/0! | M72: =RANK(K72, K$67:$K$81) -> #DIV/0!
C73: 7 | I73: =AVERAGE(P73,U73,Z73,AE73,AJ73,AO73,AT73) -> #DIV/0! | J73: =AVERAGE(Q73,V73,AA73,AF73,AK73,AP73,AU73) -> #DIV/0! | K73: =AVERAGE(R73,W73,AB73,AG73,AL73,AQ73,AV73) -> #DIV/0! | M73: =RANK(K73, K$67:$K$81) -> #DIV/0!
C74: 8 | I74: =AVERAGE(P74,U74,Z74,AE74,AJ74,AO74,AT74) -> #DIV/0! | J74: =AVERAGE(Q74,V74,AA74,AF74,AK74,AP74,AU74) -> #DIV/0! | K74: =AVERAGE(R74,W74,AB74,AG74,AL74,AQ74,AV74) -> #DIV/0! | M74: =RANK(K74, K$67:$K$81) -> #DIV/0!
C75: 9 | I75: =AVERAGE(P75,U75,Z75,AE75,AJ75,AO75,AT75) -> #DIV/0! | J75: =AVERAGE(Q75,V75,AA75,AF75,AK75,AP75,AU75) -> #DIV/0! | K75: =AVERAGE(R75,W75,AB75,AG75,AL75,AQ75,AV75) -> #DIV/0! | M75: =RANK(K75, K$67:$K$81) -> #DIV/0!
C76: 10 | I76: =AVERAGE(P76,U76,Z76,AE76,AJ76,AO76,AT76) -> #DIV/0! | J76: =AVERAGE(Q76,V76,AA76,AF76,AK76,AP76,AU76) -> #DIV/0! | K76: =AVERAGE(R76,W76,AB76,AG76,AL76,AQ76,AV76) -> #DIV/0! | M76: =RANK(K76, K$67:$K$81) -> #DIV/0!
C77: 11 | I77: =AVERAGE(P77,U77,Z77,AE77,AJ77,AO77,AT77) -> #DIV/0! | J77: =AVERAGE(Q77,V77,AA77,AF77,AK77,AP77,AU77) -> #DIV/0! | K77: =AVERAGE(R77,W77,AB77,AG77,AL77,AQ77,AV77) -> #DIV/0! | M77: =RANK(K77, K$67:$K$81) -> #DIV/0!
C78: 12 | I78: =AVERAGE(P78,U78,Z78,AE78,AJ78,AO78,AT78) -> #DIV/0! | J78: =AVERAGE(Q78,V78,AA78,AF78,AK78,AP78,AU78) -> #DIV/0! | K78: =AVERAGE(R78,W78,AB78,AG78,AL78,AQ78,AV78) -> #DIV/0! | M78: =RANK(K78, K$67:$K$81) -> #DIV/0!
C79: 13 | I79: =AVERAGE(P79,U79,Z79,AE79,AJ79,AO79,AT79) -> #DIV/0! | J79: =AVERAGE(Q79,V79,AA79,AF79,AK79,AP79,AU79) -> #DIV/0! | K79: =AVERAGE(R79,W79,AB79,AG79,AL79,AQ79,AV79) -> #DIV/0! | M79: =RANK(K79, K$67:$K$81) -> #DIV/0!
C80: 14 | I80: =AVERAGE(P80,U80,Z80,AE80,AJ80,AO80,AT80) -> #DIV/0! | J80: =AVERAGE(Q80,V80,AA80,AF80,AK80,AP80,AU80) -> #DIV/0! | K80: =AVERAGE(R80,W80,AB80,AG80,AL80,AQ80,AV80) -> #DIV/0! | M80: =RANK(K80, K$67:$K$81) -> #DIV/0!
C81: 15 | M81: =RANK(K81, K$67:$K$81) -> #DIV/0!
B82: 產線配置圖－每週更新 | N82: 資料繳交 | O82: 日期 | P82: 45895 | U82: 45896 | Z82: 45897 | AE82: 45898 | AJ82: 45899 | AO82: 45900
P83: 二 | U83: 三 | Z83: 四 | AE83: 五 | AJ83: 六 | AO83: 日 | AT83: 一
B84: 品群 | C84: 商品名稱 | E84: 計畫 | H84: 平均人時性 | I84: 實績 | L84: 平均人時性 | M84: 排名 | O84: 日報 | P84: 實際 | T84: 平均人時性 | U84: 實際 | Y84: 平均人時性 | Z84: 實際 | AD84: 平均人時性 | AE84: 實際 | AI84: 平均人時性 | AJ84: 實際 | AN84: 平均人時性 | AO84: 實際 | AS84: 平均人時性 | AT84: 實際 | AX84: 平均人時性
E85: 產線配置圖 | I85: 產線配置圖 | P85: 生產實績 | U85: 生產實績 | Z85: 生產實績 | AE85: 生產實績 | AJ85: 生產實績 | AO85: 生產實績 | AT85: 生產實績
E86: 人數 | F86: 產能／時 | G86: 人時性 | I86: 人數 | J86: 產能／時 | K86: 人時性 | P86: 人數 | Q86: 產能／時 | R86: 人時性 | S86: 排名 | U86: 人數 | V86: 產能／時 | W86: 人時性 | X86: 排名 | Z86: 人數 | AA86: 產能／時 | AB86: 人時性 | AC86: 排名 | AE86: 人數 | AF86: 產能／時 | AG86: 人時性 | AH86: 排名 | AJ86: 人數 | AK86: 產能／時 | AL86: 人時性 | AM86: 排名 | AO86: 人數 | AP86: 產能／時 | AQ86: 人時性 | AR86: 排名 | AT86: 人數 | AU86: 產能／時 | AV86: 人時性 | AW86: 排名
B87: 季節調理麵 | C87: 1 | H87: =AVERAGE(G87:G101) -> #DIV/0! | I87: =AVERAGE(P87,U87,Z87,AE87,AJ87,AO87,AT87) -> #DIV/0! | J87: =AVERAGE(Q87,V87,AA87,AF87,AK87,AP87,AU87) -> #DIV/0! | K87: =AVERAGE(R87,W87,AB87,AG87,AL87,AQ87,AV87) -> #DIV/0! | L87: =AVERAGE(K87:K101) -> #DIV/0! | M87: =RANK(K87, K$87:$K$101) -> #DIV/0! | T87: =AVERAGE(R87:R101) -> #DIV/0! | Y87: =AVERAGE(W87:W101) -> #DIV/0! | AD87: =AVERAGE(AB87:AB101) -> #DIV/0! | AI87: =AVERAGE(AG87:AG101) -> #DIV/0! | AN87: =AVERAGE(AL87:AL101) -> #DIV/0! | AS87: =AVERAGE(AQ87:AQ101) -> #DIV/0! | AX87: =AVERAGE(AV87:AV101) -> #DIV/0!
C88: 2 | I88: =AVERAGE(P88,U88,Z88,AE88,AJ88,AO88,AT88) -> #DIV/0! | J88: =AVERAGE(Q88,V88,AA88,AF88,AK88,AP88,AU88) -> #DIV/0! | K88: =AVERAGE(R88,W88,AB88,AG88,AL88,AQ88,AV88) -> #DIV/0! | M88: =RANK(K88, K$87:$K$101) -> #DIV/0!
C89: 3 | I89: =AVERAGE(P89,U89,Z89,AE89,AJ89,AO89,AT89) -> #DIV/0! | J89: =AVERAGE(Q89,V89,AA89,AF89,AK89,AP89,AU89) -> #DIV/0! | K89: =AVERAGE(R89,W89,AB89,AG89,AL89,AQ89,AV89) -> #DIV/0! | M89: =RANK(K89, K$87:$K$101) -> #DIV/0!
C90: 4 | I90: =AVERAGE(P90,U90,Z90,AE90,AJ90,AO90,AT90) -> #DIV/0! | J90: =AVERAGE(Q90,V90,AA90,AF90,AK90,AP90,AU90) -> #DIV/0! | K90: =AVERAGE(R90,W90,AB90,AG90,AL90,AQ90,AV90) -> #DIV/0! | M90: =RANK(K90, K$87:$K$101) -> #DIV/0!
C91: 5 | I91: =AVERAGE(P91,U91,Z91,AE91,AJ91,AO91,AT91) -> #DIV/0! | J91: =AVERAGE(Q91,V91,AA91,AF91,AK91,AP91,AU91) -> #DIV/0! | K91: =AVERAGE(R91,W91,AB91,AG91,AL91,AQ91,AV91) -> #DIV/0! | M91: =RANK(K91, K$87:$K$101) -> #DIV/0!
C92: 6 | I92: =AVERAGE(P92,U92,Z92,AE92,AJ92,AO92,AT92) -> #DIV/0! | J92: =AVERAGE(Q92,V92,AA92,AF92,AK92,AP92,AU92) -> #DIV/0! | K92: =AVERAGE(R92,W92,AB92,AG92,AL92,AQ92,AV92) -> #DIV/0! | M92: =RANK(K92, K$87:$K$101) -> #DIV/0!
C93: 7 | I93: =AVERAGE(P93,U93,Z93,AE93,AJ93,AO93,AT93) -> #DIV/0! | J93: =AVERAGE(Q93,V93,AA93,AF93,AK93,AP93,AU93) -> #DIV/0! | K93: =AVERAGE(R93,W93,AB93,AG93,AL93,AQ93,AV93) -> #DIV/0! | M93: =RANK(K93, K$87:$K$101) -> #DIV/0!
C94: 8 | I94: =AVERAGE(P94,U94,Z94,AE94,AJ94,AO94,AT94) -> #DIV/0! | J94: =AVERAGE(Q94,V94,AA94,AF94,AK94,AP94,AU94) -> #DIV/0! | K94: =AVERAGE(R94,W94,AB94,AG94,AL94,AQ94,AV94) -> #DIV/0! | M94: =RANK(K94, K$87:$K$101) -> #DIV/0!
C95: 9 | I95: =AVERAGE(P95,U95,Z95,AE95,AJ95,AO95,AT95) -> #DIV/0! | J95: =AVERAGE(Q95,V95,AA95,AF95,AK95,AP95,AU95) -> #DIV/0! | K95: =AVERAGE(R95,W95,AB95,AG95,AL95,AQ95,AV95) -> #DIV/0! | M95: =RANK(K95, K$87:$K$101) -> #DIV/0!
C96: 10 | I96: =AVERAGE(P96,U96,Z96,AE96,AJ96,AO96,AT96) -> #DIV/0! | J96: =AVERAGE(Q96,V96,AA96,AF96,AK96,AP96,AU96) -> #DIV/0! | K96: =AVERAGE(R96,W96,AB96,AG96,AL96,AQ96,AV96) -> #DIV/0! | M96: =RANK(K96, K$87:$K$101) -> #DIV/0!
C97: 11 | M97: =RANK(K97, K$87:$K$101) -> #DIV/0!
C98: 12 | M98: =RANK(K98, K$87:$K$101) -> #DIV/0!
C99: 13 | M99: =RANK(K99, K$87:$K$101) -> #DIV/0!
C100: 14 | M100: =RANK(K100, K$87:$K$101) -> #DIV/0!
...

Sheet （５-3）品群別人時生產性(微波小吃)
B1: 月平均人時性 | C1: =AVERAGE(L7,L27,L47,L67,L87) -> 109.76447
B2: 產線配置圖－每週更新 | N2: 資料繳交 | O2: 日期 | AE2: 45870 | AJ2: 45871 | AO2: 45872 | AT2: 45873
P3: 二 | U3: 三 | Z3: 四 | AE3: 五 | AJ3: 六 | AO3: 日 | AT3: 一
B4: 品群 | C4: 商品名稱 | E4: 計畫 | H4: 平均人時性 | I4: 實績 | L4: 平均人時性 | M4: 排名 | O4: 日報 | P4: 實際 | T4: 平均人時性 | U4: 實際 | Y4: 平均人時性 | Z4: 實際 | AD4: 平均人時性 | AE4: 實際 | AI4: 平均人時性 | AJ4: 實際 | AN4: 平均人時性 | AO4: 實際 | AS4: 平均人時性 | AT4: 實際 | AX4: 平均人時性
E5: 產線配置圖 | I5: 產線配置圖 | P5: 生產實績 | U5: 生產實績 | Z5: 生產實績 | AE5: 生產實績 | AJ5: 生產實績 | AO5: 生產實績 | AT5: 生產實績
E6: 人數 | F6: 產能／時 | G6: 人時性 | I6: 人數 | J6: 產能／時 | K6: 人時性 | P6: 人數 | Q6: 產能／時 | R6: 人時性 | S6: 排名 | U6: 人數 | V6: 產能／時 | W6: 人時性 | X6: 排名 | Z6: 人數 | AA6: 產能／時 | AB6: 人時性 | AC6: 排名 | AE6: 人數 | AF6: 產能／時 | AG6: 人時性 | AH6: 排名 | AJ6: 人數 | AK6: 產能／時 | AL6: 人時性 | AM6: 排名 | AO6: 人數 | AP6: 產能／時 | AQ6: 人時性 | AR6: 排名 | AT6: 人數 | AU6: 產能／時 | AV6: 人時性 | AW6: 排名
B7: 微波小吃 | C7: 1 | D7: 小滷青蔬 | E7: =VLOOKUP(D7,'[1]0801-0804產線配置圖'!$A$2:$C$25,2,0) -> 12 | F7: =VLOOKUP(D7,'[1]0801-0804產線配置圖'!$A$2:$C$25,3,0) -> 1714 | G7: =F7/E7 -> 142.83333 | H7: =AVERAGE(G7:G21) -> 152.15657 | I7: =AVERAGE(P7,U7,Z7,AE7,AJ7,AO7,AT7) -> 12.5 | J7: =AVERAGE(Q7,V7,AA7,AF7,AK7,AP7,AU7) -> 1349.25 | K7: =AVERAGE(AG7,AL7,AQ7,AV7) -> 107.81604 | L7: =IFERROR(AVERAGE(K7:K21),"-") -> 112.45058 | M7: =RANK(K7, K$7:$K$21) -> 2 | R7: =Q7/P7 -> #DIV/0! | S7: =RANK(R7, R$7:R$21) -> #DIV/0! | T7: =AVERAGE(R7:R21) -> #DIV/0! | W7: =V7/U7 -> #DIV/0! | X7: =RANK(W7, W$7:W$21) -> #DIV/0! | Y7: =AVERAGE(W7:W21) -> #DIV/0! | AB7: =AA7/Z7 -> #DIV/0! | AC7: =RANK(AB7, AB$7:AB$21) -> #DIV/0! | AD7: =AVERAGE(AB7:AB21) -> #DIV/0! | AE7: 12 | AF7: 1279 | AG7: =AF7/AE7 -> 106.58333 | AH7: =RANK(AG7, AG$7:AG$21) -> 3 | AI7: =AVERAGE(AG7:AG21) -> 113.38889 | AJ7: 11 | AK7: 1186 | AL7: =AK7/AJ7 -> 107.81818 | AM7: =RANK(AL7, AL$7:AL$21) -> 3 | AN7: =AVERAGE(AL7:AL21) -> 121.15152 | AO7: 14 | AP7: 1579 | AQ7: =AP7/AO7 -> 112.78571 | AR7: =RANK(AQ7, AQ$7:AQ$21) -> 2 | AS7: =AVERAGE(AQ7:AQ21) -> 115.00549 | AT7: 13 | AU7: 1353 | AV7: =AU7/AT7 -> 104.07692 | AW7: =RANK(AV7, AV$7:AV$21) -> 2 | AX7: =AVERAGE(AV7:AV21) -> 100.25641
C8: 2 | D8: 起司馬鈴薯 | E8: =VLOOKUP(D8,'[1]0801-0804產線配置圖'!$A$2:$C$25,2,0) -> 11 | F8: =VLOOKUP(D8,'[1]0801-0804產線配置圖'!$A$2:$C$25,3,0) -> 1800 | G8: =F8/E8 -> 163.63636 | I8: =AVERAGE(P8,U8,Z8,AE8,AJ8,AO8,AT8) -> 12.25 | J8: =AVERAGE(Q8,V8,AA8,AF8,AK8,AP8,AU8) -> 1509.25 | K8: =AVERAGE(AG8,AL8,AQ8,AV8) -> 123.88651 | M8: =RANK(K8, K$7:$K$21) -> 1 | R8: =Q8/P8 -> #DIV/0! | S8: =RANK(R8, R$7:R$21) -> #DIV/0! | W8: =V8/U8 -> #DIV/0! | X8: =RANK(W8, W$7:W$21) -> #DIV/0! | AB8: =AA8/Z8 -> #DIV/0! | AC8: =RANK(AB8, AB$7:AB$21) -> #DIV/0! | AE8: 12 | AF8: 1523 | AG8: =AF8/AE8 -> 126.91667 | AH8: =RANK(AG8, AG$7:AG$21) -> 1 | AJ8: 11 | AK8: 1530 | AL8: =AK8/AJ8 -> 139.09091 | AM8: =RANK(AL8, AL$7:AL$21) -> 1 | AO8: 13 | AP8: 1599 | AQ8: =AP8/AO8 -> 123 | AR8: =RANK(AQ8, AQ$7:AQ$21) -> 1 | AT8: 13 | AU8: 1385 | AV8: =AU8/AT8 -> 106.53846 | AW8: =RANK(AV8, AV$7:AV$21) -> 1
C9: 3 | D9: 黑胡椒鐵板豆腐 | E9: =VLOOKUP(D9,'[1]0801-0804產線配置圖'!$A$2:$C$25,2,0) -> 10 | F9: =VLOOKUP(D9,'[1]0801-0804產線配置圖'!$A$2:$C$25,3,0) -> 1500 | G9: =F9/E9 -> 150 | I9: =AVERAGE(P9,U9,Z9,AE9,AJ9,AO9,AT9) -> 12.25 | J9: =AVERAGE(Q9,V9,AA9,AF9,AK9,AP9,AU9) -> 1288.5 | K9: =AVERAGE(AG9,AL9,AQ9,AV9) -> 105.64918 | M9: =RANK(K9, K$7:$K$21) -> 3 | R9: =Q9/P9 -> #DIV/0! | S9: =RANK(R9, R$7:R$21) -> #DIV/0! | W9: =V9/U9 -> #DIV/0! | X9: =RANK(W9, W$7:W$21) -> #DIV/0! | AB9: =AA9/Z9 -> #DIV/0! | AC9: =RANK(AB9, AB$7:AB$21) -> #DIV/0! | AE9: 12 | AF9: 1280 | AG9: =AF9/AE9 -> 106.66667 | AH9: =RANK(AG9, AG$7:AG$21) -> 2 | AJ9: 11 | AK9: 1282 | AL9: =AK9/AJ9 -> 116.54545 | AM9: =RANK(AL9, AL$7:AL$21) -> 2 | AO9: 13 | AP9: 1420 | AQ9: =AP9/AO9 -> 109.23077 | AR9: =RANK(AQ9, AQ$7:AQ$21) -> 3 | AT9: 13 | AU9: 1172 | AV9: =AU9/AT9 -> 90.153846 | AW9: =RANK(AV9, AV$7:AV$21) -> 3
C10: 4 | M10: =RANK(K10, K$7:$K$21) -> #N/A | R10: =Q10/P10 -> #DIV/0! | S10: =RANK(R10, R$7:R$21) -> #DIV/0! | W10: =V10/U10 -> #DIV/0! | X10: =RANK(W10, W$7:W$21) -> #DIV/0! | AB10: =AA10/Z10 -> #DIV/0! | AC10: =RANK(AB10, AB$7:AB$21) -> #DIV/0!
C11: 5 | M11: =RANK(K11, K$7:$K$21) -> #N/A | R11: =Q11/P11 -> #DIV/0! | S11: =RANK(R11, R$7:R$21) -> #DIV/0! | W11: =V11/U11 -> #DIV/0! | X11: =RANK(W11, W$7:W$21) -> #DIV/0! | AB11: =AA11/Z11 -> #DIV/0! | AC11: =RANK(AB11, AB$7:AB$21) -> #DIV/0!
C12: 6 | M12: =RANK(K12, K$7:$K$21) -> #N/A | R12: =Q12/P12 -> #DIV/0! | S12: =RANK(R12, R$7:R$21) -> #DIV/0! | W12: =V12/U12 -> #DIV/0! | X12: =RANK(W12, W$7:W$21) -> #DIV/0! | AB12: =AA12/Z12 -> #DIV/0! | AC12: =RANK(AB12, AB$7:AB$21) -> #DIV/0!
C13: 7 | M13: =RANK(K13, K$7:$K$21) -> #N/A | R13: =Q13/P13 -> #DIV/0! | S13: =RANK(R13, R$7:R$21) -> #DIV/0! | W13: =V13/U13 -> #DIV/0! | X13: =RANK(W13, W$7:W$21) -> #DIV/0! | AB13: =AA13/Z13 -> #DIV/0! | AC13: =RANK(AB13, AB$7:AB$21) -> #DIV/0!
C14: 8 | M14: =RANK(K14, K$7:$K$21) -> #N/A
C15: 9 | M15: =RANK(K15, K$7:$K$21) -> #N/A
C16: 10 | M16: =RANK(K16, K$7:$K$21) -> #N/A
C17: 11 | M17: =RANK(K17, K$7:$K$21) -> #N/A
C18: 12 | M18: =RANK(K18, K$7:$K$21) -> #N/A
C19: 13 | M19: =RANK(K19, K$7:$K$21) -> #N/A
C20: 14 | M20: =RANK(K20, K$7:$K$21) -> #N/A
C21: 15 | M21: =RANK(K21, K$7:$K$21) -> #N/A
B22: 產線配置圖－每週更新 | N22: 資料繳交 | O22: 日期 | P22: 45874 | U22: 45875 | Z22: 45876 | AE22: 45877 | AJ22: 45878 | AO22: 45879 | AT22: 45880
P23: 二 | U23: 三 | Z23: 四 | AE23: 五 | AJ23: 六 | AO23: 日 | AT23: 一
B24: 品群 | C24: 商品名稱 | E24: 計畫 | H24: 平均人時性 | I24: 實績 | L24: 平均人時性 | M24: 排名 | O24: 日報 | P24: 實際 | T24: 平均人時性 | U24: 實際 | Y24: 平均人時性 | Z24: 實際 | AD24: 平均人時性 | AE24: 實際 | AI24: 平均人時性 | AJ24: 實際 | AN24: 平均人時性 | AO24: 實際 | AS24: 平均人時性 | AT24: 實際 | AX24: 平均人時性
E25: 產線配置圖 | I25: 產線配置圖 | P25: 生產實績 | U25: 生產實績 | Z25: 生產實績 | AE25: 生產實績 | AJ25: 生產實績 | AO25: 生產實績 | AT25: 生產實績
E26: 人數 | F26: 產能／時 | G26: 人時性 | I26: 人數 | J26: 產能／時 | K26: 人時性 | P26: 人數 | Q26: 產能／時 | R26: 人時性 | S26: 排名 | U26: 人數 | V26: 產能／時 | W26: 人時性 | X26: 排名 | Z26: 人數 | AA26: 產能／時 | AB26: 人時性 | AC26: 排名 | AE26: 人數 | AF26: 產能／時 | AG26: 人時性 | AH26: 排名 | AJ26: 人數 | AK26: 產能／時 | AL26: 人時性 | AM26: 排名 | AO26: 人數 | AP26: 產能／時 | AQ26: 人時性 | AR26: 排名 | AT26: 人數 | AU26: 產能／時 | AV26: 人時性 | AW26: 排名
B27: 微波小吃 | C27: 1 | D27: 小滷青蔬 | E27: =VLOOKUP(D27,'[1]0801-0804產線配置圖'!$A$2:$C$25,2,0) -> 12 | F27: =VLOOKUP(D27,'[1]0801-0804產線配置圖'!$A$2:$C$25,3,0) -> 1714 | G27: =F27/E27 -> 142.83333 | H27: =AVERAGE(G27:G41) -> 152.15657 | I27: =AVERAGE(P27,U27,Z27,AE27,AJ27,AO27,AT27) -> 12.714286 | J27: =AVERAGE(Q27,V27,AA27,AF27,AK27,AP27,AU27) -> 1324.2857 | K27: =AVERAGE(R27,W27,AB27,AG27,AL27,AQ27,AV27) -> 104.30678 | L27: =IFERROR(AVERAGE(K27:K41),"-") -> 105.69284 | M27: =RANK(K27, K$27:$K$41) -> 2 | P27: 13 | Q27: 1211 | R27: =Q27/P27 -> 93.153846 | S27: =RANK(R27, $R$27:$R$41) -> 2 | T27: =AVERAGE(R27:R41) -> 95.406593 | U27: 13 | V27: 1344 | W27: =V27/U27 -> 103.38462 | X27: =RANK(W27, $W$27:$W$41) -> 1 | Y27: =AVERAGE(W27:W41) -> 95.179487 | Z27: 13 | AA27: 1271 | AB27: =AA27/Z27 -> 97.769231 | AC27: =RANK(AB27, $AB$27:$AB$29) -> 3 | AD27: =AVERAGE(AB27:AB41) -> 103.84615 | AE27: 12 | AF27: 1386 | AG27: =AF27/AE27 -> 115.5 | AH27: =RANK(AG27, $AG$27:$AG$29) -> 2 | AI27: =AVERAGE(AG27:AG41) -> 113.91667 | AJ27: 12 | AK27: 1277 | AL27: =AK27/AJ27 -> 106.41667 | AM27: =RANK(AL27, $AL$27:$AL$29) -> 3 | AN27: =AVERAGE(AL27:AL41) -> 117.30556 | AO27: 13 | AP27: 1338 | AQ27: =AP27/AO27 -> 102.92308 | AR27: =RANK(AQ27, $AQ$27:$AQ$29) -> 2 | AS27: =AVERAGE(AQ27:AQ41) -> 105.34188 | AT27: 13 | AU27: 1443 | AV27: =AU27/AT27 -> 111 | AW27: =RANK(AV27, $AV$27:$AV$29) -> 2 | AX27: =AVERAGE(AV27:AV41) -> 108.85354
C28: 2 | D28: 起司馬鈴薯 | E28: =VLOOKUP(D28,'[1]0801-0804產線配置圖'!$A$2:$C$25,2,0) -> 11 | F28: =VLOOKUP(D28,'[1]0801-0804產線配置圖'!$A$2:$C$25,3,0) -> 1800 | G28: =F28/E28 -> 163.63636 | I28: =AVERAGE(P28,U28,Z28,AE28,AJ28,AO28,AT28) -> 12.571429 | J28: =AVERAGE(Q28,V28,AA28,AF28,AK28,AP28,AU28) -> 1371.4286 | K28: =AVERAGE(R28,W28,AB28,AG28,AL28,AQ28,AV28) -> 109.26282 | M28: =RANK(K28, K$27:$K$41) -> 1 | P28: 13 | Q28: 1325 | R28: =Q28/P28 -> 101.92308 | S28: =RANK(R28, $R$27:$R$41) -> 1 | U28: 13 | V28: 1230 | W28: =V28/U28 -> 94.615385 | X28: =RANK(W28, $W$27:$W$41) -> 2 | Z28: 13 | AA28: 1451 | AB28: =AA28/Z28 -> 111.61538 | AC28: =RANK(AB28, $AB$27:$AB$29) -> 1 | AE28: 12 | AF28: 1459 | AG28: =AF28/AE28 -> 121.58333 | AH28: =RANK(AG28, $AG$27:$AG$29) -> 1 | AJ28: 12 | AK28: 1518 | AL28: =AK28/AJ28 -> 126.5 | AM28: =RANK(AL28, $AL$27:$AL$29) -> 1 | AO28: 13 | AP28: 1479 | AQ28: =AP28/AO28 -> 113.76923 | AR28: =RANK(AQ28, $AQ$27:$AQ$29) -> 1 | AT28: 12 | AU28: 1138 | AV28: =AU28/AT28 -> 94.833333 | AW28: =RANK(AV28, $AV$27:$AV$29) -> 3
C29: 3 | D29: 黑胡椒鐵板豆腐 | E29: =VLOOKUP(D29,'[1]0801-0804產線配置圖'!$A$2:$C$25,2,0) -> 10 | F29: =VLOOKUP(D29,'[1]0801-0804產線配置圖'!$A$2:$C$25,3,0) -> 1500 | G29: =F29/E29 -> 150 | I29: =AVERAGE(P29,U29,Z29,AE29,AJ29,AO29,AT29) -> 12.285714 | J29: =AVERAGE(Q29,V29,AA29,AF29,AK29,AP29,AU29) -> 1261 | K29: =AVERAGE(R29,W29,AB29,AG29,AL29,AQ29,AV29) -> 103.50892 | M29: =RANK(K29, K$27:$K$41) -> 3 | P29: 14 | Q29: 1276 | R29: =Q29/P29 -> 91.142857 | S29: =RANK(R29, $R$27:$R$41) -> 3 | U29: 13 | V29: 1138 | W29: =V29/U29 -> 87.538462 | X29: =RANK(W29, $W$27:$W$41) -> 3 | Z29: 13 | AA29: 1328 | AB29: =AA29/Z29 -> 102.15385 | AC29: =RANK(AB29, $AB$27:$AB$29) -> 2 | AE29: 12 | AF29: 1256 | AG29: =AF29/AE29 -> 104.66667 | AH29: =RANK(AG29, $AG$27:$AG$29) -> 3 | AJ29: 11 | AK29: 1309 | AL29: =AK29/AJ29 -> 119 | AM29: =RANK(AL29, $AL$27:$AL$29) -> 2 | AO29: 12 | AP29: 1192 | AQ29: =AP29/AO29 -> 99.333333 | AR29: =RANK(AQ29, $AQ$27:$AQ$29) -> 3 | AT29: 11 | AU29: 1328 | AV29: =AU29/AT29 -> 120.72727 | AW29: =RANK(AV29, $AV$27:$AV$29) -> 1
C30: 4
C31: 5
C32: 6
C33: 7
C34: 8
C35: 9
C36: 10
C37: 11
C38: 12
C39: 13
C40: 14
C41: 15
B42: 產線配置圖－每週更新 | N42: 資料繳交 | O42: 日期 | P42: 45881 | U42: 45882 | Z42: 45883 | AE42: 45884 | AJ42: 45885 | AO42: 45886 | AT42: 45887
P43: 二 | U43: 三 | Z43: 四 | AE43: 五 | AJ43: 六 | AO43: 日 | AT43: 一
B44: 品群 | C44: 商品名稱 | E44: 計畫 | H44: 平均人時性 | I44: 實績 | L44: 平均人時性 | M44: 排名 | O44: 日報 | P44: 實際 | T44: 平均人時性 | U44: 實際 | Y44: 平均人時性 | Z44: 實際 | AD44: 平均人時性 | AE44: 實際 | AI44: 平均人時性 | AJ44: 實際 | AN44: 平均人時性 | AO44: 實際 | AS44: 平均人時性 | AT44: 實際 | AX44: 平均人時性
E45: 產線配置圖 | I45: 產線配置圖 | P45: 生產實績 | U45: 生產實績 | Z45: 生產實績 | AE45: 生產實績 | AJ45: 生產實績 | AO45: 生產實績 | AT45: 生產實績
E46: 人數 | F46: 產能／時 | G46: 人時性 | I46: 人數 | J46: 產能／時 | K46: 人時性 | P46: 人數 | Q46: 產能／時 | R46: 人時性 | S46: 排名 | U46: 人數 | V46: 產能／時 | W46: 人時性 | X46: 排名 | Z46: 人數 | AA46: 產能／時 | AB46: 人時性 | AC46: 排名 | AE46: 人數 | AF46: 產能／時 | AG46: 人時性 | AH46: 排名 | AJ46: 人數 | AK46: 產能／時 | AL46: 人時性 | AM46: 排名 | AO46: 人數 | AP46: 產能／時 | AQ46: 人時性 | AR46: 排名 | AT46: 人數 | AU46: 產能／時 | AV46: 人時性 | AW46: 排名
B47: 微波小吃 | C47: 1 | D47: 小滷青蔬 | E47: =VLOOKUP(D47,'[1]0801-0804產線配置圖'!$A$2:$C$25,2,0) -> 12 | F47: =VLOOKUP(D47,'[1]0801-0804產線配置圖'!$A$2:$C$25,3,0) -> 1714 | G47: =F47/E47 -> 142.83333 | H47: =AVERAGE(G47:G61) -> 152.15657 | I47: =AVERAGE(P47,U47,Z47,AE47,AJ47,AO47,AT47) -> 12.857143 | J47: =AVERAGE(Q47,V47,AA47,AF47,AK47,AP47,AU47) -> 1290.2857 | K47: =AVERAGE(R47,W47,AB47,AG47,AL47,AQ47,AV47) -> 100.31044 | L47: =IFERROR(AVERAGE(K47:K61),"-") -> 109.02823 | M47: =RANK(K47, K$47:$K$61) -> 3 | P47: 13 | Q47: 1487 | R47: =Q47/P47 -> 114.38462 | S47: =RANK(R47, $R$47:$R$49) -> 1 | T47: =AVERAGE(R47:R61) -> 108.39011 | U47: 13 | V47: 1256 | W47: =V47/U47 -> 96.615385 | X47: =RANK(W47, $W$47:$W$49) -> 3 | Y47: =AVERAGE(W47:W61) -> 110.87179 | Z47: 13 | AA47: 1327 | AB47: =AA47/Z47 -> 102.07692 | AC47: =RANK(AB47, $AB$47:$AB$49) -> 3 | AD47: =AVERAGE(AB47:AB61) -> 111.02564 | AE47: 12 | AF47: 1155 | AG47: =AF47/AE47 -> 96.25 | AH47: =RANK(AG47,$AG$47:$AG$49) -> 2 | AI47: =AVERAGE(AG47:AG61) -> 103.95707 | AJ47: 13 | AK47: 1381 | AL47: =AK47/AJ47 -> 106.23077 | AM47: =RANK(AL47, $AL$47:$AL$49) -> 2 | AN47: =AVERAGE(AL47:AL61) -> 110.94872 | AO47: 13 | AP47: 1233 | AQ47: =AP47/AO47 -> 94.846154 | AR47: =RANK(AQ47,$AQ$47:$AQ$49) -> 3 | AS47: =AVERAGE(AQ47:AQ61) -> 113.02564 | AT47: 13 | AU47: 1193 | AV47: =AU47/AT47 -> 91.769231 | AW47: =RANK(AV47,$AV$47:$AV$49) -> 3 | AX47: =AVERAGE(AV47:AV61) -> 104.97863
C48: 2 | D48: 起司馬鈴薯 | E48: =VLOOKUP(D48,'[1]0801-0804產線配置圖'!$A$2:$C$25,2,0) -> 11 | F48: =VLOOKUP(D48,'[1]0801-0804產線配置圖'!$A$2:$C$25,3,0) -> 1800 | G48: =F48/E48 -> 163.63636 | I48: =AVERAGE(P48,U48,Z48,AE48,AJ48,AO48,AT48) -> 12.714286 | J48: =AVERAGE(Q48,V48,AA48,AF48,AK48,AP48,AU48) -> 1477.4286 | K48: =AVERAGE(R48,W48,AB48,AG48,AL48,AQ48,AV48) -> 116.27433 | M48: =RANK(K48, K$47:$K$61) -> 1 | P48: 14 | Q48: 1523 | R48: =Q48/P48 -> 108.78571 | S48: =RANK(R48, $R$47:$R$49) -> 2 | U48: 12 | V48: 1365 | W48: =V48/U48 -> 113.75 | X48: =RANK(W48, $W$47:$W$49) -> 2 | Z48: 13 | AA48: 1673 | AB48: =AA48/Z48 -> 128.69231 | AC48: =RANK(AB48, $AB$47:$AB$49) -> 1 | AE48: 12 | AF48: 1454 | AG48: =AF48/AE48 -> 121.16667 | AH48: =RANK(AG48,$AG$47:$AG$49) -> 1 | AJ48: 13 | AK48: 1359 | AL48: =AK48/AJ48 -> 104.53846 | AM48: =RANK(AL48, $AL$47:$AL$49) -> 3 | AO48: 13 | AP48: 1614 | AQ48: =AP48/AO48 -> 124.15385 | AR48: =RANK(AQ48, $AL$47:$AL$49) -> #N/A | AT48: 12 | AU48: 1354 | AV48: =AU48/AT48 -> 112.83333 | AW48: =RANK(AV48,$AV$47:$AV$49) -> 1
C49: 3 | D49: 黑胡椒鐵板豆腐 | E49: =VLOOKUP(D49,'[1]0801-0804產線配置圖'!$A$2:$C$25,2,0) -> 10 | F49: =VLOOKUP(D49,'[1]0801-0804產線配置圖'!$A$2:$C$25,3,0) -> 1500 | G49: =F49/E49 -> 150 | I49: =AVERAGE(P49,U49,Z49,AE49,AJ49,AO49,AT49) -> 12.285714 | J49: =AVERAGE(Q49,V49,AA49,AF49,AK49,AP49,AU49) -> 1361.7143 | K49: =AVERAGE(R49,W49,AB49,AG49,AL49,AQ49,AV49) -> 110.49992 | M49: =RANK(K49, K$47:$K$61) -> 2 | P49: 12 | Q49: 1224 | R49: =Q49/P49 -> 102 | S49: =RANK(R49, $R$47:$R$49) -> 3 | U49: 12 | V49: 1467 | W49: =V49/U49 -> 122.25 | X49: =RANK(W49, $W$47:$W$49) -> 1 | Z49: 13 | AA49: 1330 | AB49: =AA49/Z49 -> 102.30769 | AC49: =RANK(AB49, $AB$47:$AB$49) -> 2 | AE49: 11 | AF49: 1039 | AG49: =AF49/AE49 -> 94.454545 | AH49: =RANK(AG49,$AG$47:$AG$49) -> 3 | AJ49: 13 | AK49: 1587 | AL49: =AK49/AJ49 -> 122.07692 | AM49: =RANK(AL49, $AL$47:$AL$49) -> 1 | AO49: 13 | AP49: 1561 | AQ49: =AP49/AO49 -> 120.07692 | AR49: =RANK(AQ49, $AL$47:$AL$49) -> #N/A | AT49: 12 | AU49: 1324 | AV49: =AU49/AT49 -> 110.33333 | AW49: =RANK(AV49,$AV$47:$AV$49) -> 2
C50: 4
C51: 5
C52: 6
C53: 7
C54: 8
C55: 9
C56: 10
C57: 11
C58: 12
C59: 13
C60: 14
C61: 15
B62: 產線配置圖－每週更新 | N62: 資料繳交 | O62: 日期 | P62: 45888 | U62: 45889 | Z62: 45890 | AE62: 45891 | AJ62: 45892 | AO62: 45893 | AT62: 45894
P63: 二 | U63: 三 | Z63: 四 | AE63: 五 | AJ63: 六 | AO63: 日 | AT63: 一
B64: 品群 | C64: 商品名稱 | E64: 計畫 | H64: 平均人時性 | I64: 實績 | L64: 平均人時性 | M64: 排名 | O64: 日報 | P64: 實際 | T64: 平均人時性 | U64: 實際 | Y64: 平均人時性 | Z64: 實際 | AD64: 平均人時性 | AE64: 實際 | AI64: 平均人時性 | AJ64: 實際 | AN64: 平均人時性 | AO64: 實際 | AS64: 平均人時性 | AT64: 實際 | AX64: 平均人時性
E65: 產線配置圖 | I65: 產線配置圖 | P65: 生產實績 | U65: 生產實績 | Z65: 生產實績 | AE65: 生產實績 | AJ65: 生產實績 | AO65: 生產實績 | AT65: 生產實績
E66: 人數 | F66: 產能／時 | G66: 人時性 | I66: 人數 | J66: 產能／時 | K66: 人時性 | P66: 人數 | Q66: 產能／時 | R66: 人時性 | S66: 排名 | U66: 人數 | V66: 產能／時 | W66: 人時性 | X66: 排名 | Z66: 人數 | AA66: 產能／時 | AB66: 人時性 | AC66: 排名 | AE66: 人數 | AF66: 產能／時 | AG66: 人時性 | AH66: 排名 | AJ66: 人數 | AK66: 產能／時 | AL66: 人時性 | AM66: 排名 | AO66: 人數 | AP66: 產能／時 | AQ66: 人時性 | AR66: 排名 | AT66: 人數 | AU66: 產能／時 | AV66: 人時性 | AW66: 排名
B67: 微波小吃 | C67: 1 | D67: 小滷青蔬 | E67: =VLOOKUP(D67,'[1]0801-0804產線配置圖'!$A$2:$C$25,2,0) -> 12 | F67: =VLOOKUP(D67,'[1]0801-0804產線配置圖'!$A$2:$C$25,3,0) -> 1714 | G67: =F67/E67 -> 142.83333 | H67: =AVERAGE(G67:G81) -> 152.15657 | I67: =AVERAGE(P67,U67,Z66,AE67,AJ67,AO67,AT67) -> 12.833333 | J67: =AVERAGE(Q67,V67,AA67,AF67,AK67,AP67,AU67) -> 1246.2857 | K67: =AVERAGE(R67,W67,AB67,AG67,AL67,AQ67,AV67) -> 97.090659 | L67: =IFERROR(AVERAGE(K67:K81),"-") -> 108.0119 | M67: =RANK(K67, K$67:$K$81) -> 3 | P67: 13 | Q67: 1150 | R67: =Q67/P67 -> 88.461538 | S67: =RANK(R67,$R$67:$R$81) -> 3 | T67: =AVERAGE(R67:R81) -> 105.54274 | U67: 13 | V67: 1201 | W67: =V67/U67 -> 92.384615 | X67: =RANK(W67,$W$67:$W$81) -> 3 | Y67: =AVERAGE(W67:W81) -> 104.19872 | Z67: 13 | AA67: 1294 | AB67: =AA67/Z67 -> 99.538462 | AC67: =RANK(AB67, $AB$67:$AB$69) -> 3 | AD67: =AVERAGE(AB67:AB81) -> 112.5641 | AE67: 12 | AF67: 1335 | AG67: =AF67/AE67 -> 111.25 | AH67: =RANK(AG67, $AG$67:$AG$69) -> 2 | AI67: =AVERAGE(AG67:AG81) -> 111.86111 | AJ67: 13 | AK67: 1139 | AL67: =AK67/AJ67 -> 87.615385 | AM67: =RANK(AL67, $AL$67:$AL$69) -> 2 | AN67: =AVERAGE(AL67:AL81) -> 98.92735 | AO67: 13 | AP67: 1408 | AQ67: =AP67/AO67 -> 108.30769 | AR67: =RANK(AQ67, $AQ$67:$AQ$69) -> 2 | AS67: =AVERAGE(AQ67:AQ81) -> 110.54701 | AT67: 13 | AU67: 1197 | AV67: =AU67/AT67 -> 92.076923 | AW67: =RANK(AV67, $AV$67:$AV$69) -> 3 | AX67: =AVERAGE(AV67:AV81) -> 112.44231
C68: 2 | D68: 起司馬鈴薯 | E68: =VLOOKUP(D68,'[1]0801-0804產線配置圖'!$A$2:$C$25,2,0) -> 11 | F68: =VLOOKUP(D68,'[1]0801-0804產線配置圖'!$A$2:$C$25,3,0) -> 1800 | G68: =F68/E68 -> 163.63636 | I68: =AVERAGE(P68,U68,Z67,AE68,AJ68,AO68,AT68) -> 12.142857 | J68: =AVERAGE(Q68,V68,AA68,AF68,AK68,AP68,AU68) -> 1466.4286 | K68: =AVERAGE(R68,W68,AB68,AG68,AL68,AQ68,AV68) -> 120.78846 | M68: =RANK(K68, K$67:$K$81) -> 1 | P68: 12 | Q68: 1460 | R68: =Q68/P68 -> 121.66667 | S68: =RANK(R68,$R$67:$R$81) -> 1 | U68: 12 | V68: 1377 | W68: =V68/U68 -> 114.75 | X68: =RANK(W68,$W$67:$W$81) -> 1 | Z68: 13 | AA68: 1544 | AB68: =AA68/Z68 -> 118.76923 | AC68: =RANK(AB68, $AB$67:$AB$69) -> 2 | AE68: 12 | AF68: 1388 | AG68: =AF68/AE68 -> 115.66667 | AH68: =RANK(AG68, $AG$67:$AG$69) -> 1 | AJ68: 12 | AK68: 1481 | AL68: =AK68/AJ68 -> 123.41667 | AM68: =RANK(AL68, $AL$67:$AL$69) -> 1 | AO68: 12 | AP68: 1558 | AQ68: =AP68/AO68 -> 129.83333 | AR68: =RANK(AQ68, $AQ$67:$AQ$69) -> 1 | AT68: 12 | AU68: 1457 | AV68: =AU68/AT68 -> 121.41667 | AW68: =RANK(AV68, $AV$67:$AV$69) -> 2
C69: 3 | D69: 黑胡椒鐵板豆腐 | E69: =VLOOKUP(D69,'[1]0801-0804產線配置圖'!$A$2:$C$25,2,0) -> 10 | F69: =VLOOKUP(D69,'[1]0801-0804產線配置圖'!$A$2:$C$25,3,0) -> 1500 | G69: =F69/E69 -> 150 | I69: =AVERAGE(P69,U69,Z69,AE69,AJ69,AO69,AT69) -> 12.285714 | J69: =AVERAGE(Q69,V69,AA69,AF69,AK69,AP69,AU69) -> 1306 | K69: =AVERAGE(R69,W69,AB69,AG69,AL69,AQ69,AV69) -> 106.15659 | M69: =RANK(K69, K$67:$K$81) -> 2 | P69: 12 | Q69: 1278 | R69: =Q69/P69 -> 106.5 | S69: =RANK(R69,$R$67:$R$81) -> 2 | U69: 13 | V69: 1371 | W69: =V69/U69 -> 105.46154 | X69: =RANK(W69,$W$67:$W$81) -> 2 | Z69: 13 | AA69: 1552 | AB69: =AA69/Z69 -> 119.38462 | AC69: =RANK(AB69, $AB$67:$AB$69) -> 1 | AE69: 12 | AF69: 1304 | AG69: =AF69/AE69 -> 108.66667 | AH69: =RANK(AG69, $AG$67:$AG$69) -> 3 | AJ69: 12 | AK69: 1029 | AL69: =AK69/AJ69 -> 85.75 | AM69: =RANK(AL69, $AL$67:$AL$69) -> 3 | AO69: 12 | AP69: 1122 | AQ69: =AP69/AO69 -> 93.5 | AR69: =RANK(AQ69, $AQ$67:$AQ$69) -> 3 | AT69: 12 | AU69: 1486 | AV69: =AU69/AT69 -> 123.83333 | AW69: =RANK(AV69, $AV$67:$AV$69) -> 1
C70: 4
C71: 5
C72: 6
C73: 7
C74: 8
C75: 9
C76: 10
C77: 11
C78: 12
C79: 13
C80: 14
C81: 15
B82: 產線配置圖－每週更新 | N82: 資料繳交 | O82: 日期 | P82: 45895 | U82: 45896 | Z82: 45897 | AE82: 45898 | AJ82: 45899 | AO82: 45900 | AT82: 45901
P83: 二 | U83: 三 | Z83: 四 | AE83: 五 | AJ83: 六 | AO83: 日 | AT83: 一
B84: 品群 | C84: 商品名稱 | E84: 計畫 | H84: 平均人時性 | I84: 實績 | L84: 平均人時性 | M84: 排名 | O84: 日報 | P84: 實際 | T84: 平均人時性 | U84: 實際 | Y84: 平均人時性 | Z84: 實際 | AD84: 平均人時性 | AE84: 實際 | AI84: 平均人時性 | AJ84: 實際 | AN84: 平均人時性 | AO84: 實際 | AS84: 平均人時性 | AT84: 實際 | AX84: 平均人時性
E85: 產線配置圖 | I85: 產線配置圖 | P85: 生產實績 | U85: 生產實績 | Z85: 生產實績 | AE85: 生產實績 | AJ85: 生產實績 | AO85: 生產實績 | AT85: 生產實績
E86: 人數 | F86: 產能／時 | G86: 人時性 | I86: 人數 | J86: 產能／時 | K86: 人時性 | P86: 人數 | Q86: 產能／時 | R86: 人時性 | S86: 排名 | U86: 人數 | V86: 產能／時 | W86: 人時性 | X86: 排名 | Z86: 人數 | AA86: 產能／時 | AB86: 人時性 | AC86: 排名 | AE86: 人數 | AF86: 產能／時 | AG86: 人時性 | AH86: 排名 | AJ86: 人數 | AK86: 產能／時 | AL86: 人時性 | AM86: 排名 | AO86: 人數 | AP86: 產能／時 | AQ86: 人時性 | AR86: 排名 | AT86: 人數 | AU86: 產能／時 | AV86: 人時性 | AW86: 排名
B87: 微波小吃 | C87: 1 | D87: 小滷青蔬 | E87: =VLOOKUP(D87,'[1]0801-0804產線配置圖'!$A$2:$C$25,2,0) -> 12 | F87: =VLOOKUP(D87,'[1]0801-0804產線配置圖'!$A$2:$C$25,3,0) -> 1714 | G87: =F87/E87 -> 142.83333 | H87: =AVERAGE(G87:G101) -> #N/A | I87: =AVERAGE(P87,U87,Z87,AE87,AJ87,AO87,AT87) -> 13 | J87: =AVERAGE(Q87,V87,AA87,AF87,AK87,AP87,AU87) -> 1354.2857 | K87: =AVERAGE(R87,W87,AB87,AG87,AL87,AQ87,AV87) -> 104.17582 | L87: =IFERROR(AVERAGE(K87:K101),"-") -> 113.6388 | M87: =RANK(K87, K$87:$K$101) -> 3 | P87: 13 | Q87: 1172 | R87: =Q87/P87 -> 90.153846 | S87: =RANK(R87,$R$87:$R$101) -> 3 | T87: =AVERAGE(R87:R101) -> 100.66667 | U87: 13 | V87: 1386 | W87: =V87/U87 -> 106.61538 | X87: =RANK(W87,$W$87:$W$90) -> 2 | Y87: =AVERAGE(W87:W101) -> 106.21775 | Z87: 13 | AA87: 1362 | AB87: =AA87/Z87 -> 104.76923 | AC87: =RANK(AB87,$AB$87:$AB$101) -> 3 | AD87: =AVERAGE(AB87:AB101) -> 113.18974 | AE87: 13 | AF87: 1333 | AG87: =AF87/AE87 -> 102.53846 | AH87: =RANK(AG87,$AG$87:$AG$101) -> 3 | AI87: =AVERAGE(AG87:AG101) -> 111.12949 | AJ87: 13 | AK87: 1261 | AL87: =AK87/AJ87 -> 97 | AM87: =RANK(AL87,$AL$87:$AL$90) -> 3 | AN87: =AVERAGE(AL87:AL101) -> 109.68333 | AO87: 13 | AP87: 1469 | AQ87: =AP87/AO87 -> 113 | AR87: =RANK(AQ87,$AQ$87:$AQ$90) -> 3 | AS87: =AVERAGE(AQ87:AQ101) -> 129.40556 | AT87: 13 | AU87: 1497 | AV87: =AU87/AT87 -> 115.15385 | AW87: =RANK(AV87,$AV$87:$AV$90) -> 3 | AX87: =AVERAGE(AV87:AV101) -> 125.17906
C88: 2 | D88: 起司馬鈴薯 | E88: =VLOOKUP(D88,'[1]0801-0804產線配置圖'!$A$2:$C$25,2,0) -> 11 | F88: =VLOOKUP(D88,'[1]0801-0804產線配置圖'!$A$2:$C$25,3,0) -> 1800 | G88: =F88/E88 -> 163.63636 | I88: =AVERAGE(P88,U88,Z88,AE88,AJ88,AO88,AT88) -> 12.142857 | J88: =AVERAGE(Q88,V88,AA88,AF88,AK88,AP88,AU88) -> 1353.7143 | K88: =AVERAGE(R88,W88,AB88,AG88,AL88,AQ88,AV88) -> 111.43498 | M88: =RANK(K88, K$87:$K$101) -> 2 | P88: 13 | Q88: 1501 | R88: =Q88/P88 -> 115.46154 | S88: =RANK(R88,$R$87:$R$101) -> 1 | U88: 12 | V88: 1303 | W88: =V88/U88 -> 108.58333 | X88: =RANK(W88,$W$87:$W$90) -> 1 | Z88: 12 | AA88: 1284 | AB88: =AA88/Z88 -> 107 | AC88: =RANK(AB88,$AB$87:$AB$101) -> 2 | AE88: 12 | AF88: 1275 | AG88: =AF88/AE88 -> 106.25 | AH88: =RANK(AG88,$AG$87:$AG$101) -> 2 | AJ88: 12 | AK88: 1233 | AL88: =AK88/AJ88 -> 102.75 | AM88: =RANK(AL88,$AL$87:$AL$90) -> 2 | AO88: 12 | AP88: 1463 | AQ88: =AP88/AO88 -> 121.91667 | AR88: =RANK(AQ88,$AQ$87:$AQ$90) -> 2 | AT88: 12 | AU88: 1417 | AV88: =AU88/AT88 -> 118.08333 | AW88: =RANK(AV88,$AV$87:$AV$90) -> 2
C89: 3 | D89: 黑胡椒鐵板豆腐 | E89: =VLOOKUP(D89,'[1]0801-0804產線配置圖'!$A$2:$C$25,2,0) -> 10 | F89: =VLOOKUP(D89,'[1]0801-0804產線配置圖'!$A$2:$C$25,3,0) -> 1500 | G89: =F89/E89 -> 150 | X89: =RANK(W89,$W$87:$W$90) -> #N/A
C90: 4 | D90: 台式綜合甜不辣 | E90: =VLOOKUP(D90,'[1]0801-0804產線配置圖'!$A$2:$C$25,2,0) -> #N/A | F90: =VLOOKUP(D90,'[1]0801-0804產線配置圖'!$A$2:$C$25,3,0) -> #N/A | G90: =F90/E90 -> #N/A | I90: =AVERAGE(P90,U90,Z90,AE90,AJ90,AO90,AT90) -> 10.571429 | J90: =AVERAGE(Q90,V90,AA90,AF90,AK90,AP90,AU90) -> 1309.1429 | K90: =AVERAGE(R90,W90,AB90,AG90,AL90,AQ90,AV90) -> 125.30559 | M90: =RANK(K90, K$87:$K$101) -> 1 | P90: 13 | Q90: 1253 | R90: =Q90/P90 -> 96.384615 | S90: =RANK(R90,$R$87:$R$101) -> 2 | U90: 11 | V90: 1138 | W90: =V90/U90 -> 103.45455 | X90: =RANK(W90,$W$87:$W$90) -> 3 | Z90: 10 | AA90: 1278 | AB90: =AA90/Z90 -> 127.8 | AC90: =RANK(AB90,$AB$87:$AB$101) -> 1 | AE90: 10 | AF90: 1246 | AG90: =AF90/AE90 -> 124.6 | AH90: =RANK(AG90,$AG$87:$AG$101) -> 1 | AJ90: 10 | AK90: 1293 | AL90: =AK90/AJ90 -> 129.3 | AM90: =RANK(AL90,$AL$87:$AL$90) -> 1 | AO90: 10 | AP90: 1533 | AQ90: =AP90/AO90 -> 153.3 | AR90: =RANK(AQ90,$AQ$87:$AQ$90) -> 1 | AT90: 10 | AU90: 1423 | AV90: =AU90/AT90 -> 142.3 | AW90: =RANK(AV90,$AV$87:$AV$90) -> 1
C91: 5
C92: 6
C93: 7
C94: 8
C95: 9
C96: 10
C97: 11
C98: 12
C99: 13
C100: 14
...

Sheet 生產管理報表 6-1
A1: 生產管理報表
A3: （６）人時生產性前幾名品項
A5: 品群 | B5: 1 | C5: 2 | D5: 3
B6: 熱食義麵 | C6: 季節調理麵 | D6: 微波小吃
A7: 品群 | C7: 排名 | D7: 商品名 | G7: 人數 | H7: 產能 | I7: 人時生產性 | J7: 前月比 | K7: 主要原因&對策
A8: 1 | B8: 熱食義麵 | C8: 1 | D8: 義式蕃茄起司義大利麵 | G8: 12 | H8: 1873 | I8: 156.08333
C9: 2 | D9: 奶油培根義大利麵 | G9: 13 | H9: 1920 | I9: 147.69231
C10: 3 | D10: 白酒蛤蜊義大利麵 | G10: 14 | H10: 1897 | I10: 135.5 | K10: 重上自動線
C11: 4 | D11: 熱那亞青醬義大利麵 | G11: 15 | H11: 1736.5714 | I11: 112.71296
C12: 5 | D12: 韓式起司炸雞義大利麵 | G12: 15.714286 | H12: 1691 | I12: 107.63571
C13: ▼1 | D13: 拿坡里義大利麵 | G13: 14.428571 | H13: 968.42857 | I13: 67.360793 | K13: 人數不足
C14: ▼2 | D14: 黑胡椒燻豬腿義大利麵 | G14: 15.285714 | H14: 1073.5714 | I14: 70.385317
C15: ▼3 | D15: 奶油明太子細扁麵 | G15: 15.428571 | H15: 1108.8571 | I15: 71.757143 | K15: 人數不足17→15
C16: ▼4 | D16: 奶油蒜香雞義大利麵 | G16: 16.714286 | H16: 1218.4286 | I16: 73.064546
C17: ▼5 | D17: 青花椒麻雞肉拌麵 | G17: 14.571429 | H17: 1143.1429 | I17: 78.339576 | K17: 新品
A18: 品群 | C18: 排名 | D18: 商品名 | G18: 人數 | H18: 產能 | I18: 人時生產性 | J18: 前月比 | K18: 主要原因&對策
A19: 2 | B19: 季節調理麵 | C19: 1
C20: 2
C21: 3
C22: 4
C23: 5
C24: ▼1
C25: ▼2
C26: ▼3
C27: ▼4
C28: ▼5
A29: 品群 | C29: 排名 | D29: 商品名 | G29: 人數 | H29: 產能 | I29: 人時生產性 | J29: 前月比 | K29: 主要原因&對策
A30: 3 | B30: 微波小吃 | C30: 1 | D30: 台式綜合甜不辣 | G30: 10.571429 | H30: 1309.1429 | I30: 125.30559
C31: 2 | D31: 起司馬鈴薯 | G31: 12.142857 | H31: 1353.7143 | I31: 111.43498
C32: 3 | D32: 小滷青蔬 | G32: 12.857143 | H32: 1354 | I32: 104.2 | K32: 袋子材質更新，不良率提高
C33: 4
C34: 5
C35: ▼1
C36: ▼2
C37: ▼3
C38: ▼4
C39: ▼5

Sheet 生產管理報表 7-1(月)
A1: 生產管理報表
A3: （７）原因別分析
A5: 業績金額 | B5: 84284948
A6: 項目 | B6: 合計 | E6: 項目 | F6: 1 | H6: 2 | J6: 3 | L6: 4
F7: 展開量高於１０5％ | H7: 調理多產 | J7: 製程不穩 | L7: 抓樣不穩
B8: 金額 | C8: 比例 | F8: 金額 | G8: 比例 | H8: 金額 | I8: 比例 | J8: 金額 | K8: 比例 | L8: 金額 | M8: 比例
A9: 報廢 | B9: 323899.3 | C9: =B9/$B$5 -> 0.003842908 | E9: 報廢 | F9: 6813.5 | G9: =IFERROR(F9/$B$9,"") -> 0.021035859 | H9: 142495.8 | I9: =IFERROR(H9/$B$9,"") -> 0.43993859 | K9: =IFERROR(J9/$B$9,"") -> 0 | L9: 26029 | M9: =IFERROR(L9/$B$9,"") -> 0.080361396
A10: 超用 | B10: 780990.6 | C10: =B10/$B$5 -> 0.0092660744 | E10: 超用 | G10: =IFERROR(F10/$B$10,"") -> 0 | H10: 132185.2 | I10: =IFERROR(H10/$B$10,"") -> 0.16925325 | K10: =IFERROR(J10/$B$10,"") -> 0 | L10: 162496.7 | M10: =IFERROR(L10/$B$10,"") -> 0.20806486
E11: 項目 | F11: 5 | H11: 6 | J11: 7 | L11: 8
F12: 原物料規格 | H12: 研發設定 | J12: 其他原因 | L12: 步留不足
F13: 金額 | G13: 比例 | H13: 金額 | I13: 比例 | J13: 金額 | K13: 比例 | L13: 金額 | M13: 比例
E14: 報廢 | F14: 14475.1 | G14: =IFERROR(F14/$B$9,"") -> 0.044690124 | H14: 54605 | I14: =IFERROR(H14/$B$9,"") -> 0.16858635 | J14: 63051.3 | K14: =IFERROR(J14/$B$9,"") -> 0.19466328 | L14: 260.6 | M14: =IFERROR(L14/$B$9,"") -> 0.00080457105
E15: 超用 | F15: 6349 | G15: =IFERROR(F15/$B$10,"") -> 0.0081294192 | H15: 463750.3 | I15: =IFERROR(H15/$B$10,"") -> 0.59379754 | J15: 16209 | K15: =IFERROR(J15/$B$10,"") -> 0.020754411 | M15: =IFERROR(L15/$B$10,"") -> 0

Sheet 生產管理報表 7-1 (週)
A1: 生產管理報表
A3: （７）原因別分析
A5: 業績金額 | B5: 18926952
A6: 項目 | B6: 合計 | E6: 項目 | F6: 1 | H6: 2 | J6: 3 | L6: 4
F7: 展開量高於１０5％ | H7: 調理多產 | J7: 製程不穩 | L7: 抓樣不穩
B8: 金額 | C8: 比例 | F8: 金額 | G8: 比例 | H8: 金額 | I8: 比例 | J8: 金額 | K8: 比例 | L8: 金額 | M8: 比例
A9: 報廢 | B9: 89385 | C9: =B9/$B$5 -> 0.0047226305 | E9: 報廢 | F9: 593.7 | G9: =IFERROR(F9/$B$9,"") -> 0.006642054 | H9: 22422 | I9: =IFERROR(H9/$B$9,"") -> 0.25084746 | K9: =IFERROR(J9/$B$9,"") -> 0 | L9: 1967.6 | M9: =IFERROR(L9/$B$9,"") -> 0.022012642
A10: 超用 | B10: 64336 | C10: =B10/$B$5 -> 0.0033991738 | E10: 超用 | G10: =IFERROR(F10/$B$10,"") -> 0 | I10: =IFERROR(H10/$B$10,"") -> 0 | K10: =IFERROR(J10/$B$10,"") -> 0 | L10: 37349.6 | M10: =IFERROR(L10/$B$10,"") -> 0.58053967
E11: 項目 | F11: 5 | H11: 6 | J11: 7 | L11: 8
F12: 原物料規格 | H12: 研發設定 | J12: 其他原因 | L12: 步留不足
F13: 金額 | G13: 比例 | H13: 金額 | I13: 比例 | J13: 金額 | K13: 比例 | L13: 金額 | M13: 比例
E14: 報廢 | F14: 1113.6 | G14: =IFERROR(F14/$B$9,"") -> 0.012458466 | H14: 8128.4 | I14: =IFERROR(H14/$B$9,"") -> 0.090936958 | J14: 8835.7 | K14: =IFERROR(J14/$B$9,"") -> 0.098849919 | M14: =IFERROR(L14/$B$9,"") -> 0
E15: 超用 | F15: 3751.6 | G15: =IFERROR(F15/$B$10,"") -> 0.058312609 | H15: 31327.4 | I15: =IFERROR(H15/$B$10,"") -> 0.48693422 | K15: =IFERROR(J15/$B$10,"") -> 0 | M15: =IFERROR(L15/$B$10,"") -> 0

Sheet 生產管理報表 8-1
A1: 生產管理報表
A3: （８）報廢原因別前幾名品項
A5: 類型 | B5: 1 | D5: 2 | F5: 3 | H5: 4 | J5: 5 | L5: 6 | N5: 7 | P5: 8
B6: 展開量高於１０5％ | D6: 調理多產 | F6: 製程不穩 | H6: 抓樣不穩 | J6: 原物料規格 | L6: 研發設定 | N6: 其他原因 | P6: 步留因素
A8: 類型 | C8: 排名 | D8: 商品名 | G8: 半成品名 | J8: 單價 | K8: 報廢率 | L8: 數量 | M8: 金額 | N8: 前週比 | O8: 主要原因&對策
A9: 1 | B9: 展開量高於１０5％ | C9: 1 | D9: 台式綜合甜不辣 | G9: 調理包-味噌醬 | J9: 55 | K9: 0.026 | L9: 10.8 | M9: =L9*J9 -> 594 | O9: 新品上巿,依試產製成率展開→依實際製成率展開
C10: 2 | M10: =L10*J10 -> 0
C11: 3 | M11: =L11*J11 -> 0
C12: 4 | M12: =L12*J12 -> 0
C13: 5 | M13: =L13*J13 -> 0
J14: 前幾名合計比例 | K14: =M14/#REF! -> #REF! | L14: 前幾名合計金額 | M14: =SUM(M9:M13) -> 594
A16: 類型 | C16: 排名 | D16: 商品名 | G16: 半成品名 | J16: 單價 | K16: 報廢率 | L16: 數量 | M16: 金額 | N16: 前週比 | O16: 主要原因&對策
A17: 2 | B17: 調理多產 | C17: 1 | D17: 韓式炸雞義大利麵 | G17: 義麵-韓式辣奶油白醬(114年) | J17: 100 | K17: 0.027 | L17: 24.7 | M17: =L17*J17 -> 2470 | N17: 0.3787 | O17: 出料率下修至103%
C18: 2 | D18: 焗奶油扇貝筆尖麵 | G18: 蒸蛤蜊-肉(112年) | J18: 584.7 | K18: 0.083 | L18: 2 | M18: =L18*J18 -> 1169.4 | O18: 觀察原物料規格
C19: 3 | D19: 香濃起司馬鈴薯 | G19: 烤重煙燻培根絲 | J19: 290 | K19: 0.101 | L19: 1.1 | M19: =L19*J19 -> 319 | O19: 包裝抓樣異常→監控穩定性
C20: 4 | D20: 奶油蒜香雞義大利麵 | G20: 義麵-蒜味奶油湯凍 | J20: 162.4 | K20: 0.025 | L20: 10.8 | M20: =L20*J20 -> 1753.92 | O20: 出料率下修至103%
C21: 5 | D21: 焗烤起司雙饗筆尖麵 | G21: 義麵-蛋黃白醬(113年) | J21: 77.3 | K21: 0.011 | L21: 20.9 | M21: =L21*J21 -> 1615.57 | O21: 出料率下修至104%
J22: 前幾名合計比例 | K22: =M22/#REF! -> #REF! | L22: 前幾名合計金額 | M22: =SUM(M17:M21) -> 7327.89
A24: 類型 | C24: 排名 | D24: 商品名 | G24: 半成品名 | J24: 單價 | K24: 報廢率 | L24: 數量 | M24: 金額 | N24: 前月比 | O24: 主要原因&對策
A25: 3 | B25: 製程不穩 | C25: 1 | M25: =L25*J25 -> 0
C26: 2 | M26: =L26*J26 -> 0
C27: 3 | M27: =L27*J27 -> 0
C28: 4 | M28: =L28*J28 -> 0
C29: 5 | M29: =L29*J29 -> 0
J30: 前幾名合計比例 | K30: =M30/#REF! -> #REF! | L30: 前幾名合計金額 | M30: =SUM(M25:M29) -> 0

Sheet 生產管理報表 8-2
A1: 生產管理報表
A3: （８）報廢原因別前幾名品項
A5: 類型 | B5: 1 | D5: 2 | F5: 3 | H5: 4 | J5: 5 | L5: 6 | N5: 7 | P5: 8
B6: 展開量高於１０5％ | D6: 調理多產 | F6: 製程不穩 | H6: 抓樣不穩 | J6: 原物料規格 | L6: 研發設定 | N6: 其他原因 | P6: 步留因素
A8: 類型 | C8: 排名 | D8: 商品名 | G8: 半成品名 | J8: 單價 | K8: 報廢率 | L8: 數量 | M8: 金額 | N8: 前週比 | O8: 主要原因&對策
A9: 4 | B9: 抓樣不穩 | C9: 1 | D9: 香濃起司馬鈴薯 | G9: 烤重煙燻培根絲 | J9: 290 | K9: 0.104 | L9: 3.9 | M9: =L9*J9 -> 1131 | O9: 包裝抓樣異常→監控穩定性
C10: 2 | M10: =L10*J10 -> 0
C11: 3 | M11: =L11*J11 -> 0
C12: 4 | M12: =L12*J12 -> 0
C13: 5 | M13: =L13*J13 -> 0
J14: 前幾名合計比例 | K14: =M14/#REF! -> #REF! | L14: 前幾名合計金額 | M14: 0
A16: 類型 | C16: 排名 | D16: 商品名 | G16: 半成品名 | J16: 單價 | K16: 報廢率 | L16: 數量 | M16: 金額 | N16: 前週比 | O16: 主要原因&對策
A17: 5 | B17: 原物料規格 | C17: 1 | D17: 煙花女義大利麵 | G17: 炒蝦仁(9號) | J17: 742.4 | K17: 0.045 | L17: 1.5 | M17: =L17*J17 -> 1113.6 | O17: 加強抽檢原物料
C18: 2 | M18: =L18*J18 -> 0
C19: 3 | M19: =L19*J19 -> 0
C20: 4 | M20: =L20*J20 -> 0
C21: 5 | M21: =L21*J21 -> 0
J22: 前幾名合計比例 | K22: =M22/#REF! -> #REF! | L22: 前幾名合計金額 | M22: 0
A24: 類型 | C24: 排名 | D24: 商品名 | G24: 半成品名 | J24: 單價 | K24: 報廢率 | L24: 數量 | M24: 金額 | N24: 前週比 | O24: 主要原因&對策
A25: 6 | B25: 研發設定 | C25: 1 | D25: 韓式炸雞義大利麵 | G25: 拌韓式炸雞 | J25: 335.3 | K25: 0.011 | L25: 10.7 | M25: =L25*J25 -> 3587.71 | N25: 1.23 | O25: 此半成品須拆兩種半成品混拌→醬減少，包裝55G~60G(現60G~65G)
C26: 2 | D26: 熱那亞青醬義大利麵 | G26: 切-匈牙利雞胸排 | J26: 356.37 | K26: 0.013 | L26: 5.3 | M26: =L26*J26 -> 1888.761 | N26: 0.7419 | O26: 監控分切刀數
C27: 3 | D27: 焗烤起司雙饗筆尖麵 | G27: 切焗烤起司 | J27: 420.4 | K27: 0.019 | L27: 1.3 | M27: =L27*J27 -> 546.52
C28: 4 | D28: 黑胡椒燻火腿義大利麵 | G28: 解凍黑胡椒燻豬肉卷(切片3mm) | J28: 6.1 | K28: 0.013 | L28: 56 | M28: =L28*J28 -> 341.6
C29: 5 | D29: 焗奶油扇貝筆尖麵 | G29: 川燙扇貝 | J29: 762.2 | K29: 0.01 | L29: 0.4 | M29: =L29*J29 -> 304.88
J30: 前幾名合計比例 | K30: =M30/#REF! -> #REF! | L30: 前幾名合計金額 | M30: 0
A32: 類型 | C32: 排名 | D32: 商品名 | G32: 半成品名 | J32: 單價 | K32: 報廢率 | L32: 數量 | M32: 金額 | N32: 前週比 | O32: 主要原因&對策
A33: 7 | B33: 製程不穩 | C33: 1 | M33: 0
C34: 2 | M34: 0
C35: 3 | M35: 0
C36: 4 | M36: 0
C37: 5 | M37: 0
J38: 前幾名合計比例 | K38: =M38/#REF! -> #REF! | L38: 前幾名合計金額 | M38: 0

Sheet 生產管理報表 9
A1: 生產管理報表
A3: （9）步留因素
A5: 類型 | B5: 1 | D5: 2 | F5: 3 | H5: 4 | J5: 5 | L5: 6 | N5: 7 | P5: 8
B6: 展開量高於１０5％ | D6: 調理多產 | F6: 製程不穩 | H6: 抓樣不穩 | J6: 原物料規格 | L6: 研發設定 | N6: 其他原因 | P6: 步留因素
A8: 類型 | B8: No. | C8: 商品名 | F8: 半成品名 | I8: 單價 | J8: 規格 | K8: 實績 | L8: 差異 | M8: 主要原因&對策
A9: 作業原因 | B9: 1 | L9: =K9-J9 -> 0
B10: 2 | L10: =K10-J10 -> 0
B11: 3 | L11: =K11-J11 -> 0
B12: 4 | L12: =K12-J12 -> 0
B13: 5 | L13: =K13-J13 -> 0
A15: 類型 | B15: No. | C15: 商品名 | F15: 半成品名 | I15: 單價 | J15: 規格 | K15: 實績 | L15: 差異 | M15: 主要原因&對策
A16: 原料原因 | B16: 1 | L16: =K16-J16 -> 0
B17: 2 | L17: =K17-J17 -> 0
B18: 3 | L18: =K18-J18 -> 0
B19: 4 | L19: =K19-J19 -> 0
B20: 5 | L20: =K20-J20 -> 0

Sheet 報廢－原因別分析
B2: 報廢前十名紀錄表
B3: 日期 | D3: 明細展開 | G3: 生產資訊 | T3: 類別 | U3: 分析原因 | V3: 其他原因說明 | W3: 次數 | X3: 備註-商品名稱 | Z3: 分析原因（件）
D4: 排序 | E4: 半成品 | G4: 生產端 | O4: 組合端
E5: 名稱 | F5: 報廢金額 | G5: 產出量 | O5: 報廢 | Q5: 超用
G6: 訂單需求 (kg) | H6: 實際產出 (kg) | I6: 實際產出占比 | J6: 補單 (kg) | K6: 補單占比 | L6: 單價 (元) | M6: 實際生產 (對比訂單需求) | N6: 差異 (元) | O6: kg | P6: 占比 | Q6: kg | R6: 占比 | S6: 金額 (元) | Z6: 總件數 | AA6: 展開量105% | AB6: 調理多產 | AC6: 製程不穩 | AD6: 抓樣不穩 | AE6: 原物料規格 | AF6: 研發設定 | AG6: 其他原因 | AH6: 步留不足
B7: 45870 | C7: 五 | D7: 1 | E7: 瀝-混合油漬鮪魚 | F7: 1356.936 | G7: 30.2 | H7: 32.039 | I7: =H7/G7 -> 1.060894 | K7: =J7/G7 -> 0 | L7: 287 | M7: =(H7+J7)/G7 -> 1.060894 | N7: 527.793 | O7: 4.728 | P7: 0.15655629 | Q7: -2.889 | R7: -0.095662252 | S7: -829.143 | T7: 研發 | U7: 研發設定 | V7: 研發設定 | W7: 1 | X7: 番茄鮪魚冷義大利麵 | Y7: w1 | Z7: =SUM(W7:W46) -> 40 | AA7: =SUMIF($U$7:$U$10000,TRIM(AA6),$W$7:$W$46) -> 0 | AB7: =SUMIF($U$7:$U$10000,TRIM(AB6),$W$7:$W$46) -> 158 | AC7: =SUMIF($U$7:$U$10000,TRIM(AC6),$W$7:$W$46) -> 0 | AD7: =SUMIF($U$7:$U$10000,TRIM(AD6),$W$7:$W$46) -> 26 | AE7: =SUMIF($U$7:$U$10000,TRIM(AE6),$W$7:$W$46) -> 13 | AF7: =SUMIF($U$7:$U$10000,TRIM(AF6),$W$7:$W$46) -> 59 | AG7: =SUMIF($U$7:$U$10000,TRIM(AG6),$W$7:$W$46) -> 33 | AH7: =SUMIF($U$7:$U$10000,TRIM(AH6),$W$7:$W$46) -> 0
D8: 2 | E8: 義麵-經典肉醬(114年) | F8: 1300.361 | G8: 593.865 | H8: 618.465 | I8: =H8/G8 -> 1.0414236 | K8: =J8/G8 -> 0 | L8: 156.67 | M8: =(H8+J8)/G8 -> 1.0414236 | N8: 3854.082 | O8: 8.3 | P8: 0.01397624 | Q8: 16.3 | R8: 0.027447315 | S8: 2553.721 | T8: 調理 | U8: 調理多產 | V8: 調理多產 | W8: 1 | X8: 義式蕃茄起司義大利麵 | AA8: =SUMIF($U$7:$U$466,TRIM(AA6),$F$7:$F$46) -> 0 | AB8: =SUMIF($U$7:$U$466,TRIM(AB6),$F$7:$F$46) -> 145149.76 | AC8: =SUMIF($U$7:$U$466,TRIM(AC6),$F$7:$F$46) -> 0 | AD8: =SUMIF($U$7:$U$466,TRIM(AD6),$F$7:$F$46) -> 26029.412 | AE8: =SUMIF($U$7:$U$466,TRIM(AE6),$F$7:$F$46) -> 14475.081 | AF8: =SUMIF($U$7:$U$466,TRIM(AF6),$F$7:$F$46) -> 57648.977 | AG8: =SUMIF($U$7:$U$466,TRIM(AG6),$F$7:$F$46) -> 63051.268 | AH8: =SUMIF($U$7:$U$466,TRIM(AH6),$F$7:$F$46) -> 0
D9: 3 | E9: 奶香白醬 | F9: 1218.724 | G9: 390.56 | H9: 390.715 | I9: =H9/G9 -> 1.0003969 | K9: =J9/G9 -> 0 | L9: 132.47 | M9: =(H9+J9)/G9 -> 1.0003969 | N9: 20.53285 | O9: 9.2 | P9: 0.02355592 | Q9: -9.045 | R9: -0.023159054 | S9: -1198.1912 | T9: 包裝 | U9: 抓樣不穩 | V9: 抓樣不穩 | W9: 1 | X9: 奶油培根義大利麵 | Z9: =SUM(W47:W116) -> 70 | AA9: =SUMIF($U$47:$U$116,TRIM(AA6),$W$47:$W$116) -> 0 | AB9: =SUMIF($U$47:$U$116,TRIM(AB6),$W$47:$W$116) -> 37 | AC9: =SUMIF($U$47:$U$116,TRIM(AC6),$W$47:$W$116) -> 0 | AD9: =SUMIF($U$47:$U$116,TRIM(AD6),$W$47:$W$116) -> 8 | AE9: =SUMIF($U$47:$U$116,TRIM(AE6),$W$47:$W$116) -> 2 | AF9: =SUMIF($U$47:$U$116,TRIM(AF6),$W$47:$W$116) -> 22 | AG9: =SUMIF($U$47:$U$116,TRIM(AG6),$W$47:$W$116) -> 0 | AH9: =SUMIF($U$47:$U$116,TRIM(AH6),$W$47:$W$116) -> 0
D10: 4 | E10: 義麵-海鮮湯凍(113年) | F10: 941.87276 | G10: 229.364 | H10: 242.051 | I10: =H10/G10 -> 1.0553138 | K10: =J10/G10 -> 0 | L10: 140.62 | M10: =(H10+J10)/G10 -> 1.0553138 | N10: 1784.0459 | O10: 6.698 | P10: 0.02920249 | Q10: 5.989 | R10: 0.026111334 | S10: 842.17318 | T10: 生管預估 | U10: 展開量高於１０5％ | V10: 展開量高於１０5％ | W10: 1 | X10: 白酒蛤蜊義大利麵 | Y10: w2 | AA10: =SUMIF($U$47:$U$116,TRIM(AA6),$F$47:$F$116) -> 0 | AB10: =SUMIF($U$47:$U$116,TRIM(AB6),$F$47:$F$116) -> 48432.532 | AC10: =SUMIF($U$47:$U$116,TRIM(AC6),$F$47:$F$116) -> 0 | AD10: =SUMIF($U$47:$U$116,TRIM(AD6),$F$47:$F$116) -> 7988.9655 | AE10: =SUMIF($U$47:$U$116,TRIM(AE6),$F$47:$F$116) -> 2381.6193 | AF10: =SUMIF($U$47:$U$116,TRIM(AF6),$F$47:$F$116) -> 25203.386 | AG10: =SUMIF($U$47:$U$116,TRIM(AG6),$F$47:$F$116) -> 0 | AH10: =SUMIF($U$47:$U$116,TRIM(AH6),$F$47:$F$116) -> 0
D11: 5 | E11: 義麵-蒜味奶油湯凍 | F11: 902.50804 | G11: 209.025 | H11: 216.333 | I11: =H11/G11 -> 1.0349623 | K11: =J11/G11 -> 0 | L11: 162.38 | M11: =(H11+J11)/G11 -> 1.0349623 | N11: 1186.673 | O11: 5.558 | P11: 0.026590121 | Q11: 1.75 | R11: 0.0083722043 | S11: 284.165 | T11: 調理 | U11: 調理多產 | V11: 調理多產 | W11: 1 | X11: 奶油蒜香雞義大利麵
D12: 6 | E12: 調理包-起司醬 | F12: 860.25 | G12: 58.641 | H12: 62.433 | I12: =H12/G12 -> 1.0646647 | K12: =J12/G12 -> 0 | L12: 93 | M12: =(H12+J12)/G12 -> 1.0646647 | N12: 352.656 | O12: 9.25 | P12: 0.15773947 | Q12: -5.458 | R12: -0.093074811 | S12: -507.594 | T12: 生管預估 | U12: 展開量高於１０5％ | V12: 展開量高於１０5％ | W12: 1 | X12: 香濃起司馬鈴薯 | Z12: =SUM(W117:W186) -> 70 | AA12: =SUMIF($U$117:$U$186,TRIM(AA6),$W$117:$W$186) -> 0 | AB12: =SUMIF($U$117:$U$186,TRIM(AB6),$W$117:$W$186) -> 21 | AC12: =SUMIF($U$117:$U$186,TRIM(AC6),$W$117:$W$186) -> 0 | AD12: =SUMIF($U$117:$U$186,TRIM(AD6),$W$117:$W$186) -> 6 | AE12: =SUMIF($U$117:$U$186,TRIM(AE6),$W$117:$W$186) -> 1 | AF12: =SUMIF($U$117:$U$186,TRIM(AF6),$W$117:$W$186) -> 10 | AG12: =SUMIF($U$117:$U$186,TRIM(AG6),$W$117:$W$186) -> 10 | AH12: =SUMIF($U$117:$U$186,TRIM(AH6),$W$117:$W$186) -> 0
D13: 7 | E13: 烤重煙燻培根絲 | F13: 773.1216 | G13: 50.49 | H13: 50.718 | I13: =H13/G13 -> 1.0045157 | K13: =J13/G13 -> 0 | L13: 536.89 | M13: =(H13+J13)/G13 -> 1.0045157 | N13: 122.41092 | O13: 1.44 | P13: 0.028520499 | Q13: -1.212 | R13: -0.024004753 | S13: -650.71068 | T13: 包裝 | U13: 抓樣不穩 | V13: 抓樣不穩 | W13: 1 | X13: 焗烤起司雙饗筆尖麵 | Y13: w3 | AA13: =SUMIF($U$117:$U$186,TRIM(AA6),$F$117:$F$186) -> 0 | AB13: =SUMIF($U$117:$U$186,TRIM(AB6),$F$117:$F$186) -> 27058.166 | AC13: =SUMIF($U$117:$U$186,TRIM(AC6),$F$117:$F$186) -> 0 | AD13: =SUMIF($U$117:$U$186,TRIM(AD6),$F$117:$F$186) -> 6353.0377 | AE13: =SUMIF($U$117:$U$186,TRIM(AE6),$F$117:$F$186) -> 3286.96 | AF13: =SUMIF($U$117:$U$186,TRIM(AF6),$F$117:$F$186) -> 10487.437 | AG13: =SUMIF($U$117:$U$186,TRIM(AG6),$F$117:$F$186) -> 19697.853 | AH13: =SUMIF($U$117:$U$186,TRIM(AH6),$F$117:$F$186) -> 0
D14: 8 | E14: 切-烤重煙燻培根片(湖)15mm | F14: 711.50154 | G14: 97.64 | H14: 111.677 | I14: =H14/G14 -> 1.1437628 | J14: 6.9 | K14: =J14/G14 -> 0.070667759 | L14: 508.21538 | M14: =(H14+J14)/G14 -> 1.2144306 | N14: 10640.506 | O14: 1.4 | P14: 0.014338386 | Q14: 19.537 | R14: 0.20009218 | S14: 9929.004 | T14: 研發 | U14: 研發設定 | V14: 研發設定 | W14: 1 | X14: 奶油培根義大利麵
D15: 9 | E15: 炸蒜酥-蒜油(114年) | F15: 646 | G15: 27.87 | H15: 29.4 | I15: =H15/G15 -> 1.0548977 | K15: =J15/G15 -> 0 | L15: 85 | M15: =(H15+J15)/G15 -> 1.0548977 | N15: 130.05 | O15: 7.6 | P15: 0.27269465 | Q15: -6.07 | R15: -0.21779691 | S15: -515.95 | T15: 研發 | U15: 研發設定 | V15: 研發設定 | W15: 1 | X15: 奶油蒜香雞義大利麵 | Z15: =SUM(W187:W256) -> 70 | AA15: =SUMIF($U$187:$U$256,TRIM(AA6),$W$187:$W$256) -> 0 | AB15: =SUMIF($U$187:$U$256,TRIM(AB6),$W$187:$W$256) -> 41 | AC15: =SUMIF($U$187:$U$256,TRIM(AC6),$W$187:$W$256) -> 0 | AD15: =SUMIF($U$187:$U$256,TRIM(AD6),$W$187:$W$256) -> 2 | AE15: =SUMIF($U$187:$U$256,TRIM(AE6),$W$187:$W$256) -> 3 | AF15: =SUMIF($U$187:$U$256,TRIM(AF6),$W$187:$W$256) -> 7 | AG15: =SUMIF($U$187:$U$256,TRIM(AG6),$W$187:$W$256) -> 15 | AH15: =SUMIF($U$187:$U$256,TRIM(AH6),$W$187:$W$256) -> 0
D16: 10 | E16: 滷-切片高麗菜 | F16: 608.94 | G16: 310.59 | H16: 367.704 | I16: =H16/G16 -> 1.1838887 | K16: =J16/G16 -> 0 | L16: 85 | M16: =(H16+J16)/G16 -> 1.1838887 | N16: 4854.69 | O16: 7.164 | P16: 0.023065778 | Q16: 49.95 | R16: 0.16082295 | S16: 4245.75 | T16: 生管預估 | U16: 展開量高於１０5％ | V16: 展開量高於１０5％ | W16: 1 | X16: 小滷青蔬 | Y16: w4 | AA16: =SUMIF($U$187:$U$256,TRIM(AA6),$F$187:$F$256) -> 0 | AB16: =SUMIF($U$187:$U$256,TRIM(AB6),$F$187:$F$256) -> 32495.397 | AC16: =SUMIF($U$187:$U$256,TRIM(AC6),$F$187:$F$256) -> 0 | AD16: =SUMIF($U$187:$U$256,TRIM(AD6),$F$187:$F$256) -> 2127.0892 | AE16: =SUMIF($U$187:$U$256,TRIM(AE6),$F$187:$F$256) -> 1956.3578 | AF16: =SUMIF($U$187:$U$256,TRIM(AF6),$F$187:$F$256) -> 5310.9972 | AG16: =SUMIF($U$187:$U$256,TRIM(AG6),$F$187:$F$256) -> 34517.706 | AH16: =SUMIF($U$187:$U$256,TRIM(AH6),$F$187:$F$256) -> 0
B17: 45871 | C17: 六 | D17: 1 | E17: 炸蒜酥-蒜油(114年) | F17: 1757.375 | G17: 29.85 | H17: 31.841 | I17: =H17/G17 -> 1.0667002 | K17: =J17/G17 -> 0 | L17: 85 | M17: =(H17+J17)/G17 -> 1.0667002 | N17: 169.235 | O17: 20.675 | P17: 0.69262982 | Q17: -18.684 | R17: -0.62592965 | S17: -1588.14 | T17: 研發 | U17: 研發設定 | V17: 研發設定 | W17: 1 | X17: 奶油蒜香雞義大利麵
D18: 2 | E18: 奶香白醬 | F18: 1525.9219 | G18: 495.52 | H18: 495.756 | I18: =H18/G18 -> 1.0004763 | K18: =J18/G18 -> 0 | L18: 132.47 | M18: =(H18+J18)/G18 -> 1.0004763 | N18: 31.26292 | O18: 11.519 | P18: 0.023246287 | Q18: -11.283 | R18: -0.022770019 | S18: -1494.659 | T18: 包裝 | U18: 抓樣不穩 | V18: 抓樣不穩97.72% | W18: 1 | X18: 奶油培根義大利麵 | Z18: =SUM(W257:W326) -> 70 | AA18: =SUMIF($U$257:$U$326,TRIM(AA6),$W$257:$W$326) -> 0 | AB18: =SUMIF($U$257:$U$326,TRIM(AB6),$W$257:$W$326) -> 45 | AC18: =SUMIF($U$257:$U$326,TRIM(AC6),$W$257:$W$326) -> 0 | AD18: =SUMIF($U$257:$U$326,TRIM(AD6),$W$257:$W$326) -> 3 | AE18: =SUMIF($U$257:$U$326,TRIM(AE6),$W$257:$W$326) -> 1 | AF18: =SUMIF($U$257:$U$326,TRIM(AF6),$W$257:$W$326) -> 12 | AG18: =SUMIF($U$257:$U$326,TRIM(AG6),$W$257:$W$326) -> 8 | AH18: =SUMIF($U$257:$U$326,TRIM(AH6),$W$257:$W$326) -> 0
D19: 3 | E19: 義麵-海鮮湯凍(113年) | F19: 1177.13 | G19: 389.912 | H19: 402.707 | I19: =H19/G19 -> 1.0328151 | K19: =J19/G19 -> 0 | L19: 140.62 | M19: =(H19+J19)/G19 -> 1.0328151 | N19: 1799.2329 | O19: 8.371 | P19: 0.021468947 | Q19: 4.424 | R19: 0.01134615 | S19: 622.10288 | T19: 調理 | U19: 調理多產 | V19: 產出103.3%用料101.13% | W19: 1 | X19: 白酒蛤蜊義大利麵 | Y19: w5 | AA19: =SUMIF($U$257:$U$326,TRIM(AA6),$F$257:$F$326) -> 0 | AB19: =SUMIF($U$257:$U$326,TRIM(AB6),$F$257:$F$326) -> 22422.023 | AC19: =SUMIF($U$257:$U$326,TRIM(AC6),$F$257:$F$326) -> 0 | AD19: =SUMIF($U$257:$U$326,TRIM(AD6),$F$257:$F$326) -> 1967.59 | AE19: =SUMIF($U$257:$U$326,TRIM(AE6),$F$257:$F$326) -> 1113.6 | AF19: =SUMIF($U$257:$U$326,TRIM(AF6),$F$257:$F$326) -> 8128.4168 | AG19: =SUMIF($U$257:$U$326,TRIM(AG6),$F$257:$F$326) -> 8835.709 | AH19: =SUMIF($U$257:$U$326,TRIM(AH6),$F$257:$F$326) -> 0
D20: 4 | E20: 炒蒜味蝦仁(8號) | F20: 1053.4707 | G20: 62.1 | H20: 65.122 | I20: =H20/G20 -> 1.0486634 | K20: =J20/G20 -> 0 | L20: 821.74 | M20: =(H20+J20)/G20 -> 1.0486634 | N20: 2483.2983 | O20: 1.282 | P20: 0.020644122 | Q20: 1.74 | R20: 0.028019324 | S20: 1429.8276 | T20: 原物料 | U20: 原物料規格 | V20: 產出104.9%用料102.8% | W20: 1 | X20: 蒜香蝦蝦義大利麵
D21: 5 | E21: 切-烤重煙燻培根片(湖)15mm | F21: 966.11745 | G21: 123.88 | H21: 129.738 | I21: =H21/G21 -> 1.0472877 | K21: =J21/G21 -> 0 | L21: 508.21538 | M21: =(H21+J21)/G21 -> 1.0472877 | N21: 2977.1257 | O21: 1.901 | P21: 0.015345496 | Q21: 3.957 | R21: 0.031942202 | S21: 2011.0083 | T21: 研發 | U21: 研發設定 | V21: 產出104.7%用料103.2% | W21: 1 | X21: 奶油培根義大利麵
D22: 6 | E22: 煮日製1.4義大利麵 | F22: 803.50268 | G22: 496.8 | H22: 499.608 | I22: =H22/G22 -> 1.0056522 | K22: =J22/G22 -> 0 | L22: 140.62 | M22: =(H22+J22)/G22 -> 1.0056522 | N22: 394.86096 | O22: 5.714 | P22: 0.01150161 | Q22: -2.906 | R22: -0.0058494364 | S22: -408.64172 | T22: 包裝 | U22: 抓樣不穩 | V22: 抓樣不穩99.42% | W22: 1 | X22: 蒜香蝦蝦義大利麵 | Y22: 月合計 | Z22: =SUM(W7:W10000) -> 320 | AA22: =SUMIF($U$7:$U$10000,TRIM(AA6),$W$7:$W$10000) -> 0 | AB22: =SUMIF($U$7:$U$10000,TRIM(AB6),$W$7:$W$10000) -> 158 | AC22: =SUMIF($U$7:$U$10000,TRIM(AC6),$W$7:$W$10000) -> 0 | AD22: =SUMIF($U$7:$U$10000,TRIM(AD6),$W$7:$W$10000) -> 26 | AE22: =SUMIF($U$7:$U$10000,TRIM(AE6),$W$7:$W$10000) -> 13 | AF22: =SUMIF($U$7:$U$10000,TRIM(AF6),$W$7:$W$10000) -> 59 | AG22: =SUMIF($U$7:$U$10000,TRIM(AG6),$W$7:$W$10000) -> 33 | AH22: =SUMIF($U$7:$U$10000,TRIM(AH6),$W$7:$W$10000) -> 0
D23: 7 | E23: 義麵-青醬(112) | F23: 754.69134 | G23: 219.78 | H23: 225.256 | I23: =H23/G23 -> 1.0249158 | K23: =J23/G23 -> 0 | L23: 111.41 | M23: =(H23+J23)/G23 -> 1.0249158 | N23: 610.08116 | O23: 6.774 | P23: 0.030821731 | Q23: -1.298 | R23: -0.0059059059 | S23: -144.61018 | T23: 包裝 | U23: 抓樣不穩 | V23: 抓樣不穩99.41% | W23: 1 | X23: 熱那亞青醬義大利麵 | AA23: =SUMIF($U$7:$U$10000,TRIM(AA6),$F$7:$F$10000) -> 0 | AB23: =SUMIF($U$7:$U$10000,TRIM(AB6),$F$7:$F$10000) -> 145149.76 | AC23: =SUMIF($U$7:$U$10000,TRIM(AC6),$F$7:$F$10000) -> 0 | AD23: =SUMIF($U$7:$U$10000,TRIM(AD6),$F$7:$F$10000) -> 26029.412 | AE23: =SUMIF($U$7:$U$10000,TRIM(AE6),$F$7:$F$10000) -> 14475.081 | AF23: =SUMIF($U$7:$U$10000,TRIM(AF6),$F$7:$F$10000) -> 57648.977 | AG23: =SUMIF($U$7:$U$10000,TRIM(AG6),$F$7:$F$10000) -> 63051.268 | AH23: =SUMIF($U$7:$U$10000,TRIM(AH6),$F$7:$F$10000) -> 0
D24: 8 | E24: 義麵-經典肉醬(114年) | F24: 745.90587 | G24: 888.03 | H24: 912.578 | I24: =H24/G24 -> 1.0276432 | K24: =J24/G24 -> 0 | L24: 156.67 | M24: =(H24+J24)/G24 -> 1.0276432 | N24: 3845.9352 | O24: 4.761 | P24: 0.0053613054 | Q24: 19.787 | R24: 0.022281905 | S24: 3100.0293 | T24: 調理 | U24: 調理多產 | V24: 產出102.8%用料102.2% | W24: 1 | X24: 義式蕃茄起司義大利麵
D25: 9 | E25: 義麵-蒜味蝦醬 | F25: 725.3469 | G25: 173.88 | H25: 180.934 | I25: =H25/G25 -> 1.0405682 | K25: =J25/G25 -> 0 | L25: 108.18 | M25: =(H25+J25)/G25 -> 1.0405682 | N25: 763.10172 | O25: 6.705 | P25: 0.038561077 | Q25: 0.349 | R25: 0.0020071314 | S25: 37.75482 | T25: 調理 | U25: 調理多產 | V25: 產出104.1%用料100.2% | W25: 1 | X25: 蒜香蝦蝦義大利麵
D26: 10 | E26: 瀝-混合油漬鮪魚 | F26: 688.8 | G26: 32.1 | H26: 34.431 | I26: =H26/G26 -> 1.0726168 | K26: =J26/G26 -> 0 | L26: 287 | M26: =(H26+J26)/G26 -> 1.0726168 | N26: 668.997 | O26: 2.4 | P26: 0.074766355 | Q26: -0.069 | R26: -0.0021495327 | S26: -19.803 | T26: 研發 | U26: 調理多產 | V26: 產出107.3%用料99.79% | W26: 1 | X26: 番茄鮪魚冷義大利麵
B27: 45872 | C27: 日 | D27: 1 | E27: 義麵-蒜味奶油湯凍 | F27: 1821.9036 | G27: 235.89 | H27: 242.022 | I27: =H27/G27 -> 1.0259952 | K27: =J27/G27 -> 0 | L27: 162.38 | M27: =(H27+J27)/G27 -> 1.0259952 | N27: 995.71416 | O27: 11.22 | P27: 0.047564543 | Q27: -5.088 | R27: -0.021569376 | S27: -826.18944 | T27: 調理 | U27: 調理多產 | V27: 產出102.6%用料97.8% | W27: 1 | X27: 奶油蒜香雞義大利麵
D28: 2 | E28: 奶香白醬 | F28: 1558.642 | G28: 489.04 | H28: 489.21 | I28: =H28/G28 -> 1.0003476 | K28: =J28/G28 -> 0 | L28: 132.47 | M28: =(H28+J28)/G28 -> 1.0003476 | N28: 22.5199 | O28: 11.766 | P28: 0.024059382 | Q28: -11.596 | R28: -0.023711762 | S28: -1536.1221 | T28: 包裝 | U28: 抓樣不穩 | V28: 用料率97.6% | W28: 1 | X28: 奶油培根義大利麵 | AA28: 1 | AB28: 展開量高於１０5％
D29: 3 | E29: 炸蒜酥-蒜油(114年) | F29: 1506.285 | G29: 31.452 | H29: 33.607 | I29: =H29/G29 -> 1.0685171 | K29: =J29/G29 -> 0 | L29: 85 | M29: =(H29+J29)/G29 -> 1.0685171 | N29: 183.175 | O29: 17.721 | P29: 0.56342999 | Q29: -15.566 | R29: -0.49491288 | S29: -1323.11 | T29: 研發 | U29: 研發設定 | V29: 研發設定 | W29: 1 | X29: 奶油蒜香雞義大利麵 | AA29: 2 | AB29: 調理多產
D30: 4 | E30: 義麵-海鮮湯凍(113年) | F30: 1222.1284 | G30: 360.944 | H30: 371.765 | I30: =H30/G30 -> 1.0299797 | K30: =J30/G30 -> 0 | L30: 140.62 | M30: =(H30+J30)/G30 -> 1.0299797 | N30: 1521.649 | O30: 8.691 | P30: 0.024078527 | Q30: 2.13 | R30: 0.0059011924 | S30: 299.5206 | T30: 調理 | U30: 調理多產 | V30: 產出103% | W30: 1 | X30: 白酒蛤蜊義大利麵 | AA30: 3 | AB30: 製程不穩
D31: 5 | E31: 義麵-經典肉醬(114年) | F31: 1075.8529 | G31: 850.905 | H31: 869.185 | I31: =H31/G31 -> 1.021483 | K31: =J31/G31 -> 0 | L31: 156.67 | M31: =(H31+J31)/G31 -> 1.021483 | N31: 2863.9276 | O31: 6.867 | P31: 0.0080702311 | Q31: 11.413 | R31: 0.013412778 | S31: 1788.0747 | T31: 調理 | U31: 調理多產 | V31: 產出102.1% | W31: 1 | X31: 義式蕃茄起司義大利麵 | AA31: 4 | AB31: 抓樣不穩
D32: 6 | E32: 炒蒜味蝦仁(8號) | F32: 945.001 | G32: 62.7 | H32: 67.46 | I32: =H32/G32 -> 1.0759171 | K32: =J32/G32 -> 0 | L32: 821.74 | M32: =(H32+J32)/G32 -> 1.0759171 | N32: 3911.4824 | O32: 1.15 | P32: 0.018341308 | Q32: 3.61 | R32: 0.057575758 | S32: 2966.4814 | T32: 原物料 | U32: 原物料規格 | V32: 原物料規格 | W32: 1 | X32: 蒜香蝦蝦義大利麵 | AA32: 5 | AB32: 原物料規格
D33: 7 | E33: 20切-烤香蒜腿丁 | F33: 939.1072 | G33: 262.1 | H33: 265.862 | I33: =H33/G33 -> 1.0143533 | K33: =J33/G33 -> 0 | L33: 226.4 | M33: =(H33+J33)/G33 -> 1.0143533 | N33: 851.7168 | O33: 4.148 | P33: 0.015826021 | Q33: -0.386 | R33: -0.0014727203 | S33: -87.3904 | T33: 研發 | U33: 研發設定 | V33: 用料率99.9% | W33: 1 | X33: 奶油蒜香雞義大利麵 | AA33: 6 | AB33: 研發設定
D34: 8 | E34: 調理包-起司醬 | F34: 833.001 | G34: 67.716 | H34: 71.354 | I34: =H34/G34 -> 1.0537244 | K34: =J34/G34 -> 0 | L34: 93 | M34: =(H34+J34)/G34 -> 1.0537244 | N34: 338.334 | O34: 8.957 | P34: 0.13227302 | Q34: -5.319 | R34: -0.078548644 | S34: -494.667 | T34: 調理 | U34: 展開量高於１０5％ | V34: 展開量高於１０5％ | W34: 1 | X34: 香濃起司馬鈴薯 | AA34: 7 | AB34: 其他原因
D35: 9 | E35: 義麵-蒜味蝦醬 | F35: 795.23118 | G35: 175.56 | H35: 183 | I35: =H35/G35 -> 1.0423787 | K35: =J35/G35 -> 0 | L35: 108.18 | M35: =(H35+J35)/G35 -> 1.0423787 | N35: 804.8592 | O35: 7.351 | P35: 0.041871725 | Q35: 0.089 | R35: 0.00050694919 | S35: 9.62802 | T35: 調理 | U35: 調理多產 | V35: 產出104.2% | W35: 1 | X35: 蒜香蝦蝦義大利麵 | AA35: 8 | AB35: 步留因素
D36: 10 | E36: 瀝-混合油漬鮪魚 | F36: 635.418 | G36: 34.02 | H36: 39.777 | I36: =H36/G36 -> 1.169224 | K36: =J36/G36 -> 0 | L36: 287 | M36: =(H36+J36)/G36 -> 1.169224 | N36: 1652.259 | O36: 2.214 | P36: 0.065079365 | Q36: 3.543 | R36: 0.10414462 | S36: 1016.841 | T36: 研發 | U36: 研發設定 | V36: 研發設定 | W36: 1 | X36: 番茄鮪魚冷義大利麵
B37: 45873 | C37: 一 | D37: 1 | E37: 義麵-蒜味奶油湯凍 | F37: 1280.6911 | G37: 223.875 | H37: 237.9 | I37: =H37/G37 -> 1.0626466 | K37: =J37/G37 -> 0 | L37: 162.38 | M37: =(H37+J37)/G37 -> 1.0626466 | N37: 2272.5081 | O37: 7.887 | P37: 0.035229481 | Q37: 6.138 | R37: 0.027417085 | S37: 996.68844 | T37: 生管預估 | U37: 調理多產 | V37: 展開量高於１０5％ | W37: 1 | X37: 奶油蒜香雞義大利麵
D38: 2 | E38: 炒-煮蕃茄牛絞肉 | F38: 1255.482 | G38: 65.78 | H38: 68 | I38: =H38/G38 -> 1.0337489 | K38: =J38/G38 -> 0 | L38: 697.49 | M38: =(H38+J38)/G38 -> 1.0337489 | N38: 252.49138 | O38: 1.8 | P38: 0.02736394 | Q38: 0.42 | R38: 0.0063849194 | S38: 292.9458 | T38: 調理 | U38: 調理多產 | V38: 產出103.4%用料100.6% | W38: 1 | X38: 義式蕃茄起司義大利麵 | AA38: 1 | AB38: 調理
D39: 3 | E39: 切-匈牙利雞胸排 | F39: 1044.1641 | G39: 119.658 | H39: 124.1 | I39: =H39/G39 -> 1.0371225 | K39: =J39/G39 -> 0 | L39: 356.37 | M39: =(H39+J39)/G39 -> 1.0371225 | N39: 1582.9955 | O39: 2.93 | P39: 0.024486453 | Q39: 1.512 | R39: 0.012636013 | S39: 538.83144 | T39: 原物料 | U39: 原物料規格 | V39: 原物料規格 | W39: 1 | X39: 熱那亞青醬義大利麵 | AA39: 2 | AB39: 包裝
D40: 4 | E40: 拌韓式炸雞◎ | F40: 982.1851 | G40: 171.545 | H40: 187.79 | I40: =H40/G40 -> 1.0946982 | K40: =J40/G40 -> 0 | L40: 328.49 | M40: =(H40+J40)/G40 -> 1.0946982 | N40: 5334.6776 | O40: 2.99 | P40: 0.017429829 | Q40: 13.255 | R40: 0.077268355 | S40: 4354.135 | T40: 原物料 | U40: 原物料規格 | V40: 原物料規格 | W40: 1 | X40: 韓式炸雞義大利麵 | AA40: 3 | AB40: 研發
D41: 5 | E41: 義麵-青醬(112) | F41: 958.126 | G41: 219.78 | H41: 221.35 | I41: =H41/G41 -> 1.0071435 | K41: =J41/G41 -> 0 | L41: 111.41 | M41: =(H41+J41)/G41 -> 1.0071435 | N41: 174.9137 | O41: 8.6 | P41: 0.039130039 | Q41: -7.03 | R41: -0.031986532 | S41: -783.2123 | T41: 包裝 | U41: 抓樣不穩 | V41: 抓樣不穩96.8% | W41: 1 | X41: 熱那亞青醬義大利麵 | AA41: 4 | AB41: 生管預估
D42: 6 | E42: 義麵-海鮮湯凍(113年) | F42: 914.03 | G42: 389.912 | H42: 402.351 | I42: =H42/G42 -> 1.0319021 | K42: =J42/G42 -> 0 | L42: 140.62 | M42: =(H42+J42)/G42 -> 1.0319021 | N42: 1749.1722 | O42: 6.5 | P42: 0.016670428 | Q42: 5.939 | R42: 0.015231642 | S42: 835.14218 | T42: 調理 | U42: 調理多產 | V42: 產出103.2%用料101.5% | W42: 1 | X42: 白酒蛤蜊義大利麵 | AA42: 5 | AB42: 原物料
D43: 7 | E43: 義麵-蒜味蝦醬 | F43: 876.258 | G43: 173.88 | H43: 186.113 | I43: =H43/G43 -> 1.0703531 | K43: =J43/G43 -> 0 | L43: 108.18 | M43: =(H43+J43)/G43 -> 1.0703531 | N43: 1323.3659 | O43: 8.1 | P43: 0.046583851 | Q43: 4.133 | R43: 0.023769266 | S43: 447.10794 | T43: 調理 | U43: 展開量高於１０5％ | V43: 展開量高於１０5％ | W43: 1 | X43: 蒜香蝦蝦義大利麵
D44: 8 | E44: 切-烤重煙燻培根片(湖)15mm | F44: 863.96615 | G44: 123.88 | H44: 133.5 | I44: =H44/G44 -> 1.0776558 | K44: =J44/G44 -> 0 | L44: 508.21538 | M44: =(H44+J44)/G44 -> 1.0776558 | N44: 8551.7403 | O44: 1.7 | P44: 0.013722958 | Q44: 7.92 | R44: 0.063932838 | S44: 4025.0658 | T44: 原物料 | U44: 原物料規格 | V44: 原物料規格 | W44: 1 | X44: 奶油培根義大利麵
D45: 9 | E45: 蒸蛤蜊-肉(112年) | F45: 847.757 | G45: 17.115 | H45: 17.278 | I45: =H45/G45 -> 1.0095238 | K45: =J45/G45 -> 0 | L45: 584.66 | M45: =(H45+J45)/G45 -> 1.0095238 | N45: 95.29958 | O45: 1.45 | P45: 0.084721005 | Q45: -1.287 | R45: -0.075197195 | S45: -752.45742 | T45: 原物料 | U45: 原物料規格 | V45: 原物料規格 | W45: 1 | X45: 焗奶油扇貝筆尖麵
D46: 10 | E46: 瀝-煮蕃茄丁 | F46: 836.274 | G46: 32.1 | H46: 34.114 | I46: =H46/G46 -> 1.0627414 | K46: =J46/G46 -> 0 | L46: 222 | M46: =(H46+J46)/G46 -> 1.0627414 | N46: 447.108 | O46: 3.767 | P46: 0.11735202 | Q46: -1.753 | R46: -0.054610592 | S46: -389.166 | T46: 調理 | U46: 調理多產 | V46: 展開量高於１０5％ | W46: 1 | X46: 番茄鮪魚冷義大利麵
B47: 45874 | C47: 二 | D47: 1 | E47: 拌韓式炸雞 | F47: 2615.34 | G47: 500.06 | H47: 555 | I47: =H47/G47 -> 1.1098668 | K47: =J47/G47 -> 0 | L47: 335.3 | M47: =(H47+J47)/G47 -> 1.1098668 | N47: 18421.382 | O47: 7.8 | P47: 0.015598128 | Q47: 47.14 | R47: 0.094268688 | S47: 15806.042 | T47: 研發 | U47: 研發設定 | V47: 此半成品須拆兩種半成品混拌 | W47: 1 | X47: 韓式炸雞義大利麵
D48: 2 | E48: 切-匈牙利雞胸排 | F48: 1298.6123 | G48: 115.199 | H48: 116.866 | I48: =H48/G48 -> 1.0144706 | K48: =J48/G48 -> 0 | L48: 356.37 | M48: =(H48+J48)/G48 -> 1.0144706 | N48: 594.06879 | O48: 3.644 | P48: 0.031632219 | Q48: -1.977 | R48: -0.017161607 | S48: -704.54349 | T48: 原物料 | U48: 原物料規格 | V48: 原物料規格 | W48: 1 | X48: 熱那亞青醬義大利麵
D49: 3 | E49: 煮日製義大利麵(108) | F49: 1168.1078 | G49: 1428.9 | H49: 1448.21 | I49: =H49/G49 -> 1.0135139 | K49: =J49/G49 -> 0 | L49: 245.55556 | M49: =(H49+J49)/G49 -> 1.0135139 | N49: 4741.6778 | O49: 4.757 | P49: 0.0033291343 | Q49: 14.553 | R49: 0.010184758 | S49: 3573.57 | T49: 調理 | U49: 調理多產 | V49: 產出101.4% | W49: 1 | X49: 義式蕃茄起司義大利麵
D50: 4 | E50: 切-烤重煙燻培根片(湖)15mm | F50: 1083.007 | G50: 122.3 | H50: 136.185 | I50: =H50/G50 -> 1.1135323 | K50: =J50/G50 -> 0 | L50: 508.21538 | M50: =(H50+J50)/G50 -> 1.1135323 | N50: 7056.5706 | O50: 2.131 | P50: 0.017424366 | Q50: 11.754 | R50: 0.096107931 | S50: 5973.5636 | T50: 原物料 | U50: 原物料規格 | V50: 研發設定,組裝使用3片 | W50: 1 | X50: 奶油培根義大利麵
D51: 5 | E51: 義麵-經典肉醬(114年) | F51: 1065.6693 | G51: 876.825 | H51: 895 | I51: =H51/G51 -> 1.0207282 | K51: =J51/G51 -> 0 | L51: 156.67 | M51: =(H51+J51)/G51 -> 1.0207282 | N51: 2847.4772 | O51: 6.802 | P51: 0.0077575343 | Q51: 11.373 | R51: 0.012970661 | S51: 1781.8079 | T51: 調理 | U51: 調理多產 | V51: 產出102.1% | W51: 1 | X51: 義式蕃茄起司義大利麵
D52: 6 | E52: 奶香白醬 | F52: 1009.5539 | G52: 489.2 | H52: 498 | I52: =H52/G52 -> 1.0179886 | K52: =J52/G52 -> 0 | L52: 132.47 | M52: =(H52+J52)/G52 -> 1.0179886 | N52: 1165.736 | O52: 7.621 | P52: 0.015578496 | Q52: 1.179 | R52: 0.0024100572 | S52: 156.18213 | T52: 調理 | U52: 調理多產 | V52: 產出101.8% | W52: 1 | X52: 奶油培根義大利麵
D53: 7 | E53: 解凍黑胡椒燻豬肉卷(切片3mm) | F53: 1007.75 | G53: 44.946 | H53: 59.45 | I53: =H53/G53 -> 1.3226983 | K53: =J53/G53 -> 0 | L53: 695 | M53: =(H53+J53)/G53 -> 1.3226983 | N53: 10080.28 | O53: 1.45 | P53: 0.032260935 | Q53: 13.054 | R53: 0.29043741 | S53: 9072.53 | T53: 研發 | U53: 研發設定 | V53: 拆包物料，設定18g，組裝使用2塊 | W53: 1 | X53: 黑胡椒燻火腿義大利麵
D54: 8 | E54: 調理包-起司醬 | F54: 867.504 | G54: 67.056 | H54: 69 | I54: =H54/G54 -> 1.0289907 | K54: =J54/G54 -> 0 | L54: 93 | M54: =(H54+J54)/G54 -> 1.0289907 | N54: 180.792 | O54: 9.328 | P54: 0.13910761 | Q54: -7.384 | R54: -0.11011692 | S54: -686.712 | T54: 調理 | U54: 調理多產 | V54: 產出102.9% | W54: 1 | X54: 香濃起司馬鈴薯
D55: 9 | E55: 瀝-煮蕃茄丁 | F55: 855.144 | G55: 32.24 | H55: 33.4 | I55: =H55/G55 -> 1.0359801 | K55: =J55/G55 -> 0 | L55: 222 | M55: =(H55+J55)/G55 -> 1.0359801 | N55: 257.52 | O55: 3.852 | P55: 0.11947891 | Q55: -2.692 | R55: -0.083498759 | S55: -597.624 | T55: 包裝 | U55: 抓樣不穩 | V55: 產出103.6% | W55: 1 | X55: 番茄鮪魚冷義大利麵
D56: 10 | E56: 義麵-海鮮湯凍(113年) | F56: 781.56596 | G56: 374.34 | H56: 387.196 | I56: =H56/G56 -> 1.0343431 | K56: =J56/G56 -> 0 | L56: 140.62 | M56: =(H56+J56)/G56 -> 1.0343431 | N56: 1807.8107 | O56: 5.558 | P56: 0.014847465 | Q56: 7.298 | R56: 0.019495646 | S56: 1026.2448 | T56: 調理 | U56: 調理多產 | V56: 產出103.4% | W56: 1 | X56: 白酒蛤蜊義大利麵
B57: 45875 | C57: 三 | D57: 1 | E57: 瀝-混合油漬鮪魚 | F57: 2116.912 | G57: 32.24 | H57: 33.665 | I57: =H57/G57 -> 1.0441998 | K57: =J57/G57 -> 0 | L57: 287 | M57: =(H57+J57)/G57 -> 1.0441998 | N57: 408.975 | O57: 7.376 | P57: 0.22878412 | Q57: -5.951 | R57: -0.18458437 | S57: -1707.937 | T57: 研發 | U57: 研發設定 | V57: 拆包物料一包3公斤、混拌3包共9公斤 | W57: 1 | X57: 番茄鮪魚冷義大利麵
D58: 2 | E58: 煮日製義大利麵(108) | F58: 1474.3156 | G58: 1403.16 | H58: 1425.493 | I58: =H58/G58 -> 1.0159162 | K58: =J58/G58 -> 0 | L58: 245.55556 | M58: =(H58+J58)/G58 -> 1.0159162 | N58: 5483.9922 | O58: 6.004 | P58: 0.0042789133 | Q58: 16.329 | R58: 0.011637304 | S58: 4009.6767 | T58: 調理 | U58: 調理多產 | V58: 產出101.6% | W58: 1 | X58: 義式蕃茄起司義大利麵
D59: 3 | E59: 炸蒜酥-蒜油(114年) | F59: 1378.87 | G59: 29.49 | H59: 29.652 | I59: =H59/G59 -> 1.0054934 | K59: =J59/G59 -> 0 | L59: 85 | M59: =(H59+J59)/G59 -> 1.0054934 | N59: 13.77 | O59: 16.222 | P59: 0.55008477 | Q59: -16.06 | R59: -0.54459139 | S59: -1365.1 | T59: 研發 | U59: 研發設定 | V59: 炸蒜酥用油 | W59: 1 | X59: 奶油蒜香雞義大利麵
D60: 4 | E60: 拌韓式炸雞 | F60: 1274.14 | G60: 317.57 | H60: 344.606 | I60: =H60/G60 -> 1.085134 | K60: =J60/G60 -> 0 | L60: 335.3 | M60: =(H60+J60)/G60 -> 1.085134 | N60: 9065.1708 | O60: 3.8 | P60: 0.011965866 | Q60: 23.236 | R60: 0.07316812 | S60: 7791.0308 | T60: 研發 | U60: 研發設定 | V60: 此半成品須拆兩種半成品混拌 | W60: 1 | X60: 韓式炸雞義大利麵
D61: 5 | E61: 義麵-海鮮湯凍(113年) | F61: 1239.7059 | G61: 363.596 | H61: 369 | I61: =H61/G61 -> 1.0148626 | K61: =J61/G61 -> 0 | L61: 140.62 | M61: =(H61+J61)/G61 -> 1.0148626 | N61: 759.91048 | O61: 8.816 | P61: 0.024246691 | Q61: -3.412 | R61: -0.0093840416 | S61: -479.79544 | T61: 調理 | U61: 調理多產 | V61: 產出101.5% | W61: 1 | X61: 義麵-海鮮湯凍(113年)
D62: 6 | E62: 義麵-經典肉醬(114年) | F62: 1051.4124 | G62: 861.03 | H62: 874.554 | I62: =H62/G62 -> 1.0157068 | K62: =J62/G62 -> 0 | L62: 156.67 | M62: =(H62+J62)/G62 -> 1.0157068 | N62: 2118.8051 | O62: 6.711 | P62: 0.0077941535 | Q62: 6.813 | R62: 0.0079126163 | S62: 1067.3927 | T62: 調理 | U62: 調理多產 | V62: 產出101.6% | W62: 1 | X62: 義麵-經典肉醬(114年)
D63: 7 | E63: 義麵-韓式辣奶油白醬(114年) | F63: 1010.0029 | G63: 548.53 | H63: 569.205 | I63: =H63/G63 -> 1.0376916 | K63: =J63/G63 -> 0 | L63: 100.03 | M63: =(H63+J63)/G63 -> 1.0376916 | N63: 2068.1203 | O63: 10.097 | P63: 0.01840738 | Q63: 10.578 | R63: 0.019284269 | S63: 1058.1173 | T63: 調理 | U63: 調理多產 | V63: 產出103.8% | W63: 1 | X63: 義麵-韓式辣奶油白醬(114年)
D64: 8 | E64: 調理包-起司醬 | F64: 896.427 | G64: 71.016 | H64: 71.814 | I64: =H64/G64 -> 1.0112369 | K64: =J64/G64 -> 0 | L64: 93 | M64: =(H64+J64)/G64 -> 1.0112369 | N64: 74.214 | O64: 9.639 | P64: 0.13572998 | Q64: -8.841 | R64: -0.12449307 | S64: -822.213 | T64: 包裝 | U64: 抓樣不穩 | V64: 抓樣87.6% | W64: 1 | X64: 香濃起司馬鈴薯
D65: 9 | E65: 奶香白醬 | F65: 887.28406 | G65: 529.84 | H65: 536.296 | I65: =H65/G65 -> 1.0121848 | K65: =J65/G65 -> 0 | L65: 132.47 | M65: =(H65+J65)/G65 -> 1.0121848 | N65: 855.22632 | O65: 6.698 | P65: 0.012641552 | Q65: -0.242 | R65: -0.00045674166 | S65: -32.05774 | T65: 調理 | U65: 調理多產 | V65: 產出101.2% | W65: 1 | X65: 奶油培根義大利麵
D66: 10 | E66: 炒-煮蕃茄牛絞肉 | F66: 764.44904 | G66: 63.78 | H66: 65.306 | I66: =H66/G66 -> 1.023926 | K66: =J66/G66 -> 0 | L66: 697.49 | M66: =(H66+J66)/G66 -> 1.023926 | N66: 1064.3697 | O66: 1.096 | P66: 0.01718407 | Q66: 0.43 | R66: 0.0067419254 | S66: 299.9207 | T66: 調理 | U66: 調理多產 | V66: 產出102.4% | W66: 1 | X66: 義式蕃茄起司義大利麵
B67: 45876 | C67: 四 | D67: 1 | E67: 義麵-經典肉醬(114年) | F67: 9549 | G67: 917.2 | H67: 945.8 | I67: =H67/G67 -> 1.0311819 | K67: =J67/G67 -> 0 | L67: 156.7 | M67: =(H67+J67)/G67 -> 1.0311819 | N67: 4482 | O67: 60.95 | P67: 0.066 | Q67: -32.3 | R67: -0.035 | S67: -5066.7 | T67: 調理 | U67: 調理多產 | V67: 產出103.1% | W67: 1 | X67: 義式蕃茄起司義大利麵
D68: 2 | E68: 奶香白醬 | F68: 3087 | G68: 475.1 | H68: 484.9 | I68: =H68/G68 -> 1.0206272 | K68: =J68/G68 -> 0 | L68: 132.5 | M68: =(H68+J68)/G68 -> 1.0206272 | N68: 1296 | O68: 23.3 | P68: 0.049 | Q68: -13.5 | R68: -0.028 | S68: -1791 | T68: 調理 | U68: 調理多產 | V68: 產出102.1% | W68: 1 | X68: 奶油培根義大利麵
D69: 3 | E69: 義麵-蒜味奶油湯凍 | F69: 1169 | G69: 190.4 | H69: 195.7 | I69: =H69/G69 -> 1.0278361 | K69: =J69/G69 -> 0 | L69: 162.4 | M69: =(H69+J69)/G69 -> 1.0278361 | N69: 861 | O69: 6.1 | P69: 0.032 | Q69: -0.8 | R69: -0.004 | S69: -129.9 | T69: 調理 | U69: 調理多產 | V69: 產出102.8% | W69: 1 | X69: 奶油蒜香雞義大利麵
D70: 4 | E70: 混蒜酥洋香菜(114年) | F70: 757 | G70: 11.4 | H70: 12 | I70: =H70/G70 -> 1.0526316 | K70: =J70/G70 -> 0 | L70: 922.8 | M70: =(H70+J70)/G70 -> 1.0526316 | N70: 581 | O70: 0.82 | P70: 0.072 | Q70: -0.2 | R70: -0.017 | S70: -175.3 | T70: 生管預估 | U70: 展開量高於１０5％ | W70: 1 | X70: 蒜香蝦蝦義大利麵
D71: 5 | E71: 20切-烤香蒜腿丁 | F71: 754 | G71: 211.5 | H71: 220.2 | I71: =H71/G71 -> 1.0411348 | K71: =J71/G71 -> 0 | L71: 226.4 | M71: =(H71+J71)/G71 -> 1.0411348 | N71: 1970 | O71: 3.33 | P71: 0.016 | Q71: 5.4 | R71: 0.025 | S71: 1215.8 | T71: 研發 | U71: 研發設定 | V71: 設定50g，組裝使用6塊 | W71: 1 | X71: 奶油蒜香雞義大利麵
D72: 6 | E72: 拌韓式炸雞 | F72: 746 | G72: 301.6 | H72: 337.5 | I72: =H72/G72 -> 1.1190318 | K72: =J72/G72 -> 0 | L72: 335.3 | M72: =(H72+J72)/G72 -> 1.1190318 | N72: 12021 | O72: 2.23 | P72: 0.007 | Q72: 33.6 | R72: 0.111 | S72: 11274.8 | T72: 研發 | U72: 研發設定 | V72: 此半成品須拆兩種半成品混拌 | W72: 1 | X72: 韓式炸雞義大利麵
D73: 7 | E73: 炒-煮蕃茄牛絞肉 | F73: 696 | G73: 67.9 | H73: 70.1 | I73: =H73/G73 -> 1.0324006 | K73: =J73/G73 -> 0 | L73: 697.5 | M73: =(H73+J73)/G73 -> 1.0324006 | N73: 112 | O73: 1 | P73: 0.015 | Q73: 1.2 | R73: 0.017 | S73: 810.5 | T73: 調理 | U73: 調理多產 | V73: 產出103.2% | W73: 1 | X73: 義式蕃茄起司義大利麵
D74: 8 | E74: 煮日製1.4義大利麵 | F74: 573 | G74: 455.6 | H74: 464.2 | I74: =H74/G74 -> 1.0188762 | K74: =J74/G74 -> 0 | L74: 140.6 | M74: =(H74+J74)/G74 -> 1.0188762 | N74: 1203 | O74: 4.07 | P74: 0.009 | Q74: 4.5 | R74: 0.01 | S74: 629.7 | T74: 調理 | U74: 調理多產 | V74: 產出101.9% | W74: 1 | X74: 蒜香蝦蝦義大利麵
D75: 9 | E75: 炸蒜酥-蒜油(114年) | F75: 536 | G75: 25.4 | H75: 26.2 | I75: =H75/G75 -> 1.0314961 | K75: =J75/G75 -> 0 | L75: 85 | M75: =(H75+J75)/G75 -> 1.0314961 | N75: 68 | O75: 6.31 | P75: 0.249 | Q75: -5.5 | R75: -0.217 | S75: -468.3 | T75: 調理 | U75: 研發設定 | V75: 炸蒜酥用油 | W75: 1 | X75: 奶油蒜香雞義大利麵
D76: 10 | E76: 瀝-煮蕃茄丁 | F76: 534 | G76: 30.4 | H76: 31.3 | I76: =H76/G76 -> 1.0296053 | K76: =J76/G76 -> 0 | L76: 222 | M76: =(H76+J76)/G76 -> 1.0296053 | N76: 195 | O76: 2.41 | P76: 0.079 | Q76: -1.5 | R76: -0.05 | S76: -338.5 | T76: 調理 | U76: 調理多產 | V76: 產出103.0% | W76: 1 | X76: 番茄鮪魚冷義大利麵
B77: 45877 | C77: 五 | D77: 1 | E77: 拌韓式炸雞 | F77: 1274 | G77: 215.5 | H77: 248.7 | I77: =H77/G77 -> 1.1540603 | K77: =J77/G77 -> 0 | L77: 335.3 | M77: =(H77+J77)/G77 -> 1.1540603 | N77: 12178.767 | O77: 3.8 | P77: 0.017629729 | Q77: 29.355 | R77: 0.13618966 | S77: 9842.7315 | T77: 研發 | U77: 研發設定 | V77: 此半成品須拆兩種半成品混拌 | W77: 1 | X77: 韓式炸雞義大利麵
D78: 2 | E78: 切-匈牙利雞胸排 | F78: 1105 | G78: 86.7 | H78: 96.1 | I78: =H78/G78 -> 1.1084198 | K78: =J78/G78 -> 0 | L78: 356.4 | M78: =(H78+J78)/G78 -> 1.1084198 | N78: 3339.5433 | O78: 3.1 | P78: 0.035763316 | Q78: 6.271 | R78: 0.072345727 | S78: 2234.7963 | T78: 研發 | U78: 研發設定 | V78: 設定49g，組裝使用6片 | W78: 1 | X78: 熱那亞青醬義大利麵
D79: 3 | E79: 義麵-蒜味奶油湯凍 | F79: 1072 | G79: 132.4 | H79: 138 | I79: =H79/G79 -> 1.0422961 | K79: =J79/G79 -> 0 | L79: 162.4 | M79: =(H79+J79)/G79 -> 1.0422961 | N79: 903.6447 | O79: 6.6 | P79: 0.049835768 | Q79: -1.035 | R79: -0.0078151546 | S79: -168.0633 | T79: 調理 | U79: 調理多產 | V79: 產出104.2% | W79: 1 | X79: 奶油蒜香雞義大利麵
D80: 4 | E80: 義麵-經典肉醬(114年) | F80: 1050 | G80: 621.1 | H80: 632.1 | I80: =H80/G80 -> 1.0177105 | K80: =J80/G80 -> 0 | L80: 156.7 | M80: =(H80+J80)/G80 -> 1.0177105 | N80: 1723.37 | O80: 6.7 | P80: 0.010786705 | Q80: 4.3 | R80: 0.0069228107 | S80: 673.681 | T80: 調理 | U80: 調理多產 | V80: 產出101.8% | W80: 1 | X80: 義式蕃茄起司義大利麵
D81: 5 | E81: 義麵-韓式辣奶油白醬(114年) | F81: 910 | G81: 372.3 | H81: 390.7 | I81: =H81/G81 -> 1.0494225 | K81: =J81/G81 -> 0 | L81: 100 | M81: =(H81+J81)/G81 -> 1.0494225 | N81: 1841.4523 | O81: 9.1 | P81: 0.024442326 | Q81: 9.309 | R81: 0.025003693 | S81: 931.17927 | T81: 調理 | U81: 調理多產 | V81: 產出104.9% | W81: 1 | X81: 韓式炸雞義大利麵
D82: 6 | E82: 義麵-青醬(112) | F82: 802 | G82: 159.2 | H82: 166 | I82: =H82/G82 -> 1.0427136 | K82: =J82/G82 -> 0 | L82: 111.4 | M82: =(H82+J82)/G82 -> 1.0427136 | N82: 756.4739 | O82: 7.2 | P82: 0.04522329 | Q82: -0.41 | R82: -0.0025752151 | S82: -45.6781 | T82: 調理 | U82: 調理多產 | V82: 產出104.3% | W82: 1 | X82: 熱那亞青醬義大利麵
D83: 7 | E83: 義麵-海鮮湯凍(113年) | F83: 717 | G83: 212.4 | H83: 216.8 | I83: =H83/G83 -> 1.0207156 | K83: =J83/G83 -> 0 | L83: 140.6 | M83: =(H83+J83)/G83 -> 1.0207156 | N83: 618.58738 | O83: 5.1 | P83: 0.02401537 | Q83: -0.701 | R83: -0.0033009361 | S83: -98.57462 | T83: 調理 | U83: 調理多產 | V83: 產出103.2% | W83: 1 | X83: 白酒蛤蜊義大利麵
D84: 8 | E84: 奶香白醬 | F84: 702 | G84: 346.2 | H84: 355.3 | I84: =H84/G84 -> 1.0262854 | K84: =J84/G84 -> 0 | L84: 132.5 | M84: =(H84+J84)/G84 -> 1.0262854 | N84: 1205.3445 | O84: 5.3 | P84: 0.015307301 | Q84: 3.799 | R84: 0.010972158 | S84: 503.25353 | T84: 調理 | U84: 調理多產 | V84: 產出103.2% | W84: 1 | X84: 奶油培根義大利麵
D85: 9 | E85: 義麵-蒜味蝦醬 | F85: 662 | G85: 129.7 | H85: 135 | I85: =H85/G85 -> 1.0408635 | K85: =J85/G85 -> 0 | L85: 108.2 | M85: =(H85+J85)/G85 -> 1.0408635 | N85: 572.2722 | O85: 6.12 | P85: 0.047182176 | Q85: -0.83 | R85: -0.0063988898 | S85: -89.7894 | T85: 調理 | U85: 調理多產 | V85: 產出103.2% | W85: 1 | X85: 蒜香蝦蝦義大利麵
D86: 10 | E86: 切-烤重煙燻培根片(湖)15mm | F86: 625 | G86: 86.6 | H86: 99.6 | I86: =H86/G86 -> 1.1501155 | K86: =J86/G86 -> 0 | L86: 508.2 | M86: =(H86+J86)/G86 -> 1.1501155 | N86: 6601.7178 | O86: 1.23 | P86: 0.014209797 | Q86: 11.76 | R86: 0.13585952 | S86: 5976.6129 | T86: 研發 | U86: 研發設定 | V86: 設定20g，組裝使用3塊 | W86: 1 | X86: 奶油培根義大利麵
B87: 45878 | C87: 六 | D87: 1 | E87: 奶香白醬 | F87: 1675.7455 | G87: 330.8 | H87: 342 | I87: =H87/G87 -> 1.0338573 | K87: =J87/G87 -> 0 | L87: 132.47 | M87: =(H87+J87)/G87 -> 1.0338573 | N87: 1484 | O87: 12.65 | P87: 0.038 | Q87: -1.5 | R87: -0.004 | S87: -192.1 | T87: 調理 | U87: 調理多產 | V87: 產出103.4% | W87: 1 | X87: 奶油培根義大利麵
D88: 2 | E88: 義麵-奶油海鮮白醬 | F88: 1256.6588 | G88: 202.95 | H88: 211.978 | I88: =H88/G88 -> 1.0444839 | K88: =J88/G88 -> 0 | L88: 141.87 | M88: =(H88+J88)/G88 -> 1.0444839 | N88: 1281 | O88: 11.2 | P88: 0.055 | Q88: -2.2 | R88: -0.011 | S88: -308.1 | T88: 調理 | U88: 調理多產 | V88: 產出104.4% | W88: 1 | X88: 焗奶油扇貝筆尖麵
D89: 3 | E89: 義麵-經典肉醬(114年) | F89: 1158.5682 | G89: 581.85 | H89: 593.094 | I89: =H89/G89 -> 1.0193246 | K89: =J89/G89 -> 0 | L89: 156.67 | M89: =(H89+J89)/G89 -> 1.0193246 | N89: 1762 | O89: 8.8 | P89: 0.015 | Q89: 2.4 | R89: 0.004 | S89: 382.9 | T89: 調理 | U89: 調理多產 | V89: 產出101.9% | W89: 1 | X89: 義式蕃茄起司義大利麵
D90: 4 | E90: 義麵-蒜味奶油湯凍 | F90: 1125.6971 | G90: 124.74 | H90: 126.8 | I90: =H90/G90 -> 1.0165143 | K90: =J90/G90 -> 0 | L90: 162.38 | M90: =(H90+J90)/G90 -> 1.0165143 | N90: 335 | O90: 7.74 | P90: 0.062 | Q90: -5.7 | R90: -0.046 | S90: -922.2 | T90: 調理 | U90: 調理多產 | V90: 產出101.7% | W90: 1 | X90: 奶油蒜香雞義大利麵
D91: 5 | E91: 義麵-海鮮湯凍(113年) | F91: 979.66113 | G91: 191.216 | H91: 195.415 | I91: =H91/G91 -> 1.0219595 | K91: =J91/G91 -> 0 | L91: 140.62 | M91: =(H91+J91)/G91 -> 1.0219595 | N91: 590 | O91: 8.24 | P91: 0.043 | Q91: -4 | R91: -0.021 | S91: -568.1 | T91: 調理 | U91: 調理多產 | V91: 產出102.2% | W91: 1 | X91: 白酒蛤蜊義大利麵
D92: 6 | E92: 切-烤重煙燻培根片(湖)15mm | F92: 972.66854 | G92: 82.7 | H92: 95 | I92: =H92/G92 -> 1.1487304 | K92: =J92/G92 -> 0 | L92: 508.21538 | M92: =(H92+J92)/G92 -> 1.1487304 | N92: 6251 | O92: 2.22 | P92: 0.027 | Q92: 10.1 | R92: 0.122 | S92: 5125.4 | T92: 研發 | U92: 研發設定 | V92: 設定20g，組裝使用3塊 | W92: 1 | X92: 奶油培根義大利麵
D93: 7 | E93: 川燙扇貝 | F93: 741.3483 | G93: 36.08 | H93: 38.2 | I93: =H93/G93 -> 1.0587583 | K93: =J93/G93 -> 0 | L93: 762.21 | M93: =(H93+J93)/G93 -> 1.0587583 | N93: 1616 | O93: 1.3 | P93: 0.036 | Q93: 0.8 | R93: 0.023 | S93: 625 | T93: 研發 | U93: 研發設定 | V93: 設定16g，組裝使用4塊 | W93: 1 | X93: 焗奶油扇貝筆尖麵
D94: 8 | E94: 切-匈牙利雞胸排 | F94: 617.3928 | G94: 84.329 | H94: 86.5 | I94: =H94/G94 -> 1.0257444 | K94: =J94/G94 -> 0 | L94: 356.37 | M94: =(H94+J94)/G94 -> 1.0257444 | N94: 774 | O94: 2.75 | P94: 0.033 | Q94: -0.6 | R94: -0.007 | S94: -206 | T94: 研發 | U94: 研發設定 | V94: 設定49g，組裝使用6片 | W94: 1 | X94: 熱那亞青醬義大利麵
D95: 9 | E95: 義麵-蛋黃白醬(113年) | F95: 599.57609 | G95: 550.92 | H95: 571.835 | I95: =H95/G95 -> 1.0379638 | K95: =J95/G95 -> 0 | L95: 77.29 | M95: =(H95+J95)/G95 -> 1.0379638 | N95: 1617 | O95: 11 | P95: 0.02 | Q95: 9.9 | R95: 0.018 | S95: 766.3 | T95: 調理 | U95: 調理多產 | V95: 產出103.8% | W95: 1 | X95: 焗烤起司雙饗筆尖麵
D96: 10 | E96: 拌韓式炸雞 | F96: 539.6 | G96: 262.02 | H96: 278.26 | I96: =H96/G96 -> 1.06198 | K96: =J96/G96 -> 0 | L96: 335.3 | M96: =(H96+J96)/G96 -> 1.06198 | N96: 5445 | O96: 2.21 | P96: 0.008 | Q96: 14 | R96: 0.054 | S96: 4703.9 | T96: 研發 | U96: 研發設定 | V96: 此半成品須拆兩種半成品混拌 | W96: 1 | X96: 韓式炸雞義大利麵
B97: 45879 | C97: 日 | D97: 1 | E97: 義麵-蒜味奶油湯凍 | F97: 2305.4712 | G97: 169.785 | H97: 174.883 | I97: =H97/G97 -> 1.0300262 | K97: =J97/G97 -> 0 | L97: 162.38 | M97: =(H97+J97)/G97 -> 1.0300262 | N97: 827.81324 | O97: 14.198 | P97: 0.083623406 | Q97: -9.1 | R97: -0.053597196 | S97: -1477.658 | T97: 包裝 | U97: 抓樣不穩 | V97: 用料94.6% | W97: 1 | X97: 奶油蒜香雞義大利麵
D98: 2 | E98: 蒸蛤蜊-肉(112年) | F98: 2187.736 | G98: 141.645 | H98: 156 | I98: =H98/G98 -> 1.1013449 | K98: =J98/G98 -> 0 | L98: 575.72 | M98: =(H98+J98)/G98 -> 1.1013449 | N98: 8264.4606 | O98: 3.8 | P98: 0.026827632 | Q98: 10.555 | R98: 0.074517279 | S98: 6076.7246 | T98: 調理 | U98: 調理多產 | V98: 重量含抑菌劑水 | W98: 1 | X98: 白酒蛤蜊義大利麵
D99: 3 | E99: 切-烤重煙燻培根片(湖)15mm | F99: 1727.9323 | G99: 114.06 | H99: 130.559 | I99: =H99/G99 -> 1.1446519 | K99: =J99/G99 -> 0 | L99: 508.21538 | M99: =(H99+J99)/G99 -> 1.1446519 | N99: 8385.0456 | O99: 3.4 | P99: 0.029808873 | Q99: 13.099 | R99: 0.11484307 | S99: 6657.1133 | T99: 研發 | U99: 研發設定 | V99: 設定20g，組裝使用3塊 | W99: 1 | X99: 奶油培根義大利麵
D100: 4 | E100: 瀝-混合油漬鮪魚 | F100: 1722 | G100: 30.42 | H100: 36 | I100: =H100/G100 -> 1.183432 | K100: =J100/G100 -> 0 | L100: 287 | M100: =(H100+J100)/G100 -> 1.183432 | N100: 1601.46 | O100: 6 | P100: 0.19723866 | Q100: -0.42 | R100: -0.013806706 | S100: -120.54 | T100: 研發 | U100: 研發設定 | V100: 拆包物料一包3公斤、混拌3包共9公斤 | W100: 1 | X100: 番茄鮪魚冷義大利麵
D101: 5 | E101: 切-匈牙利雞胸排 | F101: 1277.9428 | G101: 107.261 | H101: 112.3 | I101: =H101/G101 -> 1.0469789 | K101: =J101/G101 -> 0 | L101: 356.37 | M101: =(H101+J101)/G101 -> 1.0469789 | N101: 1795.7484 | O101: 3.586 | P101: 0.033432468 | Q101: 1.453 | R101: 0.013546396 | S101: 517.80561 | T101: 研發 | U101: 研發設定 | V101: 設定49g，組裝使用6片 | W101: 1 | X101: 熱那亞青醬義大利麵
...

Sheet 超用－原因別分析
B2: 超用前十名紀錄表
B3: 日期 | D3: 明細展開 | G3: 生產資訊 | T3: 類別 | U3: 分析原因 | V3: 其他原因說明 | W3: 次數 | X3: 備註-商品名稱 | Z3: 分析原因（件）
D4: 排序 | E4: 半成品 | G4: 生產端 | O4: 組合端
E5: 名稱 | F5: 超用金額 | G5: 產出量 | O5: 報廢 | R5: 超用
G6: 訂單需求 (kg) | H6: 實際產出 (kg) | I6: 實際產出占比 | J6: 補單 (kg) | K6: 補單占比 | L6: 單價 (元) | M6: 實際生產 (對比訂單需求) | N6: 差異 (元) | O6: kg | P6: 占比 | Q6: 金額 (元) | R6: kg | S6: 占比 | Z6: 總件數 | AA6: 展開量105% | AB6: 調理多產 | AC6: 製程不穩 | AD6: 抓樣不穩 | AE6: 原物料規格 | AF6: 研發設定 | AG6: 其他原因 | AH6: 步留不足
